ISO-10303-21;
HEADER;
/* Generated by software containing ST-Developer
 * from STEP Tools, Inc. (www.steptools.com) 
 */
/* OPTION: using custom schema-name function */

FILE_DESCRIPTION(
/* description */ (''),
/* implementation_level */ '2;1');

FILE_NAME(
/* name */ 'airplane',
/* time_stamp */ '2026-06-12T19:44:44+08:00',
/* author */ (''),
/* organization */ (''),
/* preprocessor_version */ 'ST-DEVELOPER v19.2',
/* originating_system */ 'Rhino 8.4',
/* authorisation */ '');

FILE_SCHEMA (('AUTOMOTIVE_DESIGN'));
ENDSEC;

DATA;
#10=SHAPE_REPRESENTATION_RELATIONSHIP('','',#113,#13);
#11=PRESENTATION_LAYER_ASSIGNMENT('IGES level 0','',(#12));
#12=MANIFOLD_SOLID_BREP('brep_1',#14);
#13=ADVANCED_BREP_SHAPE_REPRESENTATION('brep_rep_0',(#12,#115),#112);
#14=CLOSED_SHELL('',(#15,#16,#17,#18,#19,#20));
#15=ADVANCED_FACE('',(#21),#89,.T.);
#16=ADVANCED_FACE('',(#22),#90,.T.);
#17=ADVANCED_FACE('',(#23),#91,.T.);
#18=ADVANCED_FACE('',(#24),#92,.T.);
#19=ADVANCED_FACE('',(#25),#93,.T.);
#20=ADVANCED_FACE('',(#26),#94,.T.);
#21=FACE_OUTER_BOUND('',#27,.T.);
#22=FACE_OUTER_BOUND('',#28,.T.);
#23=FACE_OUTER_BOUND('',#29,.T.);
#24=FACE_OUTER_BOUND('',#30,.T.);
#25=FACE_OUTER_BOUND('',#31,.T.);
#26=FACE_OUTER_BOUND('',#32,.T.);
#27=EDGE_LOOP('',(#33,#34,#35,#36));
#28=EDGE_LOOP('',(#37,#38,#39,#40));
#29=EDGE_LOOP('',(#41,#42,#43,#44));
#30=EDGE_LOOP('',(#45,#46,#47,#48));
#31=EDGE_LOOP('',(#49,#50,#51,#52));
#32=EDGE_LOOP('',(#53,#54,#55,#56));
#33=ORIENTED_EDGE('',*,*,#60,.F.);
#34=ORIENTED_EDGE('',*,*,#59,.F.);
#35=ORIENTED_EDGE('',*,*,#58,.F.);
#36=ORIENTED_EDGE('',*,*,#57,.F.);
#37=ORIENTED_EDGE('',*,*,#61,.T.);
#38=ORIENTED_EDGE('',*,*,#62,.T.);
#39=ORIENTED_EDGE('',*,*,#63,.T.);
#40=ORIENTED_EDGE('',*,*,#64,.T.);
#41=ORIENTED_EDGE('',*,*,#65,.T.);
#42=ORIENTED_EDGE('',*,*,#64,.F.);
#43=ORIENTED_EDGE('',*,*,#66,.T.);
#44=ORIENTED_EDGE('',*,*,#60,.T.);
#45=ORIENTED_EDGE('',*,*,#58,.T.);
#46=ORIENTED_EDGE('',*,*,#68,.F.);
#47=ORIENTED_EDGE('',*,*,#62,.F.);
#48=ORIENTED_EDGE('',*,*,#67,.F.);
#49=ORIENTED_EDGE('',*,*,#57,.T.);
#50=ORIENTED_EDGE('',*,*,#67,.T.);
#51=ORIENTED_EDGE('',*,*,#61,.F.);
#52=ORIENTED_EDGE('',*,*,#65,.F.);
#53=ORIENTED_EDGE('',*,*,#66,.F.);
#54=ORIENTED_EDGE('',*,*,#63,.F.);
#55=ORIENTED_EDGE('',*,*,#68,.T.);
#56=ORIENTED_EDGE('',*,*,#59,.T.);
#57=EDGE_CURVE('',#81,#82,#69,.T.);
#58=EDGE_CURVE('',#82,#83,#70,.T.);
#59=EDGE_CURVE('',#83,#84,#71,.T.);
#60=EDGE_CURVE('',#84,#81,#72,.T.);
#61=EDGE_CURVE('',#85,#86,#73,.T.);
#62=EDGE_CURVE('',#86,#87,#74,.T.);
#63=EDGE_CURVE('',#87,#88,#75,.T.);
#64=EDGE_CURVE('',#88,#85,#76,.T.);
#65=EDGE_CURVE('',#81,#85,#77,.T.);
#66=EDGE_CURVE('',#88,#84,#78,.T.);
#67=EDGE_CURVE('',#82,#86,#79,.T.);
#68=EDGE_CURVE('',#87,#83,#80,.T.);
#69=(
BOUNDED_CURVE()
B_SPLINE_CURVE(3,(#3879,#3880,#3881,#3882,#3883,#3884,#3885,#3886,#3887,
#3888,#3889,#3890,#3891,#3892,#3893,#3894,#3895,#3896,#3897,#3898,#3899,
#3900,#3901,#3902,#3903),.UNSPECIFIED.,.F.,.F.)
B_SPLINE_CURVE_WITH_KNOTS((4,1,1,1,1,1,1,1,1,1,1,1,1,1,1,1,1,1,1,1,1,1,
4),(0.,0.045455,0.090909,0.136364,0.181818,0.227273,0.272727,0.318182,0.363636,
0.409091,0.454545,0.5,0.545455,0.590909,0.636364,0.681818,0.727273,0.772727,
0.818182,0.863636,0.909091,0.954545,1.),.UNSPECIFIED.)
CURVE()
GEOMETRIC_REPRESENTATION_ITEM()
RATIONAL_B_SPLINE_CURVE((1.,1.,1.,1.,1.,1.,1.,1.,1.,1.,1.,1.,1.,1.,1.,1.,
1.,1.,1.,1.,1.,1.,1.,1.,1.))
REPRESENTATION_ITEM('')
);
#70=(
BOUNDED_CURVE()
B_SPLINE_CURVE(3,(#3904,#3905,#3906,#3907,#3908,#3909,#3910,#3911,#3912,
#3913,#3914,#3915,#3916,#3917,#3918,#3919,#3920,#3921,#3922,#3923,#3924,
#3925,#3926,#3927,#3928),.UNSPECIFIED.,.F.,.F.)
B_SPLINE_CURVE_WITH_KNOTS((4,1,1,1,1,1,1,1,1,1,1,1,1,1,1,1,1,1,1,1,1,1,
4),(0.,0.045455,0.090909,0.136364,0.181818,0.227273,0.272727,0.318182,0.363636,
0.409091,0.454545,0.5,0.545455,0.590909,0.636364,0.681818,0.727273,0.772727,
0.818182,0.863636,0.909091,0.954545,1.),.UNSPECIFIED.)
CURVE()
GEOMETRIC_REPRESENTATION_ITEM()
RATIONAL_B_SPLINE_CURVE((1.,1.,1.,1.,1.,1.,1.,1.,1.,1.,1.,1.,1.,1.,1.,1.,
1.,1.,1.,1.,1.,1.,1.,1.,1.))
REPRESENTATION_ITEM('')
);
#71=(
BOUNDED_CURVE()
B_SPLINE_CURVE(3,(#3929,#3930,#3931,#3932,#3933,#3934,#3935,#3936,#3937,
#3938,#3939,#3940,#3941,#3942,#3943,#3944,#3945,#3946,#3947,#3948,#3949,
#3950,#3951,#3952,#3953),.UNSPECIFIED.,.F.,.F.)
B_SPLINE_CURVE_WITH_KNOTS((4,1,1,1,1,1,1,1,1,1,1,1,1,1,1,1,1,1,1,1,1,1,
4),(-1.,-0.954545,-0.909091,-0.863636,-0.818182,-0.772727,-0.727273,-0.681818,
-0.636364,-0.590909,-0.545455,-0.5,-0.454545,-0.409091,-0.363636,-0.318182,
-0.272727,-0.227273,-0.181818,-0.136364,-0.090909,-0.045455,0.),
 .UNSPECIFIED.)
CURVE()
GEOMETRIC_REPRESENTATION_ITEM()
RATIONAL_B_SPLINE_CURVE((1.,1.,1.,1.,1.,1.,1.,1.,1.,1.,1.,1.,1.,1.,1.,1.,
1.,1.,1.,1.,1.,1.,1.,1.,1.))
REPRESENTATION_ITEM('')
);
#72=(
BOUNDED_CURVE()
B_SPLINE_CURVE(3,(#3954,#3955,#3956,#3957,#3958,#3959,#3960,#3961,#3962,
#3963,#3964,#3965,#3966,#3967,#3968,#3969,#3970,#3971,#3972,#3973,#3974,
#3975,#3976,#3977,#3978),.UNSPECIFIED.,.F.,.F.)
B_SPLINE_CURVE_WITH_KNOTS((4,1,1,1,1,1,1,1,1,1,1,1,1,1,1,1,1,1,1,1,1,1,
4),(-1.,-0.954545,-0.909091,-0.863636,-0.818182,-0.772727,-0.727273,-0.681818,
-0.636364,-0.590909,-0.545455,-0.5,-0.454545,-0.409091,-0.363636,-0.318182,
-0.272727,-0.227273,-0.181818,-0.136364,-0.090909,-0.045455,0.),
 .UNSPECIFIED.)
CURVE()
GEOMETRIC_REPRESENTATION_ITEM()
RATIONAL_B_SPLINE_CURVE((1.,1.,1.,1.,1.,1.,1.,1.,1.,1.,1.,1.,1.,1.,1.,1.,
1.,1.,1.,1.,1.,1.,1.,1.,1.))
REPRESENTATION_ITEM('')
);
#73=(
BOUNDED_CURVE()
B_SPLINE_CURVE(3,(#3979,#3980,#3981,#3982,#3983,#3984,#3985,#3986,#3987,
#3988,#3989,#3990,#3991,#3992,#3993,#3994,#3995,#3996,#3997,#3998,#3999,
#4000,#4001,#4002,#4003),.UNSPECIFIED.,.F.,.F.)
B_SPLINE_CURVE_WITH_KNOTS((4,1,1,1,1,1,1,1,1,1,1,1,1,1,1,1,1,1,1,1,1,1,
4),(0.,0.045455,0.090909,0.136364,0.181818,0.227273,0.272727,0.318182,0.363636,
0.409091,0.454545,0.5,0.545455,0.590909,0.636364,0.681818,0.727273,0.772727,
0.818182,0.863636,0.909091,0.954545,1.),.UNSPECIFIED.)
CURVE()
GEOMETRIC_REPRESENTATION_ITEM()
RATIONAL_B_SPLINE_CURVE((1.,1.,1.,1.,1.,1.,1.,1.,1.,1.,1.,1.,1.,1.,1.,1.,
1.,1.,1.,1.,1.,1.,1.,1.,1.))
REPRESENTATION_ITEM('')
);
#74=(
BOUNDED_CURVE()
B_SPLINE_CURVE(3,(#4004,#4005,#4006,#4007,#4008,#4009,#4010,#4011,#4012,
#4013,#4014,#4015,#4016,#4017,#4018,#4019,#4020,#4021,#4022,#4023,#4024,
#4025,#4026,#4027,#4028),.UNSPECIFIED.,.F.,.F.)
B_SPLINE_CURVE_WITH_KNOTS((4,1,1,1,1,1,1,1,1,1,1,1,1,1,1,1,1,1,1,1,1,1,
4),(0.,0.045455,0.090909,0.136364,0.181818,0.227273,0.272727,0.318182,0.363636,
0.409091,0.454545,0.5,0.545455,0.590909,0.636364,0.681818,0.727273,0.772727,
0.818182,0.863636,0.909091,0.954545,1.),.UNSPECIFIED.)
CURVE()
GEOMETRIC_REPRESENTATION_ITEM()
RATIONAL_B_SPLINE_CURVE((1.,1.,1.,1.,1.,1.,1.,1.,1.,1.,1.,1.,1.,1.,1.,1.,
1.,1.,1.,1.,1.,1.,1.,1.,1.))
REPRESENTATION_ITEM('')
);
#75=(
BOUNDED_CURVE()
B_SPLINE_CURVE(3,(#4029,#4030,#4031,#4032,#4033,#4034,#4035,#4036,#4037,
#4038,#4039,#4040,#4041,#4042,#4043,#4044,#4045,#4046,#4047,#4048,#4049,
#4050,#4051,#4052,#4053),.UNSPECIFIED.,.F.,.F.)
B_SPLINE_CURVE_WITH_KNOTS((4,1,1,1,1,1,1,1,1,1,1,1,1,1,1,1,1,1,1,1,1,1,
4),(-1.,-0.954545,-0.909091,-0.863636,-0.818182,-0.772727,-0.727273,-0.681818,
-0.636364,-0.590909,-0.545455,-0.5,-0.454545,-0.409091,-0.363636,-0.318182,
-0.272727,-0.227273,-0.181818,-0.136364,-0.090909,-0.045455,0.),
 .UNSPECIFIED.)
CURVE()
GEOMETRIC_REPRESENTATION_ITEM()
RATIONAL_B_SPLINE_CURVE((1.,1.,1.,1.,1.,1.,1.,1.,1.,1.,1.,1.,1.,1.,1.,1.,
1.,1.,1.,1.,1.,1.,1.,1.,1.))
REPRESENTATION_ITEM('')
);
#76=(
BOUNDED_CURVE()
B_SPLINE_CURVE(3,(#4054,#4055,#4056,#4057,#4058,#4059,#4060,#4061,#4062,
#4063,#4064,#4065,#4066,#4067,#4068,#4069,#4070,#4071,#4072,#4073,#4074,
#4075,#4076,#4077,#4078),.UNSPECIFIED.,.F.,.F.)
B_SPLINE_CURVE_WITH_KNOTS((4,1,1,1,1,1,1,1,1,1,1,1,1,1,1,1,1,1,1,1,1,1,
4),(-1.,-0.954545,-0.909091,-0.863636,-0.818182,-0.772727,-0.727273,-0.681818,
-0.636364,-0.590909,-0.545455,-0.5,-0.454545,-0.409091,-0.363636,-0.318182,
-0.272727,-0.227273,-0.181818,-0.136364,-0.090909,-0.045455,0.),
 .UNSPECIFIED.)
CURVE()
GEOMETRIC_REPRESENTATION_ITEM()
RATIONAL_B_SPLINE_CURVE((1.,1.,1.,1.,1.,1.,1.,1.,1.,1.,1.,1.,1.,1.,1.,1.,
1.,1.,1.,1.,1.,1.,1.,1.,1.))
REPRESENTATION_ITEM('')
);
#77=(
BOUNDED_CURVE()
B_SPLINE_CURVE(3,(#4079,#4080,#4081,#4082,#4083,#4084,#4085,#4086,#4087,
#4088,#4089,#4090,#4091,#4092,#4093,#4094,#4095,#4096,#4097,#4098,#4099,
#4100,#4101,#4102,#4103),.UNSPECIFIED.,.F.,.F.)
B_SPLINE_CURVE_WITH_KNOTS((4,1,1,1,1,1,1,1,1,1,1,1,1,1,1,1,1,1,1,1,1,1,
4),(0.,0.045455,0.090909,0.136364,0.181818,0.227273,0.272727,0.318182,0.363636,
0.409091,0.454545,0.5,0.545455,0.590909,0.636364,0.681818,0.727273,0.772727,
0.818182,0.863636,0.909091,0.954545,1.),.UNSPECIFIED.)
CURVE()
GEOMETRIC_REPRESENTATION_ITEM()
RATIONAL_B_SPLINE_CURVE((1.,1.,1.,1.,1.,1.,1.,1.,1.,1.,1.,1.,1.,1.,1.,1.,
1.,1.,1.,1.,1.,1.,1.,1.,1.))
REPRESENTATION_ITEM('')
);
#78=(
BOUNDED_CURVE()
B_SPLINE_CURVE(3,(#4104,#4105,#4106,#4107,#4108,#4109,#4110,#4111,#4112,
#4113,#4114,#4115,#4116,#4117,#4118,#4119,#4120,#4121,#4122,#4123,#4124,
#4125,#4126,#4127,#4128),.UNSPECIFIED.,.F.,.F.)
B_SPLINE_CURVE_WITH_KNOTS((4,1,1,1,1,1,1,1,1,1,1,1,1,1,1,1,1,1,1,1,1,1,
4),(-1.,-0.954545,-0.909091,-0.863636,-0.818182,-0.772727,-0.727273,-0.681818,
-0.636364,-0.590909,-0.545455,-0.5,-0.454545,-0.409091,-0.363636,-0.318182,
-0.272727,-0.227273,-0.181818,-0.136364,-0.090909,-0.045455,0.),
 .UNSPECIFIED.)
CURVE()
GEOMETRIC_REPRESENTATION_ITEM()
RATIONAL_B_SPLINE_CURVE((1.,1.,1.,1.,1.,1.,1.,1.,1.,1.,1.,1.,1.,1.,1.,1.,
1.,1.,1.,1.,1.,1.,1.,1.,1.))
REPRESENTATION_ITEM('')
);
#79=(
BOUNDED_CURVE()
B_SPLINE_CURVE(3,(#4129,#4130,#4131,#4132,#4133,#4134,#4135,#4136,#4137,
#4138,#4139,#4140,#4141,#4142,#4143,#4144,#4145,#4146,#4147,#4148,#4149,
#4150,#4151,#4152,#4153),.UNSPECIFIED.,.F.,.F.)
B_SPLINE_CURVE_WITH_KNOTS((4,1,1,1,1,1,1,1,1,1,1,1,1,1,1,1,1,1,1,1,1,1,
4),(0.,0.045455,0.090909,0.136364,0.181818,0.227273,0.272727,0.318182,0.363636,
0.409091,0.454545,0.5,0.545455,0.590909,0.636364,0.681818,0.727273,0.772727,
0.818182,0.863636,0.909091,0.954545,1.),.UNSPECIFIED.)
CURVE()
GEOMETRIC_REPRESENTATION_ITEM()
RATIONAL_B_SPLINE_CURVE((1.,1.,1.,1.,1.,1.,1.,1.,1.,1.,1.,1.,1.,1.,1.,1.,
1.,1.,1.,1.,1.,1.,1.,1.,1.))
REPRESENTATION_ITEM('')
);
#80=(
BOUNDED_CURVE()
B_SPLINE_CURVE(3,(#4154,#4155,#4156,#4157,#4158,#4159,#4160,#4161,#4162,
#4163,#4164,#4165,#4166,#4167,#4168,#4169,#4170,#4171,#4172,#4173,#4174,
#4175,#4176,#4177,#4178),.UNSPECIFIED.,.F.,.F.)
B_SPLINE_CURVE_WITH_KNOTS((4,1,1,1,1,1,1,1,1,1,1,1,1,1,1,1,1,1,1,1,1,1,
4),(-1.,-0.954545,-0.909091,-0.863636,-0.818182,-0.772727,-0.727273,-0.681818,
-0.636364,-0.590909,-0.545455,-0.5,-0.454545,-0.409091,-0.363636,-0.318182,
-0.272727,-0.227273,-0.181818,-0.136364,-0.090909,-0.045455,0.),
 .UNSPECIFIED.)
CURVE()
GEOMETRIC_REPRESENTATION_ITEM()
RATIONAL_B_SPLINE_CURVE((1.,1.,1.,1.,1.,1.,1.,1.,1.,1.,1.,1.,1.,1.,1.,1.,
1.,1.,1.,1.,1.,1.,1.,1.,1.))
REPRESENTATION_ITEM('')
);
#81=VERTEX_POINT('',#3871);
#82=VERTEX_POINT('',#3872);
#83=VERTEX_POINT('',#3873);
#84=VERTEX_POINT('',#3874);
#85=VERTEX_POINT('',#3875);
#86=VERTEX_POINT('',#3876);
#87=VERTEX_POINT('',#3877);
#88=VERTEX_POINT('',#3878);
#89=(
BOUNDED_SURFACE()
B_SPLINE_SURFACE(3,3,((#121,#122,#123,#124,#125,#126,#127,#128,#129,#130,
#131,#132,#133,#134,#135,#136,#137,#138,#139,#140,#141,#142,#143,#144,#145),
(#146,#147,#148,#149,#150,#151,#152,#153,#154,#155,#156,#157,#158,#159,
#160,#161,#162,#163,#164,#165,#166,#167,#168,#169,#170),(#171,#172,#173,
#174,#175,#176,#177,#178,#179,#180,#181,#182,#183,#184,#185,#186,#187,#188,
#189,#190,#191,#192,#193,#194,#195),(#196,#197,#198,#199,#200,#201,#202,
#203,#204,#205,#206,#207,#208,#209,#210,#211,#212,#213,#214,#215,#216,#217,
#218,#219,#220),(#221,#222,#223,#224,#225,#226,#227,#228,#229,#230,#231,
#232,#233,#234,#235,#236,#237,#238,#239,#240,#241,#242,#243,#244,#245),
(#246,#247,#248,#249,#250,#251,#252,#253,#254,#255,#256,#257,#258,#259,
#260,#261,#262,#263,#264,#265,#266,#267,#268,#269,#270),(#271,#272,#273,
#274,#275,#276,#277,#278,#279,#280,#281,#282,#283,#284,#285,#286,#287,#288,
#289,#290,#291,#292,#293,#294,#295),(#296,#297,#298,#299,#300,#301,#302,
#303,#304,#305,#306,#307,#308,#309,#310,#311,#312,#313,#314,#315,#316,#317,
#318,#319,#320),(#321,#322,#323,#324,#325,#326,#327,#328,#329,#330,#331,
#332,#333,#334,#335,#336,#337,#338,#339,#340,#341,#342,#343,#344,#345),
(#346,#347,#348,#349,#350,#351,#352,#353,#354,#355,#356,#357,#358,#359,
#360,#361,#362,#363,#364,#365,#366,#367,#368,#369,#370),(#371,#372,#373,
#374,#375,#376,#377,#378,#379,#380,#381,#382,#383,#384,#385,#386,#387,#388,
#389,#390,#391,#392,#393,#394,#395),(#396,#397,#398,#399,#400,#401,#402,
#403,#404,#405,#406,#407,#408,#409,#410,#411,#412,#413,#414,#415,#416,#417,
#418,#419,#420),(#421,#422,#423,#424,#425,#426,#427,#428,#429,#430,#431,
#432,#433,#434,#435,#436,#437,#438,#439,#440,#441,#442,#443,#444,#445),
(#446,#447,#448,#449,#450,#451,#452,#453,#454,#455,#456,#457,#458,#459,
#460,#461,#462,#463,#464,#465,#466,#467,#468,#469,#470),(#471,#472,#473,
#474,#475,#476,#477,#478,#479,#480,#481,#482,#483,#484,#485,#486,#487,#488,
#489,#490,#491,#492,#493,#494,#495),(#496,#497,#498,#499,#500,#501,#502,
#503,#504,#505,#506,#507,#508,#509,#510,#511,#512,#513,#514,#515,#516,#517,
#518,#519,#520),(#521,#522,#523,#524,#525,#526,#527,#528,#529,#530,#531,
#532,#533,#534,#535,#536,#537,#538,#539,#540,#541,#542,#543,#544,#545),
(#546,#547,#548,#549,#550,#551,#552,#553,#554,#555,#556,#557,#558,#559,
#560,#561,#562,#563,#564,#565,#566,#567,#568,#569,#570),(#571,#572,#573,
#574,#575,#576,#577,#578,#579,#580,#581,#582,#583,#584,#585,#586,#587,#588,
#589,#590,#591,#592,#593,#594,#595),(#596,#597,#598,#599,#600,#601,#602,
#603,#604,#605,#606,#607,#608,#609,#610,#611,#612,#613,#614,#615,#616,#617,
#618,#619,#620),(#621,#622,#623,#624,#625,#626,#627,#628,#629,#630,#631,
#632,#633,#634,#635,#636,#637,#638,#639,#640,#641,#642,#643,#644,#645),
(#646,#647,#648,#649,#650,#651,#652,#653,#654,#655,#656,#657,#658,#659,
#660,#661,#662,#663,#664,#665,#666,#667,#668,#669,#670),(#671,#672,#673,
#674,#675,#676,#677,#678,#679,#680,#681,#682,#683,#684,#685,#686,#687,#688,
#689,#690,#691,#692,#693,#694,#695),(#696,#697,#698,#699,#700,#701,#702,
#703,#704,#705,#706,#707,#708,#709,#710,#711,#712,#713,#714,#715,#716,#717,
#718,#719,#720),(#721,#722,#723,#724,#725,#726,#727,#728,#729,#730,#731,
#732,#733,#734,#735,#736,#737,#738,#739,#740,#741,#742,#743,#744,#745)),
 .UNSPECIFIED.,.F.,.F.,.F.)
B_SPLINE_SURFACE_WITH_KNOTS((4,1,1,1,1,1,1,1,1,1,1,1,1,1,1,1,1,1,1,1,1,
1,4),(4,1,1,1,1,1,1,1,1,1,1,1,1,1,1,1,1,1,1,1,1,1,4),(0.,0.045455,0.090909,
0.136364,0.181818,0.227273,0.272727,0.318182,0.363636,0.409091,0.454545,
0.5,0.545455,0.590909,0.636364,0.681818,0.727273,0.772727,0.818182,0.863636,
0.909091,0.954545,1.),(0.,0.045455,0.090909,0.136364,0.181818,0.227273,
0.272727,0.318182,0.363636,0.409091,0.454545,0.5,0.545455,0.590909,0.636364,
0.681818,0.727273,0.772727,0.818182,0.863636,0.909091,0.954545,1.),
 .UNSPECIFIED.)
GEOMETRIC_REPRESENTATION_ITEM()
RATIONAL_B_SPLINE_SURFACE(((1.,1.,1.,1.,1.,1.,1.,1.,1.,1.,1.,1.,1.,1.,1.,
1.,1.,1.,1.,1.,1.,1.,1.,1.,1.),(1.,1.,1.,1.,1.,1.,1.,1.,1.,1.,1.,1.,1.,
1.,1.,1.,1.,1.,1.,1.,1.,1.,1.,1.,1.),(1.,1.,1.,1.,1.,1.,1.,1.,1.,1.,1.,
1.,1.,1.,1.,1.,1.,1.,1.,1.,1.,1.,1.,1.,1.),(1.,1.,1.,1.,1.,1.,1.,1.,1.,
1.,1.,1.,1.,1.,1.,1.,1.,1.,1.,1.,1.,1.,1.,1.,1.),(1.,1.,1.,1.,1.,1.,1.,
1.,1.,1.,1.,1.,1.,1.,1.,1.,1.,1.,1.,1.,1.,1.,1.,1.,1.),(1.,1.,1.,1.,1.,
1.,1.,1.,1.,1.,1.,1.,1.,1.,1.,1.,1.,1.,1.,1.,1.,1.,1.,1.,1.),(1.,1.,1.,
1.,1.,1.,1.,1.,1.,1.,1.,1.,1.,1.,1.,1.,1.,1.,1.,1.,1.,1.,1.,1.,1.),(1.,
1.,1.,1.,1.,1.,1.,1.,1.,1.,1.,1.,1.,1.,1.,1.,1.,1.,1.,1.,1.,1.,1.,1.,1.),
(1.,1.,1.,1.,1.,1.,1.,1.,1.,1.,1.,1.,1.,1.,1.,1.,1.,1.,1.,1.,1.,1.,1.,1.,
1.),(1.,1.,1.,1.,1.,1.,1.,1.,1.,1.,1.,1.,1.,1.,1.,1.,1.,1.,1.,1.,1.,1.,
1.,1.,1.),(1.,1.,1.,1.,1.,1.,1.,1.,1.,1.,1.,1.,1.,1.,1.,1.,1.,1.,1.,1.,
1.,1.,1.,1.,1.),(1.,1.,1.,1.,1.,1.,1.,1.,1.,1.,1.,1.,1.,1.,1.,1.,1.,1.,
1.,1.,1.,1.,1.,1.,1.),(1.,1.,1.,1.,1.,1.,1.,1.,1.,1.,1.,1.,1.,1.,1.,1.,
1.,1.,1.,1.,1.,1.,1.,1.,1.),(1.,1.,1.,1.,1.,1.,1.,1.,1.,1.,1.,1.,1.,1.,
1.,1.,1.,1.,1.,1.,1.,1.,1.,1.,1.),(1.,1.,1.,1.,1.,1.,1.,1.,1.,1.,1.,1.,
1.,1.,1.,1.,1.,1.,1.,1.,1.,1.,1.,1.,1.),(1.,1.,1.,1.,1.,1.,1.,1.,1.,1.,
1.,1.,1.,1.,1.,1.,1.,1.,1.,1.,1.,1.,1.,1.,1.),(1.,1.,1.,1.,1.,1.,1.,1.,
1.,1.,1.,1.,1.,1.,1.,1.,1.,1.,1.,1.,1.,1.,1.,1.,1.),(1.,1.,1.,1.,1.,1.,
1.,1.,1.,1.,1.,1.,1.,1.,1.,1.,1.,1.,1.,1.,1.,1.,1.,1.,1.),(1.,1.,1.,1.,
1.,1.,1.,1.,1.,1.,1.,1.,1.,1.,1.,1.,1.,1.,1.,1.,1.,1.,1.,1.,1.),(1.,1.,
1.,1.,1.,1.,1.,1.,1.,1.,1.,1.,1.,1.,1.,1.,1.,1.,1.,1.,1.,1.,1.,1.,1.),(1.,
1.,1.,1.,1.,1.,1.,1.,1.,1.,1.,1.,1.,1.,1.,1.,1.,1.,1.,1.,1.,1.,1.,1.,1.),
(1.,1.,1.,1.,1.,1.,1.,1.,1.,1.,1.,1.,1.,1.,1.,1.,1.,1.,1.,1.,1.,1.,1.,1.,
1.),(1.,1.,1.,1.,1.,1.,1.,1.,1.,1.,1.,1.,1.,1.,1.,1.,1.,1.,1.,1.,1.,1.,
1.,1.,1.),(1.,1.,1.,1.,1.,1.,1.,1.,1.,1.,1.,1.,1.,1.,1.,1.,1.,1.,1.,1.,
1.,1.,1.,1.,1.),(1.,1.,1.,1.,1.,1.,1.,1.,1.,1.,1.,1.,1.,1.,1.,1.,1.,1.,
1.,1.,1.,1.,1.,1.,1.)))
REPRESENTATION_ITEM('')
SURFACE()
);
#90=(
BOUNDED_SURFACE()
B_SPLINE_SURFACE(3,3,((#746,#747,#748,#749,#750,#751,#752,#753,#754,#755,
#756,#757,#758,#759,#760,#761,#762,#763,#764,#765,#766,#767,#768,#769,#770),
(#771,#772,#773,#774,#775,#776,#777,#778,#779,#780,#781,#782,#783,#784,
#785,#786,#787,#788,#789,#790,#791,#792,#793,#794,#795),(#796,#797,#798,
#799,#800,#801,#802,#803,#804,#805,#806,#807,#808,#809,#810,#811,#812,#813,
#814,#815,#816,#817,#818,#819,#820),(#821,#822,#823,#824,#825,#826,#827,
#828,#829,#830,#831,#832,#833,#834,#835,#836,#837,#838,#839,#840,#841,#842,
#843,#844,#845),(#846,#847,#848,#849,#850,#851,#852,#853,#854,#855,#856,
#857,#858,#859,#860,#861,#862,#863,#864,#865,#866,#867,#868,#869,#870),
(#871,#872,#873,#874,#875,#876,#877,#878,#879,#880,#881,#882,#883,#884,
#885,#886,#887,#888,#889,#890,#891,#892,#893,#894,#895),(#896,#897,#898,
#899,#900,#901,#902,#903,#904,#905,#906,#907,#908,#909,#910,#911,#912,#913,
#914,#915,#916,#917,#918,#919,#920),(#921,#922,#923,#924,#925,#926,#927,
#928,#929,#930,#931,#932,#933,#934,#935,#936,#937,#938,#939,#940,#941,#942,
#943,#944,#945),(#946,#947,#948,#949,#950,#951,#952,#953,#954,#955,#956,
#957,#958,#959,#960,#961,#962,#963,#964,#965,#966,#967,#968,#969,#970),
(#971,#972,#973,#974,#975,#976,#977,#978,#979,#980,#981,#982,#983,#984,
#985,#986,#987,#988,#989,#990,#991,#992,#993,#994,#995),(#996,#997,#998,
#999,#1000,#1001,#1002,#1003,#1004,#1005,#1006,#1007,#1008,#1009,#1010,
#1011,#1012,#1013,#1014,#1015,#1016,#1017,#1018,#1019,#1020),(#1021,#1022,
#1023,#1024,#1025,#1026,#1027,#1028,#1029,#1030,#1031,#1032,#1033,#1034,
#1035,#1036,#1037,#1038,#1039,#1040,#1041,#1042,#1043,#1044,#1045),(#1046,
#1047,#1048,#1049,#1050,#1051,#1052,#1053,#1054,#1055,#1056,#1057,#1058,
#1059,#1060,#1061,#1062,#1063,#1064,#1065,#1066,#1067,#1068,#1069,#1070),
(#1071,#1072,#1073,#1074,#1075,#1076,#1077,#1078,#1079,#1080,#1081,#1082,
#1083,#1084,#1085,#1086,#1087,#1088,#1089,#1090,#1091,#1092,#1093,#1094,
#1095),(#1096,#1097,#1098,#1099,#1100,#1101,#1102,#1103,#1104,#1105,#1106,
#1107,#1108,#1109,#1110,#1111,#1112,#1113,#1114,#1115,#1116,#1117,#1118,
#1119,#1120),(#1121,#1122,#1123,#1124,#1125,#1126,#1127,#1128,#1129,#1130,
#1131,#1132,#1133,#1134,#1135,#1136,#1137,#1138,#1139,#1140,#1141,#1142,
#1143,#1144,#1145),(#1146,#1147,#1148,#1149,#1150,#1151,#1152,#1153,#1154,
#1155,#1156,#1157,#1158,#1159,#1160,#1161,#1162,#1163,#1164,#1165,#1166,
#1167,#1168,#1169,#1170),(#1171,#1172,#1173,#1174,#1175,#1176,#1177,#1178,
#1179,#1180,#1181,#1182,#1183,#1184,#1185,#1186,#1187,#1188,#1189,#1190,
#1191,#1192,#1193,#1194,#1195),(#1196,#1197,#1198,#1199,#1200,#1201,#1202,
#1203,#1204,#1205,#1206,#1207,#1208,#1209,#1210,#1211,#1212,#1213,#1214,
#1215,#1216,#1217,#1218,#1219,#1220),(#1221,#1222,#1223,#1224,#1225,#1226,
#1227,#1228,#1229,#1230,#1231,#1232,#1233,#1234,#1235,#1236,#1237,#1238,
#1239,#1240,#1241,#1242,#1243,#1244,#1245),(#1246,#1247,#1248,#1249,#1250,
#1251,#1252,#1253,#1254,#1255,#1256,#1257,#1258,#1259,#1260,#1261,#1262,
#1263,#1264,#1265,#1266,#1267,#1268,#1269,#1270),(#1271,#1272,#1273,#1274,
#1275,#1276,#1277,#1278,#1279,#1280,#1281,#1282,#1283,#1284,#1285,#1286,
#1287,#1288,#1289,#1290,#1291,#1292,#1293,#1294,#1295),(#1296,#1297,#1298,
#1299,#1300,#1301,#1302,#1303,#1304,#1305,#1306,#1307,#1308,#1309,#1310,
#1311,#1312,#1313,#1314,#1315,#1316,#1317,#1318,#1319,#1320),(#1321,#1322,
#1323,#1324,#1325,#1326,#1327,#1328,#1329,#1330,#1331,#1332,#1333,#1334,
#1335,#1336,#1337,#1338,#1339,#1340,#1341,#1342,#1343,#1344,#1345),(#1346,
#1347,#1348,#1349,#1350,#1351,#1352,#1353,#1354,#1355,#1356,#1357,#1358,
#1359,#1360,#1361,#1362,#1363,#1364,#1365,#1366,#1367,#1368,#1369,#1370)),
 .UNSPECIFIED.,.F.,.F.,.F.)
B_SPLINE_SURFACE_WITH_KNOTS((4,1,1,1,1,1,1,1,1,1,1,1,1,1,1,1,1,1,1,1,1,
1,4),(4,1,1,1,1,1,1,1,1,1,1,1,1,1,1,1,1,1,1,1,1,1,4),(0.,0.045455,0.090909,
0.136364,0.181818,0.227273,0.272727,0.318182,0.363636,0.409091,0.454545,
0.5,0.545455,0.590909,0.636364,0.681818,0.727273,0.772727,0.818182,0.863636,
0.909091,0.954545,1.),(0.,0.045455,0.090909,0.136364,0.181818,0.227273,
0.272727,0.318182,0.363636,0.409091,0.454545,0.5,0.545455,0.590909,0.636364,
0.681818,0.727273,0.772727,0.818182,0.863636,0.909091,0.954545,1.),
 .UNSPECIFIED.)
GEOMETRIC_REPRESENTATION_ITEM()
RATIONAL_B_SPLINE_SURFACE(((1.,1.,1.,1.,1.,1.,1.,1.,1.,1.,1.,1.,1.,1.,1.,
1.,1.,1.,1.,1.,1.,1.,1.,1.,1.),(1.,1.,1.,1.,1.,1.,1.,1.,1.,1.,1.,1.,1.,
1.,1.,1.,1.,1.,1.,1.,1.,1.,1.,1.,1.),(1.,1.,1.,1.,1.,1.,1.,1.,1.,1.,1.,
1.,1.,1.,1.,1.,1.,1.,1.,1.,1.,1.,1.,1.,1.),(1.,1.,1.,1.,1.,1.,1.,1.,1.,
1.,1.,1.,1.,1.,1.,1.,1.,1.,1.,1.,1.,1.,1.,1.,1.),(1.,1.,1.,1.,1.,1.,1.,
1.,1.,1.,1.,1.,1.,1.,1.,1.,1.,1.,1.,1.,1.,1.,1.,1.,1.),(1.,1.,1.,1.,1.,
1.,1.,1.,1.,1.,1.,1.,1.,1.,1.,1.,1.,1.,1.,1.,1.,1.,1.,1.,1.),(1.,1.,1.,
1.,1.,1.,1.,1.,1.,1.,1.,1.,1.,1.,1.,1.,1.,1.,1.,1.,1.,1.,1.,1.,1.),(1.,
1.,1.,1.,1.,1.,1.,1.,1.,1.,1.,1.,1.,1.,1.,1.,1.,1.,1.,1.,1.,1.,1.,1.,1.),
(1.,1.,1.,1.,1.,1.,1.,1.,1.,1.,1.,1.,1.,1.,1.,1.,1.,1.,1.,1.,1.,1.,1.,1.,
1.),(1.,1.,1.,1.,1.,1.,1.,1.,1.,1.,1.,1.,1.,1.,1.,1.,1.,1.,1.,1.,1.,1.,
1.,1.,1.),(1.,1.,1.,1.,1.,1.,1.,1.,1.,1.,1.,1.,1.,1.,1.,1.,1.,1.,1.,1.,
1.,1.,1.,1.,1.),(1.,1.,1.,1.,1.,1.,1.,1.,1.,1.,1.,1.,1.,1.,1.,1.,1.,1.,
1.,1.,1.,1.,1.,1.,1.),(1.,1.,1.,1.,1.,1.,1.,1.,1.,1.,1.,1.,1.,1.,1.,1.,
1.,1.,1.,1.,1.,1.,1.,1.,1.),(1.,1.,1.,1.,1.,1.,1.,1.,1.,1.,1.,1.,1.,1.,
1.,1.,1.,1.,1.,1.,1.,1.,1.,1.,1.),(1.,1.,1.,1.,1.,1.,1.,1.,1.,1.,1.,1.,
1.,1.,1.,1.,1.,1.,1.,1.,1.,1.,1.,1.,1.),(1.,1.,1.,1.,1.,1.,1.,1.,1.,1.,
1.,1.,1.,1.,1.,1.,1.,1.,1.,1.,1.,1.,1.,1.,1.),(1.,1.,1.,1.,1.,1.,1.,1.,
1.,1.,1.,1.,1.,1.,1.,1.,1.,1.,1.,1.,1.,1.,1.,1.,1.),(1.,1.,1.,1.,1.,1.,
1.,1.,1.,1.,1.,1.,1.,1.,1.,1.,1.,1.,1.,1.,1.,1.,1.,1.,1.),(1.,1.,1.,1.,
1.,1.,1.,1.,1.,1.,1.,1.,1.,1.,1.,1.,1.,1.,1.,1.,1.,1.,1.,1.,1.),(1.,1.,
1.,1.,1.,1.,1.,1.,1.,1.,1.,1.,1.,1.,1.,1.,1.,1.,1.,1.,1.,1.,1.,1.,1.),(1.,
1.,1.,1.,1.,1.,1.,1.,1.,1.,1.,1.,1.,1.,1.,1.,1.,1.,1.,1.,1.,1.,1.,1.,1.),
(1.,1.,1.,1.,1.,1.,1.,1.,1.,1.,1.,1.,1.,1.,1.,1.,1.,1.,1.,1.,1.,1.,1.,1.,
1.),(1.,1.,1.,1.,1.,1.,1.,1.,1.,1.,1.,1.,1.,1.,1.,1.,1.,1.,1.,1.,1.,1.,
1.,1.,1.),(1.,1.,1.,1.,1.,1.,1.,1.,1.,1.,1.,1.,1.,1.,1.,1.,1.,1.,1.,1.,
1.,1.,1.,1.,1.),(1.,1.,1.,1.,1.,1.,1.,1.,1.,1.,1.,1.,1.,1.,1.,1.,1.,1.,
1.,1.,1.,1.,1.,1.,1.)))
REPRESENTATION_ITEM('')
SURFACE()
);
#91=(
BOUNDED_SURFACE()
B_SPLINE_SURFACE(3,3,((#1371,#1372,#1373,#1374,#1375,#1376,#1377,#1378,
#1379,#1380,#1381,#1382,#1383,#1384,#1385,#1386,#1387,#1388,#1389,#1390,
#1391,#1392,#1393,#1394,#1395),(#1396,#1397,#1398,#1399,#1400,#1401,#1402,
#1403,#1404,#1405,#1406,#1407,#1408,#1409,#1410,#1411,#1412,#1413,#1414,
#1415,#1416,#1417,#1418,#1419,#1420),(#1421,#1422,#1423,#1424,#1425,#1426,
#1427,#1428,#1429,#1430,#1431,#1432,#1433,#1434,#1435,#1436,#1437,#1438,
#1439,#1440,#1441,#1442,#1443,#1444,#1445),(#1446,#1447,#1448,#1449,#1450,
#1451,#1452,#1453,#1454,#1455,#1456,#1457,#1458,#1459,#1460,#1461,#1462,
#1463,#1464,#1465,#1466,#1467,#1468,#1469,#1470),(#1471,#1472,#1473,#1474,
#1475,#1476,#1477,#1478,#1479,#1480,#1481,#1482,#1483,#1484,#1485,#1486,
#1487,#1488,#1489,#1490,#1491,#1492,#1493,#1494,#1495),(#1496,#1497,#1498,
#1499,#1500,#1501,#1502,#1503,#1504,#1505,#1506,#1507,#1508,#1509,#1510,
#1511,#1512,#1513,#1514,#1515,#1516,#1517,#1518,#1519,#1520),(#1521,#1522,
#1523,#1524,#1525,#1526,#1527,#1528,#1529,#1530,#1531,#1532,#1533,#1534,
#1535,#1536,#1537,#1538,#1539,#1540,#1541,#1542,#1543,#1544,#1545),(#1546,
#1547,#1548,#1549,#1550,#1551,#1552,#1553,#1554,#1555,#1556,#1557,#1558,
#1559,#1560,#1561,#1562,#1563,#1564,#1565,#1566,#1567,#1568,#1569,#1570),
(#1571,#1572,#1573,#1574,#1575,#1576,#1577,#1578,#1579,#1580,#1581,#1582,
#1583,#1584,#1585,#1586,#1587,#1588,#1589,#1590,#1591,#1592,#1593,#1594,
#1595),(#1596,#1597,#1598,#1599,#1600,#1601,#1602,#1603,#1604,#1605,#1606,
#1607,#1608,#1609,#1610,#1611,#1612,#1613,#1614,#1615,#1616,#1617,#1618,
#1619,#1620),(#1621,#1622,#1623,#1624,#1625,#1626,#1627,#1628,#1629,#1630,
#1631,#1632,#1633,#1634,#1635,#1636,#1637,#1638,#1639,#1640,#1641,#1642,
#1643,#1644,#1645),(#1646,#1647,#1648,#1649,#1650,#1651,#1652,#1653,#1654,
#1655,#1656,#1657,#1658,#1659,#1660,#1661,#1662,#1663,#1664,#1665,#1666,
#1667,#1668,#1669,#1670),(#1671,#1672,#1673,#1674,#1675,#1676,#1677,#1678,
#1679,#1680,#1681,#1682,#1683,#1684,#1685,#1686,#1687,#1688,#1689,#1690,
#1691,#1692,#1693,#1694,#1695),(#1696,#1697,#1698,#1699,#1700,#1701,#1702,
#1703,#1704,#1705,#1706,#1707,#1708,#1709,#1710,#1711,#1712,#1713,#1714,
#1715,#1716,#1717,#1718,#1719,#1720),(#1721,#1722,#1723,#1724,#1725,#1726,
#1727,#1728,#1729,#1730,#1731,#1732,#1733,#1734,#1735,#1736,#1737,#1738,
#1739,#1740,#1741,#1742,#1743,#1744,#1745),(#1746,#1747,#1748,#1749,#1750,
#1751,#1752,#1753,#1754,#1755,#1756,#1757,#1758,#1759,#1760,#1761,#1762,
#1763,#1764,#1765,#1766,#1767,#1768,#1769,#1770),(#1771,#1772,#1773,#1774,
#1775,#1776,#1777,#1778,#1779,#1780,#1781,#1782,#1783,#1784,#1785,#1786,
#1787,#1788,#1789,#1790,#1791,#1792,#1793,#1794,#1795),(#1796,#1797,#1798,
#1799,#1800,#1801,#1802,#1803,#1804,#1805,#1806,#1807,#1808,#1809,#1810,
#1811,#1812,#1813,#1814,#1815,#1816,#1817,#1818,#1819,#1820),(#1821,#1822,
#1823,#1824,#1825,#1826,#1827,#1828,#1829,#1830,#1831,#1832,#1833,#1834,
#1835,#1836,#1837,#1838,#1839,#1840,#1841,#1842,#1843,#1844,#1845),(#1846,
#1847,#1848,#1849,#1850,#1851,#1852,#1853,#1854,#1855,#1856,#1857,#1858,
#1859,#1860,#1861,#1862,#1863,#1864,#1865,#1866,#1867,#1868,#1869,#1870),
(#1871,#1872,#1873,#1874,#1875,#1876,#1877,#1878,#1879,#1880,#1881,#1882,
#1883,#1884,#1885,#1886,#1887,#1888,#1889,#1890,#1891,#1892,#1893,#1894,
#1895),(#1896,#1897,#1898,#1899,#1900,#1901,#1902,#1903,#1904,#1905,#1906,
#1907,#1908,#1909,#1910,#1911,#1912,#1913,#1914,#1915,#1916,#1917,#1918,
#1919,#1920),(#1921,#1922,#1923,#1924,#1925,#1926,#1927,#1928,#1929,#1930,
#1931,#1932,#1933,#1934,#1935,#1936,#1937,#1938,#1939,#1940,#1941,#1942,
#1943,#1944,#1945),(#1946,#1947,#1948,#1949,#1950,#1951,#1952,#1953,#1954,
#1955,#1956,#1957,#1958,#1959,#1960,#1961,#1962,#1963,#1964,#1965,#1966,
#1967,#1968,#1969,#1970),(#1971,#1972,#1973,#1974,#1975,#1976,#1977,#1978,
#1979,#1980,#1981,#1982,#1983,#1984,#1985,#1986,#1987,#1988,#1989,#1990,
#1991,#1992,#1993,#1994,#1995)),.UNSPECIFIED.,.F.,.F.,.F.)
B_SPLINE_SURFACE_WITH_KNOTS((4,1,1,1,1,1,1,1,1,1,1,1,1,1,1,1,1,1,1,1,1,
1,4),(4,1,1,1,1,1,1,1,1,1,1,1,1,1,1,1,1,1,1,1,1,1,4),(0.,0.045455,0.090909,
0.136364,0.181818,0.227273,0.272727,0.318182,0.363636,0.409091,0.454545,
0.5,0.545455,0.590909,0.636364,0.681818,0.727273,0.772727,0.818182,0.863636,
0.909091,0.954545,1.),(0.,0.045455,0.090909,0.136364,0.181818,0.227273,
0.272727,0.318182,0.363636,0.409091,0.454545,0.5,0.545455,0.590909,0.636364,
0.681818,0.727273,0.772727,0.818182,0.863636,0.909091,0.954545,1.),
 .UNSPECIFIED.)
GEOMETRIC_REPRESENTATION_ITEM()
RATIONAL_B_SPLINE_SURFACE(((1.,1.,1.,1.,1.,1.,1.,1.,1.,1.,1.,1.,1.,1.,1.,
1.,1.,1.,1.,1.,1.,1.,1.,1.,1.),(1.,1.,1.,1.,1.,1.,1.,1.,1.,1.,1.,1.,1.,
1.,1.,1.,1.,1.,1.,1.,1.,1.,1.,1.,1.),(1.,1.,1.,1.,1.,1.,1.,1.,1.,1.,1.,
1.,1.,1.,1.,1.,1.,1.,1.,1.,1.,1.,1.,1.,1.),(1.,1.,1.,1.,1.,1.,1.,1.,1.,
1.,1.,1.,1.,1.,1.,1.,1.,1.,1.,1.,1.,1.,1.,1.,1.),(1.,1.,1.,1.,1.,1.,1.,
1.,1.,1.,1.,1.,1.,1.,1.,1.,1.,1.,1.,1.,1.,1.,1.,1.,1.),(1.,1.,1.,1.,1.,
1.,1.,1.,1.,1.,1.,1.,1.,1.,1.,1.,1.,1.,1.,1.,1.,1.,1.,1.,1.),(1.,1.,1.,
1.,1.,1.,1.,1.,1.,1.,1.,1.,1.,1.,1.,1.,1.,1.,1.,1.,1.,1.,1.,1.,1.),(1.,
1.,1.,1.,1.,1.,1.,1.,1.,1.,1.,1.,1.,1.,1.,1.,1.,1.,1.,1.,1.,1.,1.,1.,1.),
(1.,1.,1.,1.,1.,1.,1.,1.,1.,1.,1.,1.,1.,1.,1.,1.,1.,1.,1.,1.,1.,1.,1.,1.,
1.),(1.,1.,1.,1.,1.,1.,1.,1.,1.,1.,1.,1.,1.,1.,1.,1.,1.,1.,1.,1.,1.,1.,
1.,1.,1.),(1.,1.,1.,1.,1.,1.,1.,1.,1.,1.,1.,1.,1.,1.,1.,1.,1.,1.,1.,1.,
1.,1.,1.,1.,1.),(1.,1.,1.,1.,1.,1.,1.,1.,1.,1.,1.,1.,1.,1.,1.,1.,1.,1.,
1.,1.,1.,1.,1.,1.,1.),(1.,1.,1.,1.,1.,1.,1.,1.,1.,1.,1.,1.,1.,1.,1.,1.,
1.,1.,1.,1.,1.,1.,1.,1.,1.),(1.,1.,1.,1.,1.,1.,1.,1.,1.,1.,1.,1.,1.,1.,
1.,1.,1.,1.,1.,1.,1.,1.,1.,1.,1.),(1.,1.,1.,1.,1.,1.,1.,1.,1.,1.,1.,1.,
1.,1.,1.,1.,1.,1.,1.,1.,1.,1.,1.,1.,1.),(1.,1.,1.,1.,1.,1.,1.,1.,1.,1.,
1.,1.,1.,1.,1.,1.,1.,1.,1.,1.,1.,1.,1.,1.,1.),(1.,1.,1.,1.,1.,1.,1.,1.,
1.,1.,1.,1.,1.,1.,1.,1.,1.,1.,1.,1.,1.,1.,1.,1.,1.),(1.,1.,1.,1.,1.,1.,
1.,1.,1.,1.,1.,1.,1.,1.,1.,1.,1.,1.,1.,1.,1.,1.,1.,1.,1.),(1.,1.,1.,1.,
1.,1.,1.,1.,1.,1.,1.,1.,1.,1.,1.,1.,1.,1.,1.,1.,1.,1.,1.,1.,1.),(1.,1.,
1.,1.,1.,1.,1.,1.,1.,1.,1.,1.,1.,1.,1.,1.,1.,1.,1.,1.,1.,1.,1.,1.,1.),(1.,
1.,1.,1.,1.,1.,1.,1.,1.,1.,1.,1.,1.,1.,1.,1.,1.,1.,1.,1.,1.,1.,1.,1.,1.),
(1.,1.,1.,1.,1.,1.,1.,1.,1.,1.,1.,1.,1.,1.,1.,1.,1.,1.,1.,1.,1.,1.,1.,1.,
1.),(1.,1.,1.,1.,1.,1.,1.,1.,1.,1.,1.,1.,1.,1.,1.,1.,1.,1.,1.,1.,1.,1.,
1.,1.,1.),(1.,1.,1.,1.,1.,1.,1.,1.,1.,1.,1.,1.,1.,1.,1.,1.,1.,1.,1.,1.,
1.,1.,1.,1.,1.),(1.,1.,1.,1.,1.,1.,1.,1.,1.,1.,1.,1.,1.,1.,1.,1.,1.,1.,
1.,1.,1.,1.,1.,1.,1.)))
REPRESENTATION_ITEM('')
SURFACE()
);
#92=(
BOUNDED_SURFACE()
B_SPLINE_SURFACE(3,3,((#1996,#1997,#1998,#1999,#2000,#2001,#2002,#2003,
#2004,#2005,#2006,#2007,#2008,#2009,#2010,#2011,#2012,#2013,#2014,#2015,
#2016,#2017,#2018,#2019,#2020),(#2021,#2022,#2023,#2024,#2025,#2026,#2027,
#2028,#2029,#2030,#2031,#2032,#2033,#2034,#2035,#2036,#2037,#2038,#2039,
#2040,#2041,#2042,#2043,#2044,#2045),(#2046,#2047,#2048,#2049,#2050,#2051,
#2052,#2053,#2054,#2055,#2056,#2057,#2058,#2059,#2060,#2061,#2062,#2063,
#2064,#2065,#2066,#2067,#2068,#2069,#2070),(#2071,#2072,#2073,#2074,#2075,
#2076,#2077,#2078,#2079,#2080,#2081,#2082,#2083,#2084,#2085,#2086,#2087,
#2088,#2089,#2090,#2091,#2092,#2093,#2094,#2095),(#2096,#2097,#2098,#2099,
#2100,#2101,#2102,#2103,#2104,#2105,#2106,#2107,#2108,#2109,#2110,#2111,
#2112,#2113,#2114,#2115,#2116,#2117,#2118,#2119,#2120),(#2121,#2122,#2123,
#2124,#2125,#2126,#2127,#2128,#2129,#2130,#2131,#2132,#2133,#2134,#2135,
#2136,#2137,#2138,#2139,#2140,#2141,#2142,#2143,#2144,#2145),(#2146,#2147,
#2148,#2149,#2150,#2151,#2152,#2153,#2154,#2155,#2156,#2157,#2158,#2159,
#2160,#2161,#2162,#2163,#2164,#2165,#2166,#2167,#2168,#2169,#2170),(#2171,
#2172,#2173,#2174,#2175,#2176,#2177,#2178,#2179,#2180,#2181,#2182,#2183,
#2184,#2185,#2186,#2187,#2188,#2189,#2190,#2191,#2192,#2193,#2194,#2195),
(#2196,#2197,#2198,#2199,#2200,#2201,#2202,#2203,#2204,#2205,#2206,#2207,
#2208,#2209,#2210,#2211,#2212,#2213,#2214,#2215,#2216,#2217,#2218,#2219,
#2220),(#2221,#2222,#2223,#2224,#2225,#2226,#2227,#2228,#2229,#2230,#2231,
#2232,#2233,#2234,#2235,#2236,#2237,#2238,#2239,#2240,#2241,#2242,#2243,
#2244,#2245),(#2246,#2247,#2248,#2249,#2250,#2251,#2252,#2253,#2254,#2255,
#2256,#2257,#2258,#2259,#2260,#2261,#2262,#2263,#2264,#2265,#2266,#2267,
#2268,#2269,#2270),(#2271,#2272,#2273,#2274,#2275,#2276,#2277,#2278,#2279,
#2280,#2281,#2282,#2283,#2284,#2285,#2286,#2287,#2288,#2289,#2290,#2291,
#2292,#2293,#2294,#2295),(#2296,#2297,#2298,#2299,#2300,#2301,#2302,#2303,
#2304,#2305,#2306,#2307,#2308,#2309,#2310,#2311,#2312,#2313,#2314,#2315,
#2316,#2317,#2318,#2319,#2320),(#2321,#2322,#2323,#2324,#2325,#2326,#2327,
#2328,#2329,#2330,#2331,#2332,#2333,#2334,#2335,#2336,#2337,#2338,#2339,
#2340,#2341,#2342,#2343,#2344,#2345),(#2346,#2347,#2348,#2349,#2350,#2351,
#2352,#2353,#2354,#2355,#2356,#2357,#2358,#2359,#2360,#2361,#2362,#2363,
#2364,#2365,#2366,#2367,#2368,#2369,#2370),(#2371,#2372,#2373,#2374,#2375,
#2376,#2377,#2378,#2379,#2380,#2381,#2382,#2383,#2384,#2385,#2386,#2387,
#2388,#2389,#2390,#2391,#2392,#2393,#2394,#2395),(#2396,#2397,#2398,#2399,
#2400,#2401,#2402,#2403,#2404,#2405,#2406,#2407,#2408,#2409,#2410,#2411,
#2412,#2413,#2414,#2415,#2416,#2417,#2418,#2419,#2420),(#2421,#2422,#2423,
#2424,#2425,#2426,#2427,#2428,#2429,#2430,#2431,#2432,#2433,#2434,#2435,
#2436,#2437,#2438,#2439,#2440,#2441,#2442,#2443,#2444,#2445),(#2446,#2447,
#2448,#2449,#2450,#2451,#2452,#2453,#2454,#2455,#2456,#2457,#2458,#2459,
#2460,#2461,#2462,#2463,#2464,#2465,#2466,#2467,#2468,#2469,#2470),(#2471,
#2472,#2473,#2474,#2475,#2476,#2477,#2478,#2479,#2480,#2481,#2482,#2483,
#2484,#2485,#2486,#2487,#2488,#2489,#2490,#2491,#2492,#2493,#2494,#2495),
(#2496,#2497,#2498,#2499,#2500,#2501,#2502,#2503,#2504,#2505,#2506,#2507,
#2508,#2509,#2510,#2511,#2512,#2513,#2514,#2515,#2516,#2517,#2518,#2519,
#2520),(#2521,#2522,#2523,#2524,#2525,#2526,#2527,#2528,#2529,#2530,#2531,
#2532,#2533,#2534,#2535,#2536,#2537,#2538,#2539,#2540,#2541,#2542,#2543,
#2544,#2545),(#2546,#2547,#2548,#2549,#2550,#2551,#2552,#2553,#2554,#2555,
#2556,#2557,#2558,#2559,#2560,#2561,#2562,#2563,#2564,#2565,#2566,#2567,
#2568,#2569,#2570),(#2571,#2572,#2573,#2574,#2575,#2576,#2577,#2578,#2579,
#2580,#2581,#2582,#2583,#2584,#2585,#2586,#2587,#2588,#2589,#2590,#2591,
#2592,#2593,#2594,#2595),(#2596,#2597,#2598,#2599,#2600,#2601,#2602,#2603,
#2604,#2605,#2606,#2607,#2608,#2609,#2610,#2611,#2612,#2613,#2614,#2615,
#2616,#2617,#2618,#2619,#2620)),.UNSPECIFIED.,.F.,.F.,.F.)
B_SPLINE_SURFACE_WITH_KNOTS((4,1,1,1,1,1,1,1,1,1,1,1,1,1,1,1,1,1,1,1,1,
1,4),(4,1,1,1,1,1,1,1,1,1,1,1,1,1,1,1,1,1,1,1,1,1,4),(0.,0.045455,0.090909,
0.136364,0.181818,0.227273,0.272727,0.318182,0.363636,0.409091,0.454545,
0.5,0.545455,0.590909,0.636364,0.681818,0.727273,0.772727,0.818182,0.863636,
0.909091,0.954545,1.),(0.,0.045455,0.090909,0.136364,0.181818,0.227273,
0.272727,0.318182,0.363636,0.409091,0.454545,0.5,0.545455,0.590909,0.636364,
0.681818,0.727273,0.772727,0.818182,0.863636,0.909091,0.954545,1.),
 .UNSPECIFIED.)
GEOMETRIC_REPRESENTATION_ITEM()
RATIONAL_B_SPLINE_SURFACE(((1.,1.,1.,1.,1.,1.,1.,1.,1.,1.,1.,1.,1.,1.,1.,
1.,1.,1.,1.,1.,1.,1.,1.,1.,1.),(1.,1.,1.,1.,1.,1.,1.,1.,1.,1.,1.,1.,1.,
1.,1.,1.,1.,1.,1.,1.,1.,1.,1.,1.,1.),(1.,1.,1.,1.,1.,1.,1.,1.,1.,1.,1.,
1.,1.,1.,1.,1.,1.,1.,1.,1.,1.,1.,1.,1.,1.),(1.,1.,1.,1.,1.,1.,1.,1.,1.,
1.,1.,1.,1.,1.,1.,1.,1.,1.,1.,1.,1.,1.,1.,1.,1.),(1.,1.,1.,1.,1.,1.,1.,
1.,1.,1.,1.,1.,1.,1.,1.,1.,1.,1.,1.,1.,1.,1.,1.,1.,1.),(1.,1.,1.,1.,1.,
1.,1.,1.,1.,1.,1.,1.,1.,1.,1.,1.,1.,1.,1.,1.,1.,1.,1.,1.,1.),(1.,1.,1.,
1.,1.,1.,1.,1.,1.,1.,1.,1.,1.,1.,1.,1.,1.,1.,1.,1.,1.,1.,1.,1.,1.),(1.,
1.,1.,1.,1.,1.,1.,1.,1.,1.,1.,1.,1.,1.,1.,1.,1.,1.,1.,1.,1.,1.,1.,1.,1.),
(1.,1.,1.,1.,1.,1.,1.,1.,1.,1.,1.,1.,1.,1.,1.,1.,1.,1.,1.,1.,1.,1.,1.,1.,
1.),(1.,1.,1.,1.,1.,1.,1.,1.,1.,1.,1.,1.,1.,1.,1.,1.,1.,1.,1.,1.,1.,1.,
1.,1.,1.),(1.,1.,1.,1.,1.,1.,1.,1.,1.,1.,1.,1.,1.,1.,1.,1.,1.,1.,1.,1.,
1.,1.,1.,1.,1.),(1.,1.,1.,1.,1.,1.,1.,1.,1.,1.,1.,1.,1.,1.,1.,1.,1.,1.,
1.,1.,1.,1.,1.,1.,1.),(1.,1.,1.,1.,1.,1.,1.,1.,1.,1.,1.,1.,1.,1.,1.,1.,
1.,1.,1.,1.,1.,1.,1.,1.,1.),(1.,1.,1.,1.,1.,1.,1.,1.,1.,1.,1.,1.,1.,1.,
1.,1.,1.,1.,1.,1.,1.,1.,1.,1.,1.),(1.,1.,1.,1.,1.,1.,1.,1.,1.,1.,1.,1.,
1.,1.,1.,1.,1.,1.,1.,1.,1.,1.,1.,1.,1.),(1.,1.,1.,1.,1.,1.,1.,1.,1.,1.,
1.,1.,1.,1.,1.,1.,1.,1.,1.,1.,1.,1.,1.,1.,1.),(1.,1.,1.,1.,1.,1.,1.,1.,
1.,1.,1.,1.,1.,1.,1.,1.,1.,1.,1.,1.,1.,1.,1.,1.,1.),(1.,1.,1.,1.,1.,1.,
1.,1.,1.,1.,1.,1.,1.,1.,1.,1.,1.,1.,1.,1.,1.,1.,1.,1.,1.),(1.,1.,1.,1.,
1.,1.,1.,1.,1.,1.,1.,1.,1.,1.,1.,1.,1.,1.,1.,1.,1.,1.,1.,1.,1.),(1.,1.,
1.,1.,1.,1.,1.,1.,1.,1.,1.,1.,1.,1.,1.,1.,1.,1.,1.,1.,1.,1.,1.,1.,1.),(1.,
1.,1.,1.,1.,1.,1.,1.,1.,1.,1.,1.,1.,1.,1.,1.,1.,1.,1.,1.,1.,1.,1.,1.,1.),
(1.,1.,1.,1.,1.,1.,1.,1.,1.,1.,1.,1.,1.,1.,1.,1.,1.,1.,1.,1.,1.,1.,1.,1.,
1.),(1.,1.,1.,1.,1.,1.,1.,1.,1.,1.,1.,1.,1.,1.,1.,1.,1.,1.,1.,1.,1.,1.,
1.,1.,1.),(1.,1.,1.,1.,1.,1.,1.,1.,1.,1.,1.,1.,1.,1.,1.,1.,1.,1.,1.,1.,
1.,1.,1.,1.,1.),(1.,1.,1.,1.,1.,1.,1.,1.,1.,1.,1.,1.,1.,1.,1.,1.,1.,1.,
1.,1.,1.,1.,1.,1.,1.)))
REPRESENTATION_ITEM('')
SURFACE()
);
#93=(
BOUNDED_SURFACE()
B_SPLINE_SURFACE(3,3,((#2621,#2622,#2623,#2624,#2625,#2626,#2627,#2628,
#2629,#2630,#2631,#2632,#2633,#2634,#2635,#2636,#2637,#2638,#2639,#2640,
#2641,#2642,#2643,#2644,#2645),(#2646,#2647,#2648,#2649,#2650,#2651,#2652,
#2653,#2654,#2655,#2656,#2657,#2658,#2659,#2660,#2661,#2662,#2663,#2664,
#2665,#2666,#2667,#2668,#2669,#2670),(#2671,#2672,#2673,#2674,#2675,#2676,
#2677,#2678,#2679,#2680,#2681,#2682,#2683,#2684,#2685,#2686,#2687,#2688,
#2689,#2690,#2691,#2692,#2693,#2694,#2695),(#2696,#2697,#2698,#2699,#2700,
#2701,#2702,#2703,#2704,#2705,#2706,#2707,#2708,#2709,#2710,#2711,#2712,
#2713,#2714,#2715,#2716,#2717,#2718,#2719,#2720),(#2721,#2722,#2723,#2724,
#2725,#2726,#2727,#2728,#2729,#2730,#2731,#2732,#2733,#2734,#2735,#2736,
#2737,#2738,#2739,#2740,#2741,#2742,#2743,#2744,#2745),(#2746,#2747,#2748,
#2749,#2750,#2751,#2752,#2753,#2754,#2755,#2756,#2757,#2758,#2759,#2760,
#2761,#2762,#2763,#2764,#2765,#2766,#2767,#2768,#2769,#2770),(#2771,#2772,
#2773,#2774,#2775,#2776,#2777,#2778,#2779,#2780,#2781,#2782,#2783,#2784,
#2785,#2786,#2787,#2788,#2789,#2790,#2791,#2792,#2793,#2794,#2795),(#2796,
#2797,#2798,#2799,#2800,#2801,#2802,#2803,#2804,#2805,#2806,#2807,#2808,
#2809,#2810,#2811,#2812,#2813,#2814,#2815,#2816,#2817,#2818,#2819,#2820),
(#2821,#2822,#2823,#2824,#2825,#2826,#2827,#2828,#2829,#2830,#2831,#2832,
#2833,#2834,#2835,#2836,#2837,#2838,#2839,#2840,#2841,#2842,#2843,#2844,
#2845),(#2846,#2847,#2848,#2849,#2850,#2851,#2852,#2853,#2854,#2855,#2856,
#2857,#2858,#2859,#2860,#2861,#2862,#2863,#2864,#2865,#2866,#2867,#2868,
#2869,#2870),(#2871,#2872,#2873,#2874,#2875,#2876,#2877,#2878,#2879,#2880,
#2881,#2882,#2883,#2884,#2885,#2886,#2887,#2888,#2889,#2890,#2891,#2892,
#2893,#2894,#2895),(#2896,#2897,#2898,#2899,#2900,#2901,#2902,#2903,#2904,
#2905,#2906,#2907,#2908,#2909,#2910,#2911,#2912,#2913,#2914,#2915,#2916,
#2917,#2918,#2919,#2920),(#2921,#2922,#2923,#2924,#2925,#2926,#2927,#2928,
#2929,#2930,#2931,#2932,#2933,#2934,#2935,#2936,#2937,#2938,#2939,#2940,
#2941,#2942,#2943,#2944,#2945),(#2946,#2947,#2948,#2949,#2950,#2951,#2952,
#2953,#2954,#2955,#2956,#2957,#2958,#2959,#2960,#2961,#2962,#2963,#2964,
#2965,#2966,#2967,#2968,#2969,#2970),(#2971,#2972,#2973,#2974,#2975,#2976,
#2977,#2978,#2979,#2980,#2981,#2982,#2983,#2984,#2985,#2986,#2987,#2988,
#2989,#2990,#2991,#2992,#2993,#2994,#2995),(#2996,#2997,#2998,#2999,#3000,
#3001,#3002,#3003,#3004,#3005,#3006,#3007,#3008,#3009,#3010,#3011,#3012,
#3013,#3014,#3015,#3016,#3017,#3018,#3019,#3020),(#3021,#3022,#3023,#3024,
#3025,#3026,#3027,#3028,#3029,#3030,#3031,#3032,#3033,#3034,#3035,#3036,
#3037,#3038,#3039,#3040,#3041,#3042,#3043,#3044,#3045),(#3046,#3047,#3048,
#3049,#3050,#3051,#3052,#3053,#3054,#3055,#3056,#3057,#3058,#3059,#3060,
#3061,#3062,#3063,#3064,#3065,#3066,#3067,#3068,#3069,#3070),(#3071,#3072,
#3073,#3074,#3075,#3076,#3077,#3078,#3079,#3080,#3081,#3082,#3083,#3084,
#3085,#3086,#3087,#3088,#3089,#3090,#3091,#3092,#3093,#3094,#3095),(#3096,
#3097,#3098,#3099,#3100,#3101,#3102,#3103,#3104,#3105,#3106,#3107,#3108,
#3109,#3110,#3111,#3112,#3113,#3114,#3115,#3116,#3117,#3118,#3119,#3120),
(#3121,#3122,#3123,#3124,#3125,#3126,#3127,#3128,#3129,#3130,#3131,#3132,
#3133,#3134,#3135,#3136,#3137,#3138,#3139,#3140,#3141,#3142,#3143,#3144,
#3145),(#3146,#3147,#3148,#3149,#3150,#3151,#3152,#3153,#3154,#3155,#3156,
#3157,#3158,#3159,#3160,#3161,#3162,#3163,#3164,#3165,#3166,#3167,#3168,
#3169,#3170),(#3171,#3172,#3173,#3174,#3175,#3176,#3177,#3178,#3179,#3180,
#3181,#3182,#3183,#3184,#3185,#3186,#3187,#3188,#3189,#3190,#3191,#3192,
#3193,#3194,#3195),(#3196,#3197,#3198,#3199,#3200,#3201,#3202,#3203,#3204,
#3205,#3206,#3207,#3208,#3209,#3210,#3211,#3212,#3213,#3214,#3215,#3216,
#3217,#3218,#3219,#3220),(#3221,#3222,#3223,#3224,#3225,#3226,#3227,#3228,
#3229,#3230,#3231,#3232,#3233,#3234,#3235,#3236,#3237,#3238,#3239,#3240,
#3241,#3242,#3243,#3244,#3245)),.UNSPECIFIED.,.F.,.F.,.F.)
B_SPLINE_SURFACE_WITH_KNOTS((4,1,1,1,1,1,1,1,1,1,1,1,1,1,1,1,1,1,1,1,1,
1,4),(4,1,1,1,1,1,1,1,1,1,1,1,1,1,1,1,1,1,1,1,1,1,4),(0.,0.045455,0.090909,
0.136364,0.181818,0.227273,0.272727,0.318182,0.363636,0.409091,0.454545,
0.5,0.545455,0.590909,0.636364,0.681818,0.727273,0.772727,0.818182,0.863636,
0.909091,0.954545,1.),(0.,0.045455,0.090909,0.136364,0.181818,0.227273,
0.272727,0.318182,0.363636,0.409091,0.454545,0.5,0.545455,0.590909,0.636364,
0.681818,0.727273,0.772727,0.818182,0.863636,0.909091,0.954545,1.),
 .UNSPECIFIED.)
GEOMETRIC_REPRESENTATION_ITEM()
RATIONAL_B_SPLINE_SURFACE(((1.,1.,1.,1.,1.,1.,1.,1.,1.,1.,1.,1.,1.,1.,1.,
1.,1.,1.,1.,1.,1.,1.,1.,1.,1.),(1.,1.,1.,1.,1.,1.,1.,1.,1.,1.,1.,1.,1.,
1.,1.,1.,1.,1.,1.,1.,1.,1.,1.,1.,1.),(1.,1.,1.,1.,1.,1.,1.,1.,1.,1.,1.,
1.,1.,1.,1.,1.,1.,1.,1.,1.,1.,1.,1.,1.,1.),(1.,1.,1.,1.,1.,1.,1.,1.,1.,
1.,1.,1.,1.,1.,1.,1.,1.,1.,1.,1.,1.,1.,1.,1.,1.),(1.,1.,1.,1.,1.,1.,1.,
1.,1.,1.,1.,1.,1.,1.,1.,1.,1.,1.,1.,1.,1.,1.,1.,1.,1.),(1.,1.,1.,1.,1.,
1.,1.,1.,1.,1.,1.,1.,1.,1.,1.,1.,1.,1.,1.,1.,1.,1.,1.,1.,1.),(1.,1.,1.,
1.,1.,1.,1.,1.,1.,1.,1.,1.,1.,1.,1.,1.,1.,1.,1.,1.,1.,1.,1.,1.,1.),(1.,
1.,1.,1.,1.,1.,1.,1.,1.,1.,1.,1.,1.,1.,1.,1.,1.,1.,1.,1.,1.,1.,1.,1.,1.),
(1.,1.,1.,1.,1.,1.,1.,1.,1.,1.,1.,1.,1.,1.,1.,1.,1.,1.,1.,1.,1.,1.,1.,1.,
1.),(1.,1.,1.,1.,1.,1.,1.,1.,1.,1.,1.,1.,1.,1.,1.,1.,1.,1.,1.,1.,1.,1.,
1.,1.,1.),(1.,1.,1.,1.,1.,1.,1.,1.,1.,1.,1.,1.,1.,1.,1.,1.,1.,1.,1.,1.,
1.,1.,1.,1.,1.),(1.,1.,1.,1.,1.,1.,1.,1.,1.,1.,1.,1.,1.,1.,1.,1.,1.,1.,
1.,1.,1.,1.,1.,1.,1.),(1.,1.,1.,1.,1.,1.,1.,1.,1.,1.,1.,1.,1.,1.,1.,1.,
1.,1.,1.,1.,1.,1.,1.,1.,1.),(1.,1.,1.,1.,1.,1.,1.,1.,1.,1.,1.,1.,1.,1.,
1.,1.,1.,1.,1.,1.,1.,1.,1.,1.,1.),(1.,1.,1.,1.,1.,1.,1.,1.,1.,1.,1.,1.,
1.,1.,1.,1.,1.,1.,1.,1.,1.,1.,1.,1.,1.),(1.,1.,1.,1.,1.,1.,1.,1.,1.,1.,
1.,1.,1.,1.,1.,1.,1.,1.,1.,1.,1.,1.,1.,1.,1.),(1.,1.,1.,1.,1.,1.,1.,1.,
1.,1.,1.,1.,1.,1.,1.,1.,1.,1.,1.,1.,1.,1.,1.,1.,1.),(1.,1.,1.,1.,1.,1.,
1.,1.,1.,1.,1.,1.,1.,1.,1.,1.,1.,1.,1.,1.,1.,1.,1.,1.,1.),(1.,1.,1.,1.,
1.,1.,1.,1.,1.,1.,1.,1.,1.,1.,1.,1.,1.,1.,1.,1.,1.,1.,1.,1.,1.),(1.,1.,
1.,1.,1.,1.,1.,1.,1.,1.,1.,1.,1.,1.,1.,1.,1.,1.,1.,1.,1.,1.,1.,1.,1.),(1.,
1.,1.,1.,1.,1.,1.,1.,1.,1.,1.,1.,1.,1.,1.,1.,1.,1.,1.,1.,1.,1.,1.,1.,1.),
(1.,1.,1.,1.,1.,1.,1.,1.,1.,1.,1.,1.,1.,1.,1.,1.,1.,1.,1.,1.,1.,1.,1.,1.,
1.),(1.,1.,1.,1.,1.,1.,1.,1.,1.,1.,1.,1.,1.,1.,1.,1.,1.,1.,1.,1.,1.,1.,
1.,1.,1.),(1.,1.,1.,1.,1.,1.,1.,1.,1.,1.,1.,1.,1.,1.,1.,1.,1.,1.,1.,1.,
1.,1.,1.,1.,1.),(1.,1.,1.,1.,1.,1.,1.,1.,1.,1.,1.,1.,1.,1.,1.,1.,1.,1.,
1.,1.,1.,1.,1.,1.,1.)))
REPRESENTATION_ITEM('')
SURFACE()
);
#94=(
BOUNDED_SURFACE()
B_SPLINE_SURFACE(3,3,((#3246,#3247,#3248,#3249,#3250,#3251,#3252,#3253,
#3254,#3255,#3256,#3257,#3258,#3259,#3260,#3261,#3262,#3263,#3264,#3265,
#3266,#3267,#3268,#3269,#3270),(#3271,#3272,#3273,#3274,#3275,#3276,#3277,
#3278,#3279,#3280,#3281,#3282,#3283,#3284,#3285,#3286,#3287,#3288,#3289,
#3290,#3291,#3292,#3293,#3294,#3295),(#3296,#3297,#3298,#3299,#3300,#3301,
#3302,#3303,#3304,#3305,#3306,#3307,#3308,#3309,#3310,#3311,#3312,#3313,
#3314,#3315,#3316,#3317,#3318,#3319,#3320),(#3321,#3322,#3323,#3324,#3325,
#3326,#3327,#3328,#3329,#3330,#3331,#3332,#3333,#3334,#3335,#3336,#3337,
#3338,#3339,#3340,#3341,#3342,#3343,#3344,#3345),(#3346,#3347,#3348,#3349,
#3350,#3351,#3352,#3353,#3354,#3355,#3356,#3357,#3358,#3359,#3360,#3361,
#3362,#3363,#3364,#3365,#3366,#3367,#3368,#3369,#3370),(#3371,#3372,#3373,
#3374,#3375,#3376,#3377,#3378,#3379,#3380,#3381,#3382,#3383,#3384,#3385,
#3386,#3387,#3388,#3389,#3390,#3391,#3392,#3393,#3394,#3395),(#3396,#3397,
#3398,#3399,#3400,#3401,#3402,#3403,#3404,#3405,#3406,#3407,#3408,#3409,
#3410,#3411,#3412,#3413,#3414,#3415,#3416,#3417,#3418,#3419,#3420),(#3421,
#3422,#3423,#3424,#3425,#3426,#3427,#3428,#3429,#3430,#3431,#3432,#3433,
#3434,#3435,#3436,#3437,#3438,#3439,#3440,#3441,#3442,#3443,#3444,#3445),
(#3446,#3447,#3448,#3449,#3450,#3451,#3452,#3453,#3454,#3455,#3456,#3457,
#3458,#3459,#3460,#3461,#3462,#3463,#3464,#3465,#3466,#3467,#3468,#3469,
#3470),(#3471,#3472,#3473,#3474,#3475,#3476,#3477,#3478,#3479,#3480,#3481,
#3482,#3483,#3484,#3485,#3486,#3487,#3488,#3489,#3490,#3491,#3492,#3493,
#3494,#3495),(#3496,#3497,#3498,#3499,#3500,#3501,#3502,#3503,#3504,#3505,
#3506,#3507,#3508,#3509,#3510,#3511,#3512,#3513,#3514,#3515,#3516,#3517,
#3518,#3519,#3520),(#3521,#3522,#3523,#3524,#3525,#3526,#3527,#3528,#3529,
#3530,#3531,#3532,#3533,#3534,#3535,#3536,#3537,#3538,#3539,#3540,#3541,
#3542,#3543,#3544,#3545),(#3546,#3547,#3548,#3549,#3550,#3551,#3552,#3553,
#3554,#3555,#3556,#3557,#3558,#3559,#3560,#3561,#3562,#3563,#3564,#3565,
#3566,#3567,#3568,#3569,#3570),(#3571,#3572,#3573,#3574,#3575,#3576,#3577,
#3578,#3579,#3580,#3581,#3582,#3583,#3584,#3585,#3586,#3587,#3588,#3589,
#3590,#3591,#3592,#3593,#3594,#3595),(#3596,#3597,#3598,#3599,#3600,#3601,
#3602,#3603,#3604,#3605,#3606,#3607,#3608,#3609,#3610,#3611,#3612,#3613,
#3614,#3615,#3616,#3617,#3618,#3619,#3620),(#3621,#3622,#3623,#3624,#3625,
#3626,#3627,#3628,#3629,#3630,#3631,#3632,#3633,#3634,#3635,#3636,#3637,
#3638,#3639,#3640,#3641,#3642,#3643,#3644,#3645),(#3646,#3647,#3648,#3649,
#3650,#3651,#3652,#3653,#3654,#3655,#3656,#3657,#3658,#3659,#3660,#3661,
#3662,#3663,#3664,#3665,#3666,#3667,#3668,#3669,#3670),(#3671,#3672,#3673,
#3674,#3675,#3676,#3677,#3678,#3679,#3680,#3681,#3682,#3683,#3684,#3685,
#3686,#3687,#3688,#3689,#3690,#3691,#3692,#3693,#3694,#3695),(#3696,#3697,
#3698,#3699,#3700,#3701,#3702,#3703,#3704,#3705,#3706,#3707,#3708,#3709,
#3710,#3711,#3712,#3713,#3714,#3715,#3716,#3717,#3718,#3719,#3720),(#3721,
#3722,#3723,#3724,#3725,#3726,#3727,#3728,#3729,#3730,#3731,#3732,#3733,
#3734,#3735,#3736,#3737,#3738,#3739,#3740,#3741,#3742,#3743,#3744,#3745),
(#3746,#3747,#3748,#3749,#3750,#3751,#3752,#3753,#3754,#3755,#3756,#3757,
#3758,#3759,#3760,#3761,#3762,#3763,#3764,#3765,#3766,#3767,#3768,#3769,
#3770),(#3771,#3772,#3773,#3774,#3775,#3776,#3777,#3778,#3779,#3780,#3781,
#3782,#3783,#3784,#3785,#3786,#3787,#3788,#3789,#3790,#3791,#3792,#3793,
#3794,#3795),(#3796,#3797,#3798,#3799,#3800,#3801,#3802,#3803,#3804,#3805,
#3806,#3807,#3808,#3809,#3810,#3811,#3812,#3813,#3814,#3815,#3816,#3817,
#3818,#3819,#3820),(#3821,#3822,#3823,#3824,#3825,#3826,#3827,#3828,#3829,
#3830,#3831,#3832,#3833,#3834,#3835,#3836,#3837,#3838,#3839,#3840,#3841,
#3842,#3843,#3844,#3845),(#3846,#3847,#3848,#3849,#3850,#3851,#3852,#3853,
#3854,#3855,#3856,#3857,#3858,#3859,#3860,#3861,#3862,#3863,#3864,#3865,
#3866,#3867,#3868,#3869,#3870)),.UNSPECIFIED.,.F.,.F.,.F.)
B_SPLINE_SURFACE_WITH_KNOTS((4,1,1,1,1,1,1,1,1,1,1,1,1,1,1,1,1,1,1,1,1,
1,4),(4,1,1,1,1,1,1,1,1,1,1,1,1,1,1,1,1,1,1,1,1,1,4),(0.,0.045455,0.090909,
0.136364,0.181818,0.227273,0.272727,0.318182,0.363636,0.409091,0.454545,
0.5,0.545455,0.590909,0.636364,0.681818,0.727273,0.772727,0.818182,0.863636,
0.909091,0.954545,1.),(0.,0.045455,0.090909,0.136364,0.181818,0.227273,
0.272727,0.318182,0.363636,0.409091,0.454545,0.5,0.545455,0.590909,0.636364,
0.681818,0.727273,0.772727,0.818182,0.863636,0.909091,0.954545,1.),
 .UNSPECIFIED.)
GEOMETRIC_REPRESENTATION_ITEM()
RATIONAL_B_SPLINE_SURFACE(((1.,1.,1.,1.,1.,1.,1.,1.,1.,1.,1.,1.,1.,1.,1.,
1.,1.,1.,1.,1.,1.,1.,1.,1.,1.),(1.,1.,1.,1.,1.,1.,1.,1.,1.,1.,1.,1.,1.,
1.,1.,1.,1.,1.,1.,1.,1.,1.,1.,1.,1.),(1.,1.,1.,1.,1.,1.,1.,1.,1.,1.,1.,
1.,1.,1.,1.,1.,1.,1.,1.,1.,1.,1.,1.,1.,1.),(1.,1.,1.,1.,1.,1.,1.,1.,1.,
1.,1.,1.,1.,1.,1.,1.,1.,1.,1.,1.,1.,1.,1.,1.,1.),(1.,1.,1.,1.,1.,1.,1.,
1.,1.,1.,1.,1.,1.,1.,1.,1.,1.,1.,1.,1.,1.,1.,1.,1.,1.),(1.,1.,1.,1.,1.,
1.,1.,1.,1.,1.,1.,1.,1.,1.,1.,1.,1.,1.,1.,1.,1.,1.,1.,1.,1.),(1.,1.,1.,
1.,1.,1.,1.,1.,1.,1.,1.,1.,1.,1.,1.,1.,1.,1.,1.,1.,1.,1.,1.,1.,1.),(1.,
1.,1.,1.,1.,1.,1.,1.,1.,1.,1.,1.,1.,1.,1.,1.,1.,1.,1.,1.,1.,1.,1.,1.,1.),
(1.,1.,1.,1.,1.,1.,1.,1.,1.,1.,1.,1.,1.,1.,1.,1.,1.,1.,1.,1.,1.,1.,1.,1.,
1.),(1.,1.,1.,1.,1.,1.,1.,1.,1.,1.,1.,1.,1.,1.,1.,1.,1.,1.,1.,1.,1.,1.,
1.,1.,1.),(1.,1.,1.,1.,1.,1.,1.,1.,1.,1.,1.,1.,1.,1.,1.,1.,1.,1.,1.,1.,
1.,1.,1.,1.,1.),(1.,1.,1.,1.,1.,1.,1.,1.,1.,1.,1.,1.,1.,1.,1.,1.,1.,1.,
1.,1.,1.,1.,1.,1.,1.),(1.,1.,1.,1.,1.,1.,1.,1.,1.,1.,1.,1.,1.,1.,1.,1.,
1.,1.,1.,1.,1.,1.,1.,1.,1.),(1.,1.,1.,1.,1.,1.,1.,1.,1.,1.,1.,1.,1.,1.,
1.,1.,1.,1.,1.,1.,1.,1.,1.,1.,1.),(1.,1.,1.,1.,1.,1.,1.,1.,1.,1.,1.,1.,
1.,1.,1.,1.,1.,1.,1.,1.,1.,1.,1.,1.,1.),(1.,1.,1.,1.,1.,1.,1.,1.,1.,1.,
1.,1.,1.,1.,1.,1.,1.,1.,1.,1.,1.,1.,1.,1.,1.),(1.,1.,1.,1.,1.,1.,1.,1.,
1.,1.,1.,1.,1.,1.,1.,1.,1.,1.,1.,1.,1.,1.,1.,1.,1.),(1.,1.,1.,1.,1.,1.,
1.,1.,1.,1.,1.,1.,1.,1.,1.,1.,1.,1.,1.,1.,1.,1.,1.,1.,1.),(1.,1.,1.,1.,
1.,1.,1.,1.,1.,1.,1.,1.,1.,1.,1.,1.,1.,1.,1.,1.,1.,1.,1.,1.,1.),(1.,1.,
1.,1.,1.,1.,1.,1.,1.,1.,1.,1.,1.,1.,1.,1.,1.,1.,1.,1.,1.,1.,1.,1.,1.),(1.,
1.,1.,1.,1.,1.,1.,1.,1.,1.,1.,1.,1.,1.,1.,1.,1.,1.,1.,1.,1.,1.,1.,1.,1.),
(1.,1.,1.,1.,1.,1.,1.,1.,1.,1.,1.,1.,1.,1.,1.,1.,1.,1.,1.,1.,1.,1.,1.,1.,
1.),(1.,1.,1.,1.,1.,1.,1.,1.,1.,1.,1.,1.,1.,1.,1.,1.,1.,1.,1.,1.,1.,1.,
1.,1.,1.),(1.,1.,1.,1.,1.,1.,1.,1.,1.,1.,1.,1.,1.,1.,1.,1.,1.,1.,1.,1.,
1.,1.,1.,1.,1.),(1.,1.,1.,1.,1.,1.,1.,1.,1.,1.,1.,1.,1.,1.,1.,1.,1.,1.,
1.,1.,1.,1.,1.,1.,1.)))
REPRESENTATION_ITEM('')
SURFACE()
);
#95=SHAPE_DEFINITION_REPRESENTATION(#96,#113);
#96=PRODUCT_DEFINITION_SHAPE($,$,#98);
#97=PRODUCT_DEFINITION_CONTEXT('3D Mechanical Parts',#102,'design');
#98=PRODUCT_DEFINITION('A','First version',#99,#97);
#99=PRODUCT_DEFINITION_FORMATION_WITH_SPECIFIED_SOURCE('A',
'First version',#104,.MADE.);
#100=PRODUCT_RELATED_PRODUCT_CATEGORY('tool','tool',(#104));
#101=APPLICATION_PROTOCOL_DEFINITION('Draft International Standard',
'automotive_design',1999,#102);
#102=APPLICATION_CONTEXT(
'data for automotive mechanical design processes');
#103=PRODUCT_CONTEXT('3D Mechanical Parts',#102,'mechanical');
#104=PRODUCT('Document','Document','',(#103));
#105=(
LENGTH_UNIT()
NAMED_UNIT(*)
SI_UNIT(.MILLI.,.METRE.)
);
#106=(
NAMED_UNIT(*)
PLANE_ANGLE_UNIT()
SI_UNIT($,.RADIAN.)
);
#107=DIMENSIONAL_EXPONENTS(0.,0.,0.,0.,0.,0.,0.);
#108=PLANE_ANGLE_MEASURE_WITH_UNIT(PLANE_ANGLE_MEASURE(0.01745329252),#106);
#109=(
CONVERSION_BASED_UNIT('DEGREES',#108)
NAMED_UNIT(#107)
PLANE_ANGLE_UNIT()
);
#110=(
NAMED_UNIT(*)
SI_UNIT($,.STERADIAN.)
SOLID_ANGLE_UNIT()
);
#111=UNCERTAINTY_MEASURE_WITH_UNIT(LENGTH_MEASURE(0.001),#105,
'DISTANCE_ACCURACY_VALUE',
'Maximum model space distance between geometric entities at asserted c
onnectivities');
#112=(
GEOMETRIC_REPRESENTATION_CONTEXT(3)
GLOBAL_UNCERTAINTY_ASSIGNED_CONTEXT((#111))
GLOBAL_UNIT_ASSIGNED_CONTEXT((#110,#109,#105))
REPRESENTATION_CONTEXT('ID1','3D')
);
#113=SHAPE_REPRESENTATION('Document',(#114,#115),#112);
#114=AXIS2_PLACEMENT_3D($,#120,#116,#117);
#115=AXIS2_PLACEMENT_3D($,#4179,#118,#119);
#116=DIRECTION('',(0.,0.,1.));
#117=DIRECTION('',(1.,0.,0.));
#118=DIRECTION('',(0.,0.,1.));
#119=DIRECTION('',(1.,0.,0.));
#120=CARTESIAN_POINT('',(0.,0.,0.));
#121=CARTESIAN_POINT('',(-535.155,250.462,-232.779));
#122=CARTESIAN_POINT('',(-527.707,254.304,-231.135));
#123=CARTESIAN_POINT('',(-512.269,269.433,-223.376));
#124=CARTESIAN_POINT('',(-476.448,309.076,-205.031));
#125=CARTESIAN_POINT('',(-441.792,353.718,-185.831));
#126=CARTESIAN_POINT('',(-404.249,421.724,-163.148));
#127=CARTESIAN_POINT('',(-368.448,495.3,-140.994));
#128=CARTESIAN_POINT('',(-335.389,583.247,-116.245));
#129=CARTESIAN_POINT('',(-328.141,660.886,-97.975));
#130=CARTESIAN_POINT('',(-290.858,740.7,-84.495));
#131=CARTESIAN_POINT('',(-259.118,836.012,-57.074));
#132=CARTESIAN_POINT('',(-223.523,941.628,-33.96));
#133=CARTESIAN_POINT('',(-194.041,1040.661,-7.833));
#134=CARTESIAN_POINT('',(-156.508,1155.271,13.065));
#135=CARTESIAN_POINT('',(-113.423,1276.533,46.214));
#136=CARTESIAN_POINT('',(-76.88,1398.658,89.016));
#137=CARTESIAN_POINT('',(-33.929,1488.964,114.457));
#138=CARTESIAN_POINT('',(10.543,1617.046,144.706));
#139=CARTESIAN_POINT('',(69.109,1738.556,164.39));
#140=CARTESIAN_POINT('',(136.057,1861.937,193.194));
#141=CARTESIAN_POINT('',(182.049,1999.028,213.593));
#142=CARTESIAN_POINT('',(257.384,2120.204,248.283));
#143=CARTESIAN_POINT('',(386.627,2152.011,237.783));
#144=CARTESIAN_POINT('',(453.707,2113.298,248.743));
#145=CARTESIAN_POINT('',(454.997,2063.685,237.771));
#146=CARTESIAN_POINT('',(-540.372,247.683,-234.152));
#147=CARTESIAN_POINT('',(-545.545,262.965,-225.973));
#148=CARTESIAN_POINT('',(-526.375,266.411,-224.535));
#149=CARTESIAN_POINT('',(-489.943,307.58,-204.933));
#150=CARTESIAN_POINT('',(-455.183,350.353,-186.11));
#151=CARTESIAN_POINT('',(-416.135,415.816,-163.257));
#152=CARTESIAN_POINT('',(-382.661,490.484,-141.597));
#153=CARTESIAN_POINT('',(-346.123,576.179,-117.452));
#154=CARTESIAN_POINT('',(-337.531,658.639,-96.566));
#155=CARTESIAN_POINT('',(-307.336,732.224,-84.544));
#156=CARTESIAN_POINT('',(-270.18,830.18,-56.579));
#157=CARTESIAN_POINT('',(-237.499,934.272,-31.78));
#158=CARTESIAN_POINT('',(-207.546,1031.793,-8.067));
#159=CARTESIAN_POINT('',(-171.792,1145.765,19.852));
#160=CARTESIAN_POINT('',(-128.11,1265.938,46.73));
#161=CARTESIAN_POINT('',(-89.743,1387.583,94.679));
#162=CARTESIAN_POINT('',(-48.9,1475.258,124.468));
#163=CARTESIAN_POINT('',(1.654,1606.666,154.083));
#164=CARTESIAN_POINT('',(53.365,1730.923,179.053));
#165=CARTESIAN_POINT('',(126.871,1859.081,205.382));
#166=CARTESIAN_POINT('',(169.806,1986.931,251.67));
#167=CARTESIAN_POINT('',(237.486,2131.873,300.761));
#168=CARTESIAN_POINT('',(393.416,2153.315,301.913));
#169=CARTESIAN_POINT('',(456.37,2107.681,311.539));
#170=CARTESIAN_POINT('',(466.728,2066.805,283.961));
#171=CARTESIAN_POINT('',(-563.366,236.742,-239.151));
#172=CARTESIAN_POINT('',(-559.938,245.298,-234.768));
#173=CARTESIAN_POINT('',(-556.791,272.704,-220.481));
#174=CARTESIAN_POINT('',(-522.228,299.919,-206.457));
#175=CARTESIAN_POINT('',(-478.654,348.122,-185.541));
#176=CARTESIAN_POINT('',(-445.619,401.99,-164.939));
#177=CARTESIAN_POINT('',(-405.598,477.092,-142.479));
#178=CARTESIAN_POINT('',(-378.064,556.248,-120.154));
#179=CARTESIAN_POINT('',(-348.346,647.275,-97.669));
#180=CARTESIAN_POINT('',(-342.033,718.572,-79.958));
#181=CARTESIAN_POINT('',(-293.349,817.854,-57.588));
#182=CARTESIAN_POINT('',(-267.929,911.654,-25.32));
#183=CARTESIAN_POINT('',(-232.739,1014.925,-4.716));
#184=CARTESIAN_POINT('',(-206.571,1119.607,29.796));
#185=CARTESIAN_POINT('',(-160.436,1235.514,55.621));
#186=CARTESIAN_POINT('',(-115.356,1352.081,106.496));
#187=CARTESIAN_POINT('',(-66.885,1447.398,139.594));
#188=CARTESIAN_POINT('',(-13.658,1558.96,187.4));
#189=CARTESIAN_POINT('',(37.739,1693.352,201.496));
#190=CARTESIAN_POINT('',(100.501,1814.65,251.539));
#191=CARTESIAN_POINT('',(190.189,1922.13,264.456));
#192=CARTESIAN_POINT('',(275.034,2021.071,327.333));
#193=CARTESIAN_POINT('',(353.692,2038.72,329.219));
#194=CARTESIAN_POINT('',(438.818,1997.98,308.899));
#195=CARTESIAN_POINT('',(444.203,1960.576,277.916));
#196=CARTESIAN_POINT('',(-608.997,213.721,-250.336));
#197=CARTESIAN_POINT('',(-608.72,225.523,-244.181));
#198=CARTESIAN_POINT('',(-596.387,252.659,-229.424));
#199=CARTESIAN_POINT('',(-570.392,291.49,-208.498));
#200=CARTESIAN_POINT('',(-528.671,333.084,-186.399));
#201=CARTESIAN_POINT('',(-486.83,382.312,-165.749));
#202=CARTESIAN_POINT('',(-451.879,447.594,-143.861));
#203=CARTESIAN_POINT('',(-417.83,524.531,-121.783));
#204=CARTESIAN_POINT('',(-387.547,611.663,-99.53));
#205=CARTESIAN_POINT('',(-373.271,694.039,-76.545));
#206=CARTESIAN_POINT('',(-344.442,781.164,-50.682));
#207=CARTESIAN_POINT('',(-307.175,873.226,-21.629));
#208=CARTESIAN_POINT('',(-275.641,971.951,10.446));
#209=CARTESIAN_POINT('',(-244.786,1068.847,41.557));
#210=CARTESIAN_POINT('',(-202.727,1174.58,82.028));
#211=CARTESIAN_POINT('',(-151.411,1280.214,121.819));
#212=CARTESIAN_POINT('',(-84.208,1383.188,163.889));
#213=CARTESIAN_POINT('',(-15.223,1472.371,196.434));
#214=CARTESIAN_POINT('',(44.12,1586.629,229.41));
#215=CARTESIAN_POINT('',(106.523,1700.919,244.484));
#216=CARTESIAN_POINT('',(170.366,1788.854,281.851));
#217=CARTESIAN_POINT('',(256.638,1857.497,273.269));
#218=CARTESIAN_POINT('',(338.648,1879.273,293.026));
#219=CARTESIAN_POINT('',(360.624,1858.935,274.933));
#220=CARTESIAN_POINT('',(365.591,1837.589,277.313));
#221=CARTESIAN_POINT('',(-663.466,191.386,-260.815));
#222=CARTESIAN_POINT('',(-659.285,203.213,-255.04));
#223=CARTESIAN_POINT('',(-650.654,230.327,-241.264));
#224=CARTESIAN_POINT('',(-621.768,273.315,-214.761));
#225=CARTESIAN_POINT('',(-583.557,315.843,-191.357));
#226=CARTESIAN_POINT('',(-538.585,360.688,-166.203));
#227=CARTESIAN_POINT('',(-493.656,415.133,-144.029));
#228=CARTESIAN_POINT('',(-461.868,489.227,-120.92));
#229=CARTESIAN_POINT('',(-429.678,570.625,-100.211));
#230=CARTESIAN_POINT('',(-404.4,654.462,-73.912));
#231=CARTESIAN_POINT('',(-392.861,739.387,-45.536));
#232=CARTESIAN_POINT('',(-346.051,821.197,-10.299));
#233=CARTESIAN_POINT('',(-314.527,915.341,23.464));
#234=CARTESIAN_POINT('',(-269.622,1003.927,60.953));
#235=CARTESIAN_POINT('',(-229.343,1098.058,100.489));
#236=CARTESIAN_POINT('',(-165.037,1194.557,133.293));
#237=CARTESIAN_POINT('',(-109.917,1293.091,171.077));
#238=CARTESIAN_POINT('',(-27.054,1380.063,185.813));
#239=CARTESIAN_POINT('',(33.781,1467.64,223.868));
#240=CARTESIAN_POINT('',(102.515,1564.651,236.698));
#241=CARTESIAN_POINT('',(156.286,1646.844,248.106));
#242=CARTESIAN_POINT('',(217.297,1695.527,274.599));
#243=CARTESIAN_POINT('',(291.12,1707.962,264.681));
#244=CARTESIAN_POINT('',(325.439,1687.678,261.562));
#245=CARTESIAN_POINT('',(330.302,1668.012,251.891));
#246=CARTESIAN_POINT('',(-727.364,163.282,-274.729));
#247=CARTESIAN_POINT('',(-723.951,177.332,-267.56));
#248=CARTESIAN_POINT('',(-710.552,205.17,-254.225));
#249=CARTESIAN_POINT('',(-681.68,251.936,-227.314));
#250=CARTESIAN_POINT('',(-643.025,294.04,-197.808));
#251=CARTESIAN_POINT('',(-598.267,339.548,-166.856));
#252=CARTESIAN_POINT('',(-550.35,385.427,-144.229));
#253=CARTESIAN_POINT('',(-500.806,443.993,-119.761));
#254=CARTESIAN_POINT('',(-476.892,525.937,-97.077));
#255=CARTESIAN_POINT('',(-439.824,603.705,-71.995));
#256=CARTESIAN_POINT('',(-427.749,690.384,-36.653));
#257=CARTESIAN_POINT('',(-385.757,768.208,2.198));
#258=CARTESIAN_POINT('',(-341.517,847.287,39.271));
#259=CARTESIAN_POINT('',(-293.302,932.088,71.362));
#260=CARTESIAN_POINT('',(-240.156,1014.269,106.116));
#261=CARTESIAN_POINT('',(-186.913,1105.558,137.942));
#262=CARTESIAN_POINT('',(-113.301,1189.133,156.656));
#263=CARTESIAN_POINT('',(-61.673,1280.72,192.42));
#264=CARTESIAN_POINT('',(26.166,1354.763,190.625));
#265=CARTESIAN_POINT('',(78.557,1430.432,225.923));
#266=CARTESIAN_POINT('',(140.788,1495.426,233.628));
#267=CARTESIAN_POINT('',(186.308,1540.639,232.319));
#268=CARTESIAN_POINT('',(223.524,1556.244,240.703));
#269=CARTESIAN_POINT('',(254.945,1547.726,233.626));
#270=CARTESIAN_POINT('',(256.406,1537.791,234.179));
#271=CARTESIAN_POINT('',(-798.015,143.34,-288.713));
#272=CARTESIAN_POINT('',(-793.999,156.006,-281.831));
#273=CARTESIAN_POINT('',(-781.637,183.12,-266.001));
#274=CARTESIAN_POINT('',(-749.907,226.905,-240.954));
#275=CARTESIAN_POINT('',(-709.58,274.25,-212.194));
#276=CARTESIAN_POINT('',(-661.529,313.082,-177.677));
#277=CARTESIAN_POINT('',(-612.153,358.466,-140.931));
#278=CARTESIAN_POINT('',(-555.713,404.321,-118.429));
#279=CARTESIAN_POINT('',(-511.613,471.965,-94.603));
#280=CARTESIAN_POINT('',(-489.199,551.595,-65.627));
#281=CARTESIAN_POINT('',(-447.193,623.14,-32.14));
#282=CARTESIAN_POINT('',(-428.241,705.912,11.847));
#283=CARTESIAN_POINT('',(-355.685,772.075,43.895));
#284=CARTESIAN_POINT('',(-319.116,852.188,82.844));
#285=CARTESIAN_POINT('',(-245.208,926.259,100.007));
#286=CARTESIAN_POINT('',(-203.974,1011.298,134.233));
#287=CARTESIAN_POINT('',(-134.512,1092.633,149.371));
#288=CARTESIAN_POINT('',(-70.728,1167.597,160.714));
#289=CARTESIAN_POINT('',(-21.788,1241.238,194.964));
#290=CARTESIAN_POINT('',(57.891,1306.944,189.02));
#291=CARTESIAN_POINT('',(102.889,1355.994,205.736));
#292=CARTESIAN_POINT('',(147.07,1392.533,216.132));
#293=CARTESIAN_POINT('',(190.204,1403.218,212.34));
#294=CARTESIAN_POINT('',(203.626,1396.453,211.108));
#295=CARTESIAN_POINT('',(223.537,1370.972,202.067));
#296=CARTESIAN_POINT('',(-878.603,126.444,-305.408));
#297=CARTESIAN_POINT('',(-874.955,139.138,-297.991));
#298=CARTESIAN_POINT('',(-862.928,166.297,-281.139));
#299=CARTESIAN_POINT('',(-830.684,207.813,-252.494));
#300=CARTESIAN_POINT('',(-787.849,252.275,-221.963));
#301=CARTESIAN_POINT('',(-737.51,297.993,-191.895));
#302=CARTESIAN_POINT('',(-677.439,329.144,-153.416));
#303=CARTESIAN_POINT('',(-618.855,371.898,-117.01));
#304=CARTESIAN_POINT('',(-558.926,418.553,-92.686));
#305=CARTESIAN_POINT('',(-521.806,489.351,-64.232));
#306=CARTESIAN_POINT('',(-486.628,562.802,-28.828));
#307=CARTESIAN_POINT('',(-445.463,631.876,10.582));
#308=CARTESIAN_POINT('',(-396.204,700.879,47.867));
#309=CARTESIAN_POINT('',(-323.023,765.954,64.785));
#310=CARTESIAN_POINT('',(-281.89,844.241,105.028));
#311=CARTESIAN_POINT('',(-208.757,918.774,108.147));
#312=CARTESIAN_POINT('',(-166.532,994.605,147.063));
#313=CARTESIAN_POINT('',(-102.269,1066.204,149.77));
#314=CARTESIAN_POINT('',(-41.437,1127.704,154.239));
#315=CARTESIAN_POINT('',(-0.661,1189.052,183.453));
#316=CARTESIAN_POINT('',(63.874,1231.368,186.543));
#317=CARTESIAN_POINT('',(106.078,1263.255,188.474));
#318=CARTESIAN_POINT('',(134.963,1273.018,190.872));
#319=CARTESIAN_POINT('',(159.733,1268.925,188.268));
#320=CARTESIAN_POINT('',(158.81,1267.369,190.232));
#321=CARTESIAN_POINT('',(-968.162,113.2,-319.435));
#322=CARTESIAN_POINT('',(-965.414,127.833,-311.708));
#323=CARTESIAN_POINT('',(-951.659,151.254,-295.313));
#324=CARTESIAN_POINT('',(-916.524,193.355,-264.513));
#325=CARTESIAN_POINT('',(-871.526,235.595,-232.323));
#326=CARTESIAN_POINT('',(-818.719,278.973,-196.53));
#327=CARTESIAN_POINT('',(-759.746,323.454,-163.157));
#328=CARTESIAN_POINT('',(-688.772,341.374,-122.32));
#329=CARTESIAN_POINT('',(-621.866,381.285,-90.681));
#330=CARTESIAN_POINT('',(-561.772,429.042,-64.603));
#331=CARTESIAN_POINT('',(-519.077,496.469,-32.188));
#332=CARTESIAN_POINT('',(-472.262,560.622,0.975));
#333=CARTESIAN_POINT('',(-427.636,628.238,44.371));
#334=CARTESIAN_POINT('',(-359.083,690.248,61.883));
#335=CARTESIAN_POINT('',(-292.273,755.982,79.305));
#336=CARTESIAN_POINT('',(-245.857,826.741,111.634));
#337=CARTESIAN_POINT('',(-178.254,895.844,110.495));
#338=CARTESIAN_POINT('',(-135.823,959.843,144.29));
#339=CARTESIAN_POINT('',(-78.818,1023.305,151.167));
#340=CARTESIAN_POINT('',(-18.813,1072.969,146.634));
#341=CARTESIAN_POINT('',(11.811,1114.964,158.687));
#342=CARTESIAN_POINT('',(56.82,1143.823,168.331));
#343=CARTESIAN_POINT('',(88.19,1153.414,169.518));
#344=CARTESIAN_POINT('',(100.909,1148.03,168.937));
#345=CARTESIAN_POINT('',(107.621,1134.603,164.135));
#346=CARTESIAN_POINT('',(-1057.901,102.024,-328.394));
#347=CARTESIAN_POINT('',(-1054.416,115.288,-321.478));
#348=CARTESIAN_POINT('',(-1043.329,145.881,-304.689));
#349=CARTESIAN_POINT('',(-1007.819,183.266,-272.111));
#350=CARTESIAN_POINT('',(-961.014,224.666,-237.653));
#351=CARTESIAN_POINT('',(-905.245,262.984,-202.055));
#352=CARTESIAN_POINT('',(-842.939,305.374,-165.768));
#353=CARTESIAN_POINT('',(-775.623,345.939,-129.832));
#354=CARTESIAN_POINT('',(-696.616,348.537,-88.962));
#355=CARTESIAN_POINT('',(-622.861,383.026,-62.481));
#356=CARTESIAN_POINT('',(-562.509,433.078,-33.459));
#357=CARTESIAN_POINT('',(-508.054,490.377,-2.06));
#358=CARTESIAN_POINT('',(-450.384,547.031,25.594));
#359=CARTESIAN_POINT('',(-395.891,611.89,61.696));
#360=CARTESIAN_POINT('',(-323.775,673.363,65.836));
#361=CARTESIAN_POINT('',(-260.856,735.077,86.364));
#362=CARTESIAN_POINT('',(-214.222,800.461,111.282));
#363=CARTESIAN_POINT('',(-150.668,860.073,109.644));
#364=CARTESIAN_POINT('',(-112.076,915.826,131.501));
#365=CARTESIAN_POINT('',(-65.071,964.479,147.418));
#366=CARTESIAN_POINT('',(-10.899,1000.128,147.11));
#367=CARTESIAN_POINT('',(20.028,1023.71,145.846));
#368=CARTESIAN_POINT('',(56.091,1034.801,146.915));
#369=CARTESIAN_POINT('',(74.044,1030.445,145.566));
#370=CARTESIAN_POINT('',(78.685,1024.119,146.365));
#371=CARTESIAN_POINT('',(-1147.758,91.877,-330.997));
#372=CARTESIAN_POINT('',(-1145.887,107.135,-325.819));
#373=CARTESIAN_POINT('',(-1135.676,136.052,-308.819));
#374=CARTESIAN_POINT('',(-1103.481,178.022,-278.552));
#375=CARTESIAN_POINT('',(-1055.982,213.681,-239.139));
#376=CARTESIAN_POINT('',(-998.907,253.217,-202.833));
#377=CARTESIAN_POINT('',(-933.328,286.373,-162.62));
#378=CARTESIAN_POINT('',(-862.603,321.853,-127.11));
#379=CARTESIAN_POINT('',(-787.498,361.376,-90.468));
#380=CARTESIAN_POINT('',(-699.785,351.757,-54.235));
#381=CARTESIAN_POINT('',(-618.258,378.929,-34.854));
#382=CARTESIAN_POINT('',(-555.314,427.273,-3.299));
#383=CARTESIAN_POINT('',(-488.773,477.219,19.109));
#384=CARTESIAN_POINT('',(-426.993,530.753,44.706));
#385=CARTESIAN_POINT('',(-363.487,588.993,66.444));
#386=CARTESIAN_POINT('',(-295.528,647.776,66.082));
#387=CARTESIAN_POINT('',(-232.092,706.038,84.514));
#388=CARTESIAN_POINT('',(-189.302,761.262,106.02));
#389=CARTESIAN_POINT('',(-129.833,811.272,107.396));
#390=CARTESIAN_POINT('',(-92.319,857.075,114.396));
#391=CARTESIAN_POINT('',(-55.566,894.5,128.057));
#392=CARTESIAN_POINT('',(-14.408,917.954,135.612));
#393=CARTESIAN_POINT('',(14.193,928.147,137.563));
#394=CARTESIAN_POINT('',(31.767,923.608,136.467));
#395=CARTESIAN_POINT('',(36.112,913.078,133.008));
#396=CARTESIAN_POINT('',(-1240.995,86.128,-334.223));
#397=CARTESIAN_POINT('',(-1240.181,101.022,-327.105));
#398=CARTESIAN_POINT('',(-1233.358,131.115,-314.532));
#399=CARTESIAN_POINT('',(-1202.873,171.527,-281.295));
#400=CARTESIAN_POINT('',(-1156.316,212.28,-245.835));
#401=CARTESIAN_POINT('',(-1096.85,238.629,-199.434));
#402=CARTESIAN_POINT('',(-1030.05,277.921,-163.896));
#403=CARTESIAN_POINT('',(-954.279,303.311,-119.194));
#404=CARTESIAN_POINT('',(-873.246,326.261,-82.501));
#405=CARTESIAN_POINT('',(-790.852,360.691,-46.544));
#406=CARTESIAN_POINT('',(-698.255,350.118,-19.674));
#407=CARTESIAN_POINT('',(-610.642,369.71,-6.799));
#408=CARTESIAN_POINT('',(-538.238,412.888,19.011));
#409=CARTESIAN_POINT('',(-466.517,457.296,33.535));
#410=CARTESIAN_POINT('',(-401.589,509.828,55.408));
#411=CARTESIAN_POINT('',(-334.186,560.47,66.065));
#412=CARTESIAN_POINT('',(-272.381,613.68,65.595));
#413=CARTESIAN_POINT('',(-209.933,666.16,76.088));
#414=CARTESIAN_POINT('',(-166.584,715.28,95.557));
#415=CARTESIAN_POINT('',(-115.59,755.323,103.579));
#416=CARTESIAN_POINT('',(-76.027,790.762,105.273));
#417=CARTESIAN_POINT('',(-43.516,816.264,108.143));
#418=CARTESIAN_POINT('',(-15.127,828.23,109.923));
#419=CARTESIAN_POINT('',(1.752,831.41,110.229));
#420=CARTESIAN_POINT('',(7.902,823.339,109.004));
#421=CARTESIAN_POINT('',(-1336.261,76.415,-329.053));
#422=CARTESIAN_POINT('',(-1337.336,92.792,-324.166));
#423=CARTESIAN_POINT('',(-1332.435,123.555,-302.964));
#424=CARTESIAN_POINT('',(-1303.664,166.085,-273.86));
#425=CARTESIAN_POINT('',(-1258.801,203.069,-235.627));
#426=CARTESIAN_POINT('',(-1200.862,248.172,-197.77));
#427=CARTESIAN_POINT('',(-1128.63,259.577,-149.673));
#428=CARTESIAN_POINT('',(-1052.007,298.729,-113.276));
#429=CARTESIAN_POINT('',(-965.978,314.734,-70.513));
#430=CARTESIAN_POINT('',(-875.829,325.065,-36.132));
#431=CARTESIAN_POINT('',(-785.645,345.834,-4.608));
#432=CARTESIAN_POINT('',(-689.791,339.963,13.058));
#433=CARTESIAN_POINT('',(-598.797,355.325,19.484));
#434=CARTESIAN_POINT('',(-518.607,392.539,34.153));
#435=CARTESIAN_POINT('',(-444.696,435.823,45.453));
#436=CARTESIAN_POINT('',(-377.418,482.96,59.66));
#437=CARTESIAN_POINT('',(-309.727,525.556,65.421));
#438=CARTESIAN_POINT('',(-250.09,575.424,65.229));
#439=CARTESIAN_POINT('',(-190.342,620.088,67.969));
#440=CARTESIAN_POINT('',(-146.018,663.659,79.553));
#441=CARTESIAN_POINT('',(-102.058,696.779,90.692));
#442=CARTESIAN_POINT('',(-65.167,720.264,96.245));
#443=CARTESIAN_POINT('',(-35.979,731.565,98.233));
#444=CARTESIAN_POINT('',(-19.762,733.914,98.35));
#445=CARTESIAN_POINT('',(-13.426,726.763,96.605));
#446=CARTESIAN_POINT('',(-1433.076,73.71,-308.403));
#447=CARTESIAN_POINT('',(-1435.302,91.13,-301.488));
#448=CARTESIAN_POINT('',(-1434.016,121.457,-286.595));
#449=CARTESIAN_POINT('',(-1408.328,163.284,-262.629));
#450=CARTESIAN_POINT('',(-1361.381,199.127,-223.419));
#451=CARTESIAN_POINT('',(-1300.859,225.013,-176.818));
#452=CARTESIAN_POINT('',(-1231.007,270.058,-139.284));
#453=CARTESIAN_POINT('',(-1145.478,269.398,-91.526));
#454=CARTESIAN_POINT('',(-1061.03,302.747,-56.035));
#455=CARTESIAN_POINT('',(-966.96,310.201,-19.086));
#456=CARTESIAN_POINT('',(-869.484,316.354,10.252));
#457=CARTESIAN_POINT('',(-772.449,325.241,34.14));
#458=CARTESIAN_POINT('',(-674.547,321.869,42.022));
#459=CARTESIAN_POINT('',(-579.824,335.991,41.007));
#460=CARTESIAN_POINT('',(-496.677,370.765,46.471));
#461=CARTESIAN_POINT('',(-423.762,409.821,54.492));
#462=CARTESIAN_POINT('',(-356.204,451.17,62.717));
#463=CARTESIAN_POINT('',(-287.009,490.724,65.101));
#464=CARTESIAN_POINT('',(-228.339,534.475,65.384));
#465=CARTESIAN_POINT('',(-171.188,571.859,64.418));
#466=CARTESIAN_POINT('',(-126.303,606.673,66.948));
#467=CARTESIAN_POINT('',(-87.284,630.481,71.425));
#468=CARTESIAN_POINT('',(-54.587,641.354,73.591));
#469=CARTESIAN_POINT('',(-36.783,636.897,72.183));
#470=CARTESIAN_POINT('',(-28.998,631.035,70.661));
#471=CARTESIAN_POINT('',(-1527.245,59.469,-266.316));
#472=CARTESIAN_POINT('',(-1532.3,72.217,-261.091));
#473=CARTESIAN_POINT('',(-1535.195,103.873,-249.782));
#474=CARTESIAN_POINT('',(-1510.603,146.279,-223.534));
#475=CARTESIAN_POINT('',(-1467.407,190.939,-200.881));
#476=CARTESIAN_POINT('',(-1405.334,222.75,-159.881));
#477=CARTESIAN_POINT('',(-1329.302,240.253,-112.977));
#478=CARTESIAN_POINT('',(-1245.19,276.118,-75.867));
#479=CARTESIAN_POINT('',(-1151.226,274.084,-32.001));
#480=CARTESIAN_POINT('',(-1055.536,291.644,0.544));
#481=CARTESIAN_POINT('',(-954.493,289.079,26.524));
#482=CARTESIAN_POINT('',(-853.939,298.287,53.119));
#483=CARTESIAN_POINT('',(-752.109,300.588,68.083));
#484=CARTESIAN_POINT('',(-653.052,299.051,64.886));
#485=CARTESIAN_POINT('',(-558.326,313.154,58.75));
#486=CARTESIAN_POINT('',(-474.628,346.271,58.302));
#487=CARTESIAN_POINT('',(-399.582,383.171,61.203));
#488=CARTESIAN_POINT('',(-330.454,420.946,64.956));
#489=CARTESIAN_POINT('',(-265.078,455.708,64.865));
#490=CARTESIAN_POINT('',(-206.266,490.057,65.068));
#491=CARTESIAN_POINT('',(-152.56,520.287,64.347));
#492=CARTESIAN_POINT('',(-107.548,546.013,64.219));
#493=CARTESIAN_POINT('',(-71.896,558.342,64.517));
#494=CARTESIAN_POINT('',(-50.839,557.028,64.121));
#495=CARTESIAN_POINT('',(-42.632,550.862,63.806));
#496=CARTESIAN_POINT('',(-1633.481,59.255,-252.47));
#497=CARTESIAN_POINT('',(-1642.33,78.645,-247.545));
#498=CARTESIAN_POINT('',(-1643.077,109.12,-229.61));
#499=CARTESIAN_POINT('',(-1624.772,146.711,-206.15));
#500=CARTESIAN_POINT('',(-1573.308,171.46,-168.232));
#501=CARTESIAN_POINT('',(-1508.084,215.948,-135.196));
#502=CARTESIAN_POINT('',(-1429.49,231.924,-86.752));
#503=CARTESIAN_POINT('',(-1338.914,244.735,-45.806));
#504=CARTESIAN_POINT('',(-1243.274,266.296,-10.93));
#505=CARTESIAN_POINT('',(-1140.514,267.899,26.197));
#506=CARTESIAN_POINT('',(-1037.098,272.59,51.968));
#507=CARTESIAN_POINT('',(-929.688,262.17,65.957));
#508=CARTESIAN_POINT('',(-827.074,271.748,88.091));
#509=CARTESIAN_POINT('',(-723.598,271.323,95.357));
#510=CARTESIAN_POINT('',(-622.372,273.521,83.367));
#511=CARTESIAN_POINT('',(-531.573,290.726,72.801));
#512=CARTESIAN_POINT('',(-448.594,321.752,69.151));
#513=CARTESIAN_POINT('',(-372.265,355.277,66.613));
#514=CARTESIAN_POINT('',(-305.793,389.037,65.805));
#515=CARTESIAN_POINT('',(-241.937,418.458,64.99));
#516=CARTESIAN_POINT('',(-182.175,447.94,63.955));
#517=CARTESIAN_POINT('',(-126.78,473.041,62.688));
#518=CARTESIAN_POINT('',(-90.195,486.837,61.105));
#519=CARTESIAN_POINT('',(-69.326,480.901,59.654));
#520=CARTESIAN_POINT('',(-58.577,474.549,57.27));
#521=CARTESIAN_POINT('',(-1738.287,52.203,-248.679));
#522=CARTESIAN_POINT('',(-1747.735,69.45,-242.341));
#523=CARTESIAN_POINT('',(-1762.269,96.672,-228.511));
#524=CARTESIAN_POINT('',(-1731.526,146.28,-192.074));
#525=CARTESIAN_POINT('',(-1682.846,178.741,-151.074));
#526=CARTESIAN_POINT('',(-1608.609,194.175,-111.478));
#527=CARTESIAN_POINT('',(-1527.616,236.848,-62.087));
#528=CARTESIAN_POINT('',(-1431.312,235.196,-17.706));
#529=CARTESIAN_POINT('',(-1329.534,244.856,23.598));
#530=CARTESIAN_POINT('',(-1221.509,245.593,49.463));
#531=CARTESIAN_POINT('',(-1112.653,248.034,79.124));
#532=CARTESIAN_POINT('',(-1004.054,244.287,95.998));
#533=CARTESIAN_POINT('',(-895.741,233.169,100.397));
#534=CARTESIAN_POINT('',(-790.915,241.181,114.687));
#535=CARTESIAN_POINT('',(-683.461,240.557,114.141));
#536=CARTESIAN_POINT('',(-585.993,246.447,97.177));
#537=CARTESIAN_POINT('',(-496.622,269.226,83.963));
#538=CARTESIAN_POINT('',(-418.71,297.907,77.884));
#539=CARTESIAN_POINT('',(-342.022,327.16,71.799));
#540=CARTESIAN_POINT('',(-275.83,359.165,67.313));
#541=CARTESIAN_POINT('',(-212.532,385.351,65.379));
#542=CARTESIAN_POINT('',(-150.235,407.094,62.404));
#543=CARTESIAN_POINT('',(-101.252,416.06,57.392));
#544=CARTESIAN_POINT('',(-78.317,413.674,53.334));
#545=CARTESIAN_POINT('',(-65.344,408.163,50.721));
#546=CARTESIAN_POINT('',(-1846.354,45.206,-239.179));
#547=CARTESIAN_POINT('',(-1858.805,71.219,-227.554));
#548=CARTESIAN_POINT('',(-1859.82,94.969,-213.212));
#549=CARTESIAN_POINT('',(-1835.857,134.095,-172.203));
#550=CARTESIAN_POINT('',(-1780.658,175.361,-127.984));
#551=CARTESIAN_POINT('',(-1702.61,189.326,-81.531));
#552=CARTESIAN_POINT('',(-1617.028,212.451,-31.357));
#553=CARTESIAN_POINT('',(-1520.123,240.701,18.671));
#554=CARTESIAN_POINT('',(-1409.082,231.472,53.758));
#555=CARTESIAN_POINT('',(-1297.603,231.064,85.42));
#556=CARTESIAN_POINT('',(-1181.97,221.481,101.973));
#557=CARTESIAN_POINT('',(-1070.733,219.942,123.117));
#558=CARTESIAN_POINT('',(-958.675,210.7,127.972));
#559=CARTESIAN_POINT('',(-850.382,203.845,128.811));
#560=CARTESIAN_POINT('',(-743.429,209.283,135.549));
#561=CARTESIAN_POINT('',(-639.136,211.52,125.375));
#562=CARTESIAN_POINT('',(-543.155,222.119,107.805));
#563=CARTESIAN_POINT('',(-457.584,246.972,94.581));
#564=CARTESIAN_POINT('',(-381.437,275.85,85.125));
#565=CARTESIAN_POINT('',(-306.524,303.03,76.573));
#566=CARTESIAN_POINT('',(-239.288,329.987,70.062));
#567=CARTESIAN_POINT('',(-176.17,353.108,65.523));
#568=CARTESIAN_POINT('',(-118.594,362.032,59.817));
#569=CARTESIAN_POINT('',(-86.206,359.769,55.395));
#570=CARTESIAN_POINT('',(-69.759,355.674,52.625));
#571=CARTESIAN_POINT('',(-1950.328,35.069,-240.362));
#572=CARTESIAN_POINT('',(-1966.41,49.129,-233.983));
#573=CARTESIAN_POINT('',(-1980.164,95.076,-204.746));
#574=CARTESIAN_POINT('',(-1939.34,131.367,-158.82));
#575=CARTESIAN_POINT('',(-1877.268,164.575,-107.73));
#576=CARTESIAN_POINT('',(-1792.686,195.722,-63.59));
#577=CARTESIAN_POINT('',(-1696.704,192.248,1.34));
#578=CARTESIAN_POINT('',(-1594.365,224.325,48.998));
#579=CARTESIAN_POINT('',(-1481.815,227.09,98.241));
#580=CARTESIAN_POINT('',(-1362.293,214.283,118.469));
#581=CARTESIAN_POINT('',(-1244.682,199.499,138.03));
#582=CARTESIAN_POINT('',(-1126.725,191.653,148.597));
#583=CARTESIAN_POINT('',(-1011.166,184.224,155.194));
#584=CARTESIAN_POINT('',(-900.728,174.18,149.526));
#585=CARTESIAN_POINT('',(-791.436,171.446,151.8));
#586=CARTESIAN_POINT('',(-684.88,176.328,149.873));
#587=CARTESIAN_POINT('',(-586.494,188.496,130.842));
#588=CARTESIAN_POINT('',(-493.558,200.849,116.005));
#589=CARTESIAN_POINT('',(-411.543,228.848,102.61));
#590=CARTESIAN_POINT('',(-336.117,257.356,90.85));
#591=CARTESIAN_POINT('',(-264.887,282.29,81.531));
#592=CARTESIAN_POINT('',(-198.301,303.835,72.928));
#593=CARTESIAN_POINT('',(-136.984,318.786,65.457));
#594=CARTESIAN_POINT('',(-98.097,319.986,60.632));
#595=CARTESIAN_POINT('',(-78.565,316.154,59.176));
#596=CARTESIAN_POINT('',(-2064.433,3.626,-215.85));
#597=CARTESIAN_POINT('',(-2085.335,33.663,-207.832));
#598=CARTESIAN_POINT('',(-2095.561,82.739,-183.31));
#599=CARTESIAN_POINT('',(-2045.576,135.774,-122.868));
#600=CARTESIAN_POINT('',(-1966.878,149.57,-67.527));
#601=CARTESIAN_POINT('',(-1872.196,189.707,-17.069));
#602=CARTESIAN_POINT('',(-1771.833,190.572,41.376));
#603=CARTESIAN_POINT('',(-1654.674,194.146,91.935));
#604=CARTESIAN_POINT('',(-1539.347,211.362,138.578));
#605=CARTESIAN_POINT('',(-1413.82,194.692,165.141));
#606=CARTESIAN_POINT('',(-1292.277,176.407,165.486));
#607=CARTESIAN_POINT('',(-1170.504,162.307,176.719));
#608=CARTESIAN_POINT('',(-1051.11,155.693,181.445));
#609=CARTESIAN_POINT('',(-937.387,148.569,171.556));
#610=CARTESIAN_POINT('',(-825.729,140.134,164.415));
#611=CARTESIAN_POINT('',(-718.872,141.564,166.659));
#612=CARTESIAN_POINT('',(-616.858,153.02,154.069));
#613=CARTESIAN_POINT('',(-523.122,167.48,134.986));
#614=CARTESIAN_POINT('',(-436.093,186.543,121.47));
#615=CARTESIAN_POINT('',(-356.708,213.352,108.174));
#616=CARTESIAN_POINT('',(-285.349,240.894,95.693));
#617=CARTESIAN_POINT('',(-217.299,262.126,85.12));
#618=CARTESIAN_POINT('',(-151.15,276.753,75.505));
#619=CARTESIAN_POINT('',(-109.974,279.31,69.814));
#620=CARTESIAN_POINT('',(-89.071,277.73,68.222));
#621=CARTESIAN_POINT('',(-2184.777,-13.719,-184.706));
#622=CARTESIAN_POINT('',(-2216.077,15.673,-183.244));
#623=CARTESIAN_POINT('',(-2221.253,66.393,-145.397));
#624=CARTESIAN_POINT('',(-2152.94,132.989,-88.128));
#625=CARTESIAN_POINT('',(-2046.303,152.297,-35.949));
#626=CARTESIAN_POINT('',(-1934.567,162.648,30.614));
#627=CARTESIAN_POINT('',(-1822.113,179.151,77.208));
#628=CARTESIAN_POINT('',(-1703.003,165.619,137.598));
#629=CARTESIAN_POINT('',(-1575.72,177.742,178.115));
#630=CARTESIAN_POINT('',(-1448.779,167.835,203.938));
#631=CARTESIAN_POINT('',(-1321.285,144.4,201.3));
#632=CARTESIAN_POINT('',(-1197.174,130.726,201.002));
#633=CARTESIAN_POINT('',(-1075.707,122.756,204.351));
#634=CARTESIAN_POINT('',(-957.849,116.387,192.676));
#635=CARTESIAN_POINT('',(-846.71,109.101,177.67));
#636=CARTESIAN_POINT('',(-738.149,107.382,178.398));
#637=CARTESIAN_POINT('',(-636.137,120.719,170.982));
#638=CARTESIAN_POINT('',(-541.788,134.708,152.957));
#639=CARTESIAN_POINT('',(-452.825,151.781,137.547));
#640=CARTESIAN_POINT('',(-370.937,176.323,123.932));
#641=CARTESIAN_POINT('',(-295.828,201.493,111.472));
#642=CARTESIAN_POINT('',(-226.466,224.617,97.661));
#643=CARTESIAN_POINT('',(-160.127,240.73,86.491));
#644=CARTESIAN_POINT('',(-117.833,246.38,80.611));
#645=CARTESIAN_POINT('',(-96.158,245.831,78.625));
#646=CARTESIAN_POINT('',(-2292.941,-36.928,-133.863));
#647=CARTESIAN_POINT('',(-2336.618,-3.182,-128.37));
#648=CARTESIAN_POINT('',(-2346.113,90.984,-110.593));
#649=CARTESIAN_POINT('',(-2238.138,116.201,-26.455));
#650=CARTESIAN_POINT('',(-2106.282,148.538,18.837));
#651=CARTESIAN_POINT('',(-1974.461,148.093,67.909));
#652=CARTESIAN_POINT('',(-1856.449,147.365,133.669));
#653=CARTESIAN_POINT('',(-1721.327,129.249,173.258));
#654=CARTESIAN_POINT('',(-1592.369,131.485,214.626));
#655=CARTESIAN_POINT('',(-1461.063,124.845,239.546));
#656=CARTESIAN_POINT('',(-1331.08,108.386,221.961));
#657=CARTESIAN_POINT('',(-1205.243,92.567,221.344));
#658=CARTESIAN_POINT('',(-1081.549,89.498,221.862));
#659=CARTESIAN_POINT('',(-963.855,83.794,207.059));
#660=CARTESIAN_POINT('',(-851.246,79.318,186.532));
#661=CARTESIAN_POINT('',(-742.179,75.494,186.191));
#662=CARTESIAN_POINT('',(-640.614,89.538,181.529));
#663=CARTESIAN_POINT('',(-548.378,104.708,167.372));
#664=CARTESIAN_POINT('',(-457.568,121.999,149.893));
#665=CARTESIAN_POINT('',(-373.256,142.221,137.205));
#666=CARTESIAN_POINT('',(-298.679,170.067,123.459));
#667=CARTESIAN_POINT('',(-227.615,189.53,110.953));
#668=CARTESIAN_POINT('',(-160.341,209.346,97.141));
#669=CARTESIAN_POINT('',(-116.339,214.836,91.163));
#670=CARTESIAN_POINT('',(-95.158,214.142,89.53));
#671=CARTESIAN_POINT('',(-2368.577,-59.793,-61.898));
#672=CARTESIAN_POINT('',(-2450.377,-41.041,-59.165));
#673=CARTESIAN_POINT('',(-2469.381,103.103,4.922));
#674=CARTESIAN_POINT('',(-2271.751,93.84,47.705));
#675=CARTESIAN_POINT('',(-2127.271,112.594,81.569));
#676=CARTESIAN_POINT('',(-1984.527,106.573,130.132));
#677=CARTESIAN_POINT('',(-1849.423,97.91,170.8));
#678=CARTESIAN_POINT('',(-1717.482,79.023,207.273));
#679=CARTESIAN_POINT('',(-1583.207,84.832,236.354));
#680=CARTESIAN_POINT('',(-1454.564,69.973,258.481));
#681=CARTESIAN_POINT('',(-1323.95,63.564,235.736));
#682=CARTESIAN_POINT('',(-1192.999,53.082,233.275));
#683=CARTESIAN_POINT('',(-1069.699,54.03,234.625));
#684=CARTESIAN_POINT('',(-950.943,47.638,213.473));
#685=CARTESIAN_POINT('',(-840.523,43.933,191.405));
#686=CARTESIAN_POINT('',(-724.248,42.26,192.426));
#687=CARTESIAN_POINT('',(-629.011,63.448,186.813));
#688=CARTESIAN_POINT('',(-539.044,74.895,177.331));
#689=CARTESIAN_POINT('',(-447.376,93.772,158.348));
#690=CARTESIAN_POINT('',(-362.666,115.094,145.493));
#691=CARTESIAN_POINT('',(-287.596,139.443,132.69));
#692=CARTESIAN_POINT('',(-220.209,160.039,120.877));
#693=CARTESIAN_POINT('',(-155.482,177.078,108.27));
#694=CARTESIAN_POINT('',(-118.083,186.907,101.979));
#695=CARTESIAN_POINT('',(-99.879,187.318,100.23));
#696=CARTESIAN_POINT('',(-2353.227,-82.962,2.217));
#697=CARTESIAN_POINT('',(-2398.872,-58.853,39.723));
#698=CARTESIAN_POINT('',(-2344.246,-0.528,71.017));
#699=CARTESIAN_POINT('',(-2233.039,43.299,93.16));
#700=CARTESIAN_POINT('',(-2098.221,53.639,122.817));
#701=CARTESIAN_POINT('',(-1958.352,60.15,150.854));
#702=CARTESIAN_POINT('',(-1828.964,51.006,188.516));
#703=CARTESIAN_POINT('',(-1696.972,43.41,217.953));
#704=CARTESIAN_POINT('',(-1564.477,42.818,251.466));
#705=CARTESIAN_POINT('',(-1435.54,42.231,263.765));
#706=CARTESIAN_POINT('',(-1307.038,33.776,234.792));
#707=CARTESIAN_POINT('',(-1177.948,24.602,240.175));
#708=CARTESIAN_POINT('',(-1051.642,26.587,237.286));
#709=CARTESIAN_POINT('',(-936.174,28.486,209.911));
#710=CARTESIAN_POINT('',(-819.317,19.804,192.11));
#711=CARTESIAN_POINT('',(-707.78,24.19,193.229));
#712=CARTESIAN_POINT('',(-612.986,42.512,190.071));
#713=CARTESIAN_POINT('',(-523.299,60.187,180.225));
#714=CARTESIAN_POINT('',(-430.263,74.999,161.959));
#715=CARTESIAN_POINT('',(-346.476,99.062,146.955));
#716=CARTESIAN_POINT('',(-272.636,124.306,136.292));
#717=CARTESIAN_POINT('',(-205.069,139.883,125.586));
#718=CARTESIAN_POINT('',(-143.657,160.263,113.93));
#719=CARTESIAN_POINT('',(-113.288,166.223,109.036));
#720=CARTESIAN_POINT('',(-95.082,172.696,105.251));
#721=CARTESIAN_POINT('',(-2313.546,-76.82,16.139));
#722=CARTESIAN_POINT('',(-2325.637,-65.147,36.357));
#723=CARTESIAN_POINT('',(-2305.38,-18.052,70.042));
#724=CARTESIAN_POINT('',(-2199.188,14.037,97.41));
#725=CARTESIAN_POINT('',(-2073.959,28.203,126.836));
#726=CARTESIAN_POINT('',(-1938.577,37.507,161.31));
#727=CARTESIAN_POINT('',(-1812.979,26.05,194.521));
#728=CARTESIAN_POINT('',(-1682.176,25.57,223.252));
#729=CARTESIAN_POINT('',(-1551.688,25.743,257.302));
#730=CARTESIAN_POINT('',(-1422.119,21.551,261.806));
#731=CARTESIAN_POINT('',(-1295.502,20.716,234.758));
#732=CARTESIAN_POINT('',(-1165.676,11.973,240.857));
#733=CARTESIAN_POINT('',(-1041.759,14.195,235.837));
#734=CARTESIAN_POINT('',(-924.445,16.192,207.596));
#735=CARTESIAN_POINT('',(-807.369,8.194,192.141));
#736=CARTESIAN_POINT('',(-698.115,14.662,193.989));
#737=CARTESIAN_POINT('',(-603.247,34.444,190.866));
#738=CARTESIAN_POINT('',(-511.547,51.696,180.704));
#739=CARTESIAN_POINT('',(-420.148,66.503,161.865));
#740=CARTESIAN_POINT('',(-336.899,91.669,147.954));
#741=CARTESIAN_POINT('',(-262.615,115.237,137.446));
#742=CARTESIAN_POINT('',(-194.837,133.2,126.798));
#743=CARTESIAN_POINT('',(-135.827,151.363,116.324));
#744=CARTESIAN_POINT('',(-103.843,160.287,110.746));
#745=CARTESIAN_POINT('',(-96.628,165.03,108.304));
#746=CARTESIAN_POINT('',(185.097,-110.355,-244.594));
#747=CARTESIAN_POINT('',(182.645,-118.279,-241.693));
#748=CARTESIAN_POINT('',(186.24,-131.68,-235.403));
#749=CARTESIAN_POINT('',(162.17,-159.066,-226.061));
#750=CARTESIAN_POINT('',(152.289,-192.754,-211.935));
#751=CARTESIAN_POINT('',(124.387,-227.028,-201.245));
#752=CARTESIAN_POINT('',(101.439,-277.489,-183.764));
#753=CARTESIAN_POINT('',(86.172,-324.605,-170.505));
#754=CARTESIAN_POINT('',(28.445,-379.083,-159.811));
#755=CARTESIAN_POINT('',(39.615,-472.243,-136.413));
#756=CARTESIAN_POINT('',(49.957,-552.811,-116.897));
#757=CARTESIAN_POINT('',(39.809,-630.912,-107.257));
#758=CARTESIAN_POINT('',(18.265,-740.054,-86.593));
#759=CARTESIAN_POINT('',(36.641,-845.451,-66.527));
#760=CARTESIAN_POINT('',(53.54,-952.073,-45.423));
#761=CARTESIAN_POINT('',(101.062,-1082.644,-18.248));
#762=CARTESIAN_POINT('',(175.246,-1212.75,12.416));
#763=CARTESIAN_POINT('',(158.89,-1340.495,32.811));
#764=CARTESIAN_POINT('',(192.084,-1492.89,66.172));
#765=CARTESIAN_POINT('',(206.735,-1625.913,94.513));
#766=CARTESIAN_POINT('',(263.947,-1769.091,123.659));
#767=CARTESIAN_POINT('',(289.621,-1917.444,151.849));
#768=CARTESIAN_POINT('',(350.208,-2062.642,188.311));
#769=CARTESIAN_POINT('',(404.989,-2098.27,222.946));
#770=CARTESIAN_POINT('',(435.174,-2084.531,256.058));
#771=CARTESIAN_POINT('',(192.928,-106.69,-245.773));
#772=CARTESIAN_POINT('',(194.848,-112.822,-243.017));
#773=CARTESIAN_POINT('',(205.323,-129.765,-234.438));
#774=CARTESIAN_POINT('',(176.275,-152.666,-227.014));
#775=CARTESIAN_POINT('',(164.94,-189.755,-211.589));
#776=CARTESIAN_POINT('',(145.813,-221.735,-200.365));
#777=CARTESIAN_POINT('',(108.5,-267.818,-186.817));
#778=CARTESIAN_POINT('',(118.105,-326.959,-165.318));
#779=CARTESIAN_POINT('',(43.116,-357.936,-165.076));
#780=CARTESIAN_POINT('',(35.345,-460.992,-138.198));
#781=CARTESIAN_POINT('',(88.989,-547.615,-114.529));
#782=CARTESIAN_POINT('',(45.112,-615.665,-109.19));
#783=CARTESIAN_POINT('',(32.654,-718.56,-90.405));
#784=CARTESIAN_POINT('',(35.784,-824.573,-69.58));
#785=CARTESIAN_POINT('',(62.13,-924.264,-50.659));
#786=CARTESIAN_POINT('',(96.353,-1065.641,-21.441));
#787=CARTESIAN_POINT('',(202.495,-1198.058,13.469));
#788=CARTESIAN_POINT('',(171.416,-1305.761,26.435));
#789=CARTESIAN_POINT('',(196.083,-1479.818,61.236));
#790=CARTESIAN_POINT('',(230.526,-1587.447,90.09));
#791=CARTESIAN_POINT('',(274.616,-1746.485,120.2));
#792=CARTESIAN_POINT('',(325.969,-1875.97,150.349));
#793=CARTESIAN_POINT('',(356.976,-2027.124,158.674));
#794=CARTESIAN_POINT('',(470.707,-2043.565,218.916));
#795=CARTESIAN_POINT('',(455.611,-2041.082,252.79));
#796=CARTESIAN_POINT('',(216.212,-94.698,-248.437));
#797=CARTESIAN_POINT('',(221.663,-102.344,-245.194));
#798=CARTESIAN_POINT('',(224.861,-112.569,-240.936));
#799=CARTESIAN_POINT('',(220.768,-149.49,-223.515));
#800=CARTESIAN_POINT('',(190.291,-167.23,-218.209));
#801=CARTESIAN_POINT('',(180.742,-220.545,-195.254));
#802=CARTESIAN_POINT('',(145.432,-238.621,-193.497));
#803=CARTESIAN_POINT('',(130.941,-307.863,-168.316));
#804=CARTESIAN_POINT('',(115.401,-344.682,-160.803));
#805=CARTESIAN_POINT('',(38.336,-401.465,-152.96));
#806=CARTESIAN_POINT('',(85.765,-512.656,-120.607));
#807=CARTESIAN_POINT('',(85.349,-577.763,-109.873));
#808=CARTESIAN_POINT('',(73.408,-666.995,-98.713));
#809=CARTESIAN_POINT('',(52.494,-761.499,-78.737));
#810=CARTESIAN_POINT('',(82.149,-883.095,-58.266));
#811=CARTESIAN_POINT('',(79.99,-980.704,-37.412));
#812=CARTESIAN_POINT('',(173.953,-1129.706,-4.946));
#813=CARTESIAN_POINT('',(237.501,-1243.113,27.733));
#814=CARTESIAN_POINT('',(221.781,-1359.137,42.773));
#815=CARTESIAN_POINT('',(254.268,-1504.338,68.698));
#816=CARTESIAN_POINT('',(280.518,-1628.66,95.219));
#817=CARTESIAN_POINT('',(348.173,-1771.914,128.376));
#818=CARTESIAN_POINT('',(413.367,-1891.772,188.365));
#819=CARTESIAN_POINT('',(438.089,-1939.86,187.954));
#820=CARTESIAN_POINT('',(453.248,-1924.723,241.061));
#821=CARTESIAN_POINT('',(264.253,-81.227,-251.173));
#822=CARTESIAN_POINT('',(267.781,-87.565,-248.494));
#823=CARTESIAN_POINT('',(273.733,-98.767,-243.343));
#824=CARTESIAN_POINT('',(258.688,-122.137,-233.361));
#825=CARTESIAN_POINT('',(250.818,-153.032,-218.146));
#826=CARTESIAN_POINT('',(227.621,-177.905,-207.77));
#827=CARTESIAN_POINT('',(212.927,-218.317,-190.818));
#828=CARTESIAN_POINT('',(179.647,-247.549,-184.086));
#829=CARTESIAN_POINT('',(155.294,-309.802,-164.537));
#830=CARTESIAN_POINT('',(130.242,-349.077,-156.333));
#831=CARTESIAN_POINT('',(85.626,-431.084,-139.064));
#832=CARTESIAN_POINT('',(95.747,-508.614,-120.055));
#833=CARTESIAN_POINT('',(97.716,-585.146,-107.962));
#834=CARTESIAN_POINT('',(94.177,-657.919,-96.658));
#835=CARTESIAN_POINT('',(106.63,-767.228,-72.936));
#836=CARTESIAN_POINT('',(129.488,-887.344,-52.664));
#837=CARTESIAN_POINT('',(163.417,-973.689,-28.462));
#838=CARTESIAN_POINT('',(220.167,-1075.302,-5.024));
#839=CARTESIAN_POINT('',(247.748,-1198.057,21.197));
#840=CARTESIAN_POINT('',(277.039,-1308.927,48.066));
#841=CARTESIAN_POINT('',(324.616,-1438.717,79.651));
#842=CARTESIAN_POINT('',(350.151,-1572.386,108.202));
#843=CARTESIAN_POINT('',(409.045,-1679.294,124.022));
#844=CARTESIAN_POINT('',(425.916,-1716.065,208.771));
#845=CARTESIAN_POINT('',(399.109,-1735.81,215.88));
#846=CARTESIAN_POINT('',(327.319,-66.198,-254.043));
#847=CARTESIAN_POINT('',(329.204,-72.063,-251.685));
#848=CARTESIAN_POINT('',(329.545,-84.932,-247.34));
#849=CARTESIAN_POINT('',(329.783,-102.429,-238.579));
#850=CARTESIAN_POINT('',(314.261,-122.668,-229.367));
#851=CARTESIAN_POINT('',(302.793,-145.411,-217.158));
#852=CARTESIAN_POINT('',(276.586,-171.933,-204.985));
#853=CARTESIAN_POINT('',(250.728,-210.571,-187.773));
#854=CARTESIAN_POINT('',(213.983,-245.51,-178.749));
#855=CARTESIAN_POINT('',(179.84,-301.946,-162.808));
#856=CARTESIAN_POINT('',(151.49,-353.148,-151.225));
#857=CARTESIAN_POINT('',(123.676,-425.939,-134.172));
#858=CARTESIAN_POINT('',(115.408,-495.696,-119.113));
#859=CARTESIAN_POINT('',(112.884,-570.38,-109.516));
#860=CARTESIAN_POINT('',(119.018,-644.85,-94.428));
#861=CARTESIAN_POINT('',(138.605,-747.729,-73.198));
#862=CARTESIAN_POINT('',(188.429,-849.885,-48.085));
#863=CARTESIAN_POINT('',(219.824,-929.35,-18.232));
#864=CARTESIAN_POINT('',(243.646,-1019.34,0.795));
#865=CARTESIAN_POINT('',(274.995,-1132.068,21.538));
#866=CARTESIAN_POINT('',(297.284,-1232.211,48.929));
#867=CARTESIAN_POINT('',(367.359,-1337.278,101.39));
#868=CARTESIAN_POINT('',(372.745,-1466.884,201.944));
#869=CARTESIAN_POINT('',(353.972,-1522.615,184.369));
#870=CARTESIAN_POINT('',(362.301,-1538.184,197.917));
#871=CARTESIAN_POINT('',(391.995,-54.32,-258.048));
#872=CARTESIAN_POINT('',(393.858,-59.903,-256.981));
#873=CARTESIAN_POINT('',(401.239,-70.146,-252.443));
#874=CARTESIAN_POINT('',(393.361,-89.599,-244.952));
#875=CARTESIAN_POINT('',(391.068,-108.104,-235.373));
#876=CARTESIAN_POINT('',(371.529,-128.165,-225.001));
#877=CARTESIAN_POINT('',(355.187,-147.717,-213.762));
#878=CARTESIAN_POINT('',(326.857,-169.439,-202.184));
#879=CARTESIAN_POINT('',(286.929,-210.109,-183.397));
#880=CARTESIAN_POINT('',(254.977,-240.733,-173.269));
#881=CARTESIAN_POINT('',(207.687,-303.101,-156.853));
#882=CARTESIAN_POINT('',(173.956,-350.114,-147.278));
#883=CARTESIAN_POINT('',(151.454,-408.525,-133.449));
#884=CARTESIAN_POINT('',(140.424,-468.473,-118.657));
#885=CARTESIAN_POINT('',(134.351,-539.353,-111.165));
#886=CARTESIAN_POINT('',(142.849,-627.051,-93.66));
#887=CARTESIAN_POINT('',(160.564,-710.272,-77.509));
#888=CARTESIAN_POINT('',(201.275,-797.724,-55.382));
#889=CARTESIAN_POINT('',(231.374,-874.816,-21.434));
#890=CARTESIAN_POINT('',(260.214,-956.927,11.814));
#891=CARTESIAN_POINT('',(294.029,-1051.716,40.001));
#892=CARTESIAN_POINT('',(298.72,-1158.493,49.197));
#893=CARTESIAN_POINT('',(351.571,-1236.573,84.658));
#894=CARTESIAN_POINT('',(324.275,-1319.058,174.844));
#895=CARTESIAN_POINT('',(300.198,-1339.181,181.128));
#896=CARTESIAN_POINT('',(460.86,-36.323,-261.352));
#897=CARTESIAN_POINT('',(464.948,-40.951,-259.408));
#898=CARTESIAN_POINT('',(467.961,-51.43,-256.65));
#899=CARTESIAN_POINT('',(474.243,-67.109,-249.682));
#900=CARTESIAN_POINT('',(460.67,-86.716,-242.302));
#901=CARTESIAN_POINT('',(454.598,-106.192,-233.064));
#902=CARTESIAN_POINT('',(430.218,-130.054,-221.472));
#903=CARTESIAN_POINT('',(409.404,-151.058,-209.406));
#904=CARTESIAN_POINT('',(376.864,-171.011,-197.904));
#905=CARTESIAN_POINT('',(329.238,-206.592,-180.336));
#906=CARTESIAN_POINT('',(297.894,-231.521,-169.48));
#907=CARTESIAN_POINT('',(259.155,-279.231,-154.734));
#908=CARTESIAN_POINT('',(216.857,-331.428,-143.741));
#909=CARTESIAN_POINT('',(189.474,-375.264,-134.523));
#910=CARTESIAN_POINT('',(169.859,-431.87,-118.775));
#911=CARTESIAN_POINT('',(161.189,-493.154,-110.224));
#912=CARTESIAN_POINT('',(167.606,-578.741,-93.588));
#913=CARTESIAN_POINT('',(183.621,-647.19,-81.097));
#914=CARTESIAN_POINT('',(221.025,-729.245,-61.935));
#915=CARTESIAN_POINT('',(242.119,-806.736,-34.585));
#916=CARTESIAN_POINT('',(260.83,-888.478,10.601));
#917=CARTESIAN_POINT('',(288.796,-958.315,71.285));
#918=CARTESIAN_POINT('',(282.026,-1068.622,110.172));
#919=CARTESIAN_POINT('',(297.684,-1123.576,102.984));
#920=CARTESIAN_POINT('',(296.494,-1142.483,117.407));
#921=CARTESIAN_POINT('',(532.831,-25.375,-254.748));
#922=CARTESIAN_POINT('',(539.762,-29.864,-253.485));
#923=CARTESIAN_POINT('',(541.254,-39.94,-250.614));
#924=CARTESIAN_POINT('',(549.131,-53.776,-245.828));
#925=CARTESIAN_POINT('',(545.484,-69.33,-241.179));
#926=CARTESIAN_POINT('',(538.837,-84.549,-235.574));
#927=CARTESIAN_POINT('',(526.863,-101.322,-228.789));
#928=CARTESIAN_POINT('',(497.521,-125.003,-218.9));
#929=CARTESIAN_POINT('',(467.338,-149.677,-206.696));
#930=CARTESIAN_POINT('',(437.905,-170.333,-194.742));
#931=CARTESIAN_POINT('',(390.357,-201.842,-178.178));
#932=CARTESIAN_POINT('',(348.01,-225.823,-165.694));
#933=CARTESIAN_POINT('',(311.744,-258.732,-151.858));
#934=CARTESIAN_POINT('',(269.112,-305.098,-138.402));
#935=CARTESIAN_POINT('',(234.698,-348.485,-132.214));
#936=CARTESIAN_POINT('',(207.356,-389.481,-120.648));
#937=CARTESIAN_POINT('',(189.659,-444.548,-110.65));
#938=CARTESIAN_POINT('',(187.092,-510.633,-94.065));
#939=CARTESIAN_POINT('',(192.355,-573.989,-82.661));
#940=CARTESIAN_POINT('',(229.368,-648.708,-60.744));
#941=CARTESIAN_POINT('',(259.409,-727.98,-35.754));
#942=CARTESIAN_POINT('',(269.679,-815.155,-11.417));
#943=CARTESIAN_POINT('',(275.63,-879.434,40.833));
#944=CARTESIAN_POINT('',(253.563,-931.996,92.688));
#945=CARTESIAN_POINT('',(237.67,-959.56,107.044));
#946=CARTESIAN_POINT('',(609.647,-17.21,-242.797));
#947=CARTESIAN_POINT('',(616.331,-20.498,-240.902));
#948=CARTESIAN_POINT('',(625.859,-29.308,-240.805));
#949=CARTESIAN_POINT('',(629.303,-40.843,-237.235));
#950=CARTESIAN_POINT('',(631.609,-54.867,-235.069));
#951=CARTESIAN_POINT('',(627.663,-68.634,-230.448));
#952=CARTESIAN_POINT('',(618.622,-83.726,-226.666));
#953=CARTESIAN_POINT('',(599.198,-99.215,-220.188));
#954=CARTESIAN_POINT('',(572.572,-117.862,-211.97));
#955=CARTESIAN_POINT('',(533.522,-141.202,-201.488));
#956=CARTESIAN_POINT('',(500.701,-162.703,-191.132));
#957=CARTESIAN_POINT('',(457.421,-191.193,-177.14));
#958=CARTESIAN_POINT('',(410.134,-219.119,-162.757));
#959=CARTESIAN_POINT('',(368.548,-245.127,-147.862));
#960=CARTESIAN_POINT('',(326.593,-278.017,-131.898));
#961=CARTESIAN_POINT('',(288.271,-323.117,-119.431));
#962=CARTESIAN_POINT('',(255.732,-360.198,-112.601));
#963=CARTESIAN_POINT('',(228.35,-400.704,-106.914));
#964=CARTESIAN_POINT('',(213.277,-448.982,-94.449));
#965=CARTESIAN_POINT('',(202.837,-503.366,-83.806));
#966=CARTESIAN_POINT('',(220.031,-558.7,-58.324));
#967=CARTESIAN_POINT('',(250.987,-626.024,-15.606));
#968=CARTESIAN_POINT('',(264.288,-715.615,11.007));
#969=CARTESIAN_POINT('',(270.731,-775.119,29.857));
#970=CARTESIAN_POINT('',(268.712,-776.62,34.823));
#971=CARTESIAN_POINT('',(688.062,-2.936,-237.787));
#972=CARTESIAN_POINT('',(696.21,-6.509,-238.485));
#973=CARTESIAN_POINT('',(697.822,-13.617,-237.237));
#974=CARTESIAN_POINT('',(708.294,-27.237,-235.9));
#975=CARTESIAN_POINT('',(708.96,-40.221,-233.631));
#976=CARTESIAN_POINT('',(708.847,-53.01,-231.009));
#977=CARTESIAN_POINT('',(708.067,-65.003,-225.999));
#978=CARTESIAN_POINT('',(695.887,-80.284,-221.378));
#979=CARTESIAN_POINT('',(671.582,-98.299,-215.698));
#980=CARTESIAN_POINT('',(648.955,-114.697,-206.124));
#981=CARTESIAN_POINT('',(611.024,-135.009,-194.688));
#982=CARTESIAN_POINT('',(575.548,-154.5,-182.685));
#983=CARTESIAN_POINT('',(535.672,-176.714,-170.368));
#984=CARTESIAN_POINT('',(488.324,-204.369,-158.356));
#985=CARTESIAN_POINT('',(442.745,-231.625,-145.644));
#986=CARTESIAN_POINT('',(392.846,-254.128,-130.909));
#987=CARTESIAN_POINT('',(348.092,-289.37,-111.857));
#988=CARTESIAN_POINT('',(306.186,-319.461,-102.887));
#989=CARTESIAN_POINT('',(273.086,-360.712,-98.288));
#990=CARTESIAN_POINT('',(245.317,-395.159,-92.938));
#991=CARTESIAN_POINT('',(227.312,-443.872,-87.428));
#992=CARTESIAN_POINT('',(219.173,-483.19,-80.969));
#993=CARTESIAN_POINT('',(228.371,-534.47,-33.135));
#994=CARTESIAN_POINT('',(215.055,-575.052,17.485));
#995=CARTESIAN_POINT('',(206.281,-602.905,32.693));
#996=CARTESIAN_POINT('',(768.27,1.272,-232.157));
#997=CARTESIAN_POINT('',(774.115,-2.641,-230.546));
#998=CARTESIAN_POINT('',(783.308,-11.115,-230.756));
#999=CARTESIAN_POINT('',(790.126,-20.4,-228.766));
#1000=CARTESIAN_POINT('',(798.866,-29.575,-225.145));
#1001=CARTESIAN_POINT('',(801.509,-39.753,-221.429));
#1002=CARTESIAN_POINT('',(795.559,-50.47,-218.695));
#1003=CARTESIAN_POINT('',(790.255,-60.984,-213.456));
#1004=CARTESIAN_POINT('',(776.121,-71.583,-207.822));
#1005=CARTESIAN_POINT('',(749.768,-87.533,-205.252));
#1006=CARTESIAN_POINT('',(729.38,-104.574,-199.188));
#1007=CARTESIAN_POINT('',(692.852,-124.948,-190.172));
#1008=CARTESIAN_POINT('',(655.787,-146.037,-176.588));
#1009=CARTESIAN_POINT('',(618.326,-163.488,-161.399));
#1010=CARTESIAN_POINT('',(573.417,-186.187,-145.382));
#1011=CARTESIAN_POINT('',(529.735,-213.953,-132.569));
#1012=CARTESIAN_POINT('',(478.66,-240.528,-118.817));
#1013=CARTESIAN_POINT('',(426.35,-265.032,-106.501));
#1014=CARTESIAN_POINT('',(376.26,-287.579,-88.312));
#1015=CARTESIAN_POINT('',(335.214,-312.036,-78.128));
#1016=CARTESIAN_POINT('',(294.113,-345.28,-71.366));
#1017=CARTESIAN_POINT('',(261.157,-384.738,-67.588));
#1018=CARTESIAN_POINT('',(240.153,-421.214,-84.446));
#1019=CARTESIAN_POINT('',(248.539,-452.92,-82.212));
#1020=CARTESIAN_POINT('',(245.764,-456.027,-69.045));
#1021=CARTESIAN_POINT('',(845.522,9.225,-227.65));
#1022=CARTESIAN_POINT('',(854.24,5.795,-229.178));
#1023=CARTESIAN_POINT('',(858.556,1.059,-227.073));
#1024=CARTESIAN_POINT('',(873.055,-10.471,-229.022));
#1025=CARTESIAN_POINT('',(877.665,-21.221,-226.391));
#1026=CARTESIAN_POINT('',(885.37,-31.715,-226.035));
#1027=CARTESIAN_POINT('',(886.346,-42.249,-219.286));
#1028=CARTESIAN_POINT('',(887.718,-52.885,-216.76));
#1029=CARTESIAN_POINT('',(881.459,-63.474,-205.942));
#1030=CARTESIAN_POINT('',(871.506,-72.105,-195.587));
#1031=CARTESIAN_POINT('',(837.191,-83.348,-186.128));
#1032=CARTESIAN_POINT('',(815.606,-94.535,-177.534));
#1033=CARTESIAN_POINT('',(777.84,-108.963,-171.599));
#1034=CARTESIAN_POINT('',(739.466,-130.221,-164.529));
#1035=CARTESIAN_POINT('',(698.557,-149.222,-153.554));
#1036=CARTESIAN_POINT('',(655.537,-166.572,-139.075));
#1037=CARTESIAN_POINT('',(612.513,-187.126,-122.965));
#1038=CARTESIAN_POINT('',(565.24,-209.415,-105.794));
#1039=CARTESIAN_POINT('',(510.416,-240.237,-92.492));
#1040=CARTESIAN_POINT('',(456.476,-261.885,-79.029));
#1041=CARTESIAN_POINT('',(414.372,-277.571,-67.144));
#1042=CARTESIAN_POINT('',(373.439,-291.761,-59.098));
#1043=CARTESIAN_POINT('',(328.127,-315.787,-30.367));
#1044=CARTESIAN_POINT('',(293.645,-326.988,-23.685));
#1045=CARTESIAN_POINT('',(274.959,-348.851,-22.202));
#1046=CARTESIAN_POINT('',(919.41,16.631,-226.088));
#1047=CARTESIAN_POINT('',(925.157,13.327,-226.399));
#1048=CARTESIAN_POINT('',(932.372,3.614,-229.263));
#1049=CARTESIAN_POINT('',(943.536,-4.656,-227.77));
#1050=CARTESIAN_POINT('',(958.839,-14.02,-228.77));
#1051=CARTESIAN_POINT('',(971.7,-23.152,-226.376));
#1052=CARTESIAN_POINT('',(982.699,-32.37,-225.427));
#1053=CARTESIAN_POINT('',(985.616,-42.031,-220.744));
#1054=CARTESIAN_POINT('',(983.958,-53.917,-216.644));
#1055=CARTESIAN_POINT('',(977.197,-63.658,-211.878));
#1056=CARTESIAN_POINT('',(966.506,-72.286,-201.181));
#1057=CARTESIAN_POINT('',(924.646,-82.063,-188.729));
#1058=CARTESIAN_POINT('',(898.821,-89.497,-169.563));
#1059=CARTESIAN_POINT('',(865.382,-95.805,-154.801));
#1060=CARTESIAN_POINT('',(825.968,-108.802,-144.247));
#1061=CARTESIAN_POINT('',(785.19,-126.29,-134.252));
#1062=CARTESIAN_POINT('',(742.637,-143.763,-126.626));
#1063=CARTESIAN_POINT('',(700.071,-163.309,-115.232));
#1064=CARTESIAN_POINT('',(658.563,-174.933,-97.153));
#1065=CARTESIAN_POINT('',(605.958,-197.786,-72.72));
#1066=CARTESIAN_POINT('',(544.988,-220.599,-53.53));
#1067=CARTESIAN_POINT('',(489.296,-243.634,-41.971));
#1068=CARTESIAN_POINT('',(451.353,-253.801,-51.04));
#1069=CARTESIAN_POINT('',(422.842,-271.884,-42.691));
#1070=CARTESIAN_POINT('',(418.611,-260.082,-35.378));
#1071=CARTESIAN_POINT('',(996.231,21.985,-224.985));
#1072=CARTESIAN_POINT('',(1004.845,19.188,-226.138));
#1073=CARTESIAN_POINT('',(1010.66,15.308,-227.296));
#1074=CARTESIAN_POINT('',(1034.537,4.099,-228.839));
#1075=CARTESIAN_POINT('',(1048.732,-6.437,-229.478));
#1076=CARTESIAN_POINT('',(1064.722,-20.366,-230.221));
#1077=CARTESIAN_POINT('',(1075.02,-36.14,-226.713));
#1078=CARTESIAN_POINT('',(1087.031,-51.128,-221.804));
#1079=CARTESIAN_POINT('',(1100.,-64.229,-215.012));
#1080=CARTESIAN_POINT('',(1100.356,-75.593,-203.289));
#1081=CARTESIAN_POINT('',(1084.555,-81.997,-198.721));
#1082=CARTESIAN_POINT('',(1070.861,-85.167,-187.759));
#1083=CARTESIAN_POINT('',(1027.83,-87.234,-184.778));
#1084=CARTESIAN_POINT('',(982.397,-94.72,-172.875));
#1085=CARTESIAN_POINT('',(946.751,-95.435,-155.956));
#1086=CARTESIAN_POINT('',(910.655,-98.644,-140.922));
#1087=CARTESIAN_POINT('',(872.735,-104.867,-122.27));
#1088=CARTESIAN_POINT('',(826.808,-115.317,-109.245));
#1089=CARTESIAN_POINT('',(782.369,-136.097,-100.698));
#1090=CARTESIAN_POINT('',(743.542,-148.441,-94.));
#1091=CARTESIAN_POINT('',(705.523,-160.718,-74.909));
#1092=CARTESIAN_POINT('',(653.212,-168.611,-43.033));
#1093=CARTESIAN_POINT('',(590.403,-180.042,1.251));
#1094=CARTESIAN_POINT('',(549.115,-176.296,10.861));
#1095=CARTESIAN_POINT('',(532.056,-185.184,8.61));
#1096=CARTESIAN_POINT('',(1058.112,26.832,-223.385));
#1097=CARTESIAN_POINT('',(1074.482,22.758,-225.709));
#1098=CARTESIAN_POINT('',(1090.548,13.366,-228.04));
#1099=CARTESIAN_POINT('',(1114.636,-1.94,-230.037));
#1100=CARTESIAN_POINT('',(1135.099,-20.96,-230.175));
#1101=CARTESIAN_POINT('',(1154.572,-39.666,-226.097));
#1102=CARTESIAN_POINT('',(1177.34,-53.677,-221.415));
#1103=CARTESIAN_POINT('',(1196.509,-67.972,-217.697));
#1104=CARTESIAN_POINT('',(1209.181,-87.549,-211.629));
#1105=CARTESIAN_POINT('',(1222.411,-104.235,-208.576));
#1106=CARTESIAN_POINT('',(1245.007,-129.836,-190.46));
#1107=CARTESIAN_POINT('',(1203.312,-134.598,-181.333));
#1108=CARTESIAN_POINT('',(1164.823,-128.531,-161.713));
#1109=CARTESIAN_POINT('',(1127.072,-107.844,-154.874));
#1110=CARTESIAN_POINT('',(1071.189,-107.953,-154.15));
#1111=CARTESIAN_POINT('',(1020.677,-102.369,-145.216));
#1112=CARTESIAN_POINT('',(978.452,-104.315,-139.3));
#1113=CARTESIAN_POINT('',(948.373,-104.105,-126.1));
#1114=CARTESIAN_POINT('',(911.532,-99.974,-108.57));
#1115=CARTESIAN_POINT('',(867.047,-108.139,-87.615));
#1116=CARTESIAN_POINT('',(823.07,-120.436,-77.969));
#1117=CARTESIAN_POINT('',(783.582,-136.227,-75.103));
#1118=CARTESIAN_POINT('',(745.071,-148.333,-74.049));
#1119=CARTESIAN_POINT('',(710.119,-159.08,-53.405));
#1120=CARTESIAN_POINT('',(691.918,-150.122,-29.053));
#1121=CARTESIAN_POINT('',(1137.546,26.255,-224.781));
#1122=CARTESIAN_POINT('',(1152.247,19.681,-227.033));
#1123=CARTESIAN_POINT('',(1181.615,8.799,-229.618));
#1124=CARTESIAN_POINT('',(1212.146,-9.725,-231.504));
#1125=CARTESIAN_POINT('',(1245.56,-22.574,-230.843));
#1126=CARTESIAN_POINT('',(1272.422,-32.41,-232.93));
#1127=CARTESIAN_POINT('',(1304.211,-58.543,-229.723));
#1128=CARTESIAN_POINT('',(1332.808,-89.878,-222.694));
#1129=CARTESIAN_POINT('',(1371.625,-140.122,-203.933));
#1130=CARTESIAN_POINT('',(1394.873,-206.77,-170.299));
#1131=CARTESIAN_POINT('',(1374.846,-259.744,-163.111));
#1132=CARTESIAN_POINT('',(1360.875,-263.611,-159.872));
#1133=CARTESIAN_POINT('',(1295.876,-232.443,-164.14));
#1134=CARTESIAN_POINT('',(1231.735,-215.805,-143.23));
#1135=CARTESIAN_POINT('',(1208.624,-163.5,-124.839));
#1136=CARTESIAN_POINT('',(1162.805,-138.679,-124.759));
#1137=CARTESIAN_POINT('',(1113.484,-115.26,-118.944));
#1138=CARTESIAN_POINT('',(1055.351,-105.058,-116.841));
#1139=CARTESIAN_POINT('',(1013.825,-111.195,-114.457));
#1140=CARTESIAN_POINT('',(984.225,-103.091,-111.423));
#1141=CARTESIAN_POINT('',(947.658,-99.609,-92.013));
#1142=CARTESIAN_POINT('',(909.039,-96.195,-66.863));
#1143=CARTESIAN_POINT('',(862.946,-100.776,-36.159));
#1144=CARTESIAN_POINT('',(839.92,-100.248,-27.51));
#1145=CARTESIAN_POINT('',(820.346,-112.05,-38.067));
#1146=CARTESIAN_POINT('',(1229.846,31.611,-229.385));
#1147=CARTESIAN_POINT('',(1257.633,28.132,-231.247));
#1148=CARTESIAN_POINT('',(1288.511,25.021,-235.428));
#1149=CARTESIAN_POINT('',(1327.137,19.806,-236.569));
#1150=CARTESIAN_POINT('',(1355.386,4.404,-239.8));
#1151=CARTESIAN_POINT('',(1378.431,-33.975,-234.526));
#1152=CARTESIAN_POINT('',(1388.006,-61.89,-226.943));
#1153=CARTESIAN_POINT('',(1419.72,-124.79,-205.442));
#1154=CARTESIAN_POINT('',(1438.525,-223.917,-157.335));
#1155=CARTESIAN_POINT('',(1427.923,-327.992,-158.067));
#1156=CARTESIAN_POINT('',(1444.809,-409.89,-157.773));
#1157=CARTESIAN_POINT('',(1400.025,-469.846,-162.977));
#1158=CARTESIAN_POINT('',(1377.491,-459.895,-150.855));
#1159=CARTESIAN_POINT('',(1333.806,-392.167,-155.115));
#1160=CARTESIAN_POINT('',(1254.441,-347.747,-129.299));
#1161=CARTESIAN_POINT('',(1227.59,-261.161,-103.857));
#1162=CARTESIAN_POINT('',(1194.84,-209.433,-103.341));
#1163=CARTESIAN_POINT('',(1168.018,-169.091,-102.159));
#1164=CARTESIAN_POINT('',(1127.5,-124.291,-100.935));
#1165=CARTESIAN_POINT('',(1084.478,-120.943,-94.666));
#1166=CARTESIAN_POINT('',(1049.657,-112.703,-101.367));
#1167=CARTESIAN_POINT('',(1020.029,-111.29,-101.268));
#1168=CARTESIAN_POINT('',(989.749,-103.523,-97.824));
#1169=CARTESIAN_POINT('',(958.66,-102.195,-82.367));
#1170=CARTESIAN_POINT('',(954.571,-88.421,-48.637));
#1171=CARTESIAN_POINT('',(1335.387,86.146,-220.807));
#1172=CARTESIAN_POINT('',(1358.596,93.616,-218.824));
#1173=CARTESIAN_POINT('',(1393.94,97.944,-213.265));
#1174=CARTESIAN_POINT('',(1430.059,94.898,-212.508));
#1175=CARTESIAN_POINT('',(1453.63,69.681,-219.507));
#1176=CARTESIAN_POINT('',(1458.852,33.979,-234.886));
#1177=CARTESIAN_POINT('',(1453.081,-49.411,-236.089));
#1178=CARTESIAN_POINT('',(1458.871,-139.617,-185.168));
#1179=CARTESIAN_POINT('',(1465.155,-271.395,-162.944));
#1180=CARTESIAN_POINT('',(1496.386,-376.395,-162.403));
#1181=CARTESIAN_POINT('',(1474.425,-491.36,-165.732));
#1182=CARTESIAN_POINT('',(1472.054,-610.113,-154.987));
#1183=CARTESIAN_POINT('',(1397.212,-700.798,-162.732));
#1184=CARTESIAN_POINT('',(1315.308,-685.816,-107.999));
#1185=CARTESIAN_POINT('',(1337.756,-563.776,-55.895));
#1186=CARTESIAN_POINT('',(1334.75,-434.662,-32.017));
#1187=CARTESIAN_POINT('',(1304.8,-304.289,-31.838));
#1188=CARTESIAN_POINT('',(1245.513,-231.085,-36.301));
#1189=CARTESIAN_POINT('',(1199.801,-211.684,-45.27));
#1190=CARTESIAN_POINT('',(1166.918,-158.862,-52.013));
#1191=CARTESIAN_POINT('',(1134.425,-138.631,-46.481));
#1192=CARTESIAN_POINT('',(1111.312,-122.053,-47.282));
#1193=CARTESIAN_POINT('',(1078.531,-114.003,-46.616));
#1194=CARTESIAN_POINT('',(1073.52,-110.675,-51.214));
#1195=CARTESIAN_POINT('',(1054.805,-109.94,-54.548));
#1196=CARTESIAN_POINT('',(1406.781,169.394,-174.892));
#1197=CARTESIAN_POINT('',(1431.082,182.843,-166.251));
#1198=CARTESIAN_POINT('',(1454.516,204.3,-160.885));
#1199=CARTESIAN_POINT('',(1482.144,207.965,-154.337));
#1200=CARTESIAN_POINT('',(1492.375,173.055,-166.46));
#1201=CARTESIAN_POINT('',(1501.901,111.166,-188.897));
#1202=CARTESIAN_POINT('',(1498.223,31.944,-239.394));
#1203=CARTESIAN_POINT('',(1492.95,-95.657,-209.212));
#1204=CARTESIAN_POINT('',(1501.535,-230.424,-150.477));
#1205=CARTESIAN_POINT('',(1503.258,-400.504,-165.755));
#1206=CARTESIAN_POINT('',(1576.215,-517.827,-156.341));
#1207=CARTESIAN_POINT('',(1587.027,-677.096,-169.499));
#1208=CARTESIAN_POINT('',(1583.682,-794.669,-167.685));
#1209=CARTESIAN_POINT('',(1476.31,-861.283,-80.835));
#1210=CARTESIAN_POINT('',(1439.619,-737.725,-29.611));
#1211=CARTESIAN_POINT('',(1427.774,-594.881,-48.114));
#1212=CARTESIAN_POINT('',(1441.527,-457.736,-30.463));
#1213=CARTESIAN_POINT('',(1409.856,-314.919,-39.306));
#1214=CARTESIAN_POINT('',(1345.112,-191.249,-17.966));
#1215=CARTESIAN_POINT('',(1274.911,-201.998,-15.082));
#1216=CARTESIAN_POINT('',(1245.922,-169.584,-12.619));
#1217=CARTESIAN_POINT('',(1207.825,-157.433,-4.623));
#1218=CARTESIAN_POINT('',(1202.876,-141.829,1.788));
#1219=CARTESIAN_POINT('',(1185.39,-132.121,17.638));
#1220=CARTESIAN_POINT('',(1194.052,-124.726,27.828));
#1221=CARTESIAN_POINT('',(1472.312,298.551,-156.652));
#1222=CARTESIAN_POINT('',(1485.253,323.129,-158.437));
#1223=CARTESIAN_POINT('',(1509.13,332.609,-159.227));
#1224=CARTESIAN_POINT('',(1545.171,334.148,-160.908));
#1225=CARTESIAN_POINT('',(1562.888,288.728,-146.193));
#1226=CARTESIAN_POINT('',(1548.488,208.135,-139.135));
#1227=CARTESIAN_POINT('',(1558.79,99.29,-182.268));
#1228=CARTESIAN_POINT('',(1543.529,-4.508,-245.866));
#1229=CARTESIAN_POINT('',(1515.069,-134.055,-170.044));
#1230=CARTESIAN_POINT('',(1543.87,-289.163,-150.24));
#1231=CARTESIAN_POINT('',(1571.588,-466.049,-170.81));
#1232=CARTESIAN_POINT('',(1680.553,-582.166,-133.389));
#1233=CARTESIAN_POINT('',(1796.493,-763.52,-147.865));
#1234=CARTESIAN_POINT('',(1804.156,-792.897,-35.117));
#1235=CARTESIAN_POINT('',(1602.863,-701.382,-38.69));
#1236=CARTESIAN_POINT('',(1525.769,-627.538,-26.823));
#1237=CARTESIAN_POINT('',(1463.654,-481.326,-38.047));
#1238=CARTESIAN_POINT('',(1456.288,-401.047,-27.935));
#1239=CARTESIAN_POINT('',(1441.375,-283.057,-41.231));
#1240=CARTESIAN_POINT('',(1391.496,-155.364,-12.279));
#1241=CARTESIAN_POINT('',(1372.64,-170.877,-5.75));
#1242=CARTESIAN_POINT('',(1362.509,-127.956,11.855));
#1243=CARTESIAN_POINT('',(1344.193,-112.373,38.306));
#1244=CARTESIAN_POINT('',(1350.945,-87.037,61.529));
#1245=CARTESIAN_POINT('',(1331.765,-85.288,67.655));
#1246=CARTESIAN_POINT('',(1490.814,423.645,-163.621));
#1247=CARTESIAN_POINT('',(1506.43,448.5,-162.585));
#1248=CARTESIAN_POINT('',(1560.97,490.327,-163.091));
#1249=CARTESIAN_POINT('',(1610.489,490.18,-151.614));
#1250=CARTESIAN_POINT('',(1618.574,421.635,-154.335));
#1251=CARTESIAN_POINT('',(1605.002,321.557,-146.779));
#1252=CARTESIAN_POINT('',(1562.964,201.911,-117.475));
#1253=CARTESIAN_POINT('',(1623.828,80.841,-185.683));
#1254=CARTESIAN_POINT('',(1610.304,-52.012,-224.933));
#1255=CARTESIAN_POINT('',(1521.54,-155.756,-142.618));
#1256=CARTESIAN_POINT('',(1591.325,-295.008,-147.828));
#1257=CARTESIAN_POINT('',(1625.784,-429.448,-160.287));
#1258=CARTESIAN_POINT('',(1706.139,-471.495,-79.978));
#1259=CARTESIAN_POINT('',(1667.069,-567.213,-40.887));
#1260=CARTESIAN_POINT('',(1607.539,-550.239,-33.159));
#1261=CARTESIAN_POINT('',(1561.814,-488.843,-36.067));
#1262=CARTESIAN_POINT('',(1541.075,-409.641,-28.739));
#1263=CARTESIAN_POINT('',(1481.488,-329.124,-39.243));
#1264=CARTESIAN_POINT('',(1426.641,-202.129,-35.969));
#1265=CARTESIAN_POINT('',(1439.104,-136.255,6.394));
#1266=CARTESIAN_POINT('',(1453.093,-93.698,36.339));
#1267=CARTESIAN_POINT('',(1450.501,-74.155,78.959));
#1268=CARTESIAN_POINT('',(1442.851,-68.725,105.762));
#1269=CARTESIAN_POINT('',(1419.664,-68.879,138.205));
#1270=CARTESIAN_POINT('',(1407.563,-68.878,159.67));
#1271=CARTESIAN_POINT('',(1515.016,543.117,-160.548));
#1272=CARTESIAN_POINT('',(1550.61,573.986,-162.142));
#1273=CARTESIAN_POINT('',(1624.272,607.695,-156.912));
#1274=CARTESIAN_POINT('',(1719.186,612.183,-147.189));
#1275=CARTESIAN_POINT('',(1752.124,535.949,-92.708));
#1276=CARTESIAN_POINT('',(1697.913,414.979,-101.945));
#1277=CARTESIAN_POINT('',(1653.177,293.194,-127.69));
#1278=CARTESIAN_POINT('',(1564.34,170.752,-109.079));
#1279=CARTESIAN_POINT('',(1701.093,65.212,-180.626));
#1280=CARTESIAN_POINT('',(1706.105,-60.904,-188.21));
#1281=CARTESIAN_POINT('',(1558.943,-150.397,-120.988));
#1282=CARTESIAN_POINT('',(1600.862,-210.949,-109.582));
#1283=CARTESIAN_POINT('',(1617.405,-281.563,-125.881));
#1284=CARTESIAN_POINT('',(1654.453,-313.974,-68.7));
#1285=CARTESIAN_POINT('',(1615.995,-362.511,-45.697));
#1286=CARTESIAN_POINT('',(1573.619,-341.468,-40.21));
#1287=CARTESIAN_POINT('',(1511.489,-277.304,-45.849));
#1288=CARTESIAN_POINT('',(1484.925,-167.911,-32.16));
#1289=CARTESIAN_POINT('',(1520.308,-97.138,21.386));
#1290=CARTESIAN_POINT('',(1559.315,-75.035,72.069));
#1291=CARTESIAN_POINT('',(1566.206,-63.966,151.812));
#1292=CARTESIAN_POINT('',(1556.199,-69.933,212.794));
#1293=CARTESIAN_POINT('',(1518.24,-70.708,267.117));
#1294=CARTESIAN_POINT('',(1497.997,-71.265,279.468));
#1295=CARTESIAN_POINT('',(1482.153,-70.983,282.679));
#1296=CARTESIAN_POINT('',(1535.949,637.224,-163.642));
#1297=CARTESIAN_POINT('',(1584.378,648.621,-149.81));
#1298=CARTESIAN_POINT('',(1692.896,776.648,-190.744));
#1299=CARTESIAN_POINT('',(1848.619,815.55,-59.522));
#1300=CARTESIAN_POINT('',(1666.951,641.321,-3.82));
#1301=CARTESIAN_POINT('',(1668.334,529.538,-23.619));
#1302=CARTESIAN_POINT('',(1669.446,393.584,-24.671));
#1303=CARTESIAN_POINT('',(1681.196,272.993,-82.312));
#1304=CARTESIAN_POINT('',(1575.233,148.43,-86.515));
#1305=CARTESIAN_POINT('',(1747.239,84.379,-128.388));
#1306=CARTESIAN_POINT('',(1811.91,-21.99,-166.1));
#1307=CARTESIAN_POINT('',(1689.196,-88.013,-107.226));
#1308=CARTESIAN_POINT('',(1631.528,-116.93,-65.907));
#1309=CARTESIAN_POINT('',(1589.981,-145.192,-71.506));
#1310=CARTESIAN_POINT('',(1587.8,-142.013,-55.515));
#1311=CARTESIAN_POINT('',(1566.599,-142.599,-37.072));
#1312=CARTESIAN_POINT('',(1584.608,-89.42,-3.244));
#1313=CARTESIAN_POINT('',(1608.216,-90.267,39.388));
#1314=CARTESIAN_POINT('',(1633.637,-82.214,88.23));
#1315=CARTESIAN_POINT('',(1643.153,-68.341,172.256));
#1316=CARTESIAN_POINT('',(1662.929,-75.993,251.286));
#1317=CARTESIAN_POINT('',(1659.891,-72.368,329.148));
#1318=CARTESIAN_POINT('',(1631.771,-71.706,365.772));
#1319=CARTESIAN_POINT('',(1565.4,-70.161,395.592));
#1320=CARTESIAN_POINT('',(1539.515,-70.326,407.943));
#1321=CARTESIAN_POINT('',(1534.246,698.519,-157.37));
#1322=CARTESIAN_POINT('',(1575.109,724.248,-169.216));
#1323=CARTESIAN_POINT('',(1608.793,832.518,-111.781));
#1324=CARTESIAN_POINT('',(1612.741,737.235,-18.063));
#1325=CARTESIAN_POINT('',(1602.752,652.467,-54.624));
#1326=CARTESIAN_POINT('',(1589.117,542.535,-37.055));
#1327=CARTESIAN_POINT('',(1590.456,428.339,-42.783));
#1328=CARTESIAN_POINT('',(1587.272,329.753,-21.556));
#1329=CARTESIAN_POINT('',(1651.925,234.277,-54.355));
#1330=CARTESIAN_POINT('',(1603.114,132.467,-67.653));
#1331=CARTESIAN_POINT('',(1686.368,101.504,-70.879));
#1332=CARTESIAN_POINT('',(1769.428,56.732,-76.517));
#1333=CARTESIAN_POINT('',(1787.036,-6.71,-77.867));
#1334=CARTESIAN_POINT('',(1736.124,-66.678,-34.542));
#1335=CARTESIAN_POINT('',(1694.029,-88.93,-5.434));
#1336=CARTESIAN_POINT('',(1683.252,-86.059,10.698));
#1337=CARTESIAN_POINT('',(1676.341,-91.733,44.153));
#1338=CARTESIAN_POINT('',(1676.98,-71.825,82.747));
#1339=CARTESIAN_POINT('',(1690.948,-52.439,143.562));
#1340=CARTESIAN_POINT('',(1725.947,-60.769,215.065));
#1341=CARTESIAN_POINT('',(1743.532,-51.096,295.157));
#1342=CARTESIAN_POINT('',(1747.461,-57.279,390.352));
#1343=CARTESIAN_POINT('',(1686.901,-67.862,455.882));
#1344=CARTESIAN_POINT('',(1631.712,-68.436,434.193));
#1345=CARTESIAN_POINT('',(1605.62,-65.988,446.942));
#1346=CARTESIAN_POINT('',(1528.708,720.916,-151.621));
#1347=CARTESIAN_POINT('',(1516.904,736.072,-153.304));
#1348=CARTESIAN_POINT('',(1538.85,805.997,-110.511));
#1349=CARTESIAN_POINT('',(1572.509,739.269,-34.248));
#1350=CARTESIAN_POINT('',(1562.974,641.145,-36.852));
#1351=CARTESIAN_POINT('',(1552.962,527.496,-33.22));
#1352=CARTESIAN_POINT('',(1574.779,427.215,-35.471));
#1353=CARTESIAN_POINT('',(1569.52,341.484,-36.643));
#1354=CARTESIAN_POINT('',(1583.247,265.961,-38.332));
#1355=CARTESIAN_POINT('',(1617.193,179.225,-48.138));
#1356=CARTESIAN_POINT('',(1654.672,116.056,-56.572));
#1357=CARTESIAN_POINT('',(1678.953,80.89,-43.976));
#1358=CARTESIAN_POINT('',(1712.817,50.044,-32.056));
#1359=CARTESIAN_POINT('',(1727.887,-0.465,-14.88));
#1360=CARTESIAN_POINT('',(1722.754,-35.409,5.474));
#1361=CARTESIAN_POINT('',(1701.652,-55.444,32.518));
#1362=CARTESIAN_POINT('',(1708.352,-43.177,66.114));
#1363=CARTESIAN_POINT('',(1708.565,-39.185,108.163));
#1364=CARTESIAN_POINT('',(1720.689,-31.706,163.213));
#1365=CARTESIAN_POINT('',(1739.997,-17.949,229.186));
#1366=CARTESIAN_POINT('',(1757.47,-4.058,320.444));
#1367=CARTESIAN_POINT('',(1773.441,-26.605,427.136));
#1368=CARTESIAN_POINT('',(1703.774,-56.183,499.751));
#1369=CARTESIAN_POINT('',(1617.08,-53.794,474.596));
#1370=CARTESIAN_POINT('',(1603.773,-56.188,477.435));
#1371=CARTESIAN_POINT('',(-535.155,250.462,-232.779));
#1372=CARTESIAN_POINT('',(-540.372,247.683,-234.152));
#1373=CARTESIAN_POINT('',(-563.366,236.742,-239.151));
#1374=CARTESIAN_POINT('',(-608.997,213.721,-250.336));
#1375=CARTESIAN_POINT('',(-663.466,191.386,-260.815));
#1376=CARTESIAN_POINT('',(-727.364,163.282,-274.729));
#1377=CARTESIAN_POINT('',(-798.015,143.34,-288.713));
#1378=CARTESIAN_POINT('',(-878.603,126.444,-305.408));
#1379=CARTESIAN_POINT('',(-968.162,113.2,-319.435));
#1380=CARTESIAN_POINT('',(-1057.901,102.024,-328.394));
#1381=CARTESIAN_POINT('',(-1147.758,91.877,-330.997));
#1382=CARTESIAN_POINT('',(-1240.995,86.128,-334.223));
#1383=CARTESIAN_POINT('',(-1336.261,76.415,-329.053));
#1384=CARTESIAN_POINT('',(-1433.076,73.71,-308.403));
#1385=CARTESIAN_POINT('',(-1527.245,59.469,-266.316));
#1386=CARTESIAN_POINT('',(-1633.481,59.255,-252.47));
#1387=CARTESIAN_POINT('',(-1738.287,52.203,-248.679));
#1388=CARTESIAN_POINT('',(-1846.354,45.206,-239.179));
#1389=CARTESIAN_POINT('',(-1950.328,35.069,-240.362));
#1390=CARTESIAN_POINT('',(-2064.433,3.626,-215.85));
#1391=CARTESIAN_POINT('',(-2184.777,-13.719,-184.706));
#1392=CARTESIAN_POINT('',(-2292.941,-36.928,-133.863));
#1393=CARTESIAN_POINT('',(-2368.577,-59.793,-61.898));
#1394=CARTESIAN_POINT('',(-2353.227,-82.962,2.217));
#1395=CARTESIAN_POINT('',(-2313.546,-76.82,16.139));
#1396=CARTESIAN_POINT('',(-527.217,244.011,-236.331));
#1397=CARTESIAN_POINT('',(-538.678,236.837,-239.648));
#1398=CARTESIAN_POINT('',(-562.795,225.903,-244.993));
#1399=CARTESIAN_POINT('',(-610.681,201.29,-256.528));
#1400=CARTESIAN_POINT('',(-666.784,179.8,-267.065));
#1401=CARTESIAN_POINT('',(-730.178,148.318,-281.457));
#1402=CARTESIAN_POINT('',(-802.632,132.572,-295.002));
#1403=CARTESIAN_POINT('',(-881.56,113.025,-312.931));
#1404=CARTESIAN_POINT('',(-972.386,101.848,-325.247));
#1405=CARTESIAN_POINT('',(-1060.003,88.726,-334.494));
#1406=CARTESIAN_POINT('',(-1150.026,81.317,-335.29));
#1407=CARTESIAN_POINT('',(-1240.606,69.901,-340.393));
#1408=CARTESIAN_POINT('',(-1333.513,65.423,-332.795));
#1409=CARTESIAN_POINT('',(-1430.017,55.223,-316.2));
#1410=CARTESIAN_POINT('',(-1519.921,47.649,-272.96));
#1411=CARTESIAN_POINT('',(-1623.879,43.039,-255.908));
#1412=CARTESIAN_POINT('',(-1725.365,37.815,-253.971));
#1413=CARTESIAN_POINT('',(-1831.416,26.573,-244.419));
#1414=CARTESIAN_POINT('',(-1934.39,4.993,-260.284));
#1415=CARTESIAN_POINT('',(-2036.306,-11.781,-219.226));
#1416=CARTESIAN_POINT('',(-2156.664,-41.063,-189.5));
#1417=CARTESIAN_POINT('',(-2248.533,-71.383,-138.193));
#1418=CARTESIAN_POINT('',(-2311.237,-88.955,-61.643));
#1419=CARTESIAN_POINT('',(-2296.949,-90.733,-29.658));
#1420=CARTESIAN_POINT('',(-2280.47,-90.769,4.179));
#1421=CARTESIAN_POINT('',(-512.029,233.53,-241.886));
#1422=CARTESIAN_POINT('',(-525.139,220.862,-248.164));
#1423=CARTESIAN_POINT('',(-559.607,206.02,-255.133));
#1424=CARTESIAN_POINT('',(-607.763,179.97,-267.335));
#1425=CARTESIAN_POINT('',(-667.305,154.879,-278.225));
#1426=CARTESIAN_POINT('',(-730.266,124.883,-292.224));
#1427=CARTESIAN_POINT('',(-805.12,108.974,-307.504));
#1428=CARTESIAN_POINT('',(-883.026,90.961,-323.773));
#1429=CARTESIAN_POINT('',(-969.924,80.006,-335.938));
#1430=CARTESIAN_POINT('',(-1056.762,62.928,-341.628));
#1431=CARTESIAN_POINT('',(-1144.618,56.769,-347.126));
#1432=CARTESIAN_POINT('',(-1231.455,41.837,-344.141));
#1433=CARTESIAN_POINT('',(-1324.395,35.733,-351.873));
#1434=CARTESIAN_POINT('',(-1409.913,27.714,-325.413));
#1435=CARTESIAN_POINT('',(-1499.22,17.804,-286.624));
#1436=CARTESIAN_POINT('',(-1594.032,10.126,-260.648));
#1437=CARTESIAN_POINT('',(-1693.655,1.884,-266.94));
#1438=CARTESIAN_POINT('',(-1785.707,-11.164,-248.492));
#1439=CARTESIAN_POINT('',(-1881.129,-27.946,-241.458));
#1440=CARTESIAN_POINT('',(-1981.85,-73.445,-232.061));
#1441=CARTESIAN_POINT('',(-2066.71,-80.603,-174.424));
#1442=CARTESIAN_POINT('',(-2145.768,-101.805,-123.586));
#1443=CARTESIAN_POINT('',(-2189.183,-116.396,-63.577));
#1444=CARTESIAN_POINT('',(-2188.556,-123.629,-12.188));
#1445=CARTESIAN_POINT('',(-2181.651,-118.904,4.513));
#1446=CARTESIAN_POINT('',(-491.738,214.188,-251.753));
#1447=CARTESIAN_POINT('',(-508.992,200.633,-258.195));
#1448=CARTESIAN_POINT('',(-540.435,179.988,-267.818));
#1449=CARTESIAN_POINT('',(-595.934,152.363,-279.416));
#1450=CARTESIAN_POINT('',(-655.195,121.448,-291.696));
#1451=CARTESIAN_POINT('',(-721.917,94.214,-302.222));
#1452=CARTESIAN_POINT('',(-795.193,78.432,-320.766));
#1453=CARTESIAN_POINT('',(-870.521,57.744,-335.167));
#1454=CARTESIAN_POINT('',(-952.677,45.223,-342.085));
#1455=CARTESIAN_POINT('',(-1036.161,27.869,-349.51));
#1456=CARTESIAN_POINT('',(-1119.817,17.766,-349.292));
#1457=CARTESIAN_POINT('',(-1200.067,1.406,-350.886));
#1458=CARTESIAN_POINT('',(-1279.73,-10.555,-348.277));
#1459=CARTESIAN_POINT('',(-1364.971,-27.585,-351.296));
#1460=CARTESIAN_POINT('',(-1442.855,-32.695,-310.547));
#1461=CARTESIAN_POINT('',(-1522.557,-35.745,-271.573));
#1462=CARTESIAN_POINT('',(-1609.271,-45.815,-250.67));
#1463=CARTESIAN_POINT('',(-1696.389,-72.115,-256.174));
#1464=CARTESIAN_POINT('',(-1775.43,-90.16,-228.796));
#1465=CARTESIAN_POINT('',(-1848.532,-101.002,-195.115));
#1466=CARTESIAN_POINT('',(-1919.593,-130.372,-158.058));
#1467=CARTESIAN_POINT('',(-1968.831,-140.314,-106.766));
#1468=CARTESIAN_POINT('',(-1999.597,-147.304,-52.122));
#1469=CARTESIAN_POINT('',(-2003.988,-145.503,-13.595));
#1470=CARTESIAN_POINT('',(-1997.866,-145.35,4.009));
#1471=CARTESIAN_POINT('',(-464.275,201.763,-257.955));
#1472=CARTESIAN_POINT('',(-480.535,185.914,-265.732));
#1473=CARTESIAN_POINT('',(-515.918,158.097,-277.499));
#1474=CARTESIAN_POINT('',(-573.842,127.413,-289.563));
#1475=CARTESIAN_POINT('',(-634.408,92.794,-300.524));
#1476=CARTESIAN_POINT('',(-702.34,67.205,-308.013));
#1477=CARTESIAN_POINT('',(-772.558,46.905,-327.281));
#1478=CARTESIAN_POINT('',(-845.344,27.696,-342.065));
#1479=CARTESIAN_POINT('',(-923.835,9.166,-344.893));
#1480=CARTESIAN_POINT('',(-1000.846,-7.764,-346.99));
#1481=CARTESIAN_POINT('',(-1076.191,-22.003,-349.689));
#1482=CARTESIAN_POINT('',(-1151.602,-43.088,-347.52));
#1483=CARTESIAN_POINT('',(-1221.934,-56.37,-343.976));
#1484=CARTESIAN_POINT('',(-1292.692,-77.267,-336.701));
#1485=CARTESIAN_POINT('',(-1367.854,-95.701,-331.301));
#1486=CARTESIAN_POINT('',(-1437.795,-102.324,-294.968));
#1487=CARTESIAN_POINT('',(-1507.401,-98.589,-258.02));
#1488=CARTESIAN_POINT('',(-1576.55,-110.975,-225.139));
#1489=CARTESIAN_POINT('',(-1641.208,-133.501,-208.698));
#1490=CARTESIAN_POINT('',(-1700.671,-153.082,-180.422));
#1491=CARTESIAN_POINT('',(-1745.455,-159.907,-140.127));
#1492=CARTESIAN_POINT('',(-1783.843,-172.094,-95.419));
#1493=CARTESIAN_POINT('',(-1806.646,-178.58,-47.762));
#1494=CARTESIAN_POINT('',(-1813.483,-181.093,-12.117));
#1495=CARTESIAN_POINT('',(-1811.116,-180.361,5.297));
#1496=CARTESIAN_POINT('',(-436.04,185.121,-265.844));
#1497=CARTESIAN_POINT('',(-452.549,168.576,-273.333));
#1498=CARTESIAN_POINT('',(-487.471,140.795,-285.332));
#1499=CARTESIAN_POINT('',(-544.969,103.178,-298.406));
#1500=CARTESIAN_POINT('',(-606.554,68.929,-305.776));
#1501=CARTESIAN_POINT('',(-672.107,38.752,-311.459));
#1502=CARTESIAN_POINT('',(-740.017,16.625,-322.941));
#1503=CARTESIAN_POINT('',(-809.605,-5.714,-340.813));
#1504=CARTESIAN_POINT('',(-880.83,-22.795,-342.765));
#1505=CARTESIAN_POINT('',(-952.274,-44.482,-341.269));
#1506=CARTESIAN_POINT('',(-1020.987,-58.726,-337.802));
#1507=CARTESIAN_POINT('',(-1086.14,-79.683,-335.109));
#1508=CARTESIAN_POINT('',(-1150.681,-102.447,-327.59));
#1509=CARTESIAN_POINT('',(-1213.065,-118.673,-318.381));
#1510=CARTESIAN_POINT('',(-1272.409,-139.075,-301.182));
#1511=CARTESIAN_POINT('',(-1332.234,-158.335,-286.303));
#1512=CARTESIAN_POINT('',(-1388.96,-170.49,-260.269));
#1513=CARTESIAN_POINT('',(-1442.957,-172.742,-230.132));
#1514=CARTESIAN_POINT('',(-1492.516,-177.677,-189.524));
#1515=CARTESIAN_POINT('',(-1534.501,-185.735,-154.405));
#1516=CARTESIAN_POINT('',(-1571.131,-200.426,-118.898));
#1517=CARTESIAN_POINT('',(-1597.449,-205.206,-80.817));
#1518=CARTESIAN_POINT('',(-1613.145,-209.14,-37.572));
#1519=CARTESIAN_POINT('',(-1620.815,-207.984,-12.003));
#1520=CARTESIAN_POINT('',(-1617.747,-209.139,2.215));
#1521=CARTESIAN_POINT('',(-404.224,171.261,-271.747));
#1522=CARTESIAN_POINT('',(-419.951,154.014,-279.506));
#1523=CARTESIAN_POINT('',(-454.155,121.249,-293.199));
#1524=CARTESIAN_POINT('',(-511.41,82.146,-304.005));
#1525=CARTESIAN_POINT('',(-571.443,43.383,-310.58));
#1526=CARTESIAN_POINT('',(-635.147,15.804,-312.715));
#1527=CARTESIAN_POINT('',(-699.992,-11.892,-317.813));
#1528=CARTESIAN_POINT('',(-764.715,-34.149,-325.261));
#1529=CARTESIAN_POINT('',(-829.867,-57.103,-330.17));
#1530=CARTESIAN_POINT('',(-892.552,-75.331,-328.492));
#1531=CARTESIAN_POINT('',(-955.526,-98.508,-321.846));
#1532=CARTESIAN_POINT('',(-1013.096,-114.113,-313.977));
#1533=CARTESIAN_POINT('',(-1067.073,-136.415,-304.013));
#1534=CARTESIAN_POINT('',(-1119.598,-156.066,-290.715));
#1535=CARTESIAN_POINT('',(-1171.941,-174.926,-274.89));
#1536=CARTESIAN_POINT('',(-1218.585,-190.702,-250.742));
#1537=CARTESIAN_POINT('',(-1264.243,-205.316,-226.229));
#1538=CARTESIAN_POINT('',(-1306.151,-218.93,-198.51));
#1539=CARTESIAN_POINT('',(-1342.193,-227.172,-170.87));
#1540=CARTESIAN_POINT('',(-1375.09,-229.159,-139.022));
#1541=CARTESIAN_POINT('',(-1397.094,-227.74,-103.91));
#1542=CARTESIAN_POINT('',(-1420.033,-230.087,-68.584));
#1543=CARTESIAN_POINT('',(-1434.799,-232.177,-32.612));
#1544=CARTESIAN_POINT('',(-1428.96,-233.719,-5.825));
#1545=CARTESIAN_POINT('',(-1427.194,-233.26,7.939));
#1546=CARTESIAN_POINT('',(-369.91,156.597,-277.275));
#1547=CARTESIAN_POINT('',(-383.435,138.201,-285.506));
#1548=CARTESIAN_POINT('',(-419.018,105.486,-298.47));
#1549=CARTESIAN_POINT('',(-474.548,59.702,-309.369));
#1550=CARTESIAN_POINT('',(-533.127,21.999,-313.017));
#1551=CARTESIAN_POINT('',(-592.855,-13.066,-312.872));
#1552=CARTESIAN_POINT('',(-653.866,-37.815,-312.274));
#1553=CARTESIAN_POINT('',(-712.913,-61.844,-313.621));
#1554=CARTESIAN_POINT('',(-770.593,-84.259,-311.223));
#1555=CARTESIAN_POINT('',(-826.433,-104.748,-307.618));
#1556=CARTESIAN_POINT('',(-880.665,-121.933,-302.158));
#1557=CARTESIAN_POINT('',(-930.551,-145.357,-291.559));
#1558=CARTESIAN_POINT('',(-976.456,-162.774,-280.357));
#1559=CARTESIAN_POINT('',(-1019.289,-183.939,-266.356));
#1560=CARTESIAN_POINT('',(-1059.026,-204.161,-247.136));
#1561=CARTESIAN_POINT('',(-1098.029,-223.519,-227.831));
#1562=CARTESIAN_POINT('',(-1135.405,-240.112,-200.35));
#1563=CARTESIAN_POINT('',(-1166.415,-251.728,-172.29));
#1564=CARTESIAN_POINT('',(-1194.876,-259.075,-140.78));
#1565=CARTESIAN_POINT('',(-1215.549,-264.876,-109.472));
#1566=CARTESIAN_POINT('',(-1238.351,-266.459,-79.564));
#1567=CARTESIAN_POINT('',(-1249.262,-261.416,-48.866));
#1568=CARTESIAN_POINT('',(-1260.974,-253.868,-18.351));
#1569=CARTESIAN_POINT('',(-1253.403,-250.407,1.992));
#1570=CARTESIAN_POINT('',(-1245.503,-248.22,12.271));
#1571=CARTESIAN_POINT('',(-337.135,139.054,-282.397));
#1572=CARTESIAN_POINT('',(-352.238,122.876,-290.492));
#1573=CARTESIAN_POINT('',(-381.198,85.307,-304.438));
#1574=CARTESIAN_POINT('',(-435.818,38.842,-311.776));
#1575=CARTESIAN_POINT('',(-491.639,-2.982,-314.203));
#1576=CARTESIAN_POINT('',(-547.585,-36.974,-311.193));
#1577=CARTESIAN_POINT('',(-603.848,-66.453,-306.582));
#1578=CARTESIAN_POINT('',(-656.731,-90.301,-301.845));
#1579=CARTESIAN_POINT('',(-707.158,-112.259,-297.201));
#1580=CARTESIAN_POINT('',(-755.434,-133.463,-289.989));
#1581=CARTESIAN_POINT('',(-800.732,-152.838,-280.965));
#1582=CARTESIAN_POINT('',(-843.529,-171.406,-270.38));
#1583=CARTESIAN_POINT('',(-879.609,-192.252,-255.681));
#1584=CARTESIAN_POINT('',(-914.951,-210.079,-239.22));
#1585=CARTESIAN_POINT('',(-944.463,-227.306,-221.739));
#1586=CARTESIAN_POINT('',(-974.899,-242.892,-199.532));
#1587=CARTESIAN_POINT('',(-1000.164,-256.618,-179.616));
#1588=CARTESIAN_POINT('',(-1025.165,-272.936,-150.671));
#1589=CARTESIAN_POINT('',(-1045.118,-282.11,-124.323));
#1590=CARTESIAN_POINT('',(-1062.033,-288.507,-95.464));
#1591=CARTESIAN_POINT('',(-1072.513,-289.261,-65.995));
#1592=CARTESIAN_POINT('',(-1082.605,-289.967,-36.953));
#1593=CARTESIAN_POINT('',(-1087.283,-286.245,-11.21));
#1594=CARTESIAN_POINT('',(-1093.08,-281.336,6.656));
#1595=CARTESIAN_POINT('',(-1091.07,-279.369,15.636));
#1596=CARTESIAN_POINT('',(-302.833,119.241,-288.151));
#1597=CARTESIAN_POINT('',(-313.759,101.174,-295.196));
#1598=CARTESIAN_POINT('',(-345.916,68.657,-308.123));
#1599=CARTESIAN_POINT('',(-395.169,15.842,-314.581));
#1600=CARTESIAN_POINT('',(-448.748,-26.029,-313.815));
#1601=CARTESIAN_POINT('',(-500.3,-62.932,-307.992));
#1602=CARTESIAN_POINT('',(-550.645,-92.395,-301.169));
#1603=CARTESIAN_POINT('',(-597.569,-117.653,-292.628));
#1604=CARTESIAN_POINT('',(-640.84,-140.363,-283.695));
#1605=CARTESIAN_POINT('',(-682.287,-162.046,-274.52));
#1606=CARTESIAN_POINT('',(-719.643,-181.796,-265.469));
#1607=CARTESIAN_POINT('',(-754.274,-202.757,-254.873));
#1608=CARTESIAN_POINT('',(-778.933,-223.341,-242.624));
#1609=CARTESIAN_POINT('',(-806.498,-242.645,-230.721));
#1610=CARTESIAN_POINT('',(-832.146,-262.466,-213.63));
#1611=CARTESIAN_POINT('',(-849.096,-279.003,-196.615));
#1612=CARTESIAN_POINT('',(-868.545,-293.362,-175.404));
#1613=CARTESIAN_POINT('',(-885.514,-302.021,-155.493));
#1614=CARTESIAN_POINT('',(-902.535,-312.576,-125.501));
#1615=CARTESIAN_POINT('',(-910.964,-317.744,-100.519));
#1616=CARTESIAN_POINT('',(-915.498,-321.968,-73.968));
#1617=CARTESIAN_POINT('',(-918.331,-320.567,-51.021));
#1618=CARTESIAN_POINT('',(-925.394,-316.133,-26.316));
#1619=CARTESIAN_POINT('',(-929.356,-310.332,-12.592));
#1620=CARTESIAN_POINT('',(-931.254,-307.325,-5.331));
#1621=CARTESIAN_POINT('',(-269.562,95.034,-292.29));
#1622=CARTESIAN_POINT('',(-283.239,79.503,-299.8));
#1623=CARTESIAN_POINT('',(-309.595,44.325,-309.662));
#1624=CARTESIAN_POINT('',(-357.77,-3.72,-314.925));
#1625=CARTESIAN_POINT('',(-404.383,-49.696,-310.674));
#1626=CARTESIAN_POINT('',(-451.978,-88.254,-303.39));
#1627=CARTESIAN_POINT('',(-495.857,-119.595,-292.708));
#1628=CARTESIAN_POINT('',(-537.516,-147.744,-282.163));
#1629=CARTESIAN_POINT('',(-572.637,-170.61,-271.642));
#1630=CARTESIAN_POINT('',(-606.243,-192.326,-261.03));
#1631=CARTESIAN_POINT('',(-635.797,-213.392,-249.2));
#1632=CARTESIAN_POINT('',(-660.417,-231.967,-238.048));
#1633=CARTESIAN_POINT('',(-681.109,-252.404,-224.905));
#1634=CARTESIAN_POINT('',(-698.616,-272.795,-209.543));
#1635=CARTESIAN_POINT('',(-714.158,-287.313,-195.631));
#1636=CARTESIAN_POINT('',(-729.663,-305.589,-178.447));
#1637=CARTESIAN_POINT('',(-740.756,-316.811,-162.004));
#1638=CARTESIAN_POINT('',(-753.589,-330.21,-143.193));
#1639=CARTESIAN_POINT('',(-758.878,-339.392,-124.64));
#1640=CARTESIAN_POINT('',(-766.267,-347.757,-101.157));
#1641=CARTESIAN_POINT('',(-771.707,-349.82,-78.855));
#1642=CARTESIAN_POINT('',(-775.46,-352.706,-56.272));
#1643=CARTESIAN_POINT('',(-773.608,-350.54,-34.863));
#1644=CARTESIAN_POINT('',(-774.204,-348.491,-19.993));
#1645=CARTESIAN_POINT('',(-770.303,-347.289,-13.704));
#1646=CARTESIAN_POINT('',(-235.307,70.446,-295.434));
#1647=CARTESIAN_POINT('',(-248.193,54.785,-301.215));
#1648=CARTESIAN_POINT('',(-274.35,21.581,-309.701));
#1649=CARTESIAN_POINT('',(-316.972,-27.861,-311.494));
#1650=CARTESIAN_POINT('',(-360.951,-72.28,-305.687));
#1651=CARTESIAN_POINT('',(-402.312,-113.279,-295.438));
#1652=CARTESIAN_POINT('',(-441.799,-148.205,-282.913));
#1653=CARTESIAN_POINT('',(-475.15,-174.912,-270.634));
#1654=CARTESIAN_POINT('',(-505.668,-202.207,-257.677));
#1655=CARTESIAN_POINT('',(-530.669,-226.266,-244.853));
#1656=CARTESIAN_POINT('',(-551.351,-249.282,-231.795));
#1657=CARTESIAN_POINT('',(-570.274,-270.046,-218.338));
#1658=CARTESIAN_POINT('',(-584.042,-289.724,-204.792));
#1659=CARTESIAN_POINT('',(-599.583,-305.044,-190.957));
#1660=CARTESIAN_POINT('',(-605.067,-325.31,-174.985));
#1661=CARTESIAN_POINT('',(-611.441,-336.566,-159.396));
#1662=CARTESIAN_POINT('',(-619.172,-349.43,-142.973));
#1663=CARTESIAN_POINT('',(-624.585,-357.896,-124.295));
#1664=CARTESIAN_POINT('',(-627.711,-364.682,-107.554));
#1665=CARTESIAN_POINT('',(-624.665,-370.132,-91.242));
#1666=CARTESIAN_POINT('',(-624.353,-375.878,-73.215));
#1667=CARTESIAN_POINT('',(-620.627,-376.508,-55.407));
#1668=CARTESIAN_POINT('',(-617.886,-376.364,-37.791));
#1669=CARTESIAN_POINT('',(-616.71,-372.669,-27.234));
#1670=CARTESIAN_POINT('',(-619.142,-369.844,-21.581));
#1671=CARTESIAN_POINT('',(-199.45,46.522,-295.595));
#1672=CARTESIAN_POINT('',(-211.658,31.117,-301.303));
#1673=CARTESIAN_POINT('',(-236.92,-1.255,-308.317));
#1674=CARTESIAN_POINT('',(-277.796,-49.993,-304.988));
#1675=CARTESIAN_POINT('',(-316.697,-95.97,-296.248));
#1676=CARTESIAN_POINT('',(-353.562,-137.112,-284.537));
#1677=CARTESIAN_POINT('',(-387.578,-173.859,-270.981));
#1678=CARTESIAN_POINT('',(-416.588,-205.025,-257.257));
#1679=CARTESIAN_POINT('',(-439.796,-235.024,-242.331));
#1680=CARTESIAN_POINT('',(-458.948,-263.558,-228.052));
#1681=CARTESIAN_POINT('',(-473.009,-290.562,-214.016));
#1682=CARTESIAN_POINT('',(-484.177,-317.122,-199.717));
#1683=CARTESIAN_POINT('',(-491.432,-341.406,-185.497));
#1684=CARTESIAN_POINT('',(-495.344,-366.751,-171.039));
#1685=CARTESIAN_POINT('',(-502.932,-384.504,-157.98));
#1686=CARTESIAN_POINT('',(-508.447,-405.175,-144.768));
#1687=CARTESIAN_POINT('',(-516.062,-420.754,-132.125));
#1688=CARTESIAN_POINT('',(-518.685,-437.172,-119.843));
#1689=CARTESIAN_POINT('',(-525.149,-456.648,-100.26));
#1690=CARTESIAN_POINT('',(-530.96,-466.74,-79.862));
#1691=CARTESIAN_POINT('',(-529.54,-471.382,-62.349));
#1692=CARTESIAN_POINT('',(-527.516,-472.432,-43.558));
#1693=CARTESIAN_POINT('',(-523.166,-467.41,-27.646));
#1694=CARTESIAN_POINT('',(-517.347,-466.48,-15.725));
#1695=CARTESIAN_POINT('',(-510.729,-464.117,-11.176));
#1696=CARTESIAN_POINT('',(-163.133,22.888,-291.93));
#1697=CARTESIAN_POINT('',(-174.862,7.705,-296.017));
#1698=CARTESIAN_POINT('',(-201.124,-23.631,-301.133));
#1699=CARTESIAN_POINT('',(-237.317,-71.784,-295.259));
#1700=CARTESIAN_POINT('',(-274.074,-117.949,-285.676));
#1701=CARTESIAN_POINT('',(-306.243,-161.025,-272.364));
#1702=CARTESIAN_POINT('',(-335.917,-200.112,-257.334));
#1703=CARTESIAN_POINT('',(-360.639,-237.467,-240.99));
#1704=CARTESIAN_POINT('',(-378.539,-273.172,-225.067));
#1705=CARTESIAN_POINT('',(-393.967,-307.545,-209.927));
#1706=CARTESIAN_POINT('',(-401.506,-342.626,-194.761));
#1707=CARTESIAN_POINT('',(-410.688,-375.537,-181.246));
#1708=CARTESIAN_POINT('',(-414.682,-407.999,-168.969));
#1709=CARTESIAN_POINT('',(-421.152,-439.177,-156.073));
#1710=CARTESIAN_POINT('',(-423.033,-473.296,-144.157));
#1711=CARTESIAN_POINT('',(-432.123,-499.26,-132.117));
#1712=CARTESIAN_POINT('',(-437.746,-522.31,-119.079));
#1713=CARTESIAN_POINT('',(-446.177,-548.78,-101.292));
#1714=CARTESIAN_POINT('',(-454.372,-570.801,-85.876));
#1715=CARTESIAN_POINT('',(-459.219,-589.743,-68.473));
#1716=CARTESIAN_POINT('',(-467.597,-602.165,-44.82));
#1717=CARTESIAN_POINT('',(-466.243,-607.766,-18.816));
#1718=CARTESIAN_POINT('',(-457.05,-606.374,9.447));
#1719=CARTESIAN_POINT('',(-445.16,-596.678,22.582));
#1720=CARTESIAN_POINT('',(-441.004,-592.34,29.035));
#1721=CARTESIAN_POINT('',(-126.199,-0.196,-285.794));
#1722=CARTESIAN_POINT('',(-139.027,-14.264,-288.275));
#1723=CARTESIAN_POINT('',(-163.571,-45.282,-291.063));
#1724=CARTESIAN_POINT('',(-199.104,-92.388,-285.557));
#1725=CARTESIAN_POINT('',(-232.642,-139.105,-272.861));
#1726=CARTESIAN_POINT('',(-262.89,-183.991,-258.462));
#1727=CARTESIAN_POINT('',(-289.13,-227.727,-241.959));
#1728=CARTESIAN_POINT('',(-308.629,-270.218,-225.283));
#1729=CARTESIAN_POINT('',(-323.932,-312.599,-208.2));
#1730=CARTESIAN_POINT('',(-334.833,-352.472,-193.191));
#1731=CARTESIAN_POINT('',(-340.935,-397.166,-177.315));
#1732=CARTESIAN_POINT('',(-341.33,-441.842,-162.35));
#1733=CARTESIAN_POINT('',(-347.158,-482.137,-148.451));
#1734=CARTESIAN_POINT('',(-346.825,-525.27,-134.553));
#1735=CARTESIAN_POINT('',(-352.67,-562.238,-121.065));
#1736=CARTESIAN_POINT('',(-358.344,-596.368,-110.217));
#1737=CARTESIAN_POINT('',(-365.842,-632.565,-101.803));
#1738=CARTESIAN_POINT('',(-376.95,-665.074,-95.376));
#1739=CARTESIAN_POINT('',(-386.43,-696.471,-79.535));
#1740=CARTESIAN_POINT('',(-399.497,-721.608,-59.058));
#1741=CARTESIAN_POINT('',(-399.642,-744.647,-32.633));
#1742=CARTESIAN_POINT('',(-399.928,-756.268,-0.782));
#1743=CARTESIAN_POINT('',(-385.798,-758.275,31.299));
#1744=CARTESIAN_POINT('',(-371.092,-749.006,47.468));
#1745=CARTESIAN_POINT('',(-359.675,-744.743,54.061));
#1746=CARTESIAN_POINT('',(-89.686,-20.661,-280.073));
#1747=CARTESIAN_POINT('',(-101.814,-35.998,-279.607));
#1748=CARTESIAN_POINT('',(-125.471,-65.999,-281.795));
#1749=CARTESIAN_POINT('',(-160.96,-112.249,-274.718));
#1750=CARTESIAN_POINT('',(-191.338,-159.685,-260.744));
#1751=CARTESIAN_POINT('',(-219.888,-206.979,-244.585));
#1752=CARTESIAN_POINT('',(-241.919,-254.569,-227.519));
#1753=CARTESIAN_POINT('',(-259.992,-302.13,-209.728));
#1754=CARTESIAN_POINT('',(-272.294,-350.237,-192.681));
#1755=CARTESIAN_POINT('',(-281.425,-397.532,-176.408));
#1756=CARTESIAN_POINT('',(-283.987,-449.013,-159.678));
#1757=CARTESIAN_POINT('',(-285.887,-499.391,-143.614));
#1758=CARTESIAN_POINT('',(-286.514,-550.973,-127.648));
#1759=CARTESIAN_POINT('',(-287.298,-601.776,-113.37));
#1760=CARTESIAN_POINT('',(-289.069,-653.642,-104.646));
#1761=CARTESIAN_POINT('',(-291.65,-702.412,-99.402));
#1762=CARTESIAN_POINT('',(-297.611,-742.919,-87.306));
#1763=CARTESIAN_POINT('',(-295.798,-779.008,-72.397));
#1764=CARTESIAN_POINT('',(-303.615,-813.059,-58.796));
#1765=CARTESIAN_POINT('',(-302.604,-848.091,-41.536));
#1766=CARTESIAN_POINT('',(-316.167,-879.021,-14.108));
#1767=CARTESIAN_POINT('',(-319.514,-888.621,18.179));
#1768=CARTESIAN_POINT('',(-319.668,-888.936,52.327));
#1769=CARTESIAN_POINT('',(-297.653,-877.76,73.566));
#1770=CARTESIAN_POINT('',(-289.468,-875.27,80.986));
#1771=CARTESIAN_POINT('',(-52.334,-39.04,-274.946));
#1772=CARTESIAN_POINT('',(-65.798,-51.598,-275.943));
#1773=CARTESIAN_POINT('',(-90.714,-81.924,-272.616));
#1774=CARTESIAN_POINT('',(-122.714,-129.17,-264.78));
#1775=CARTESIAN_POINT('',(-155.236,-176.535,-250.014));
#1776=CARTESIAN_POINT('',(-180.074,-226.915,-232.827));
#1777=CARTESIAN_POINT('',(-202.399,-278.895,-214.524));
#1778=CARTESIAN_POINT('',(-215.977,-331.525,-195.832));
#1779=CARTESIAN_POINT('',(-226.726,-385.309,-177.803));
#1780=CARTESIAN_POINT('',(-231.45,-439.581,-160.683));
#1781=CARTESIAN_POINT('',(-233.71,-495.213,-144.414));
#1782=CARTESIAN_POINT('',(-234.803,-555.216,-126.53));
#1783=CARTESIAN_POINT('',(-231.431,-615.223,-111.542));
#1784=CARTESIAN_POINT('',(-230.233,-677.03,-103.238));
#1785=CARTESIAN_POINT('',(-223.465,-742.945,-92.276));
#1786=CARTESIAN_POINT('',(-220.578,-796.302,-73.875));
#1787=CARTESIAN_POINT('',(-217.966,-848.206,-62.824));
#1788=CARTESIAN_POINT('',(-221.261,-899.911,-53.48));
#1789=CARTESIAN_POINT('',(-225.638,-948.158,-35.583));
#1790=CARTESIAN_POINT('',(-248.923,-997.737,-11.397));
#1791=CARTESIAN_POINT('',(-257.669,-1027.846,19.833));
#1792=CARTESIAN_POINT('',(-266.765,-1047.965,62.243));
#1793=CARTESIAN_POINT('',(-242.036,-1046.573,108.029));
#1794=CARTESIAN_POINT('',(-213.122,-1040.843,124.517));
#1795=CARTESIAN_POINT('',(-198.01,-1036.465,131.125));
#1796=CARTESIAN_POINT('',(-14.085,-53.272,-270.795));
#1797=CARTESIAN_POINT('',(-26.19,-69.258,-267.72));
#1798=CARTESIAN_POINT('',(-50.591,-95.923,-265.879));
#1799=CARTESIAN_POINT('',(-86.869,-140.894,-255.194));
#1800=CARTESIAN_POINT('',(-115.868,-191.336,-240.317));
#1801=CARTESIAN_POINT('',(-142.931,-243.297,-222.582));
#1802=CARTESIAN_POINT('',(-160.525,-298.426,-203.366));
#1803=CARTESIAN_POINT('',(-176.479,-356.538,-183.76));
#1804=CARTESIAN_POINT('',(-183.608,-416.101,-165.204));
#1805=CARTESIAN_POINT('',(-186.475,-476.94,-148.383));
#1806=CARTESIAN_POINT('',(-188.833,-540.698,-130.988));
#1807=CARTESIAN_POINT('',(-184.756,-607.086,-113.874));
#1808=CARTESIAN_POINT('',(-179.464,-676.99,-103.431));
#1809=CARTESIAN_POINT('',(-171.968,-750.913,-90.291));
#1810=CARTESIAN_POINT('',(-163.861,-820.747,-68.666));
#1811=CARTESIAN_POINT('',(-157.052,-888.642,-62.21));
#1812=CARTESIAN_POINT('',(-153.886,-962.966,-46.314));
#1813=CARTESIAN_POINT('',(-151.448,-1022.983,-27.478));
#1814=CARTESIAN_POINT('',(-165.372,-1090.867,-11.605));
#1815=CARTESIAN_POINT('',(-177.958,-1140.673,9.41));
#1816=CARTESIAN_POINT('',(-195.432,-1185.553,44.784));
#1817=CARTESIAN_POINT('',(-195.477,-1206.015,100.97));
#1818=CARTESIAN_POINT('',(-159.392,-1198.306,146.39));
#1819=CARTESIAN_POINT('',(-128.103,-1191.332,153.97));
#1820=CARTESIAN_POINT('',(-117.193,-1186.976,158.288));
#1821=CARTESIAN_POINT('',(25.721,-64.613,-268.156));
#1822=CARTESIAN_POINT('',(11.351,-75.042,-266.918));
#1823=CARTESIAN_POINT('',(-11.376,-107.539,-259.429));
#1824=CARTESIAN_POINT('',(-44.179,-152.183,-247.489));
#1825=CARTESIAN_POINT('',(-79.44,-200.29,-232.489));
#1826=CARTESIAN_POINT('',(-103.581,-255.166,-214.025));
#1827=CARTESIAN_POINT('',(-126.824,-312.978,-194.786));
#1828=CARTESIAN_POINT('',(-137.823,-375.12,-174.673));
#1829=CARTESIAN_POINT('',(-145.089,-439.592,-156.959));
#1830=CARTESIAN_POINT('',(-147.013,-509.018,-139.488));
#1831=CARTESIAN_POINT('',(-144.492,-577.843,-121.039));
#1832=CARTESIAN_POINT('',(-137.648,-652.934,-106.646));
#1833=CARTESIAN_POINT('',(-129.909,-735.567,-94.408));
#1834=CARTESIAN_POINT('',(-117.798,-814.145,-71.056));
#1835=CARTESIAN_POINT('',(-102.577,-893.119,-63.066));
#1836=CARTESIAN_POINT('',(-88.154,-987.452,-41.093));
#1837=CARTESIAN_POINT('',(-84.47,-1064.66,-21.07));
#1838=CARTESIAN_POINT('',(-87.17,-1147.872,-10.772));
#1839=CARTESIAN_POINT('',(-93.548,-1222.125,11.32));
#1840=CARTESIAN_POINT('',(-106.958,-1300.324,42.442));
#1841=CARTESIAN_POINT('',(-122.311,-1348.598,81.481));
#1842=CARTESIAN_POINT('',(-110.272,-1372.011,144.846));
#1843=CARTESIAN_POINT('',(-67.839,-1377.486,178.317));
#1844=CARTESIAN_POINT('',(-42.012,-1373.835,188.671));
#1845=CARTESIAN_POINT('',(-25.453,-1367.167,192.621));
#1846=CARTESIAN_POINT('',(69.005,-74.12,-264.465));
#1847=CARTESIAN_POINT('',(57.123,-89.634,-261.063));
#1848=CARTESIAN_POINT('',(30.189,-113.381,-256.062));
#1849=CARTESIAN_POINT('',(-7.24,-157.827,-242.342));
#1850=CARTESIAN_POINT('',(-35.812,-207.883,-225.314));
#1851=CARTESIAN_POINT('',(-68.3,-258.749,-208.795));
#1852=CARTESIAN_POINT('',(-85.983,-320.484,-188.527));
#1853=CARTESIAN_POINT('',(-104.257,-385.014,-169.669));
#1854=CARTESIAN_POINT('',(-105.964,-455.109,-151.378));
#1855=CARTESIAN_POINT('',(-108.246,-527.683,-134.306));
#1856=CARTESIAN_POINT('',(-99.519,-605.351,-114.321));
#1857=CARTESIAN_POINT('',(-102.247,-691.446,-102.57));
#1858=CARTESIAN_POINT('',(-85.993,-777.445,-81.268));
#1859=CARTESIAN_POINT('',(-67.671,-866.916,-65.226));
#1860=CARTESIAN_POINT('',(-53.46,-967.013,-46.912));
#1861=CARTESIAN_POINT('',(-42.149,-1063.26,-21.881));
#1862=CARTESIAN_POINT('',(-35.634,-1164.193,-11.516));
#1863=CARTESIAN_POINT('',(-26.654,-1255.036,17.383));
#1864=CARTESIAN_POINT('',(-19.92,-1351.972,36.943));
#1865=CARTESIAN_POINT('',(-24.806,-1444.779,65.465));
#1866=CARTESIAN_POINT('',(-39.129,-1514.732,108.691));
#1867=CARTESIAN_POINT('',(-30.667,-1562.81,168.464));
#1868=CARTESIAN_POINT('',(10.321,-1560.221,205.766));
#1869=CARTESIAN_POINT('',(44.03,-1555.259,220.717));
#1870=CARTESIAN_POINT('',(54.553,-1546.034,223.309));
#1871=CARTESIAN_POINT('',(103.46,-81.508,-260.675));
#1872=CARTESIAN_POINT('',(89.51,-92.844,-258.812));
#1873=CARTESIAN_POINT('',(68.965,-124.152,-249.87));
#1874=CARTESIAN_POINT('',(37.369,-166.606,-236.168));
#1875=CARTESIAN_POINT('',(4.577,-210.842,-220.502));
#1876=CARTESIAN_POINT('',(-20.398,-261.805,-202.779));
#1877=CARTESIAN_POINT('',(-53.222,-315.605,-187.09));
#1878=CARTESIAN_POINT('',(-66.178,-385.611,-166.728));
#1879=CARTESIAN_POINT('',(-77.082,-458.993,-149.603));
#1880=CARTESIAN_POINT('',(-65.393,-535.815,-130.386));
#1881=CARTESIAN_POINT('',(-72.339,-617.74,-112.3));
#1882=CARTESIAN_POINT('',(-58.201,-709.333,-98.77));
#1883=CARTESIAN_POINT('',(-57.442,-804.564,-74.451));
#1884=CARTESIAN_POINT('',(-33.687,-910.16,-59.454));
#1885=CARTESIAN_POINT('',(-19.421,-1014.863,-32.091));
#1886=CARTESIAN_POINT('',(2.571,-1127.054,-17.527));
#1887=CARTESIAN_POINT('',(31.076,-1230.014,11.528));
#1888=CARTESIAN_POINT('',(41.158,-1348.377,28.773));
#1889=CARTESIAN_POINT('',(49.847,-1466.552,57.615));
#1890=CARTESIAN_POINT('',(49.834,-1577.921,88.9));
#1891=CARTESIAN_POINT('',(43.449,-1680.901,123.806));
#1892=CARTESIAN_POINT('',(50.668,-1743.283,177.855));
#1893=CARTESIAN_POINT('',(82.04,-1775.373,244.08));
#1894=CARTESIAN_POINT('',(117.988,-1756.826,259.99));
#1895=CARTESIAN_POINT('',(137.703,-1744.555,262.852));
#1896=CARTESIAN_POINT('',(133.623,-93.79,-254.259));
#1897=CARTESIAN_POINT('',(121.415,-105.759,-251.385));
#1898=CARTESIAN_POINT('',(101.357,-129.654,-245.554));
#1899=CARTESIAN_POINT('',(75.472,-168.797,-231.674));
#1900=CARTESIAN_POINT('',(50.875,-210.992,-216.561));
#1901=CARTESIAN_POINT('',(24.728,-256.977,-200.449));
#1902=CARTESIAN_POINT('',(-1.955,-308.375,-184.577));
#1903=CARTESIAN_POINT('',(-36.171,-370.587,-168.234));
#1904=CARTESIAN_POINT('',(-35.436,-450.714,-148.721));
#1905=CARTESIAN_POINT('',(-31.746,-526.719,-130.571));
#1906=CARTESIAN_POINT('',(-31.368,-615.206,-112.219));
#1907=CARTESIAN_POINT('',(-42.585,-709.92,-97.704));
#1908=CARTESIAN_POINT('',(-24.752,-811.536,-73.27));
#1909=CARTESIAN_POINT('',(-8.54,-918.345,-56.221));
#1910=CARTESIAN_POINT('',(16.708,-1028.698,-31.023));
#1911=CARTESIAN_POINT('',(46.518,-1145.012,-9.637));
#1912=CARTESIAN_POINT('',(83.234,-1266.215,15.48));
#1913=CARTESIAN_POINT('',(81.936,-1403.221,40.923));
#1914=CARTESIAN_POINT('',(113.918,-1528.233,74.13));
#1915=CARTESIAN_POINT('',(122.654,-1675.67,106.342));
#1916=CARTESIAN_POINT('',(130.379,-1798.834,136.932));
#1917=CARTESIAN_POINT('',(112.208,-1926.788,207.505));
#1918=CARTESIAN_POINT('',(195.906,-1931.426,298.347));
#1919=CARTESIAN_POINT('',(248.831,-1914.144,277.846));
#1920=CARTESIAN_POINT('',(257.759,-1881.177,285.99));
#1921=CARTESIAN_POINT('',(159.109,-103.567,-249.507));
#1922=CARTESIAN_POINT('',(148.67,-112.209,-247.059));
#1923=CARTESIAN_POINT('',(137.789,-138.207,-237.577));
#1924=CARTESIAN_POINT('',(120.277,-166.899,-228.116));
#1925=CARTESIAN_POINT('',(94.756,-205.238,-214.205));
#1926=CARTESIAN_POINT('',(80.043,-250.843,-197.293));
#1927=CARTESIAN_POINT('',(47.435,-294.848,-184.766));
#1928=CARTESIAN_POINT('',(19.144,-346.892,-170.207));
#1929=CARTESIAN_POINT('',(-22.355,-426.089,-152.886));
#1930=CARTESIAN_POINT('',(25.926,-511.528,-129.478));
#1931=CARTESIAN_POINT('',(3.698,-588.894,-114.359));
#1932=CARTESIAN_POINT('',(-6.796,-686.39,-101.824));
#1933=CARTESIAN_POINT('',(-13.163,-792.871,-76.089));
#1934=CARTESIAN_POINT('',(19.064,-900.457,-59.387));
#1935=CARTESIAN_POINT('',(27.158,-1016.13,-32.065));
#1936=CARTESIAN_POINT('',(96.122,-1128.341,-13.068));
#1937=CARTESIAN_POINT('',(120.843,-1257.768,18.441));
#1938=CARTESIAN_POINT('',(120.733,-1399.698,38.776));
#1939=CARTESIAN_POINT('',(168.091,-1538.95,78.758));
#1940=CARTESIAN_POINT('',(167.755,-1686.16,100.449));
#1941=CARTESIAN_POINT('',(178.38,-1840.397,147.555));
#1942=CARTESIAN_POINT('',(237.242,-2000.63,140.696));
#1943=CARTESIAN_POINT('',(209.521,-2160.108,301.817));
#1944=CARTESIAN_POINT('',(320.348,-2052.298,331.8));
#1945=CARTESIAN_POINT('',(336.871,-2043.313,324.423));
#1946=CARTESIAN_POINT('',(177.752,-109.135,-245.587));
#1947=CARTESIAN_POINT('',(171.618,-118.137,-242.551));
#1948=CARTESIAN_POINT('',(165.369,-135.067,-236.578));
#1949=CARTESIAN_POINT('',(152.467,-169.495,-222.222));
#1950=CARTESIAN_POINT('',(134.956,-190.833,-215.413));
#1951=CARTESIAN_POINT('',(107.955,-240.807,-197.395));
#1952=CARTESIAN_POINT('',(94.721,-284.444,-182.53));
#1953=CARTESIAN_POINT('',(55.768,-328.126,-172.504));
#1954=CARTESIAN_POINT('',(13.578,-399.504,-155.87));
#1955=CARTESIAN_POINT('',(22.381,-485.562,-135.356));
#1956=CARTESIAN_POINT('',(41.655,-569.164,-114.452));
#1957=CARTESIAN_POINT('',(24.171,-652.064,-105.575));
#1958=CARTESIAN_POINT('',(5.265,-764.366,-81.892));
#1959=CARTESIAN_POINT('',(33.569,-866.771,-63.88));
#1960=CARTESIAN_POINT('',(45.872,-984.953,-39.126));
#1961=CARTESIAN_POINT('',(111.488,-1103.249,-13.941));
#1962=CARTESIAN_POINT('',(150.274,-1234.492,14.14));
#1963=CARTESIAN_POINT('',(153.785,-1370.441,37.332));
#1964=CARTESIAN_POINT('',(172.726,-1511.197,69.528));
#1965=CARTESIAN_POINT('',(202.327,-1652.044,100.878));
#1966=CARTESIAN_POINT('',(230.584,-1796.086,124.674));
#1967=CARTESIAN_POINT('',(277.508,-1957.437,169.242));
#1968=CARTESIAN_POINT('',(317.653,-2127.253,165.06));
#1969=CARTESIAN_POINT('',(376.279,-2159.834,292.443));
#1970=CARTESIAN_POINT('',(419.272,-2082.758,298.239));
#1971=CARTESIAN_POINT('',(185.097,-110.355,-244.594));
#1972=CARTESIAN_POINT('',(182.645,-118.279,-241.693));
#1973=CARTESIAN_POINT('',(186.24,-131.68,-235.403));
#1974=CARTESIAN_POINT('',(162.17,-159.066,-226.061));
#1975=CARTESIAN_POINT('',(152.289,-192.754,-211.935));
#1976=CARTESIAN_POINT('',(124.387,-227.028,-201.245));
#1977=CARTESIAN_POINT('',(101.439,-277.489,-183.764));
#1978=CARTESIAN_POINT('',(86.172,-324.605,-170.505));
#1979=CARTESIAN_POINT('',(28.445,-379.083,-159.811));
#1980=CARTESIAN_POINT('',(39.615,-472.243,-136.413));
#1981=CARTESIAN_POINT('',(49.957,-552.811,-116.897));
#1982=CARTESIAN_POINT('',(39.809,-630.912,-107.257));
#1983=CARTESIAN_POINT('',(18.265,-740.054,-86.593));
#1984=CARTESIAN_POINT('',(36.641,-845.451,-66.527));
#1985=CARTESIAN_POINT('',(53.54,-952.073,-45.423));
#1986=CARTESIAN_POINT('',(101.062,-1082.644,-18.248));
#1987=CARTESIAN_POINT('',(175.246,-1212.75,12.416));
#1988=CARTESIAN_POINT('',(158.89,-1340.495,32.811));
#1989=CARTESIAN_POINT('',(192.084,-1492.89,66.172));
#1990=CARTESIAN_POINT('',(206.735,-1625.913,94.513));
#1991=CARTESIAN_POINT('',(263.947,-1769.091,123.659));
#1992=CARTESIAN_POINT('',(289.621,-1917.444,151.849));
#1993=CARTESIAN_POINT('',(350.208,-2062.642,188.311));
#1994=CARTESIAN_POINT('',(404.989,-2098.27,222.946));
#1995=CARTESIAN_POINT('',(435.174,-2084.531,256.058));
#1996=CARTESIAN_POINT('',(454.997,2063.685,237.771));
#1997=CARTESIAN_POINT('',(439.762,2031.35,229.373));
#1998=CARTESIAN_POINT('',(421.386,1938.767,173.015));
#1999=CARTESIAN_POINT('',(409.428,1759.91,166.537));
#2000=CARTESIAN_POINT('',(397.366,1677.436,139.665));
#2001=CARTESIAN_POINT('',(365.702,1454.792,115.303));
#2002=CARTESIAN_POINT('',(324.33,1227.753,59.969));
#2003=CARTESIAN_POINT('',(305.999,1032.427,79.8));
#2004=CARTESIAN_POINT('',(266.25,840.104,11.721));
#2005=CARTESIAN_POINT('',(260.616,659.396,-22.851));
#2006=CARTESIAN_POINT('',(205.533,505.927,-77.195));
#2007=CARTESIAN_POINT('',(251.384,375.965,-95.388));
#2008=CARTESIAN_POINT('',(346.546,281.157,-127.069));
#2009=CARTESIAN_POINT('',(471.929,238.027,-109.905));
#2010=CARTESIAN_POINT('',(574.633,182.534,-137.17));
#2011=CARTESIAN_POINT('',(689.837,152.443,-137.985));
#2012=CARTESIAN_POINT('',(816.882,117.527,-97.192));
#2013=CARTESIAN_POINT('',(921.561,93.527,-133.221));
#2014=CARTESIAN_POINT('',(1045.769,95.723,-115.588));
#2015=CARTESIAN_POINT('',(1157.872,128.619,-150.714));
#2016=CARTESIAN_POINT('',(1290.09,248.315,-145.856));
#2017=CARTESIAN_POINT('',(1333.004,442.8,-142.204));
#2018=CARTESIAN_POINT('',(1399.226,638.414,-141.132));
#2019=CARTESIAN_POINT('',(1481.467,696.458,-157.944));
#2020=CARTESIAN_POINT('',(1528.708,720.916,-151.621));
#2021=CARTESIAN_POINT('',(466.728,2066.805,283.961));
#2022=CARTESIAN_POINT('',(461.524,1997.539,241.715));
#2023=CARTESIAN_POINT('',(443.135,1945.582,173.107));
#2024=CARTESIAN_POINT('',(429.302,1713.725,174.227));
#2025=CARTESIAN_POINT('',(431.693,1768.086,179.093));
#2026=CARTESIAN_POINT('',(378.098,1461.208,128.159));
#2027=CARTESIAN_POINT('',(330.,1208.937,70.681));
#2028=CARTESIAN_POINT('',(304.002,1016.139,92.208));
#2029=CARTESIAN_POINT('',(269.399,829.241,16.797));
#2030=CARTESIAN_POINT('',(256.002,647.533,-4.857));
#2031=CARTESIAN_POINT('',(212.872,492.442,-83.563));
#2032=CARTESIAN_POINT('',(248.914,378.937,-88.239));
#2033=CARTESIAN_POINT('',(368.28,269.234,-131.524));
#2034=CARTESIAN_POINT('',(469.191,246.051,-101.379));
#2035=CARTESIAN_POINT('',(587.273,178.283,-136.235));
#2036=CARTESIAN_POINT('',(697.068,153.756,-129.539));
#2037=CARTESIAN_POINT('',(826.22,114.544,-93.337));
#2038=CARTESIAN_POINT('',(923.859,93.871,-130.902));
#2039=CARTESIAN_POINT('',(1047.032,97.156,-112.448));
#2040=CARTESIAN_POINT('',(1154.745,126.874,-144.44));
#2041=CARTESIAN_POINT('',(1289.419,260.289,-144.655));
#2042=CARTESIAN_POINT('',(1324.598,467.986,-131.889));
#2043=CARTESIAN_POINT('',(1401.728,665.212,-140.16));
#2044=CARTESIAN_POINT('',(1480.153,740.299,-168.189));
#2045=CARTESIAN_POINT('',(1516.904,736.072,-153.304));
#2046=CARTESIAN_POINT('',(444.203,1960.576,277.916));
#2047=CARTESIAN_POINT('',(444.534,1956.866,251.461));
#2048=CARTESIAN_POINT('',(471.364,1824.044,230.794));
#2049=CARTESIAN_POINT('',(407.838,1731.886,219.22));
#2050=CARTESIAN_POINT('',(404.725,1581.734,203.296));
#2051=CARTESIAN_POINT('',(374.205,1462.084,134.094));
#2052=CARTESIAN_POINT('',(349.72,1168.915,114.546));
#2053=CARTESIAN_POINT('',(267.672,1003.816,93.243));
#2054=CARTESIAN_POINT('',(276.721,772.352,30.72));
#2055=CARTESIAN_POINT('',(236.541,615.99,-19.82));
#2056=CARTESIAN_POINT('',(221.808,466.735,-71.574));
#2057=CARTESIAN_POINT('',(273.85,354.724,-88.959));
#2058=CARTESIAN_POINT('',(387.786,271.83,-113.182));
#2059=CARTESIAN_POINT('',(500.825,234.043,-95.888));
#2060=CARTESIAN_POINT('',(597.37,175.583,-139.949));
#2061=CARTESIAN_POINT('',(724.67,149.69,-112.062));
#2062=CARTESIAN_POINT('',(833.652,111.675,-88.612));
#2063=CARTESIAN_POINT('',(933.999,94.394,-125.357));
#2064=CARTESIAN_POINT('',(1047.917,99.888,-106.86));
#2065=CARTESIAN_POINT('',(1153.201,128.744,-131.623));
#2066=CARTESIAN_POINT('',(1273.146,262.781,-138.109));
#2067=CARTESIAN_POINT('',(1310.598,504.701,-105.302));
#2068=CARTESIAN_POINT('',(1363.508,720.116,-96.058));
#2069=CARTESIAN_POINT('',(1450.315,834.96,-79.171));
#2070=CARTESIAN_POINT('',(1538.85,805.997,-110.511));
#2071=CARTESIAN_POINT('',(365.591,1837.589,277.313));
#2072=CARTESIAN_POINT('',(399.736,1798.074,270.744));
#2073=CARTESIAN_POINT('',(365.741,1711.313,248.571));
#2074=CARTESIAN_POINT('',(366.625,1583.783,217.924));
#2075=CARTESIAN_POINT('',(335.467,1459.334,198.65));
#2076=CARTESIAN_POINT('',(354.464,1263.075,133.291));
#2077=CARTESIAN_POINT('',(268.595,1109.056,149.208));
#2078=CARTESIAN_POINT('',(262.853,922.632,79.142));
#2079=CARTESIAN_POINT('',(245.981,718.75,47.439));
#2080=CARTESIAN_POINT('',(240.684,559.637,-30.175));
#2081=CARTESIAN_POINT('',(218.833,441.581,-57.49));
#2082=CARTESIAN_POINT('',(313.887,326.192,-95.288));
#2083=CARTESIAN_POINT('',(423.938,262.329,-93.111));
#2084=CARTESIAN_POINT('',(521.494,224.919,-99.857));
#2085=CARTESIAN_POINT('',(631.713,171.222,-122.97));
#2086=CARTESIAN_POINT('',(749.253,145.213,-90.295));
#2087=CARTESIAN_POINT('',(846.057,105.438,-87.923));
#2088=CARTESIAN_POINT('',(943.827,95.508,-111.781));
#2089=CARTESIAN_POINT('',(1046.481,97.727,-103.277));
#2090=CARTESIAN_POINT('',(1156.703,129.435,-111.265));
#2091=CARTESIAN_POINT('',(1246.144,271.744,-124.524));
#2092=CARTESIAN_POINT('',(1316.751,483.946,-50.43));
#2093=CARTESIAN_POINT('',(1410.43,668.258,-31.692));
#2094=CARTESIAN_POINT('',(1510.943,730.727,-34.611));
#2095=CARTESIAN_POINT('',(1572.509,739.269,-34.248));
#2096=CARTESIAN_POINT('',(330.302,1668.012,251.891));
#2097=CARTESIAN_POINT('',(332.022,1648.794,238.49));
#2098=CARTESIAN_POINT('',(321.964,1582.523,233.758));
#2099=CARTESIAN_POINT('',(308.64,1467.096,212.453));
#2100=CARTESIAN_POINT('',(312.981,1317.047,168.522));
#2101=CARTESIAN_POINT('',(280.595,1177.564,157.693));
#2102=CARTESIAN_POINT('',(231.409,1025.352,128.616));
#2103=CARTESIAN_POINT('',(236.629,841.368,79.62));
#2104=CARTESIAN_POINT('',(229.913,662.847,39.137));
#2105=CARTESIAN_POINT('',(223.885,518.879,-28.032));
#2106=CARTESIAN_POINT('',(242.022,402.583,-55.169));
#2107=CARTESIAN_POINT('',(350.635,299.298,-82.398));
#2108=CARTESIAN_POINT('',(450.457,259.715,-80.816));
#2109=CARTESIAN_POINT('',(555.519,207.775,-96.052));
#2110=CARTESIAN_POINT('',(656.252,170.406,-102.782));
#2111=CARTESIAN_POINT('',(773.341,132.612,-77.851));
#2112=CARTESIAN_POINT('',(856.421,106.223,-85.943));
#2113=CARTESIAN_POINT('',(955.589,92.417,-103.573));
#2114=CARTESIAN_POINT('',(1044.432,100.448,-92.603));
#2115=CARTESIAN_POINT('',(1158.004,127.852,-105.533));
#2116=CARTESIAN_POINT('',(1227.596,263.989,-97.648));
#2117=CARTESIAN_POINT('',(1341.312,434.584,-26.01));
#2118=CARTESIAN_POINT('',(1456.882,576.389,-43.097));
#2119=CARTESIAN_POINT('',(1509.83,656.238,-32.055));
#2120=CARTESIAN_POINT('',(1562.974,641.145,-36.852));
#2121=CARTESIAN_POINT('',(256.406,1537.791,234.179));
#2122=CARTESIAN_POINT('',(256.897,1507.448,233.546));
#2123=CARTESIAN_POINT('',(265.131,1450.364,217.83));
#2124=CARTESIAN_POINT('',(281.565,1338.26,181.527));
#2125=CARTESIAN_POINT('',(255.462,1211.948,175.681));
#2126=CARTESIAN_POINT('',(218.319,1075.703,139.896));
#2127=CARTESIAN_POINT('',(203.484,934.264,120.295));
#2128=CARTESIAN_POINT('',(212.119,766.049,69.744));
#2129=CARTESIAN_POINT('',(215.209,608.278,34.377));
#2130=CARTESIAN_POINT('',(219.016,476.006,-30.775));
#2131=CARTESIAN_POINT('',(264.227,362.,-52.285));
#2132=CARTESIAN_POINT('',(387.087,288.279,-77.266));
#2133=CARTESIAN_POINT('',(476.233,245.411,-71.869));
#2134=CARTESIAN_POINT('',(582.408,198.57,-89.873));
#2135=CARTESIAN_POINT('',(682.757,162.208,-89.24));
#2136=CARTESIAN_POINT('',(791.879,126.163,-69.73));
#2137=CARTESIAN_POINT('',(867.146,103.083,-81.445));
#2138=CARTESIAN_POINT('',(965.16,92.137,-94.513));
#2139=CARTESIAN_POINT('',(1052.513,100.632,-85.714));
#2140=CARTESIAN_POINT('',(1152.268,130.894,-93.729));
#2141=CARTESIAN_POINT('',(1231.661,247.033,-75.313));
#2142=CARTESIAN_POINT('',(1340.48,388.907,-27.535));
#2143=CARTESIAN_POINT('',(1492.759,489.738,-36.124));
#2144=CARTESIAN_POINT('',(1524.002,509.857,-32.009));
#2145=CARTESIAN_POINT('',(1552.962,527.496,-33.22));
#2146=CARTESIAN_POINT('',(223.537,1370.972,202.067));
#2147=CARTESIAN_POINT('',(234.208,1363.415,196.926));
#2148=CARTESIAN_POINT('',(231.195,1311.809,182.441));
#2149=CARTESIAN_POINT('',(213.649,1235.983,191.306));
#2150=CARTESIAN_POINT('',(194.151,1107.282,144.997));
#2151=CARTESIAN_POINT('',(177.658,989.022,141.056));
#2152=CARTESIAN_POINT('',(180.405,848.906,96.872));
#2153=CARTESIAN_POINT('',(188.153,701.728,67.746));
#2154=CARTESIAN_POINT('',(206.535,560.803,21.581));
#2155=CARTESIAN_POINT('',(212.92,429.707,-31.386));
#2156=CARTESIAN_POINT('',(309.189,329.539,-48.354));
#2157=CARTESIAN_POINT('',(404.311,276.846,-65.151));
#2158=CARTESIAN_POINT('',(510.649,230.891,-66.208));
#2159=CARTESIAN_POINT('',(606.071,187.748,-78.892));
#2160=CARTESIAN_POINT('',(709.281,155.101,-74.433));
#2161=CARTESIAN_POINT('',(805.57,117.526,-63.64));
#2162=CARTESIAN_POINT('',(879.345,100.624,-78.058));
#2163=CARTESIAN_POINT('',(975.301,91.105,-85.707));
#2164=CARTESIAN_POINT('',(1055.741,98.766,-79.515));
#2165=CARTESIAN_POINT('',(1155.129,136.43,-83.996));
#2166=CARTESIAN_POINT('',(1222.479,226.947,-61.237));
#2167=CARTESIAN_POINT('',(1352.288,349.349,-27.326));
#2168=CARTESIAN_POINT('',(1474.227,407.625,-38.171));
#2169=CARTESIAN_POINT('',(1536.941,418.848,-33.166));
#2170=CARTESIAN_POINT('',(1574.779,427.215,-35.471));
#2171=CARTESIAN_POINT('',(158.81,1267.369,190.232));
#2172=CARTESIAN_POINT('',(156.703,1253.652,188.373));
#2173=CARTESIAN_POINT('',(155.484,1201.745,189.984));
#2174=CARTESIAN_POINT('',(162.221,1117.956,146.624));
#2175=CARTESIAN_POINT('',(157.088,1015.582,149.702));
#2176=CARTESIAN_POINT('',(154.065,899.419,114.495));
#2177=CARTESIAN_POINT('',(155.543,771.329,88.678));
#2178=CARTESIAN_POINT('',(178.568,638.451,56.809));
#2179=CARTESIAN_POINT('',(190.048,498.088,7.747));
#2180=CARTESIAN_POINT('',(238.221,377.046,-32.658));
#2181=CARTESIAN_POINT('',(334.707,310.857,-40.238));
#2182=CARTESIAN_POINT('',(434.117,262.17,-57.001));
#2183=CARTESIAN_POINT('',(537.573,216.508,-59.148));
#2184=CARTESIAN_POINT('',(631.695,177.983,-69.99));
#2185=CARTESIAN_POINT('',(732.464,145.732,-65.266));
#2186=CARTESIAN_POINT('',(817.677,111.542,-58.288));
#2187=CARTESIAN_POINT('',(890.685,99.316,-72.408));
#2188=CARTESIAN_POINT('',(980.587,89.668,-78.437));
#2189=CARTESIAN_POINT('',(1062.119,99.748,-72.186));
#2190=CARTESIAN_POINT('',(1153.343,135.742,-74.523));
#2191=CARTESIAN_POINT('',(1225.714,212.363,-50.112));
#2192=CARTESIAN_POINT('',(1344.915,312.92,-30.677));
#2193=CARTESIAN_POINT('',(1478.281,355.399,-35.089));
#2194=CARTESIAN_POINT('',(1541.771,361.518,-32.874));
#2195=CARTESIAN_POINT('',(1569.52,341.484,-36.643));
#2196=CARTESIAN_POINT('',(107.621,1134.603,164.135));
#2197=CARTESIAN_POINT('',(116.694,1119.936,162.002));
#2198=CARTESIAN_POINT('',(127.474,1085.372,140.641));
#2199=CARTESIAN_POINT('',(126.545,1010.428,153.639));
#2200=CARTESIAN_POINT('',(127.561,918.929,121.226));
#2201=CARTESIAN_POINT('',(123.297,817.733,106.215));
#2202=CARTESIAN_POINT('',(135.857,689.562,70.356));
#2203=CARTESIAN_POINT('',(165.917,565.584,46.41));
#2204=CARTESIAN_POINT('',(190.247,438.541,-9.584));
#2205=CARTESIAN_POINT('',(262.493,346.463,-20.754));
#2206=CARTESIAN_POINT('',(365.56,289.313,-37.283));
#2207=CARTESIAN_POINT('',(459.135,248.473,-45.712));
#2208=CARTESIAN_POINT('',(567.742,201.242,-54.53));
#2209=CARTESIAN_POINT('',(654.241,168.289,-58.832));
#2210=CARTESIAN_POINT('',(752.38,135.614,-55.929));
#2211=CARTESIAN_POINT('',(827.28,108.283,-53.552));
#2212=CARTESIAN_POINT('',(908.122,93.955,-67.441));
#2213=CARTESIAN_POINT('',(990.411,90.118,-70.484));
#2214=CARTESIAN_POINT('',(1069.525,100.075,-66.289));
#2215=CARTESIAN_POINT('',(1155.655,137.384,-64.394));
#2216=CARTESIAN_POINT('',(1230.583,204.843,-41.515));
#2217=CARTESIAN_POINT('',(1347.188,279.233,-29.39));
#2218=CARTESIAN_POINT('',(1482.081,320.818,-35.848));
#2219=CARTESIAN_POINT('',(1557.463,295.824,-34.529));
#2220=CARTESIAN_POINT('',(1583.247,265.961,-38.332));
#2221=CARTESIAN_POINT('',(78.685,1024.119,146.365));
#2222=CARTESIAN_POINT('',(80.427,1012.257,143.607));
#2223=CARTESIAN_POINT('',(84.037,971.932,152.248));
#2224=CARTESIAN_POINT('',(90.58,905.199,120.603));
#2225=CARTESIAN_POINT('',(90.52,824.96,110.16));
#2226=CARTESIAN_POINT('',(100.082,731.557,85.645));
#2227=CARTESIAN_POINT('',(127.254,609.743,60.949));
#2228=CARTESIAN_POINT('',(157.219,501.955,26.989));
#2229=CARTESIAN_POINT('',(203.921,383.436,-12.583));
#2230=CARTESIAN_POINT('',(294.22,314.725,-12.895));
#2231=CARTESIAN_POINT('',(392.05,268.966,-34.447));
#2232=CARTESIAN_POINT('',(490.721,232.181,-34.418));
#2233=CARTESIAN_POINT('',(589.027,187.236,-49.688));
#2234=CARTESIAN_POINT('',(678.176,160.173,-47.529));
#2235=CARTESIAN_POINT('',(768.697,126.075,-49.787));
#2236=CARTESIAN_POINT('',(842.869,102.722,-48.706));
#2237=CARTESIAN_POINT('',(921.468,90.381,-63.33));
#2238=CARTESIAN_POINT('',(1001.74,87.781,-63.005));
#2239=CARTESIAN_POINT('',(1078.311,101.242,-59.939));
#2240=CARTESIAN_POINT('',(1160.826,137.989,-54.562));
#2241=CARTESIAN_POINT('',(1236.057,195.064,-33.562));
#2242=CARTESIAN_POINT('',(1357.804,259.495,-29.734));
#2243=CARTESIAN_POINT('',(1518.448,289.444,-35.939));
#2244=CARTESIAN_POINT('',(1582.277,197.744,-30.893));
#2245=CARTESIAN_POINT('',(1617.193,179.225,-48.138));
#2246=CARTESIAN_POINT('',(36.112,913.078,133.008));
#2247=CARTESIAN_POINT('',(41.483,905.632,131.667));
#2248=CARTESIAN_POINT('',(48.579,873.617,114.04));
#2249=CARTESIAN_POINT('',(57.191,810.252,108.119));
#2250=CARTESIAN_POINT('',(68.873,729.628,93.107));
#2251=CARTESIAN_POINT('',(89.586,639.483,63.859));
#2252=CARTESIAN_POINT('',(123.635,537.645,51.228));
#2253=CARTESIAN_POINT('',(160.951,432.996,4.955));
#2254=CARTESIAN_POINT('',(229.3,343.424,-1.244));
#2255=CARTESIAN_POINT('',(321.001,289.325,-11.992));
#2256=CARTESIAN_POINT('',(422.835,252.532,-23.133));
#2257=CARTESIAN_POINT('',(517.272,214.204,-30.212));
#2258=CARTESIAN_POINT('',(612.799,176.461,-41.189));
#2259=CARTESIAN_POINT('',(698.742,149.1,-39.208));
#2260=CARTESIAN_POINT('',(784.346,116.705,-43.258));
#2261=CARTESIAN_POINT('',(856.676,98.734,-44.538));
#2262=CARTESIAN_POINT('',(935.016,86.516,-57.865));
#2263=CARTESIAN_POINT('',(1010.991,87.933,-56.087));
#2264=CARTESIAN_POINT('',(1087.675,101.136,-53.026));
#2265=CARTESIAN_POINT('',(1164.263,139.063,-45.21));
#2266=CARTESIAN_POINT('',(1248.089,187.685,-24.263));
#2267=CARTESIAN_POINT('',(1383.781,250.449,-31.684));
#2268=CARTESIAN_POINT('',(1551.714,216.139,-29.023));
#2269=CARTESIAN_POINT('',(1628.157,152.749,-31.106));
#2270=CARTESIAN_POINT('',(1654.672,116.056,-56.572));
#2271=CARTESIAN_POINT('',(7.902,823.339,109.004));
#2272=CARTESIAN_POINT('',(12.689,813.,107.272));
#2273=CARTESIAN_POINT('',(21.226,777.96,105.407));
#2274=CARTESIAN_POINT('',(37.914,707.565,91.733));
#2275=CARTESIAN_POINT('',(59.701,640.089,63.603));
#2276=CARTESIAN_POINT('',(89.539,556.471,61.673));
#2277=CARTESIAN_POINT('',(120.654,467.919,24.356));
#2278=CARTESIAN_POINT('',(175.414,381.016,6.201));
#2279=CARTESIAN_POINT('',(257.263,304.832,2.632));
#2280=CARTESIAN_POINT('',(351.249,266.836,-5.59));
#2281=CARTESIAN_POINT('',(450.879,233.345,-17.365));
#2282=CARTESIAN_POINT('',(543.262,196.342,-23.832));
#2283=CARTESIAN_POINT('',(632.843,166.467,-34.003));
#2284=CARTESIAN_POINT('',(720.676,137.549,-32.132));
#2285=CARTESIAN_POINT('',(797.011,110.695,-37.438));
#2286=CARTESIAN_POINT('',(872.178,93.792,-40.235));
#2287=CARTESIAN_POINT('',(946.03,84.388,-52.343));
#2288=CARTESIAN_POINT('',(1020.353,85.923,-48.995));
#2289=CARTESIAN_POINT('',(1095.734,103.011,-46.24));
#2290=CARTESIAN_POINT('',(1173.213,136.604,-35.787));
#2291=CARTESIAN_POINT('',(1262.147,184.699,-17.374));
#2292=CARTESIAN_POINT('',(1415.064,223.516,-31.746));
#2293=CARTESIAN_POINT('',(1575.375,171.995,-15.048));
#2294=CARTESIAN_POINT('',(1647.617,107.235,-27.95));
#2295=CARTESIAN_POINT('',(1678.953,80.89,-43.976));
#2296=CARTESIAN_POINT('',(-13.426,726.763,96.605));
#2297=CARTESIAN_POINT('',(-6.114,719.074,93.867));
#2298=CARTESIAN_POINT('',(5.885,685.59,85.84));
#2299=CARTESIAN_POINT('',(28.811,634.534,64.877));
#2300=CARTESIAN_POINT('',(53.533,562.35,65.479));
#2301=CARTESIAN_POINT('',(82.276,478.163,36.373));
#2302=CARTESIAN_POINT('',(126.44,413.51,16.765));
#2303=CARTESIAN_POINT('',(199.277,328.368,9.284));
#2304=CARTESIAN_POINT('',(290.42,274.47,10.12));
#2305=CARTESIAN_POINT('',(378.331,247.516,-1.89));
#2306=CARTESIAN_POINT('',(481.108,213.448,-8.351));
#2307=CARTESIAN_POINT('',(564.1,183.211,-20.156));
#2308=CARTESIAN_POINT('',(657.09,155.201,-24.088));
#2309=CARTESIAN_POINT('',(735.263,127.586,-27.121));
#2310=CARTESIAN_POINT('',(813.236,103.2,-31.597));
#2311=CARTESIAN_POINT('',(884.052,88.462,-37.262));
#2312=CARTESIAN_POINT('',(957.644,80.797,-46.485));
#2313=CARTESIAN_POINT('',(1028.663,85.259,-42.522));
#2314=CARTESIAN_POINT('',(1104.358,103.769,-39.006));
#2315=CARTESIAN_POINT('',(1180.06,135.837,-24.136));
#2316=CARTESIAN_POINT('',(1282.285,179.106,-13.773));
#2317=CARTESIAN_POINT('',(1443.867,189.384,-24.069));
#2318=CARTESIAN_POINT('',(1595.57,128.262,-1.24));
#2319=CARTESIAN_POINT('',(1672.177,78.598,-5.485));
#2320=CARTESIAN_POINT('',(1712.817,50.044,-32.056));
#2321=CARTESIAN_POINT('',(-28.998,631.035,70.661));
#2322=CARTESIAN_POINT('',(-20.864,624.124,69.801));
#2323=CARTESIAN_POINT('',(-6.412,603.805,64.012));
#2324=CARTESIAN_POINT('',(19.373,546.712,63.957));
#2325=CARTESIAN_POINT('',(42.322,486.011,46.586));
#2326=CARTESIAN_POINT('',(88.454,419.031,20.445));
#2327=CARTESIAN_POINT('',(147.642,349.708,18.842));
#2328=CARTESIAN_POINT('',(232.811,285.322,15.673));
#2329=CARTESIAN_POINT('',(313.561,253.086,15.387));
#2330=CARTESIAN_POINT('',(415.223,223.293,4.416));
#2331=CARTESIAN_POINT('',(500.165,198.653,-2.573));
#2332=CARTESIAN_POINT('',(586.184,169.255,-14.754));
#2333=CARTESIAN_POINT('',(674.791,142.343,-17.355));
#2334=CARTESIAN_POINT('',(752.532,118.138,-22.172));
#2335=CARTESIAN_POINT('',(824.631,95.589,-27.142));
#2336=CARTESIAN_POINT('',(898.911,85.237,-32.293));
#2337=CARTESIAN_POINT('',(965.653,78.195,-40.598));
#2338=CARTESIAN_POINT('',(1037.798,84.603,-35.733));
#2339=CARTESIAN_POINT('',(1113.213,104.14,-31.775));
#2340=CARTESIAN_POINT('',(1191.044,133.53,-13.734));
#2341=CARTESIAN_POINT('',(1304.189,170.828,-10.677));
#2342=CARTESIAN_POINT('',(1466.885,152.25,-13.063));
#2343=CARTESIAN_POINT('',(1612.708,99.414,29.931));
#2344=CARTESIAN_POINT('',(1715.97,47.046,2.477));
#2345=CARTESIAN_POINT('',(1727.887,-0.465,-14.88));
#2346=CARTESIAN_POINT('',(-42.632,550.862,63.806));
#2347=CARTESIAN_POINT('',(-32.777,547.157,63.263));
#2348=CARTESIAN_POINT('',(-18.69,521.54,62.258));
#2349=CARTESIAN_POINT('',(7.646,473.158,49.596));
#2350=CARTESIAN_POINT('',(48.317,415.032,24.716));
#2351=CARTESIAN_POINT('',(106.38,354.896,24.68));
#2352=CARTESIAN_POINT('',(177.179,300.447,22.755));
#2353=CARTESIAN_POINT('',(256.195,258.023,22.641));
#2354=CARTESIAN_POINT('',(350.351,226.012,20.81));
#2355=CARTESIAN_POINT('',(438.973,206.183,9.018));
#2356=CARTESIAN_POINT('',(524.013,182.8,2.518));
#2357=CARTESIAN_POINT('',(609.449,154.679,-9.069));
#2358=CARTESIAN_POINT('',(694.649,133.062,-8.934));
#2359=CARTESIAN_POINT('',(765.309,108.271,-18.608));
#2360=CARTESIAN_POINT('',(842.794,90.306,-21.062));
#2361=CARTESIAN_POINT('',(905.283,80.391,-28.657));
#2362=CARTESIAN_POINT('',(977.982,75.709,-35.105));
#2363=CARTESIAN_POINT('',(1044.968,83.171,-29.729));
#2364=CARTESIAN_POINT('',(1123.189,104.07,-22.775));
#2365=CARTESIAN_POINT('',(1202.395,132.851,-2.772));
#2366=CARTESIAN_POINT('',(1327.66,152.656,-5.153));
#2367=CARTESIAN_POINT('',(1482.565,121.77,8.384));
#2368=CARTESIAN_POINT('',(1629.32,75.069,56.013));
#2369=CARTESIAN_POINT('',(1736.699,33.739,28.836));
#2370=CARTESIAN_POINT('',(1722.754,-35.409,5.474));
#2371=CARTESIAN_POINT('',(-58.577,474.549,57.27));
#2372=CARTESIAN_POINT('',(-49.534,467.639,55.655));
#2373=CARTESIAN_POINT('',(-29.803,450.036,49.356));
#2374=CARTESIAN_POINT('',(9.436,406.124,32.531));
#2375=CARTESIAN_POINT('',(67.377,354.069,29.379));
#2376=CARTESIAN_POINT('',(134.518,305.629,29.918));
#2377=CARTESIAN_POINT('',(195.965,266.691,28.54));
#2378=CARTESIAN_POINT('',(287.077,228.245,30.843));
#2379=CARTESIAN_POINT('',(372.663,207.189,25.087));
#2380=CARTESIAN_POINT('',(463.778,189.771,14.597));
#2381=CARTESIAN_POINT('',(537.758,168.881,7.658));
#2382=CARTESIAN_POINT('',(629.046,142.174,-2.04));
#2383=CARTESIAN_POINT('',(705.804,122.102,-5.048));
#2384=CARTESIAN_POINT('',(782.684,99.041,-13.96));
#2385=CARTESIAN_POINT('',(846.694,86.416,-16.922));
#2386=CARTESIAN_POINT('',(916.589,74.614,-24.257));
#2387=CARTESIAN_POINT('',(985.183,73.124,-29.976));
#2388=CARTESIAN_POINT('',(1055.088,82.476,-22.483));
#2389=CARTESIAN_POINT('',(1130.657,104.129,-14.192));
#2390=CARTESIAN_POINT('',(1222.532,127.925,6.43));
#2391=CARTESIAN_POINT('',(1348.166,137.762,5.176));
#2392=CARTESIAN_POINT('',(1488.292,90.378,31.812));
#2393=CARTESIAN_POINT('',(1642.424,74.983,97.876));
#2394=CARTESIAN_POINT('',(1754.755,-0.543,39.83));
#2395=CARTESIAN_POINT('',(1701.652,-55.444,32.518));
#2396=CARTESIAN_POINT('',(-65.344,408.163,50.721));
#2397=CARTESIAN_POINT('',(-53.304,405.305,48.054));
#2398=CARTESIAN_POINT('',(-24.421,381.572,41.618));
#2399=CARTESIAN_POINT('',(27.004,348.623,36.079));
#2400=CARTESIAN_POINT('',(86.435,308.248,35.876));
#2401=CARTESIAN_POINT('',(145.622,269.843,36.175));
#2402=CARTESIAN_POINT('',(222.031,231.527,37.33));
#2403=CARTESIAN_POINT('',(306.283,207.954,37.413));
#2404=CARTESIAN_POINT('',(399.519,187.226,29.412));
#2405=CARTESIAN_POINT('',(478.456,176.8,19.909));
#2406=CARTESIAN_POINT('',(565.864,152.82,11.152));
#2407=CARTESIAN_POINT('',(638.051,133.294,5.655));
#2408=CARTESIAN_POINT('',(720.841,111.67,0.754));
#2409=CARTESIAN_POINT('',(785.212,93.89,-9.719));
#2410=CARTESIAN_POINT('',(855.724,80.839,-10.971));
#2411=CARTESIAN_POINT('',(924.074,69.511,-20.048));
#2412=CARTESIAN_POINT('',(996.802,71.51,-22.8));
#2413=CARTESIAN_POINT('',(1062.133,81.138,-16.67));
#2414=CARTESIAN_POINT('',(1143.979,102.862,-1.929));
#2415=CARTESIAN_POINT('',(1240.281,123.346,18.153));
#2416=CARTESIAN_POINT('',(1373.103,113.291,17.125));
#2417=CARTESIAN_POINT('',(1498.646,71.486,67.544));
#2418=CARTESIAN_POINT('',(1645.532,66.649,118.407));
#2419=CARTESIAN_POINT('',(1743.821,8.281,88.746));
#2420=CARTESIAN_POINT('',(1708.352,-43.177,66.114));
#2421=CARTESIAN_POINT('',(-69.759,355.674,52.625));
#2422=CARTESIAN_POINT('',(-55.116,348.527,51.937));
#2423=CARTESIAN_POINT('',(-17.074,337.752,45.769));
#2424=CARTESIAN_POINT('',(42.389,305.724,43.225));
#2425=CARTESIAN_POINT('',(93.852,273.265,43.869));
#2426=CARTESIAN_POINT('',(162.966,234.911,44.746));
#2427=CARTESIAN_POINT('',(235.577,208.045,45.096));
#2428=CARTESIAN_POINT('',(329.52,183.824,44.453));
#2429=CARTESIAN_POINT('',(413.548,172.399,34.613));
#2430=CARTESIAN_POINT('',(492.127,162.76,25.446));
#2431=CARTESIAN_POINT('',(563.673,145.209,17.486));
#2432=CARTESIAN_POINT('',(652.123,119.545,12.169));
#2433=CARTESIAN_POINT('',(736.647,102.298,3.364));
#2434=CARTESIAN_POINT('',(790.456,88.891,-3.858));
#2435=CARTESIAN_POINT('',(867.007,74.262,-6.228));
#2436=CARTESIAN_POINT('',(933.143,65.671,-15.273));
#2437=CARTESIAN_POINT('',(1002.724,67.646,-17.955));
#2438=CARTESIAN_POINT('',(1071.033,80.01,-10.217));
#2439=CARTESIAN_POINT('',(1157.125,101.867,11.548));
#2440=CARTESIAN_POINT('',(1266.182,114.453,24.363));
#2441=CARTESIAN_POINT('',(1390.627,88.795,46.292));
#2442=CARTESIAN_POINT('',(1506.131,57.92,109.25));
#2443=CARTESIAN_POINT('',(1638.896,65.613,172.723));
#2444=CARTESIAN_POINT('',(1749.168,10.47,124.596));
#2445=CARTESIAN_POINT('',(1708.565,-39.185,108.163));
#2446=CARTESIAN_POINT('',(-78.565,316.154,59.176));
#2447=CARTESIAN_POINT('',(-58.287,315.375,56.342));
#2448=CARTESIAN_POINT('',(-17.774,301.389,53.852));
#2449=CARTESIAN_POINT('',(37.037,270.543,53.689));
#2450=CARTESIAN_POINT('',(98.14,241.643,53.324));
#2451=CARTESIAN_POINT('',(170.44,208.521,52.34));
#2452=CARTESIAN_POINT('',(255.374,182.081,53.71));
#2453=CARTESIAN_POINT('',(336.558,166.306,51.113));
#2454=CARTESIAN_POINT('',(422.723,158.573,40.195));
#2455=CARTESIAN_POINT('',(494.558,149.061,32.038));
#2456=CARTESIAN_POINT('',(576.539,134.03,22.854));
#2457=CARTESIAN_POINT('',(648.373,108.423,20.872));
#2458=CARTESIAN_POINT('',(733.346,95.471,9.074));
#2459=CARTESIAN_POINT('',(799.009,80.872,0.996));
#2460=CARTESIAN_POINT('',(870.335,68.206,-0.11));
#2461=CARTESIAN_POINT('',(937.956,59.591,-14.181));
#2462=CARTESIAN_POINT('',(1011.472,65.467,-9.308));
#2463=CARTESIAN_POINT('',(1079.215,78.366,-3.252));
#2464=CARTESIAN_POINT('',(1174.602,100.478,25.599));
#2465=CARTESIAN_POINT('',(1290.111,101.014,39.501));
#2466=CARTESIAN_POINT('',(1419.833,68.812,79.771));
#2467=CARTESIAN_POINT('',(1530.084,54.043,157.785));
#2468=CARTESIAN_POINT('',(1645.752,62.071,195.003));
#2469=CARTESIAN_POINT('',(1742.344,16.038,196.131));
#2470=CARTESIAN_POINT('',(1720.689,-31.706,163.213));
#2471=CARTESIAN_POINT('',(-89.071,277.73,68.222));
#2472=CARTESIAN_POINT('',(-68.492,275.823,66.583));
#2473=CARTESIAN_POINT('',(-26.921,267.594,64.6));
#2474=CARTESIAN_POINT('',(35.21,240.656,64.355));
#2475=CARTESIAN_POINT('',(100.825,212.771,62.534));
#2476=CARTESIAN_POINT('',(175.091,185.438,60.389));
#2477=CARTESIAN_POINT('',(245.753,165.533,61.643));
#2478=CARTESIAN_POINT('',(337.931,149.678,58.016));
#2479=CARTESIAN_POINT('',(420.574,142.601,48.509));
#2480=CARTESIAN_POINT('',(495.275,137.172,38.569));
#2481=CARTESIAN_POINT('',(568.907,124.516,29.913));
#2482=CARTESIAN_POINT('',(649.79,99.296,25.849));
#2483=CARTESIAN_POINT('',(730.637,89.673,15.768));
#2484=CARTESIAN_POINT('',(797.723,73.706,5.695));
#2485=CARTESIAN_POINT('',(871.209,63.372,3.858));
#2486=CARTESIAN_POINT('',(945.669,54.884,-8.564));
#2487=CARTESIAN_POINT('',(1018.207,60.387,0.068));
#2488=CARTESIAN_POINT('',(1089.327,77.377,3.449));
#2489=CARTESIAN_POINT('',(1190.634,97.236,42.145));
#2490=CARTESIAN_POINT('',(1324.943,81.198,55.042));
#2491=CARTESIAN_POINT('',(1445.419,51.981,141.609));
#2492=CARTESIAN_POINT('',(1542.916,59.829,233.448));
#2493=CARTESIAN_POINT('',(1666.151,52.975,259.049));
#2494=CARTESIAN_POINT('',(1735.909,32.65,247.241));
#2495=CARTESIAN_POINT('',(1739.997,-17.949,229.186));
#2496=CARTESIAN_POINT('',(-96.158,245.831,78.625));
#2497=CARTESIAN_POINT('',(-74.613,245.544,76.613));
#2498=CARTESIAN_POINT('',(-32.36,237.573,75.237));
#2499=CARTESIAN_POINT('',(27.947,212.34,76.167));
#2500=CARTESIAN_POINT('',(92.049,189.878,72.849));
#2501=CARTESIAN_POINT('',(162.834,166.513,69.163));
#2502=CARTESIAN_POINT('',(246.64,146.142,68.749));
#2503=CARTESIAN_POINT('',(324.722,133.198,66.388));
#2504=CARTESIAN_POINT('',(415.579,129.118,55.68));
#2505=CARTESIAN_POINT('',(491.932,124.909,44.894));
#2506=CARTESIAN_POINT('',(568.046,113.541,37.111));
#2507=CARTESIAN_POINT('',(642.183,90.439,32.533));
#2508=CARTESIAN_POINT('',(731.772,81.94,19.554));
#2509=CARTESIAN_POINT('',(794.293,68.017,12.2));
#2510=CARTESIAN_POINT('',(876.223,58.109,6.925));
#2511=CARTESIAN_POINT('',(957.42,48.68,-1.862));
#2512=CARTESIAN_POINT('',(1019.742,55.172,4.086));
#2513=CARTESIAN_POINT('',(1105.844,79.568,16.956));
#2514=CARTESIAN_POINT('',(1210.263,87.742,54.642));
#2515=CARTESIAN_POINT('',(1360.553,55.982,116.161));
#2516=CARTESIAN_POINT('',(1447.225,58.004,222.874));
#2517=CARTESIAN_POINT('',(1571.347,56.649,313.335));
#2518=CARTESIAN_POINT('',(1674.059,59.474,367.664));
#2519=CARTESIAN_POINT('',(1748.815,35.908,340.941));
#2520=CARTESIAN_POINT('',(1757.47,-4.058,320.444));
#2521=CARTESIAN_POINT('',(-95.158,214.142,89.53));
#2522=CARTESIAN_POINT('',(-74.311,213.131,88.028));
#2523=CARTESIAN_POINT('',(-37.828,205.738,87.786));
#2524=CARTESIAN_POINT('',(20.574,188.159,86.968));
#2525=CARTESIAN_POINT('',(84.685,165.297,83.867));
#2526=CARTESIAN_POINT('',(151.236,147.532,77.906));
#2527=CARTESIAN_POINT('',(234.216,128.893,75.996));
#2528=CARTESIAN_POINT('',(306.206,118.002,74.086));
#2529=CARTESIAN_POINT('',(401.512,111.576,65.169));
#2530=CARTESIAN_POINT('',(476.694,114.071,53.032));
#2531=CARTESIAN_POINT('',(558.397,103.679,42.528));
#2532=CARTESIAN_POINT('',(635.026,82.143,38.174));
#2533=CARTESIAN_POINT('',(724.671,76.421,23.904));
#2534=CARTESIAN_POINT('',(793.627,60.089,18.982));
#2535=CARTESIAN_POINT('',(880.628,52.174,8.562));
#2536=CARTESIAN_POINT('',(953.074,40.491,2.989));
#2537=CARTESIAN_POINT('',(1035.588,51.843,10.768));
#2538=CARTESIAN_POINT('',(1106.225,78.513,28.323));
#2539=CARTESIAN_POINT('',(1254.732,69.739,85.292));
#2540=CARTESIAN_POINT('',(1368.543,54.792,171.295));
#2541=CARTESIAN_POINT('',(1441.798,58.471,311.686));
#2542=CARTESIAN_POINT('',(1560.658,57.388,402.73));
#2543=CARTESIAN_POINT('',(1696.955,53.51,461.715));
#2544=CARTESIAN_POINT('',(1798.083,30.288,480.454));
#2545=CARTESIAN_POINT('',(1773.441,-26.605,427.136));
#2546=CARTESIAN_POINT('',(-99.879,187.318,100.23));
#2547=CARTESIAN_POINT('',(-79.898,188.775,97.924));
#2548=CARTESIAN_POINT('',(-45.2,179.162,98.829));
#2549=CARTESIAN_POINT('',(7.695,162.744,99.096));
#2550=CARTESIAN_POINT('',(67.505,142.416,96.288));
#2551=CARTESIAN_POINT('',(135.14,128.41,87.44));
#2552=CARTESIAN_POINT('',(208.465,112.68,83.525));
#2553=CARTESIAN_POINT('',(289.585,99.9,81.819));
#2554=CARTESIAN_POINT('',(383.386,96.237,73.561));
#2555=CARTESIAN_POINT('',(461.799,99.365,61.782));
#2556=CARTESIAN_POINT('',(538.229,96.303,49.794));
#2557=CARTESIAN_POINT('',(623.706,71.43,44.672));
#2558=CARTESIAN_POINT('',(716.559,70.602,28.616));
#2559=CARTESIAN_POINT('',(793.594,51.774,24.431));
#2560=CARTESIAN_POINT('',(872.59,49.341,10.937));
#2561=CARTESIAN_POINT('',(955.057,32.214,10.323));
#2562=CARTESIAN_POINT('',(1041.548,50.784,10.323));
#2563=CARTESIAN_POINT('',(1123.025,74.397,47.836));
#2564=CARTESIAN_POINT('',(1271.586,60.868,104.9));
#2565=CARTESIAN_POINT('',(1328.597,50.695,260.448));
#2566=CARTESIAN_POINT('',(1418.277,59.827,368.82));
#2567=CARTESIAN_POINT('',(1508.404,48.592,450.905));
#2568=CARTESIAN_POINT('',(1640.739,50.79,519.446));
#2569=CARTESIAN_POINT('',(1745.351,-50.55,567.058));
#2570=CARTESIAN_POINT('',(1703.774,-56.183,499.751));
#2571=CARTESIAN_POINT('',(-95.082,172.696,105.251));
#2572=CARTESIAN_POINT('',(-79.514,171.499,104.707));
#2573=CARTESIAN_POINT('',(-55.129,159.527,106.772));
#2574=CARTESIAN_POINT('',(-7.924,146.605,107.568));
#2575=CARTESIAN_POINT('',(47.494,127.957,104.898));
#2576=CARTESIAN_POINT('',(110.988,114.783,97.171));
#2577=CARTESIAN_POINT('',(185.884,98.887,89.082));
#2578=CARTESIAN_POINT('',(267.024,87.277,87.417));
#2579=CARTESIAN_POINT('',(358.949,81.392,80.743));
#2580=CARTESIAN_POINT('',(445.227,86.161,70.056));
#2581=CARTESIAN_POINT('',(528.475,89.13,53.323));
#2582=CARTESIAN_POINT('',(612.937,62.233,49.698));
#2583=CARTESIAN_POINT('',(709.571,66.027,31.337));
#2584=CARTESIAN_POINT('',(792.514,44.096,29.355));
#2585=CARTESIAN_POINT('',(874.249,47.585,13.446));
#2586=CARTESIAN_POINT('',(955.31,19.314,13.325));
#2587=CARTESIAN_POINT('',(1052.656,53.392,20.314));
#2588=CARTESIAN_POINT('',(1127.751,56.784,64.046));
#2589=CARTESIAN_POINT('',(1257.271,53.323,150.211));
#2590=CARTESIAN_POINT('',(1310.297,48.458,280.415));
#2591=CARTESIAN_POINT('',(1388.571,46.106,385.14));
#2592=CARTESIAN_POINT('',(1460.703,48.391,493.172));
#2593=CARTESIAN_POINT('',(1580.058,-13.387,547.952));
#2594=CARTESIAN_POINT('',(1590.316,-36.161,492.505));
#2595=CARTESIAN_POINT('',(1617.08,-53.794,474.596));
#2596=CARTESIAN_POINT('',(-96.628,165.03,108.304));
#2597=CARTESIAN_POINT('',(-86.08,161.509,108.867));
#2598=CARTESIAN_POINT('',(-63.92,151.778,110.651));
#2599=CARTESIAN_POINT('',(-15.987,138.805,110.963));
#2600=CARTESIAN_POINT('',(35.375,122.394,108.985));
#2601=CARTESIAN_POINT('',(99.574,108.517,101.499));
#2602=CARTESIAN_POINT('',(169.696,95.07,92.469));
#2603=CARTESIAN_POINT('',(253.714,81.694,89.248));
#2604=CARTESIAN_POINT('',(342.5,75.916,83.969));
#2605=CARTESIAN_POINT('',(435.475,79.31,73.768));
#2606=CARTESIAN_POINT('',(518.473,88.251,55.951));
#2607=CARTESIAN_POINT('',(599.005,59.593,52.051));
#2608=CARTESIAN_POINT('',(705.618,62.951,33.479));
#2609=CARTESIAN_POINT('',(790.973,43.694,30.195));
#2610=CARTESIAN_POINT('',(865.629,41.813,16.66));
#2611=CARTESIAN_POINT('',(957.,21.106,14.056));
#2612=CARTESIAN_POINT('',(1049.182,45.713,21.562));
#2613=CARTESIAN_POINT('',(1131.756,49.199,79.338));
#2614=CARTESIAN_POINT('',(1243.017,49.627,157.327));
#2615=CARTESIAN_POINT('',(1302.092,42.893,288.731));
#2616=CARTESIAN_POINT('',(1360.517,34.872,395.316));
#2617=CARTESIAN_POINT('',(1432.164,18.82,502.851));
#2618=CARTESIAN_POINT('',(1540.968,-37.167,527.32));
#2619=CARTESIAN_POINT('',(1586.56,-53.675,482.097));
#2620=CARTESIAN_POINT('',(1603.773,-56.188,477.435));
#2621=CARTESIAN_POINT('',(-535.155,250.462,-232.779));
#2622=CARTESIAN_POINT('',(-527.217,244.011,-236.331));
#2623=CARTESIAN_POINT('',(-512.029,233.53,-241.886));
#2624=CARTESIAN_POINT('',(-491.738,214.188,-251.753));
#2625=CARTESIAN_POINT('',(-464.275,201.763,-257.955));
#2626=CARTESIAN_POINT('',(-436.04,185.121,-265.844));
#2627=CARTESIAN_POINT('',(-404.224,171.261,-271.747));
#2628=CARTESIAN_POINT('',(-369.91,156.597,-277.275));
#2629=CARTESIAN_POINT('',(-337.135,139.054,-282.397));
#2630=CARTESIAN_POINT('',(-302.833,119.241,-288.151));
#2631=CARTESIAN_POINT('',(-269.562,95.034,-292.29));
#2632=CARTESIAN_POINT('',(-235.307,70.446,-295.434));
#2633=CARTESIAN_POINT('',(-199.45,46.522,-295.595));
#2634=CARTESIAN_POINT('',(-163.133,22.888,-291.93));
#2635=CARTESIAN_POINT('',(-126.199,-0.196,-285.794));
#2636=CARTESIAN_POINT('',(-89.686,-20.661,-280.073));
#2637=CARTESIAN_POINT('',(-52.334,-39.04,-274.946));
#2638=CARTESIAN_POINT('',(-14.085,-53.272,-270.795));
#2639=CARTESIAN_POINT('',(25.721,-64.613,-268.156));
#2640=CARTESIAN_POINT('',(69.005,-74.12,-264.465));
#2641=CARTESIAN_POINT('',(103.46,-81.508,-260.675));
#2642=CARTESIAN_POINT('',(133.623,-93.79,-254.259));
#2643=CARTESIAN_POINT('',(159.109,-103.567,-249.507));
#2644=CARTESIAN_POINT('',(177.752,-109.135,-245.587));
#2645=CARTESIAN_POINT('',(185.097,-110.355,-244.594));
#2646=CARTESIAN_POINT('',(-527.707,254.304,-231.135));
#2647=CARTESIAN_POINT('',(-512.702,248.401,-234.541));
#2648=CARTESIAN_POINT('',(-496.259,246.179,-235.918));
#2649=CARTESIAN_POINT('',(-475.153,226.525,-245.741));
#2650=CARTESIAN_POINT('',(-446.25,216.933,-250.762));
#2651=CARTESIAN_POINT('',(-418.063,199.671,-259.15));
#2652=CARTESIAN_POINT('',(-389.285,189.255,-263.647));
#2653=CARTESIAN_POINT('',(-352.975,172.16,-270.021));
#2654=CARTESIAN_POINT('',(-323.839,156.218,-274.846));
#2655=CARTESIAN_POINT('',(-287.651,133.361,-281.259));
#2656=CARTESIAN_POINT('',(-256.605,110.679,-285.785));
#2657=CARTESIAN_POINT('',(-222.366,86.021,-289.381));
#2658=CARTESIAN_POINT('',(-185.53,60.915,-290.066));
#2659=CARTESIAN_POINT('',(-149.585,37.061,-287.565));
#2660=CARTESIAN_POINT('',(-113.726,14.212,-283.791));
#2661=CARTESIAN_POINT('',(-76.757,-6.402,-278.383));
#2662=CARTESIAN_POINT('',(-39.045,-24.913,-275.938));
#2663=CARTESIAN_POINT('',(-1.731,-38.637,-272.23));
#2664=CARTESIAN_POINT('',(41.172,-53.956,-269.648));
#2665=CARTESIAN_POINT('',(79.636,-59.244,-267.935));
#2666=CARTESIAN_POINT('',(116.601,-67.368,-262.809));
#2667=CARTESIAN_POINT('',(144.537,-82.038,-258.081));
#2668=CARTESIAN_POINT('',(167.393,-90.381,-252.966));
#2669=CARTESIAN_POINT('',(189.909,-97.62,-248.749));
#2670=CARTESIAN_POINT('',(192.928,-106.69,-245.773));
#2671=CARTESIAN_POINT('',(-512.269,269.433,-223.376));
#2672=CARTESIAN_POINT('',(-497.845,269.955,-223.61));
#2673=CARTESIAN_POINT('',(-468.959,269.53,-224.77));
#2674=CARTESIAN_POINT('',(-440.314,261.097,-229.381));
#2675=CARTESIAN_POINT('',(-416.026,249.885,-235.072));
#2676=CARTESIAN_POINT('',(-384.762,236.175,-241.338));
#2677=CARTESIAN_POINT('',(-356.562,221.284,-247.479));
#2678=CARTESIAN_POINT('',(-325.234,206.975,-252.535));
#2679=CARTESIAN_POINT('',(-296.299,187.937,-258.805));
#2680=CARTESIAN_POINT('',(-263.957,167.287,-264.314));
#2681=CARTESIAN_POINT('',(-232.148,142.129,-270.46));
#2682=CARTESIAN_POINT('',(-197.514,116.013,-275.651));
#2683=CARTESIAN_POINT('',(-161.704,89.643,-278.62));
#2684=CARTESIAN_POINT('',(-124.476,64.327,-278.925));
#2685=CARTESIAN_POINT('',(-85.677,39.993,-277.02));
#2686=CARTESIAN_POINT('',(-49.391,19.244,-275.976));
#2687=CARTESIAN_POINT('',(-12.952,2.957,-275.554));
#2688=CARTESIAN_POINT('',(28.642,-17.263,-273.538));
#2689=CARTESIAN_POINT('',(66.626,-24.544,-274.208));
#2690=CARTESIAN_POINT('',(108.811,-34.941,-270.378));
#2691=CARTESIAN_POINT('',(145.904,-48.708,-266.64));
#2692=CARTESIAN_POINT('',(172.696,-57.711,-262.347));
#2693=CARTESIAN_POINT('',(199.988,-75.704,-256.199));
#2694=CARTESIAN_POINT('',(211.778,-88.022,-252.104));
#2695=CARTESIAN_POINT('',(216.212,-94.698,-248.437));
#2696=CARTESIAN_POINT('',(-476.448,309.076,-205.031));
#2697=CARTESIAN_POINT('',(-461.616,309.5,-205.457));
#2698=CARTESIAN_POINT('',(-435.375,311.896,-205.77));
#2699=CARTESIAN_POINT('',(-401.339,311.101,-206.79));
#2700=CARTESIAN_POINT('',(-370.841,304.872,-210.363));
#2701=CARTESIAN_POINT('',(-346.362,292.527,-215.488));
#2702=CARTESIAN_POINT('',(-315.104,276.603,-221.786));
#2703=CARTESIAN_POINT('',(-287.197,257.529,-228.401));
#2704=CARTESIAN_POINT('',(-256.442,235.981,-235.301));
#2705=CARTESIAN_POINT('',(-225.346,211.442,-242.286));
#2706=CARTESIAN_POINT('',(-196.295,186.398,-249.651));
#2707=CARTESIAN_POINT('',(-165.267,158.573,-257.01));
#2708=CARTESIAN_POINT('',(-129.213,128.948,-263.364));
#2709=CARTESIAN_POINT('',(-89.963,99.331,-267.444));
#2710=CARTESIAN_POINT('',(-48.791,74.544,-269.398));
#2711=CARTESIAN_POINT('',(-7.983,53.483,-271.106));
#2712=CARTESIAN_POINT('',(35.554,32.479,-272.502));
#2713=CARTESIAN_POINT('',(75.568,19.737,-274.514));
#2714=CARTESIAN_POINT('',(117.123,4.752,-272.857));
#2715=CARTESIAN_POINT('',(158.826,-10.257,-270.449));
#2716=CARTESIAN_POINT('',(194.529,-23.334,-268.338));
#2717=CARTESIAN_POINT('',(226.713,-44.698,-263.873));
#2718=CARTESIAN_POINT('',(249.237,-62.818,-258.305));
#2719=CARTESIAN_POINT('',(260.126,-75.761,-252.678));
#2720=CARTESIAN_POINT('',(264.253,-81.227,-251.173));
#2721=CARTESIAN_POINT('',(-441.792,353.718,-185.831));
#2722=CARTESIAN_POINT('',(-427.066,356.239,-186.254));
#2723=CARTESIAN_POINT('',(-400.892,366.096,-184.022));
#2724=CARTESIAN_POINT('',(-366.761,370.344,-185.183));
#2725=CARTESIAN_POINT('',(-337.962,364.575,-188.269));
#2726=CARTESIAN_POINT('',(-307.817,353.334,-192.542));
#2727=CARTESIAN_POINT('',(-280.425,335.708,-197.969));
#2728=CARTESIAN_POINT('',(-251.158,312.85,-205.002));
#2729=CARTESIAN_POINT('',(-222.587,287.444,-212.461));
#2730=CARTESIAN_POINT('',(-192.799,259.645,-220.547));
#2731=CARTESIAN_POINT('',(-161.521,229.794,-229.049));
#2732=CARTESIAN_POINT('',(-131.264,195.973,-239.046));
#2733=CARTESIAN_POINT('',(-97.287,161.432,-248.903));
#2734=CARTESIAN_POINT('',(-55.779,129.167,-255.873));
#2735=CARTESIAN_POINT('',(-9.803,101.549,-260.768));
#2736=CARTESIAN_POINT('',(37.508,77.35,-265.215));
#2737=CARTESIAN_POINT('',(82.937,59.353,-269.856));
#2738=CARTESIAN_POINT('',(128.907,42.845,-269.623));
#2739=CARTESIAN_POINT('',(171.955,24.811,-269.844));
#2740=CARTESIAN_POINT('',(213.561,7.325,-269.367));
#2741=CARTESIAN_POINT('',(251.407,-14.928,-267.386));
#2742=CARTESIAN_POINT('',(281.44,-35.005,-263.947));
#2743=CARTESIAN_POINT('',(308.844,-52.781,-259.612));
#2744=CARTESIAN_POINT('',(323.972,-60.935,-256.348));
#2745=CARTESIAN_POINT('',(327.319,-66.198,-254.043));
#2746=CARTESIAN_POINT('',(-404.249,421.724,-163.148));
#2747=CARTESIAN_POINT('',(-391.074,427.156,-162.895));
#2748=CARTESIAN_POINT('',(-365.56,434.338,-163.093));
#2749=CARTESIAN_POINT('',(-332.741,436.589,-163.549));
#2750=CARTESIAN_POINT('',(-301.781,430.986,-165.46));
#2751=CARTESIAN_POINT('',(-275.237,418.181,-168.966));
#2752=CARTESIAN_POINT('',(-247.484,397.605,-174.425));
#2753=CARTESIAN_POINT('',(-219.637,370.049,-181.739));
#2754=CARTESIAN_POINT('',(-191.063,339.904,-190.463));
#2755=CARTESIAN_POINT('',(-163.085,306.112,-199.667));
#2756=CARTESIAN_POINT('',(-134.438,270.018,-210.631));
#2757=CARTESIAN_POINT('',(-102.683,229.734,-222.601));
#2758=CARTESIAN_POINT('',(-65.319,188.063,-235.003));
#2759=CARTESIAN_POINT('',(-18.709,151.417,-244.406));
#2760=CARTESIAN_POINT('',(33.083,122.629,-252.357));
#2761=CARTESIAN_POINT('',(82.35,98.097,-260.167));
#2762=CARTESIAN_POINT('',(133.162,77.536,-262.7));
#2763=CARTESIAN_POINT('',(180.751,57.176,-264.058));
#2764=CARTESIAN_POINT('',(226.951,36.112,-265.674));
#2765=CARTESIAN_POINT('',(269.275,13.467,-266.89));
#2766=CARTESIAN_POINT('',(307.269,-8.599,-266.975));
#2767=CARTESIAN_POINT('',(346.123,-23.591,-265.919));
#2768=CARTESIAN_POINT('',(377.246,-36.294,-262.122));
#2769=CARTESIAN_POINT('',(388.562,-48.506,-259.426));
#2770=CARTESIAN_POINT('',(391.995,-54.32,-258.048));
#2771=CARTESIAN_POINT('',(-368.448,495.3,-140.994));
#2772=CARTESIAN_POINT('',(-353.486,500.057,-141.145));
#2773=CARTESIAN_POINT('',(-331.386,507.823,-139.547));
#2774=CARTESIAN_POINT('',(-299.526,511.038,-139.402));
#2775=CARTESIAN_POINT('',(-272.187,503.868,-141.403));
#2776=CARTESIAN_POINT('',(-243.307,485.882,-145.946));
#2777=CARTESIAN_POINT('',(-218.845,461.054,-152.317));
#2778=CARTESIAN_POINT('',(-190.445,429.351,-159.97));
#2779=CARTESIAN_POINT('',(-163.922,392.035,-169.843));
#2780=CARTESIAN_POINT('',(-134.472,351.819,-181.227));
#2781=CARTESIAN_POINT('',(-108.197,305.96,-194.662));
#2782=CARTESIAN_POINT('',(-74.113,258.572,-208.314));
#2783=CARTESIAN_POINT('',(-32.955,208.54,-223.196));
#2784=CARTESIAN_POINT('',(20.562,170.203,-235.231));
#2785=CARTESIAN_POINT('',(73.821,138.369,-245.141));
#2786=CARTESIAN_POINT('',(129.13,111.625,-251.743));
#2787=CARTESIAN_POINT('',(179.952,87.777,-255.588));
#2788=CARTESIAN_POINT('',(231.161,64.535,-258.116));
#2789=CARTESIAN_POINT('',(280.464,41.7,-262.056));
#2790=CARTESIAN_POINT('',(323.777,17.234,-265.016));
#2791=CARTESIAN_POINT('',(371.691,1.688,-266.042));
#2792=CARTESIAN_POINT('',(409.389,-11.606,-264.939));
#2793=CARTESIAN_POINT('',(438.515,-27.316,-265.677));
#2794=CARTESIAN_POINT('',(456.14,-31.927,-263.324));
#2795=CARTESIAN_POINT('',(460.86,-36.323,-261.352));
#2796=CARTESIAN_POINT('',(-335.389,583.247,-116.245));
#2797=CARTESIAN_POINT('',(-324.565,589.305,-114.879));
#2798=CARTESIAN_POINT('',(-305.027,592.576,-115.213));
#2799=CARTESIAN_POINT('',(-275.099,592.686,-115.629));
#2800=CARTESIAN_POINT('',(-245.887,580.72,-119.227));
#2801=CARTESIAN_POINT('',(-218.891,559.429,-125.34));
#2802=CARTESIAN_POINT('',(-191.906,528.426,-133.763));
#2803=CARTESIAN_POINT('',(-163.864,489.981,-143.588));
#2804=CARTESIAN_POINT('',(-134.266,445.678,-153.561));
#2805=CARTESIAN_POINT('',(-110.978,394.261,-165.947));
#2806=CARTESIAN_POINT('',(-80.688,340.148,-180.645));
#2807=CARTESIAN_POINT('',(-49.422,283.38,-196.703));
#2808=CARTESIAN_POINT('',(-2.599,228.055,-212.839));
#2809=CARTESIAN_POINT('',(52.754,182.88,-227.838));
#2810=CARTESIAN_POINT('',(115.36,149.595,-236.915));
#2811=CARTESIAN_POINT('',(170.967,120.782,-243.448));
#2812=CARTESIAN_POINT('',(226.787,93.297,-248.446));
#2813=CARTESIAN_POINT('',(283.039,70.081,-253.346));
#2814=CARTESIAN_POINT('',(332.999,42.252,-259.363));
#2815=CARTESIAN_POINT('',(386.888,25.816,-264.554));
#2816=CARTESIAN_POINT('',(432.423,9.744,-266.424));
#2817=CARTESIAN_POINT('',(469.717,-2.148,-268.082));
#2818=CARTESIAN_POINT('',(508.186,-8.728,-261.231));
#2819=CARTESIAN_POINT('',(522.435,-20.417,-257.497));
#2820=CARTESIAN_POINT('',(532.831,-25.375,-254.748));
#2821=CARTESIAN_POINT('',(-328.141,660.886,-97.975));
#2822=CARTESIAN_POINT('',(-315.056,664.566,-99.812));
#2823=CARTESIAN_POINT('',(-287.023,671.128,-101.009));
#2824=CARTESIAN_POINT('',(-248.852,674.208,-103.082));
#2825=CARTESIAN_POINT('',(-220.347,662.16,-105.095));
#2826=CARTESIAN_POINT('',(-196.025,635.398,-109.095));
#2827=CARTESIAN_POINT('',(-171.636,598.177,-116.206));
#2828=CARTESIAN_POINT('',(-143.13,552.084,-127.747));
#2829=CARTESIAN_POINT('',(-111.283,496.131,-141.71));
#2830=CARTESIAN_POINT('',(-81.017,438.416,-153.211));
#2831=CARTESIAN_POINT('',(-58.896,371.837,-168.266));
#2832=CARTESIAN_POINT('',(-21.238,306.966,-185.999));
#2833=CARTESIAN_POINT('',(24.306,244.238,-204.185));
#2834=CARTESIAN_POINT('',(87.545,195.769,-219.284));
#2835=CARTESIAN_POINT('',(151.438,157.388,-228.997));
#2836=CARTESIAN_POINT('',(212.061,124.623,-236.464));
#2837=CARTESIAN_POINT('',(274.761,98.339,-242.797));
#2838=CARTESIAN_POINT('',(334.237,66.325,-251.378));
#2839=CARTESIAN_POINT('',(395.415,48.6,-259.35));
#2840=CARTESIAN_POINT('',(447.917,32.479,-262.422));
#2841=CARTESIAN_POINT('',(494.537,21.742,-263.826));
#2842=CARTESIAN_POINT('',(540.446,12.117,-255.654));
#2843=CARTESIAN_POINT('',(569.02,-9.509,-249.545));
#2844=CARTESIAN_POINT('',(599.693,-14.15,-244.087));
#2845=CARTESIAN_POINT('',(609.647,-17.21,-242.797));
#2846=CARTESIAN_POINT('',(-290.858,740.7,-84.495));
#2847=CARTESIAN_POINT('',(-276.218,747.818,-84.345));
#2848=CARTESIAN_POINT('',(-250.677,757.642,-85.146));
#2849=CARTESIAN_POINT('',(-218.706,760.1,-85.3));
#2850=CARTESIAN_POINT('',(-193.869,744.842,-90.779));
#2851=CARTESIAN_POINT('',(-168.661,714.842,-97.941));
#2852=CARTESIAN_POINT('',(-149.337,668.11,-105.021));
#2853=CARTESIAN_POINT('',(-120.553,612.29,-113.016));
#2854=CARTESIAN_POINT('',(-96.312,545.722,-129.127));
#2855=CARTESIAN_POINT('',(-59.765,476.729,-144.984));
#2856=CARTESIAN_POINT('',(-31.92,407.979,-157.121));
#2857=CARTESIAN_POINT('',(-0.05,330.409,-175.81));
#2858=CARTESIAN_POINT('',(50.998,260.193,-195.637));
#2859=CARTESIAN_POINT('',(123.088,201.138,-212.204));
#2860=CARTESIAN_POINT('',(187.917,161.223,-221.87));
#2861=CARTESIAN_POINT('',(256.98,129.441,-229.719));
#2862=CARTESIAN_POINT('',(318.527,91.97,-241.132));
#2863=CARTESIAN_POINT('',(389.216,72.61,-250.407));
#2864=CARTESIAN_POINT('',(447.921,54.083,-255.38));
#2865=CARTESIAN_POINT('',(502.066,42.658,-258.338));
#2866=CARTESIAN_POINT('',(558.139,30.86,-249.719));
#2867=CARTESIAN_POINT('',(595.409,8.786,-244.759));
#2868=CARTESIAN_POINT('',(653.657,7.278,-237.158));
#2869=CARTESIAN_POINT('',(674.882,-0.151,-238.653));
#2870=CARTESIAN_POINT('',(688.062,-2.936,-237.787));
#2871=CARTESIAN_POINT('',(-259.118,836.012,-57.074));
#2872=CARTESIAN_POINT('',(-245.965,841.715,-57.904));
#2873=CARTESIAN_POINT('',(-220.803,852.706,-58.884));
#2874=CARTESIAN_POINT('',(-187.947,850.646,-62.597));
#2875=CARTESIAN_POINT('',(-160.93,830.574,-67.86));
#2876=CARTESIAN_POINT('',(-142.153,792.488,-77.333));
#2877=CARTESIAN_POINT('',(-121.778,740.927,-93.202));
#2878=CARTESIAN_POINT('',(-99.892,674.866,-104.24));
#2879=CARTESIAN_POINT('',(-71.624,594.858,-115.101));
#2880=CARTESIAN_POINT('',(-49.057,519.371,-134.658));
#2881=CARTESIAN_POINT('',(-9.383,432.157,-150.949));
#2882=CARTESIAN_POINT('',(23.894,353.088,-166.632));
#2883=CARTESIAN_POINT('',(77.403,273.942,-187.271));
#2884=CARTESIAN_POINT('',(150.916,209.104,-204.119));
#2885=CARTESIAN_POINT('',(226.193,166.665,-214.303));
#2886=CARTESIAN_POINT('',(294.778,122.709,-228.041));
#2887=CARTESIAN_POINT('',(365.087,97.598,-238.499));
#2888=CARTESIAN_POINT('',(434.615,76.897,-246.135));
#2889=CARTESIAN_POINT('',(500.768,63.262,-251.08));
#2890=CARTESIAN_POINT('',(561.058,51.907,-243.984));
#2891=CARTESIAN_POINT('',(611.352,28.608,-239.125));
#2892=CARTESIAN_POINT('',(674.904,27.65,-234.543));
#2893=CARTESIAN_POINT('',(719.022,13.174,-237.22));
#2894=CARTESIAN_POINT('',(751.735,5.356,-233.085));
#2895=CARTESIAN_POINT('',(768.27,1.272,-232.157));
#2896=CARTESIAN_POINT('',(-223.523,941.628,-33.96));
#2897=CARTESIAN_POINT('',(-208.196,946.347,-37.1));
#2898=CARTESIAN_POINT('',(-187.901,952.829,-38.943));
#2899=CARTESIAN_POINT('',(-155.118,947.113,-45.063));
#2900=CARTESIAN_POINT('',(-130.541,920.731,-54.536));
#2901=CARTESIAN_POINT('',(-108.367,872.77,-62.892));
#2902=CARTESIAN_POINT('',(-95.151,811.241,-71.891));
#2903=CARTESIAN_POINT('',(-72.61,733.922,-96.014));
#2904=CARTESIAN_POINT('',(-50.779,646.407,-106.59));
#2905=CARTESIAN_POINT('',(-24.88,549.195,-123.603));
#2906=CARTESIAN_POINT('',(5.948,453.752,-146.094));
#2907=CARTESIAN_POINT('',(44.827,369.572,-159.668));
#2908=CARTESIAN_POINT('',(103.267,278.905,-181.797));
#2909=CARTESIAN_POINT('',(178.089,218.588,-195.759));
#2910=CARTESIAN_POINT('',(250.403,165.501,-210.927));
#2911=CARTESIAN_POINT('',(334.483,123.869,-225.045));
#2912=CARTESIAN_POINT('',(402.57,102.455,-234.808));
#2913=CARTESIAN_POINT('',(483.78,82.209,-242.236));
#2914=CARTESIAN_POINT('',(557.054,70.904,-237.203));
#2915=CARTESIAN_POINT('',(610.313,48.973,-234.912));
#2916=CARTESIAN_POINT('',(677.927,44.394,-231.977));
#2917=CARTESIAN_POINT('',(736.813,30.256,-233.602));
#2918=CARTESIAN_POINT('',(783.866,16.986,-228.849));
#2919=CARTESIAN_POINT('',(830.419,12.344,-227.61));
#2920=CARTESIAN_POINT('',(845.522,9.225,-227.65));
#2921=CARTESIAN_POINT('',(-194.041,1040.661,-7.833));
#2922=CARTESIAN_POINT('',(-180.216,1048.977,-10.142));
#2923=CARTESIAN_POINT('',(-152.995,1056.023,-15.378));
#2924=CARTESIAN_POINT('',(-118.493,1049.135,-23.121));
#2925=CARTESIAN_POINT('',(-94.168,1012.994,-31.178));
#2926=CARTESIAN_POINT('',(-76.205,957.664,-50.224));
#2927=CARTESIAN_POINT('',(-61.018,879.947,-62.428));
#2928=CARTESIAN_POINT('',(-45.302,788.753,-77.239));
#2929=CARTESIAN_POINT('',(-26.221,692.681,-104.027));
#2930=CARTESIAN_POINT('',(-5.093,581.505,-112.822));
#2931=CARTESIAN_POINT('',(23.726,480.837,-137.984));
#2932=CARTESIAN_POINT('',(62.287,379.555,-155.636));
#2933=CARTESIAN_POINT('',(127.979,289.353,-174.419));
#2934=CARTESIAN_POINT('',(199.469,221.344,-190.772));
#2935=CARTESIAN_POINT('',(281.489,165.201,-207.144));
#2936=CARTESIAN_POINT('',(365.862,127.979,-221.035));
#2937=CARTESIAN_POINT('',(442.853,105.653,-231.831));
#2938=CARTESIAN_POINT('',(531.89,89.208,-232.139));
#2939=CARTESIAN_POINT('',(590.166,69.931,-229.961));
#2940=CARTESIAN_POINT('',(669.527,61.918,-227.546));
#2941=CARTESIAN_POINT('',(735.973,48.004,-229.057));
#2942=CARTESIAN_POINT('',(790.349,32.748,-224.7));
#2943=CARTESIAN_POINT('',(854.117,26.706,-224.968));
#2944=CARTESIAN_POINT('',(904.832,17.923,-225.021));
#2945=CARTESIAN_POINT('',(919.41,16.631,-226.088));
#2946=CARTESIAN_POINT('',(-156.508,1155.271,13.065));
#2947=CARTESIAN_POINT('',(-140.949,1162.954,8.107));
#2948=CARTESIAN_POINT('',(-114.575,1172.104,1.853));
#2949=CARTESIAN_POINT('',(-79.195,1156.909,-6.258));
#2950=CARTESIAN_POINT('',(-59.077,1109.695,-19.05));
#2951=CARTESIAN_POINT('',(-41.301,1039.46,-24.468));
#2952=CARTESIAN_POINT('',(-28.288,951.991,-54.498));
#2953=CARTESIAN_POINT('',(-14.367,843.626,-64.188));
#2954=CARTESIAN_POINT('',(0.317,737.153,-92.763));
#2955=CARTESIAN_POINT('',(16.266,616.753,-109.157));
#2956=CARTESIAN_POINT('',(40.45,500.534,-128.041));
#2957=CARTESIAN_POINT('',(81.367,394.011,-151.274));
#2958=CARTESIAN_POINT('',(145.408,292.991,-169.465));
#2959=CARTESIAN_POINT('',(221.646,225.364,-185.859));
#2960=CARTESIAN_POINT('',(309.822,165.876,-203.265));
#2961=CARTESIAN_POINT('',(395.369,132.01,-217.853));
#2962=CARTESIAN_POINT('',(486.255,111.337,-224.553));
#2963=CARTESIAN_POINT('',(562.68,91.414,-224.335));
#2964=CARTESIAN_POINT('',(646.517,78.13,-221.834));
#2965=CARTESIAN_POINT('',(725.102,66.302,-222.907));
#2966=CARTESIAN_POINT('',(785.12,48.188,-220.847));
#2967=CARTESIAN_POINT('',(865.019,41.654,-218.439));
#2968=CARTESIAN_POINT('',(937.86,29.583,-221.9));
#2969=CARTESIAN_POINT('',(975.599,28.351,-222.898));
#2970=CARTESIAN_POINT('',(996.231,21.985,-224.985));
#2971=CARTESIAN_POINT('',(-113.423,1276.533,46.214));
#2972=CARTESIAN_POINT('',(-99.136,1289.76,46.361));
#2973=CARTESIAN_POINT('',(-70.954,1293.062,36.388));
#2974=CARTESIAN_POINT('',(-47.279,1263.922,23.159));
#2975=CARTESIAN_POINT('',(-18.551,1205.322,0.828));
#2976=CARTESIAN_POINT('',(-6.246,1119.021,-17.578));
#2977=CARTESIAN_POINT('',(8.021,1012.695,-32.363));
#2978=CARTESIAN_POINT('',(18.114,895.613,-62.326));
#2979=CARTESIAN_POINT('',(28.973,768.581,-77.356));
#2980=CARTESIAN_POINT('',(39.263,643.634,-108.985));
#2981=CARTESIAN_POINT('',(60.776,512.412,-119.571));
#2982=CARTESIAN_POINT('',(98.814,401.634,-148.168));
#2983=CARTESIAN_POINT('',(163.292,301.343,-163.403));
#2984=CARTESIAN_POINT('',(243.914,224.717,-182.464));
#2985=CARTESIAN_POINT('',(332.785,169.946,-198.565));
#2986=CARTESIAN_POINT('',(428.634,134.665,-214.356));
#2987=CARTESIAN_POINT('',(519.12,117.446,-215.862));
#2988=CARTESIAN_POINT('',(610.27,92.492,-216.733));
#2989=CARTESIAN_POINT('',(692.134,85.143,-215.775));
#2990=CARTESIAN_POINT('',(771.357,66.068,-216.086));
#2991=CARTESIAN_POINT('',(853.668,55.334,-210.099));
#2992=CARTESIAN_POINT('',(929.684,44.325,-217.277));
#2993=CARTESIAN_POINT('',(987.801,40.916,-215.058));
#2994=CARTESIAN_POINT('',(1038.846,26.198,-224.685));
#2995=CARTESIAN_POINT('',(1058.112,26.832,-223.385));
#2996=CARTESIAN_POINT('',(-76.88,1398.658,89.016));
#2997=CARTESIAN_POINT('',(-65.488,1407.442,78.602));
#2998=CARTESIAN_POINT('',(-45.277,1407.845,67.495));
#2999=CARTESIAN_POINT('',(-17.535,1373.328,43.538));
#3000=CARTESIAN_POINT('',(6.038,1294.602,28.308));
#3001=CARTESIAN_POINT('',(27.676,1190.202,-5.599));
#3002=CARTESIAN_POINT('',(42.443,1070.285,-20.372));
#3003=CARTESIAN_POINT('',(51.37,937.026,-53.294));
#3004=CARTESIAN_POINT('',(59.065,799.87,-69.571));
#3005=CARTESIAN_POINT('',(63.397,662.9,-103.094));
#3006=CARTESIAN_POINT('',(79.843,523.927,-116.059));
#3007=CARTESIAN_POINT('',(116.919,409.119,-141.893));
#3008=CARTESIAN_POINT('',(180.515,301.213,-161.444));
#3009=CARTESIAN_POINT('',(265.112,227.549,-177.261));
#3010=CARTESIAN_POINT('',(356.316,170.201,-196.613));
#3011=CARTESIAN_POINT('',(460.706,142.401,-207.096));
#3012=CARTESIAN_POINT('',(559.511,113.653,-209.935));
#3013=CARTESIAN_POINT('',(643.405,102.591,-209.368));
#3014=CARTESIAN_POINT('',(741.424,85.019,-210.456));
#3015=CARTESIAN_POINT('',(825.135,69.597,-201.806));
#3016=CARTESIAN_POINT('',(909.469,57.321,-207.588));
#3017=CARTESIAN_POINT('',(980.778,53.918,-206.91));
#3018=CARTESIAN_POINT('',(1057.438,37.295,-220.526));
#3019=CARTESIAN_POINT('',(1121.258,39.475,-219.098));
#3020=CARTESIAN_POINT('',(1137.546,26.255,-224.781));
#3021=CARTESIAN_POINT('',(-33.929,1488.964,114.457));
#3022=CARTESIAN_POINT('',(-21.342,1502.495,107.175));
#3023=CARTESIAN_POINT('',(5.991,1513.804,89.226));
#3024=CARTESIAN_POINT('',(23.066,1472.82,65.72));
#3025=CARTESIAN_POINT('',(36.028,1377.529,35.334));
#3026=CARTESIAN_POINT('',(65.869,1257.649,16.052));
#3027=CARTESIAN_POINT('',(72.955,1114.204,-17.324));
#3028=CARTESIAN_POINT('',(89.907,974.199,-38.47));
#3029=CARTESIAN_POINT('',(90.396,822.691,-67.18));
#3030=CARTESIAN_POINT('',(86.965,679.12,-94.52));
#3031=CARTESIAN_POINT('',(97.441,533.141,-114.917));
#3032=CARTESIAN_POINT('',(134.982,409.752,-136.157));
#3033=CARTESIAN_POINT('',(199.665,303.58,-158.345));
#3034=CARTESIAN_POINT('',(283.678,229.593,-172.615));
#3035=CARTESIAN_POINT('',(381.288,173.171,-192.849));
#3036=CARTESIAN_POINT('',(493.18,143.85,-201.457));
#3037=CARTESIAN_POINT('',(591.651,119.158,-200.76));
#3038=CARTESIAN_POINT('',(690.832,104.678,-202.98));
#3039=CARTESIAN_POINT('',(783.868,85.263,-197.417));
#3040=CARTESIAN_POINT('',(873.888,71.468,-195.204));
#3041=CARTESIAN_POINT('',(962.896,65.806,-196.784));
#3042=CARTESIAN_POINT('',(1042.936,53.217,-209.447));
#3043=CARTESIAN_POINT('',(1141.591,57.922,-211.347));
#3044=CARTESIAN_POINT('',(1190.336,26.018,-229.626));
#3045=CARTESIAN_POINT('',(1229.846,31.611,-229.385));
#3046=CARTESIAN_POINT('',(10.543,1617.046,144.706));
#3047=CARTESIAN_POINT('',(20.596,1625.92,131.165));
#3048=CARTESIAN_POINT('',(45.117,1630.185,112.445));
#3049=CARTESIAN_POINT('',(65.611,1565.397,89.853));
#3050=CARTESIAN_POINT('',(76.536,1452.748,51.596));
#3051=CARTESIAN_POINT('',(94.591,1309.592,23.949));
#3052=CARTESIAN_POINT('',(117.63,1158.827,-4.787));
#3053=CARTESIAN_POINT('',(114.696,996.042,-32.865));
#3054=CARTESIAN_POINT('',(125.355,844.651,-60.242));
#3055=CARTESIAN_POINT('',(117.794,689.298,-87.575));
#3056=CARTESIAN_POINT('',(117.435,540.506,-111.463));
#3057=CARTESIAN_POINT('',(153.785,408.895,-131.548));
#3058=CARTESIAN_POINT('',(215.983,304.682,-155.188));
#3059=CARTESIAN_POINT('',(306.842,227.489,-168.913));
#3060=CARTESIAN_POINT('',(404.242,175.59,-190.579));
#3061=CARTESIAN_POINT('',(526.164,147.645,-191.176));
#3062=CARTESIAN_POINT('',(626.329,122.465,-194.238));
#3063=CARTESIAN_POINT('',(728.267,108.497,-193.232));
#3064=CARTESIAN_POINT('',(823.257,84.196,-185.178));
#3065=CARTESIAN_POINT('',(926.82,79.177,-183.962));
#3066=CARTESIAN_POINT('',(1013.835,64.308,-195.37));
#3067=CARTESIAN_POINT('',(1117.138,74.537,-197.189));
#3068=CARTESIAN_POINT('',(1216.121,42.43,-231.13));
#3069=CARTESIAN_POINT('',(1315.892,81.189,-222.606));
#3070=CARTESIAN_POINT('',(1335.387,86.146,-220.807));
#3071=CARTESIAN_POINT('',(69.109,1738.556,164.39));
#3072=CARTESIAN_POINT('',(86.598,1746.548,151.592));
#3073=CARTESIAN_POINT('',(107.148,1736.515,130.823));
#3074=CARTESIAN_POINT('',(116.691,1652.996,103.145));
#3075=CARTESIAN_POINT('',(117.222,1514.253,70.323));
#3076=CARTESIAN_POINT('',(135.28,1357.74,30.187));
#3077=CARTESIAN_POINT('',(161.107,1189.104,6.96));
#3078=CARTESIAN_POINT('',(155.52,1025.282,-24.454));
#3079=CARTESIAN_POINT('',(149.057,852.537,-55.57));
#3080=CARTESIAN_POINT('',(143.825,697.774,-81.763));
#3081=CARTESIAN_POINT('',(135.203,543.153,-107.641));
#3082=CARTESIAN_POINT('',(171.926,404.281,-127.999));
#3083=CARTESIAN_POINT('',(234.706,305.287,-150.766));
#3084=CARTESIAN_POINT('',(326.185,225.154,-167.196));
#3085=CARTESIAN_POINT('',(433.381,183.763,-181.242));
#3086=CARTESIAN_POINT('',(555.814,148.778,-182.733));
#3087=CARTESIAN_POINT('',(664.781,127.603,-184.699));
#3088=CARTESIAN_POINT('',(757.271,104.466,-181.895));
#3089=CARTESIAN_POINT('',(872.486,90.179,-170.4));
#3090=CARTESIAN_POINT('',(971.047,71.949,-182.187));
#3091=CARTESIAN_POINT('',(1075.492,87.993,-177.713));
#3092=CARTESIAN_POINT('',(1181.031,61.29,-218.656));
#3093=CARTESIAN_POINT('',(1328.086,125.386,-208.422));
#3094=CARTESIAN_POINT('',(1386.075,152.428,-183.119));
#3095=CARTESIAN_POINT('',(1406.781,169.394,-174.892));
#3096=CARTESIAN_POINT('',(136.057,1861.937,193.194));
#3097=CARTESIAN_POINT('',(146.579,1864.839,171.864));
#3098=CARTESIAN_POINT('',(164.289,1842.363,150.823));
#3099=CARTESIAN_POINT('',(168.656,1728.931,113.975));
#3100=CARTESIAN_POINT('',(173.05,1568.387,83.438));
#3101=CARTESIAN_POINT('',(181.464,1392.325,41.748));
#3102=CARTESIAN_POINT('',(197.647,1208.235,12.321));
#3103=CARTESIAN_POINT('',(197.891,1037.97,-13.75));
#3104=CARTESIAN_POINT('',(180.597,864.171,-47.365));
#3105=CARTESIAN_POINT('',(171.012,695.24,-77.809));
#3106=CARTESIAN_POINT('',(150.928,546.392,-102.142));
#3107=CARTESIAN_POINT('',(188.97,399.959,-124.086));
#3108=CARTESIAN_POINT('',(253.103,305.24,-146.523));
#3109=CARTESIAN_POINT('',(349.306,224.647,-162.706));
#3110=CARTESIAN_POINT('',(465.598,186.943,-173.972));
#3111=CARTESIAN_POINT('',(587.883,150.354,-171.355));
#3112=CARTESIAN_POINT('',(694.222,127.192,-180.743));
#3113=CARTESIAN_POINT('',(796.484,107.713,-160.729));
#3114=CARTESIAN_POINT('',(913.519,84.055,-166.003));
#3115=CARTESIAN_POINT('',(1009.926,88.252,-163.348));
#3116=CARTESIAN_POINT('',(1138.176,77.477,-192.749));
#3117=CARTESIAN_POINT('',(1261.247,123.498,-206.933));
#3118=CARTESIAN_POINT('',(1394.659,192.558,-162.64));
#3119=CARTESIAN_POINT('',(1449.29,273.583,-154.56));
#3120=CARTESIAN_POINT('',(1472.312,298.551,-156.652));
#3121=CARTESIAN_POINT('',(182.049,1999.028,213.593));
#3122=CARTESIAN_POINT('',(205.89,2002.299,182.803));
#3123=CARTESIAN_POINT('',(250.163,1934.5,157.84));
#3124=CARTESIAN_POINT('',(224.469,1789.846,125.895));
#3125=CARTESIAN_POINT('',(232.534,1604.241,88.958));
#3126=CARTESIAN_POINT('',(227.823,1420.94,54.04));
#3127=CARTESIAN_POINT('',(238.655,1221.267,19.582));
#3128=CARTESIAN_POINT('',(231.775,1040.886,-0.88));
#3129=CARTESIAN_POINT('',(209.34,867.034,-39.537));
#3130=CARTESIAN_POINT('',(200.106,691.324,-69.787));
#3131=CARTESIAN_POINT('',(164.819,543.271,-96.689));
#3132=CARTESIAN_POINT('',(208.981,391.176,-120.449));
#3133=CARTESIAN_POINT('',(269.463,303.722,-140.742));
#3134=CARTESIAN_POINT('',(373.719,223.12,-160.064));
#3135=CARTESIAN_POINT('',(493.251,193.893,-161.428));
#3136=CARTESIAN_POINT('',(619.244,148.929,-163.261));
#3137=CARTESIAN_POINT('',(720.624,128.355,-171.231));
#3138=CARTESIAN_POINT('',(833.141,104.745,-141.324));
#3139=CARTESIAN_POINT('',(943.22,86.731,-161.233));
#3140=CARTESIAN_POINT('',(1072.096,87.843,-156.558));
#3141=CARTESIAN_POINT('',(1192.845,113.282,-195.935));
#3142=CARTESIAN_POINT('',(1315.859,176.478,-172.186));
#3143=CARTESIAN_POINT('',(1435.578,304.808,-152.436));
#3144=CARTESIAN_POINT('',(1471.561,409.233,-166.281));
#3145=CARTESIAN_POINT('',(1490.814,423.645,-163.621));
#3146=CARTESIAN_POINT('',(257.384,2120.204,248.283));
#3147=CARTESIAN_POINT('',(254.929,2106.477,204.079));
#3148=CARTESIAN_POINT('',(325.449,1989.354,161.053));
#3149=CARTESIAN_POINT('',(290.53,1820.342,134.217));
#3150=CARTESIAN_POINT('',(289.664,1628.772,95.52));
#3151=CARTESIAN_POINT('',(274.209,1429.924,63.52));
#3152=CARTESIAN_POINT('',(272.94,1233.703,30.168));
#3153=CARTESIAN_POINT('',(269.807,1041.465,15.583));
#3154=CARTESIAN_POINT('',(231.021,865.644,-26.486));
#3155=CARTESIAN_POINT('',(226.881,685.484,-63.188));
#3156=CARTESIAN_POINT('',(180.894,537.228,-87.41));
#3157=CARTESIAN_POINT('',(223.517,386.401,-113.831));
#3158=CARTESIAN_POINT('',(286.881,298.395,-138.484));
#3159=CARTESIAN_POINT('',(403.402,225.085,-152.843));
#3160=CARTESIAN_POINT('',(527.86,199.103,-141.534));
#3161=CARTESIAN_POINT('',(644.793,143.665,-166.122));
#3162=CARTESIAN_POINT('',(753.507,132.658,-140.921));
#3163=CARTESIAN_POINT('',(867.425,97.725,-134.805));
#3164=CARTESIAN_POINT('',(973.262,89.864,-149.666));
#3165=CARTESIAN_POINT('',(1112.033,98.732,-153.464));
#3166=CARTESIAN_POINT('',(1218.721,143.397,-185.331));
#3167=CARTESIAN_POINT('',(1364.017,241.709,-152.426));
#3168=CARTESIAN_POINT('',(1423.816,448.833,-164.395));
#3169=CARTESIAN_POINT('',(1476.514,501.002,-159.714));
#3170=CARTESIAN_POINT('',(1515.016,543.117,-160.548));
#3171=CARTESIAN_POINT('',(386.627,2152.011,237.783));
#3172=CARTESIAN_POINT('',(379.856,2116.15,194.623));
#3173=CARTESIAN_POINT('',(357.643,1987.178,169.944));
#3174=CARTESIAN_POINT('',(364.258,1802.427,136.005));
#3175=CARTESIAN_POINT('',(345.01,1635.297,109.26));
#3176=CARTESIAN_POINT('',(324.472,1438.084,77.993));
#3177=CARTESIAN_POINT('',(300.016,1241.988,46.268));
#3178=CARTESIAN_POINT('',(296.501,1035.911,35.749));
#3179=CARTESIAN_POINT('',(251.894,858.051,-13.968));
#3180=CARTESIAN_POINT('',(252.675,678.57,-48.41));
#3181=CARTESIAN_POINT('',(192.214,521.326,-83.238));
#3182=CARTESIAN_POINT('',(238.045,384.614,-104.968));
#3183=CARTESIAN_POINT('',(313.907,286.243,-137.928));
#3184=CARTESIAN_POINT('',(429.527,233.816,-139.507));
#3185=CARTESIAN_POINT('',(559.997,188.471,-135.975));
#3186=CARTESIAN_POINT('',(656.391,149.654,-158.491));
#3187=CARTESIAN_POINT('',(789.407,126.706,-116.557));
#3188=CARTESIAN_POINT('',(894.533,93.575,-139.915));
#3189=CARTESIAN_POINT('',(1018.285,92.868,-125.398));
#3190=CARTESIAN_POINT('',(1134.444,111.396,-161.926));
#3191=CARTESIAN_POINT('',(1262.712,172.464,-163.895));
#3192=CARTESIAN_POINT('',(1365.756,363.431,-149.16));
#3193=CARTESIAN_POINT('',(1394.675,520.52,-162.027));
#3194=CARTESIAN_POINT('',(1504.787,615.703,-158.477));
#3195=CARTESIAN_POINT('',(1535.949,637.224,-163.642));
#3196=CARTESIAN_POINT('',(453.707,2113.298,248.743));
#3197=CARTESIAN_POINT('',(414.592,2076.11,210.419));
#3198=CARTESIAN_POINT('',(406.828,1947.501,168.742));
#3199=CARTESIAN_POINT('',(400.645,1783.222,156.146));
#3200=CARTESIAN_POINT('',(389.851,1642.395,128.945));
#3201=CARTESIAN_POINT('',(352.419,1457.683,101.029));
#3202=CARTESIAN_POINT('',(317.787,1239.746,54.03));
#3203=CARTESIAN_POINT('',(314.831,1036.824,68.168));
#3204=CARTESIAN_POINT('',(259.76,856.05,3.787));
#3205=CARTESIAN_POINT('',(268.605,666.687,-23.197));
#3206=CARTESIAN_POINT('',(197.267,514.561,-85.123));
#3207=CARTESIAN_POINT('',(245.791,382.208,-92.7));
#3208=CARTESIAN_POINT('',(328.624,282.261,-138.31));
#3209=CARTESIAN_POINT('',(460.5,241.096,-112.245));
#3210=CARTESIAN_POINT('',(564.201,187.063,-137.102));
#3211=CARTESIAN_POINT('',(680.275,149.607,-147.524));
#3212=CARTESIAN_POINT('',(803.497,124.455,-101.327));
#3213=CARTESIAN_POINT('',(911.531,92.812,-135.347));
#3214=CARTESIAN_POINT('',(1035.424,94.388,-118.188));
#3215=CARTESIAN_POINT('',(1149.975,123.937,-155.85));
#3216=CARTESIAN_POINT('',(1283.87,221.037,-150.359));
#3217=CARTESIAN_POINT('',(1341.056,412.606,-148.805));
#3218=CARTESIAN_POINT('',(1410.98,604.986,-150.638));
#3219=CARTESIAN_POINT('',(1486.156,665.656,-163.291));
#3220=CARTESIAN_POINT('',(1534.246,698.519,-157.37));
#3221=CARTESIAN_POINT('',(454.997,2063.685,237.771));
#3222=CARTESIAN_POINT('',(439.762,2031.35,229.373));
#3223=CARTESIAN_POINT('',(421.386,1938.767,173.015));
#3224=CARTESIAN_POINT('',(409.428,1759.91,166.537));
#3225=CARTESIAN_POINT('',(397.366,1677.436,139.665));
#3226=CARTESIAN_POINT('',(365.702,1454.792,115.303));
#3227=CARTESIAN_POINT('',(324.33,1227.753,59.969));
#3228=CARTESIAN_POINT('',(305.999,1032.427,79.8));
#3229=CARTESIAN_POINT('',(266.25,840.104,11.721));
#3230=CARTESIAN_POINT('',(260.616,659.396,-22.851));
#3231=CARTESIAN_POINT('',(205.533,505.927,-77.195));
#3232=CARTESIAN_POINT('',(251.384,375.965,-95.388));
#3233=CARTESIAN_POINT('',(346.546,281.157,-127.069));
#3234=CARTESIAN_POINT('',(471.929,238.027,-109.905));
#3235=CARTESIAN_POINT('',(574.633,182.534,-137.17));
#3236=CARTESIAN_POINT('',(689.837,152.443,-137.985));
#3237=CARTESIAN_POINT('',(816.882,117.527,-97.192));
#3238=CARTESIAN_POINT('',(921.561,93.527,-133.221));
#3239=CARTESIAN_POINT('',(1045.769,95.723,-115.588));
#3240=CARTESIAN_POINT('',(1157.872,128.619,-150.714));
#3241=CARTESIAN_POINT('',(1290.09,248.315,-145.856));
#3242=CARTESIAN_POINT('',(1333.004,442.8,-142.204));
#3243=CARTESIAN_POINT('',(1399.226,638.414,-141.132));
#3244=CARTESIAN_POINT('',(1481.467,696.458,-157.944));
#3245=CARTESIAN_POINT('',(1528.708,720.916,-151.621));
#3246=CARTESIAN_POINT('',(-2313.546,-76.82,16.139));
#3247=CARTESIAN_POINT('',(-2325.637,-65.147,36.357));
#3248=CARTESIAN_POINT('',(-2305.38,-18.052,70.042));
#3249=CARTESIAN_POINT('',(-2199.188,14.037,97.41));
#3250=CARTESIAN_POINT('',(-2073.959,28.203,126.836));
#3251=CARTESIAN_POINT('',(-1938.577,37.507,161.31));
#3252=CARTESIAN_POINT('',(-1812.979,26.05,194.521));
#3253=CARTESIAN_POINT('',(-1682.176,25.57,223.252));
#3254=CARTESIAN_POINT('',(-1551.688,25.743,257.302));
#3255=CARTESIAN_POINT('',(-1422.119,21.551,261.806));
#3256=CARTESIAN_POINT('',(-1295.502,20.716,234.758));
#3257=CARTESIAN_POINT('',(-1165.676,11.973,240.857));
#3258=CARTESIAN_POINT('',(-1041.759,14.195,235.837));
#3259=CARTESIAN_POINT('',(-924.445,16.192,207.596));
#3260=CARTESIAN_POINT('',(-807.369,8.194,192.141));
#3261=CARTESIAN_POINT('',(-698.115,14.662,193.989));
#3262=CARTESIAN_POINT('',(-603.247,34.444,190.866));
#3263=CARTESIAN_POINT('',(-511.547,51.696,180.704));
#3264=CARTESIAN_POINT('',(-420.148,66.503,161.865));
#3265=CARTESIAN_POINT('',(-336.899,91.669,147.954));
#3266=CARTESIAN_POINT('',(-262.615,115.237,137.446));
#3267=CARTESIAN_POINT('',(-194.837,133.2,126.798));
#3268=CARTESIAN_POINT('',(-135.827,151.363,116.324));
#3269=CARTESIAN_POINT('',(-103.843,160.287,110.746));
#3270=CARTESIAN_POINT('',(-96.628,165.03,108.304));
#3271=CARTESIAN_POINT('',(-2280.47,-90.769,4.179));
#3272=CARTESIAN_POINT('',(-2270.604,-86.115,44.121));
#3273=CARTESIAN_POINT('',(-2258.76,-46.936,79.303));
#3274=CARTESIAN_POINT('',(-2165.946,-21.143,102.82));
#3275=CARTESIAN_POINT('',(-2052.193,-0.7,136.712));
#3276=CARTESIAN_POINT('',(-1918.84,12.902,166.638));
#3277=CARTESIAN_POINT('',(-1795.465,9.16,202.8));
#3278=CARTESIAN_POINT('',(-1668.172,4.591,225.378));
#3279=CARTESIAN_POINT('',(-1536.614,12.408,266.009));
#3280=CARTESIAN_POINT('',(-1410.09,2.215,258.584));
#3281=CARTESIAN_POINT('',(-1282.328,6.83,234.763));
#3282=CARTESIAN_POINT('',(-1152.904,-1.299,242.331));
#3283=CARTESIAN_POINT('',(-1030.636,1.654,234.429));
#3284=CARTESIAN_POINT('',(-912.109,4.463,205.192));
#3285=CARTESIAN_POINT('',(-795.669,-2.488,192.626));
#3286=CARTESIAN_POINT('',(-687.976,4.819,194.48));
#3287=CARTESIAN_POINT('',(-593.941,26.103,191.256));
#3288=CARTESIAN_POINT('',(-499.302,43.336,181.627));
#3289=CARTESIAN_POINT('',(-410.25,58.472,161.729));
#3290=CARTESIAN_POINT('',(-327.308,83.093,148.907));
#3291=CARTESIAN_POINT('',(-252.394,107.295,139.035));
#3292=CARTESIAN_POINT('',(-185.227,125.437,128.186));
#3293=CARTESIAN_POINT('',(-125.93,142.344,118.804));
#3294=CARTESIAN_POINT('',(-96.502,153.625,112.667));
#3295=CARTESIAN_POINT('',(-86.08,161.509,108.867));
#3296=CARTESIAN_POINT('',(-2181.651,-118.904,4.513));
#3297=CARTESIAN_POINT('',(-2176.154,-113.44,23.444));
#3298=CARTESIAN_POINT('',(-2151.56,-101.668,62.225));
#3299=CARTESIAN_POINT('',(-2085.352,-68.321,105.983));
#3300=CARTESIAN_POINT('',(-1981.042,-42.43,146.184));
#3301=CARTESIAN_POINT('',(-1868.441,-30.893,183.281));
#3302=CARTESIAN_POINT('',(-1749.676,-46.797,206.585));
#3303=CARTESIAN_POINT('',(-1628.498,-29.418,236.904));
#3304=CARTESIAN_POINT('',(-1502.242,-39.284,271.339));
#3305=CARTESIAN_POINT('',(-1373.489,-23.489,243.59));
#3306=CARTESIAN_POINT('',(-1248.322,-26.404,238.993));
#3307=CARTESIAN_POINT('',(-1123.248,-27.3,239.594));
#3308=CARTESIAN_POINT('',(-1000.128,-23.87,231.006));
#3309=CARTESIAN_POINT('',(-883.831,-14.993,196.103));
#3310=CARTESIAN_POINT('',(-766.357,-29.291,192.873));
#3311=CARTESIAN_POINT('',(-663.239,-11.772,193.515));
#3312=CARTESIAN_POINT('',(-569.121,10.438,192.255));
#3313=CARTESIAN_POINT('',(-470.728,24.832,180.486));
#3314=CARTESIAN_POINT('',(-385.755,44.24,160.1));
#3315=CARTESIAN_POINT('',(-304.296,67.6,149.388));
#3316=CARTESIAN_POINT('',(-228.78,92.941,139.584));
#3317=CARTESIAN_POINT('',(-159.344,105.231,132.513));
#3318=CARTESIAN_POINT('',(-104.553,136.411,119.853));
#3319=CARTESIAN_POINT('',(-67.905,139.364,115.523));
#3320=CARTESIAN_POINT('',(-63.92,151.778,110.651));
#3321=CARTESIAN_POINT('',(-1997.866,-145.35,4.009));
#3322=CARTESIAN_POINT('',(-1992.904,-145.867,21.873));
#3323=CARTESIAN_POINT('',(-1977.336,-141.328,57.119));
#3324=CARTESIAN_POINT('',(-1922.331,-132.763,111.823));
#3325=CARTESIAN_POINT('',(-1842.196,-110.257,154.363));
#3326=CARTESIAN_POINT('',(-1746.03,-111.807,177.269));
#3327=CARTESIAN_POINT('',(-1645.261,-99.995,212.723));
#3328=CARTESIAN_POINT('',(-1535.587,-91.626,249.533));
#3329=CARTESIAN_POINT('',(-1416.915,-87.498,244.571));
#3330=CARTESIAN_POINT('',(-1297.332,-64.768,230.177));
#3331=CARTESIAN_POINT('',(-1175.767,-73.859,227.248));
#3332=CARTESIAN_POINT('',(-1052.634,-63.29,233.337));
#3333=CARTESIAN_POINT('',(-939.172,-54.54,204.816));
#3334=CARTESIAN_POINT('',(-824.928,-52.41,188.289));
#3335=CARTESIAN_POINT('',(-712.19,-59.819,190.162));
#3336=CARTESIAN_POINT('',(-618.26,-32.146,190.87));
#3337=CARTESIAN_POINT('',(-516.296,-16.11,188.646));
#3338=CARTESIAN_POINT('',(-423.213,2.642,172.125));
#3339=CARTESIAN_POINT('',(-337.152,21.225,153.002));
#3340=CARTESIAN_POINT('',(-258.694,51.465,148.104));
#3341=CARTESIAN_POINT('',(-181.026,65.446,141.861));
#3342=CARTESIAN_POINT('',(-116.979,95.455,132.752));
#3343=CARTESIAN_POINT('',(-55.169,111.138,124.847));
#3344=CARTESIAN_POINT('',(-23.127,131.324,114.21));
#3345=CARTESIAN_POINT('',(-15.987,138.805,110.963));
#3346=CARTESIAN_POINT('',(-1811.116,-180.361,5.297));
#3347=CARTESIAN_POINT('',(-1806.85,-179.568,21.827));
#3348=CARTESIAN_POINT('',(-1785.106,-177.967,56.545));
#3349=CARTESIAN_POINT('',(-1737.013,-168.107,99.609));
#3350=CARTESIAN_POINT('',(-1671.883,-167.895,135.288));
#3351=CARTESIAN_POINT('',(-1595.36,-163.601,180.597));
#3352=CARTESIAN_POINT('',(-1509.591,-152.538,212.119));
#3353=CARTESIAN_POINT('',(-1413.615,-143.192,221.291));
#3354=CARTESIAN_POINT('',(-1304.652,-113.185,209.178));
#3355=CARTESIAN_POINT('',(-1200.688,-108.738,210.7));
#3356=CARTESIAN_POINT('',(-1080.42,-104.724,217.835));
#3357=CARTESIAN_POINT('',(-976.341,-93.102,205.613));
#3358=CARTESIAN_POINT('',(-864.21,-80.113,183.175));
#3359=CARTESIAN_POINT('',(-756.124,-94.381,182.973));
#3360=CARTESIAN_POINT('',(-652.473,-82.054,182.374));
#3361=CARTESIAN_POINT('',(-554.895,-56.833,183.877));
#3362=CARTESIAN_POINT('',(-457.307,-38.128,178.512));
#3363=CARTESIAN_POINT('',(-367.995,-20.049,154.842));
#3364=CARTESIAN_POINT('',(-281.627,5.019,150.534));
#3365=CARTESIAN_POINT('',(-203.375,28.217,147.11));
#3366=CARTESIAN_POINT('',(-125.949,50.611,141.984));
#3367=CARTESIAN_POINT('',(-62.755,77.662,136.142));
#3368=CARTESIAN_POINT('',(-5.933,101.507,122.336));
#3369=CARTESIAN_POINT('',(22.143,119.215,112.687));
#3370=CARTESIAN_POINT('',(35.375,122.394,108.985));
#3371=CARTESIAN_POINT('',(-1617.747,-209.139,2.215));
#3372=CARTESIAN_POINT('',(-1611.948,-209.783,18.777));
#3373=CARTESIAN_POINT('',(-1594.205,-213.622,46.333));
#3374=CARTESIAN_POINT('',(-1553.231,-216.77,91.795));
#3375=CARTESIAN_POINT('',(-1500.95,-213.112,132.061));
#3376=CARTESIAN_POINT('',(-1434.014,-197.818,158.99));
#3377=CARTESIAN_POINT('',(-1361.161,-177.753,175.438));
#3378=CARTESIAN_POINT('',(-1277.003,-152.27,176.031));
#3379=CARTESIAN_POINT('',(-1186.12,-142.605,188.123));
#3380=CARTESIAN_POINT('',(-1085.171,-137.988,197.198));
#3381=CARTESIAN_POINT('',(-989.431,-128.057,192.62));
#3382=CARTESIAN_POINT('',(-886.534,-118.468,173.647));
#3383=CARTESIAN_POINT('',(-782.975,-120.44,173.927));
#3384=CARTESIAN_POINT('',(-680.231,-122.695,171.798));
#3385=CARTESIAN_POINT('',(-584.64,-100.206,171.698));
#3386=CARTESIAN_POINT('',(-486.376,-78.657,172.854));
#3387=CARTESIAN_POINT('',(-392.092,-59.09,154.428));
#3388=CARTESIAN_POINT('',(-301.235,-38.96,148.49));
#3389=CARTESIAN_POINT('',(-220.343,-14.761,149.901));
#3390=CARTESIAN_POINT('',(-138.022,10.098,145.835));
#3391=CARTESIAN_POINT('',(-62.909,35.368,144.984));
#3392=CARTESIAN_POINT('',(0.428,67.261,132.414));
#3393=CARTESIAN_POINT('',(56.426,81.392,117.65));
#3394=CARTESIAN_POINT('',(87.874,102.724,105.992));
#3395=CARTESIAN_POINT('',(99.574,108.517,101.499));
#3396=CARTESIAN_POINT('',(-1427.194,-233.26,7.939));
#3397=CARTESIAN_POINT('',(-1423.996,-233.375,17.816));
#3398=CARTESIAN_POINT('',(-1401.747,-230.165,47.275));
#3399=CARTESIAN_POINT('',(-1367.756,-221.225,78.188));
#3400=CARTESIAN_POINT('',(-1320.302,-208.808,103.719));
#3401=CARTESIAN_POINT('',(-1270.982,-195.825,128.122));
#3402=CARTESIAN_POINT('',(-1205.407,-183.505,142.882));
#3403=CARTESIAN_POINT('',(-1142.565,-179.574,161.695));
#3404=CARTESIAN_POINT('',(-1058.202,-170.172,171.238));
#3405=CARTESIAN_POINT('',(-977.824,-164.798,165.518));
#3406=CARTESIAN_POINT('',(-889.852,-155.366,158.512));
#3407=CARTESIAN_POINT('',(-792.211,-153.157,160.501));
#3408=CARTESIAN_POINT('',(-696.12,-152.992,161.418));
#3409=CARTESIAN_POINT('',(-601.314,-142.877,154.163));
#3410=CARTESIAN_POINT('',(-507.406,-120.37,157.9));
#3411=CARTESIAN_POINT('',(-410.946,-97.358,149.055));
#3412=CARTESIAN_POINT('',(-319.303,-79.533,144.978));
#3413=CARTESIAN_POINT('',(-230.747,-59.62,149.179));
#3414=CARTESIAN_POINT('',(-147.202,-29.63,145.013));
#3415=CARTESIAN_POINT('',(-66.002,-8.621,147.145));
#3416=CARTESIAN_POINT('',(6.998,28.651,140.06));
#3417=CARTESIAN_POINT('',(72.583,41.394,123.67));
#3418=CARTESIAN_POINT('',(127.509,84.104,103.546));
#3419=CARTESIAN_POINT('',(154.254,92.326,95.006));
#3420=CARTESIAN_POINT('',(169.696,95.07,92.469));
#3421=CARTESIAN_POINT('',(-1245.503,-248.22,12.271));
#3422=CARTESIAN_POINT('',(-1236.406,-246.036,24.853));
#3423=CARTESIAN_POINT('',(-1225.929,-243.472,40.536));
#3424=CARTESIAN_POINT('',(-1195.877,-237.555,70.59));
#3425=CARTESIAN_POINT('',(-1160.698,-232.278,93.713));
#3426=CARTESIAN_POINT('',(-1114.047,-223.625,112.685));
#3427=CARTESIAN_POINT('',(-1069.317,-215.424,128.984));
#3428=CARTESIAN_POINT('',(-1012.058,-202.956,135.745));
#3429=CARTESIAN_POINT('',(-952.612,-196.331,135.74));
#3430=CARTESIAN_POINT('',(-868.34,-194.812,136.254));
#3431=CARTESIAN_POINT('',(-788.593,-190.904,143.037));
#3432=CARTESIAN_POINT('',(-698.806,-187.569,145.373));
#3433=CARTESIAN_POINT('',(-610.927,-178.356,137.825));
#3434=CARTESIAN_POINT('',(-519.509,-163.368,136.798));
#3435=CARTESIAN_POINT('',(-422.632,-139.325,137.653));
#3436=CARTESIAN_POINT('',(-330.428,-120.94,138.103));
#3437=CARTESIAN_POINT('',(-241.436,-103.486,144.235));
#3438=CARTESIAN_POINT('',(-151.933,-75.041,138.019));
#3439=CARTESIAN_POINT('',(-70.154,-52.798,143.629));
#3440=CARTESIAN_POINT('',(10.296,-16.969,142.653));
#3441=CARTESIAN_POINT('',(81.95,3.528,127.431));
#3442=CARTESIAN_POINT('',(147.021,44.85,105.03));
#3443=CARTESIAN_POINT('',(201.215,66.526,95.488));
#3444=CARTESIAN_POINT('',(243.512,72.089,91.723));
#3445=CARTESIAN_POINT('',(253.714,81.694,89.248));
#3446=CARTESIAN_POINT('',(-1091.07,-279.369,15.636));
#3447=CARTESIAN_POINT('',(-1084.999,-278.642,22.455));
#3448=CARTESIAN_POINT('',(-1069.201,-273.071,39.398));
#3449=CARTESIAN_POINT('',(-1044.908,-265.014,56.922));
#3450=CARTESIAN_POINT('',(-1014.457,-254.657,71.916));
#3451=CARTESIAN_POINT('',(-982.436,-246.968,84.541));
#3452=CARTESIAN_POINT('',(-938.893,-240.638,93.992));
#3453=CARTESIAN_POINT('',(-888.855,-237.87,103.374));
#3454=CARTESIAN_POINT('',(-823.053,-236.155,113.324));
#3455=CARTESIAN_POINT('',(-756.499,-229.289,122.362));
#3456=CARTESIAN_POINT('',(-684.727,-222.56,124.99));
#3457=CARTESIAN_POINT('',(-605.09,-208.683,120.932));
#3458=CARTESIAN_POINT('',(-519.528,-196.85,118.588));
#3459=CARTESIAN_POINT('',(-424.969,-180.193,122.411));
#3460=CARTESIAN_POINT('',(-336.139,-162.624,127.342));
#3461=CARTESIAN_POINT('',(-244.352,-144.743,134.407));
#3462=CARTESIAN_POINT('',(-157.565,-118.796,126.598));
#3463=CARTESIAN_POINT('',(-70.977,-95.493,134.793));
#3464=CARTESIAN_POINT('',(12.688,-59.877,137.949));
#3465=CARTESIAN_POINT('',(91.046,-33.129,123.309));
#3466=CARTESIAN_POINT('',(159.856,5.17,102.956));
#3467=CARTESIAN_POINT('',(227.348,33.965,99.919));
#3468=CARTESIAN_POINT('',(291.258,56.013,93.892));
#3469=CARTESIAN_POINT('',(322.702,76.169,86.143));
#3470=CARTESIAN_POINT('',(342.5,75.916,83.969));
#3471=CARTESIAN_POINT('',(-931.254,-307.325,-5.331));
#3472=CARTESIAN_POINT('',(-927.641,-304.649,2.316));
#3473=CARTESIAN_POINT('',(-920.504,-301.83,13.433));
#3474=CARTESIAN_POINT('',(-899.03,-296.893,33.238));
#3475=CARTESIAN_POINT('',(-874.772,-294.102,50.576));
#3476=CARTESIAN_POINT('',(-841.566,-287.637,66.121));
#3477=CARTESIAN_POINT('',(-805.844,-280.554,80.216));
#3478=CARTESIAN_POINT('',(-754.453,-273.028,91.523));
#3479=CARTESIAN_POINT('',(-703.636,-262.445,98.877));
#3480=CARTESIAN_POINT('',(-648.241,-253.011,101.825));
#3481=CARTESIAN_POINT('',(-579.455,-240.712,100.49));
#3482=CARTESIAN_POINT('',(-504.576,-229.989,101.822));
#3483=CARTESIAN_POINT('',(-415.701,-221.615,105.191));
#3484=CARTESIAN_POINT('',(-334.037,-206.132,112.592));
#3485=CARTESIAN_POINT('',(-244.952,-187.222,118.532));
#3486=CARTESIAN_POINT('',(-157.509,-160.61,112.112));
#3487=CARTESIAN_POINT('',(-70.541,-136.756,120.954));
#3488=CARTESIAN_POINT('',(16.262,-104.725,125.387));
#3489=CARTESIAN_POINT('',(96.319,-70.017,113.003));
#3490=CARTESIAN_POINT('',(170.989,-35.083,98.203));
#3491=CARTESIAN_POINT('',(242.628,-2.705,103.833));
#3492=CARTESIAN_POINT('',(310.479,30.683,96.498));
#3493=CARTESIAN_POINT('',(376.756,52.834,87.2));
#3494=CARTESIAN_POINT('',(420.657,65.206,80.458));
#3495=CARTESIAN_POINT('',(435.475,79.31,73.768));
#3496=CARTESIAN_POINT('',(-770.303,-347.289,-13.704));
#3497=CARTESIAN_POINT('',(-768.815,-346.739,-7.092));
#3498=CARTESIAN_POINT('',(-753.301,-343.615,5.8));
#3499=CARTESIAN_POINT('',(-741.257,-336.41,22.946));
#3500=CARTESIAN_POINT('',(-723.031,-324.292,37.095));
#3501=CARTESIAN_POINT('',(-702.355,-315.41,51.294));
#3502=CARTESIAN_POINT('',(-674.794,-304.48,62.9));
#3503=CARTESIAN_POINT('',(-637.338,-296.317,70.853));
#3504=CARTESIAN_POINT('',(-586.988,-289.03,76.116));
#3505=CARTESIAN_POINT('',(-534.307,-278.026,79.385));
#3506=CARTESIAN_POINT('',(-470.164,-272.009,83.526));
#3507=CARTESIAN_POINT('',(-400.384,-259.277,90.495));
#3508=CARTESIAN_POINT('',(-320.417,-248.89,96.629));
#3509=CARTESIAN_POINT('',(-239.857,-231.643,99.147));
#3510=CARTESIAN_POINT('',(-153.979,-205.749,94.245));
#3511=CARTESIAN_POINT('',(-65.197,-179.683,104.623));
#3512=CARTESIAN_POINT('',(21.206,-146.772,108.052));
#3513=CARTESIAN_POINT('',(104.113,-108.51,99.656));
#3514=CARTESIAN_POINT('',(181.362,-70.34,92.497));
#3515=CARTESIAN_POINT('',(259.435,-40.675,103.177));
#3516=CARTESIAN_POINT('',(330.826,1.433,95.219));
#3517=CARTESIAN_POINT('',(402.888,21.701,91.765));
#3518=CARTESIAN_POINT('',(459.366,56.568,81.4));
#3519=CARTESIAN_POINT('',(510.257,95.488,55.685));
#3520=CARTESIAN_POINT('',(518.473,88.251,55.951));
#3521=CARTESIAN_POINT('',(-619.142,-369.844,-21.581));
#3522=CARTESIAN_POINT('',(-616.975,-367.199,-16.052));
#3523=CARTESIAN_POINT('',(-617.855,-363.617,-5.471));
#3524=CARTESIAN_POINT('',(-603.598,-359.818,10.349));
#3525=CARTESIAN_POINT('',(-587.486,-357.899,24.484));
#3526=CARTESIAN_POINT('',(-568.528,-348.699,36.524));
#3527=CARTESIAN_POINT('',(-540.791,-342.568,47.1));
#3528=CARTESIAN_POINT('',(-512.729,-332.594,55.304));
#3529=CARTESIAN_POINT('',(-473.851,-324.003,61.269));
#3530=CARTESIAN_POINT('',(-420.04,-316.545,68.909));
#3531=CARTESIAN_POINT('',(-365.179,-305.381,75.88));
#3532=CARTESIAN_POINT('',(-297.398,-294.23,80.681));
#3533=CARTESIAN_POINT('',(-222.418,-277.227,81.256));
#3534=CARTESIAN_POINT('',(-144.725,-255.954,77.662));
#3535=CARTESIAN_POINT('',(-59.215,-226.619,87.356));
#3536=CARTESIAN_POINT('',(26.387,-188.13,89.772));
#3537=CARTESIAN_POINT('',(108.531,-147.977,85.439));
#3538=CARTESIAN_POINT('',(190.856,-105.63,84.159));
#3539=CARTESIAN_POINT('',(272.379,-74.152,97.737));
#3540=CARTESIAN_POINT('',(345.139,-29.858,91.318));
#3541=CARTESIAN_POINT('',(422.048,-6.205,96.207));
#3542=CARTESIAN_POINT('',(484.6,40.927,81.325));
#3543=CARTESIAN_POINT('',(554.035,75.486,50.224));
#3544=CARTESIAN_POINT('',(590.856,52.646,55.196));
#3545=CARTESIAN_POINT('',(599.005,59.593,52.051));
#3546=CARTESIAN_POINT('',(-510.729,-464.117,-11.176));
#3547=CARTESIAN_POINT('',(-507.333,-463.059,-5.886));
#3548=CARTESIAN_POINT('',(-495.058,-459.433,3.896));
#3549=CARTESIAN_POINT('',(-482.048,-449.849,16.953));
#3550=CARTESIAN_POINT('',(-465.214,-434.696,28.883));
#3551=CARTESIAN_POINT('',(-441.519,-425.507,36.601));
#3552=CARTESIAN_POINT('',(-420.58,-410.089,44.264));
#3553=CARTESIAN_POINT('',(-395.135,-393.816,52.159));
#3554=CARTESIAN_POINT('',(-354.588,-381.349,60.488));
#3555=CARTESIAN_POINT('',(-314.388,-364.985,65.499));
#3556=CARTESIAN_POINT('',(-259.605,-347.105,69.182));
#3557=CARTESIAN_POINT('',(-202.649,-331.054,69.195));
#3558=CARTESIAN_POINT('',(-132.225,-307.451,69.105));
#3559=CARTESIAN_POINT('',(-53.407,-278.088,71.306));
#3560=CARTESIAN_POINT('',(30.628,-231.588,70.289));
#3561=CARTESIAN_POINT('',(111.184,-187.541,70.494));
#3562=CARTESIAN_POINT('',(198.721,-139.146,73.373));
#3563=CARTESIAN_POINT('',(282.335,-103.641,88.989));
#3564=CARTESIAN_POINT('',(358.888,-59.683,85.641));
#3565=CARTESIAN_POINT('',(438.886,-31.612,94.551));
#3566=CARTESIAN_POINT('',(506.571,15.326,79.319));
#3567=CARTESIAN_POINT('',(582.78,45.39,51.67));
#3568=CARTESIAN_POINT('',(646.81,18.139,57.256));
#3569=CARTESIAN_POINT('',(681.319,63.721,38.873));
#3570=CARTESIAN_POINT('',(705.618,62.951,33.479));
#3571=CARTESIAN_POINT('',(-441.004,-592.34,29.035));
#3572=CARTESIAN_POINT('',(-433.954,-588.177,36.449));
#3573=CARTESIAN_POINT('',(-419.852,-580.162,45.768));
#3574=CARTESIAN_POINT('',(-393.079,-563.237,57.235));
#3575=CARTESIAN_POINT('',(-363.354,-546.768,61.82));
#3576=CARTESIAN_POINT('',(-334.877,-522.975,67.716));
#3577=CARTESIAN_POINT('',(-302.828,-499.409,70.749));
#3578=CARTESIAN_POINT('',(-275.27,-473.663,70.191));
#3579=CARTESIAN_POINT('',(-246.052,-446.592,67.498));
#3580=CARTESIAN_POINT('',(-211.138,-419.962,66.359));
#3581=CARTESIAN_POINT('',(-172.266,-393.589,64.517));
#3582=CARTESIAN_POINT('',(-118.567,-368.097,63.612));
#3583=CARTESIAN_POINT('',(-45.974,-333.287,56.101));
#3584=CARTESIAN_POINT('',(32.101,-278.675,50.568));
#3585=CARTESIAN_POINT('',(113.716,-228.086,54.837));
#3586=CARTESIAN_POINT('',(198.237,-173.558,61.188));
#3587=CARTESIAN_POINT('',(287.44,-130.479,78.12));
#3588=CARTESIAN_POINT('',(363.376,-90.828,77.979));
#3589=CARTESIAN_POINT('',(451.382,-53.699,87.348));
#3590=CARTESIAN_POINT('',(523.538,-18.718,74.155));
#3591=CARTESIAN_POINT('',(597.91,17.125,52.964));
#3592=CARTESIAN_POINT('',(675.121,0.354,56.147));
#3593=CARTESIAN_POINT('',(722.868,72.011,31.355));
#3594=CARTESIAN_POINT('',(780.084,41.412,28.668));
#3595=CARTESIAN_POINT('',(790.973,43.694,30.195));
#3596=CARTESIAN_POINT('',(-359.675,-744.743,54.061));
#3597=CARTESIAN_POINT('',(-349.859,-739.302,60.118));
#3598=CARTESIAN_POINT('',(-328.043,-726.811,69.397));
#3599=CARTESIAN_POINT('',(-291.569,-704.876,74.737));
#3600=CARTESIAN_POINT('',(-257.74,-676.816,76.018));
#3601=CARTESIAN_POINT('',(-227.506,-642.936,69.076));
#3602=CARTESIAN_POINT('',(-201.847,-610.504,62.097));
#3603=CARTESIAN_POINT('',(-174.382,-567.065,61.152));
#3604=CARTESIAN_POINT('',(-152.802,-525.605,62.623));
#3605=CARTESIAN_POINT('',(-130.349,-476.701,60.881));
#3606=CARTESIAN_POINT('',(-97.574,-436.828,57.378));
#3607=CARTESIAN_POINT('',(-43.367,-391.449,48.5));
#3608=CARTESIAN_POINT('',(30.454,-333.969,33.645));
#3609=CARTESIAN_POINT('',(111.31,-266.412,42.591));
#3610=CARTESIAN_POINT('',(193.057,-211.394,47.384));
#3611=CARTESIAN_POINT('',(279.703,-158.052,66.839));
#3612=CARTESIAN_POINT('',(363.266,-119.282,68.272));
#3613=CARTESIAN_POINT('',(450.584,-79.99,77.544));
#3614=CARTESIAN_POINT('',(531.17,-46.962,67.467));
#3615=CARTESIAN_POINT('',(610.899,-11.03,53.03));
#3616=CARTESIAN_POINT('',(692.891,-10.858,52.452));
#3617=CARTESIAN_POINT('',(756.851,41.59,35.21));
#3618=CARTESIAN_POINT('',(827.476,17.07,34.14));
#3619=CARTESIAN_POINT('',(856.976,32.489,27.282));
#3620=CARTESIAN_POINT('',(865.629,41.813,16.66));
#3621=CARTESIAN_POINT('',(-289.468,-875.27,80.986));
#3622=CARTESIAN_POINT('',(-276.644,-873.462,91.888));
#3623=CARTESIAN_POINT('',(-249.031,-863.673,105.18));
#3624=CARTESIAN_POINT('',(-212.614,-839.447,112.174));
#3625=CARTESIAN_POINT('',(-180.571,-808.611,107.307));
#3626=CARTESIAN_POINT('',(-155.467,-771.428,106.325));
#3627=CARTESIAN_POINT('',(-124.971,-723.76,100.779));
#3628=CARTESIAN_POINT('',(-107.562,-674.066,82.344));
#3629=CARTESIAN_POINT('',(-89.366,-607.393,67.901));
#3630=CARTESIAN_POINT('',(-71.061,-534.823,60.559));
#3631=CARTESIAN_POINT('',(-41.311,-465.901,54.271));
#3632=CARTESIAN_POINT('',(14.979,-404.846,31.1));
#3633=CARTESIAN_POINT('',(91.523,-320.579,30.222));
#3634=CARTESIAN_POINT('',(176.469,-256.354,34.512));
#3635=CARTESIAN_POINT('',(263.765,-190.171,53.486));
#3636=CARTESIAN_POINT('',(352.205,-148.067,58.361));
#3637=CARTESIAN_POINT('',(440.807,-107.539,66.755));
#3638=CARTESIAN_POINT('',(523.031,-74.066,61.119));
#3639=CARTESIAN_POINT('',(609.362,-39.716,52.948));
#3640=CARTESIAN_POINT('',(700.26,-22.415,48.831));
#3641=CARTESIAN_POINT('',(774.48,15.083,42.269));
#3642=CARTESIAN_POINT('',(858.48,6.217,36.842));
#3643=CARTESIAN_POINT('',(897.116,26.352,18.472));
#3644=CARTESIAN_POINT('',(937.701,28.407,4.569));
#3645=CARTESIAN_POINT('',(957.,21.106,14.056));
#3646=CARTESIAN_POINT('',(-198.01,-1036.465,131.125));
#3647=CARTESIAN_POINT('',(-184.115,-1028.131,135.528));
#3648=CARTESIAN_POINT('',(-161.736,-1016.487,141.987));
#3649=CARTESIAN_POINT('',(-128.089,-986.189,140.273));
#3650=CARTESIAN_POINT('',(-105.77,-944.785,141.547));
#3651=CARTESIAN_POINT('',(-80.87,-894.243,124.754));
#3652=CARTESIAN_POINT('',(-71.387,-835.988,109.279));
#3653=CARTESIAN_POINT('',(-52.955,-760.12,105.137));
#3654=CARTESIAN_POINT('',(-40.789,-681.584,83.162));
#3655=CARTESIAN_POINT('',(-33.019,-589.594,65.017));
#3656=CARTESIAN_POINT('',(-3.732,-494.019,52.774));
#3657=CARTESIAN_POINT('',(65.238,-398.912,25.347));
#3658=CARTESIAN_POINT('',(148.858,-314.437,23.231));
#3659=CARTESIAN_POINT('',(235.134,-235.189,37.724));
#3660=CARTESIAN_POINT('',(327.114,-178.832,48.712));
#3661=CARTESIAN_POINT('',(417.562,-137.799,55.432));
#3662=CARTESIAN_POINT('',(506.035,-102.278,54.86));
#3663=CARTESIAN_POINT('',(596.455,-66.302,49.988));
#3664=CARTESIAN_POINT('',(689.714,-42.255,45.633));
#3665=CARTESIAN_POINT('',(774.439,-10.861,44.733));
#3666=CARTESIAN_POINT('',(871.031,-9.3,35.131));
#3667=CARTESIAN_POINT('',(922.183,10.182,9.416));
#3668=CARTESIAN_POINT('',(992.863,10.269,8.677));
#3669=CARTESIAN_POINT('',(1034.941,19.108,35.958));
#3670=CARTESIAN_POINT('',(1049.182,45.713,21.562));
#3671=CARTESIAN_POINT('',(-117.193,-1186.976,158.288));
#3672=CARTESIAN_POINT('',(-105.91,-1184.479,162.301));
#3673=CARTESIAN_POINT('',(-78.643,-1170.081,164.951));
#3674=CARTESIAN_POINT('',(-51.369,-1133.605,165.174));
#3675=CARTESIAN_POINT('',(-29.722,-1083.695,148.808));
#3676=CARTESIAN_POINT('',(-19.46,-1013.82,154.28));
#3677=CARTESIAN_POINT('',(-9.524,-930.909,139.36));
#3678=CARTESIAN_POINT('',(-2.588,-840.187,110.814));
#3679=CARTESIAN_POINT('',(-1.245,-736.588,98.221));
#3680=CARTESIAN_POINT('',(8.767,-630.694,70.));
#3681=CARTESIAN_POINT('',(38.632,-504.553,50.302));
#3682=CARTESIAN_POINT('',(110.557,-396.531,17.756));
#3683=CARTESIAN_POINT('',(196.678,-299.62,23.077));
#3684=CARTESIAN_POINT('',(287.08,-218.825,36.075));
#3685=CARTESIAN_POINT('',(383.95,-170.218,44.555));
#3686=CARTESIAN_POINT('',(482.15,-130.803,47.587));
#3687=CARTESIAN_POINT('',(569.075,-94.16,44.8));
#3688=CARTESIAN_POINT('',(673.387,-64.965,42.403));
#3689=CARTESIAN_POINT('',(765.211,-37.281,39.122));
#3690=CARTESIAN_POINT('',(870.332,-26.26,36.051));
#3691=CARTESIAN_POINT('',(938.787,-7.095,1.907));
#3692=CARTESIAN_POINT('',(1034.637,-8.354,28.04));
#3693=CARTESIAN_POINT('',(1082.364,18.579,74.564));
#3694=CARTESIAN_POINT('',(1129.949,49.6,79.799));
#3695=CARTESIAN_POINT('',(1131.756,49.199,79.338));
#3696=CARTESIAN_POINT('',(-25.453,-1367.167,192.621));
#3697=CARTESIAN_POINT('',(-11.115,-1358.943,195.052));
#3698=CARTESIAN_POINT('',(9.012,-1335.688,198.171));
#3699=CARTESIAN_POINT('',(27.687,-1286.638,189.364));
#3700=CARTESIAN_POINT('',(47.866,-1209.854,190.98));
#3701=CARTESIAN_POINT('',(42.229,-1127.182,152.534));
#3702=CARTESIAN_POINT('',(47.933,-1016.265,150.378));
#3703=CARTESIAN_POINT('',(43.774,-903.151,128.71));
#3704=CARTESIAN_POINT('',(47.432,-784.15,100.716));
#3705=CARTESIAN_POINT('',(41.509,-651.143,75.63));
#3706=CARTESIAN_POINT('',(71.11,-509.06,43.829));
#3707=CARTESIAN_POINT('',(151.652,-388.573,14.88));
#3708=CARTESIAN_POINT('',(237.384,-286.564,20.004));
#3709=CARTESIAN_POINT('',(335.169,-207.855,32.311));
#3710=CARTESIAN_POINT('',(445.956,-163.622,39.159));
#3711=CARTESIAN_POINT('',(537.826,-120.94,37.562));
#3712=CARTESIAN_POINT('',(638.367,-92.557,39.273));
#3713=CARTESIAN_POINT('',(737.859,-61.098,30.702));
#3714=CARTESIAN_POINT('',(853.3,-47.314,37.582));
#3715=CARTESIAN_POINT('',(931.857,-22.155,-2.76));
#3716=CARTESIAN_POINT('',(1047.027,-25.491,33.13));
#3717=CARTESIAN_POINT('',(1117.14,-1.343,113.655));
#3718=CARTESIAN_POINT('',(1197.758,30.181,173.955));
#3719=CARTESIAN_POINT('',(1232.478,42.3,179.861));
#3720=CARTESIAN_POINT('',(1243.017,49.627,157.327));
#3721=CARTESIAN_POINT('',(54.553,-1546.034,223.309));
#3722=CARTESIAN_POINT('',(65.248,-1539.186,224.599));
#3723=CARTESIAN_POINT('',(90.417,-1511.574,226.585));
#3724=CARTESIAN_POINT('',(117.632,-1434.851,215.76));
#3725=CARTESIAN_POINT('',(109.898,-1341.365,190.54));
#3726=CARTESIAN_POINT('',(117.133,-1212.512,190.075));
#3727=CARTESIAN_POINT('',(92.759,-1091.55,149.454));
#3728=CARTESIAN_POINT('',(94.248,-952.008,139.496));
#3729=CARTESIAN_POINT('',(86.141,-810.584,102.44));
#3730=CARTESIAN_POINT('',(83.893,-666.6,75.744));
#3731=CARTESIAN_POINT('',(111.527,-508.686,39.503));
#3732=CARTESIAN_POINT('',(184.963,-385.314,7.094));
#3733=CARTESIAN_POINT('',(277.26,-270.99,16.773));
#3734=CARTESIAN_POINT('',(376.763,-204.474,27.547));
#3735=CARTESIAN_POINT('',(496.514,-154.49,31.162));
#3736=CARTESIAN_POINT('',(588.601,-119.091,33.652));
#3737=CARTESIAN_POINT('',(696.526,-87.9,25.777));
#3738=CARTESIAN_POINT('',(813.852,-66.934,30.629));
#3739=CARTESIAN_POINT('',(911.225,-43.017,-1.335));
#3740=CARTESIAN_POINT('',(1023.177,-32.263,17.692));
#3741=CARTESIAN_POINT('',(1121.746,-49.057,112.807));
#3742=CARTESIAN_POINT('',(1203.677,-23.932,217.994));
#3743=CARTESIAN_POINT('',(1250.233,15.949,301.878));
#3744=CARTESIAN_POINT('',(1288.529,39.162,290.117));
#3745=CARTESIAN_POINT('',(1302.092,42.893,288.731));
#3746=CARTESIAN_POINT('',(137.703,-1744.555,262.852));
#3747=CARTESIAN_POINT('',(157.194,-1723.908,270.085));
#3748=CARTESIAN_POINT('',(180.873,-1675.01,259.866));
#3749=CARTESIAN_POINT('',(191.903,-1565.044,243.797));
#3750=CARTESIAN_POINT('',(178.686,-1439.404,219.287));
#3751=CARTESIAN_POINT('',(168.975,-1294.304,183.658));
#3752=CARTESIAN_POINT('',(156.378,-1137.684,163.579));
#3753=CARTESIAN_POINT('',(135.201,-985.66,135.084));
#3754=CARTESIAN_POINT('',(128.549,-823.374,104.089));
#3755=CARTESIAN_POINT('',(130.928,-662.962,67.672));
#3756=CARTESIAN_POINT('',(134.231,-505.429,31.75));
#3757=CARTESIAN_POINT('',(233.186,-378.796,-3.791));
#3758=CARTESIAN_POINT('',(299.074,-257.92,13.471));
#3759=CARTESIAN_POINT('',(429.589,-203.318,20.038));
#3760=CARTESIAN_POINT('',(533.245,-147.717,24.831));
#3761=CARTESIAN_POINT('',(641.208,-117.155,24.705));
#3762=CARTESIAN_POINT('',(756.572,-90.827,15.358));
#3763=CARTESIAN_POINT('',(874.051,-68.055,5.818));
#3764=CARTESIAN_POINT('',(983.676,-42.79,-2.215));
#3765=CARTESIAN_POINT('',(1108.659,-78.176,70.565));
#3766=CARTESIAN_POINT('',(1234.673,-73.69,153.682));
#3767=CARTESIAN_POINT('',(1264.442,-51.983,299.29));
#3768=CARTESIAN_POINT('',(1308.451,-33.946,393.277));
#3769=CARTESIAN_POINT('',(1336.337,22.248,413.274));
#3770=CARTESIAN_POINT('',(1360.517,34.872,395.316));
#3771=CARTESIAN_POINT('',(257.759,-1881.177,285.99));
#3772=CARTESIAN_POINT('',(268.28,-1861.524,278.81));
#3773=CARTESIAN_POINT('',(285.981,-1801.451,282.199));
#3774=CARTESIAN_POINT('',(280.846,-1662.567,251.17));
#3775=CARTESIAN_POINT('',(244.362,-1518.648,230.015));
#3776=CARTESIAN_POINT('',(218.833,-1343.338,198.744));
#3777=CARTESIAN_POINT('',(218.843,-1168.283,155.459));
#3778=CARTESIAN_POINT('',(155.015,-997.809,139.119));
#3779=CARTESIAN_POINT('',(181.47,-823.202,93.232));
#3780=CARTESIAN_POINT('',(153.271,-654.2,63.417));
#3781=CARTESIAN_POINT('',(185.95,-497.727,17.248));
#3782=CARTESIAN_POINT('',(253.912,-364.782,-19.002));
#3783=CARTESIAN_POINT('',(333.277,-253.795,13.495));
#3784=CARTESIAN_POINT('',(469.845,-203.394,4.112));
#3785=CARTESIAN_POINT('',(570.213,-141.123,26.389));
#3786=CARTESIAN_POINT('',(693.386,-123.356,4.302));
#3787=CARTESIAN_POINT('',(821.524,-91.157,3.466));
#3788=CARTESIAN_POINT('',(936.994,-60.656,-18.758));
#3789=CARTESIAN_POINT('',(1063.44,-92.914,11.635));
#3790=CARTESIAN_POINT('',(1223.145,-94.276,71.523));
#3791=CARTESIAN_POINT('',(1288.775,-57.715,200.845));
#3792=CARTESIAN_POINT('',(1344.804,-71.508,320.278));
#3793=CARTESIAN_POINT('',(1411.558,-76.844,420.222));
#3794=CARTESIAN_POINT('',(1385.999,-21.886,517.677));
#3795=CARTESIAN_POINT('',(1432.164,18.82,502.851));
#3796=CARTESIAN_POINT('',(336.871,-2043.313,324.423));
#3797=CARTESIAN_POINT('',(367.352,-2002.635,325.818));
#3798=CARTESIAN_POINT('',(359.,-1909.698,287.457));
#3799=CARTESIAN_POINT('',(361.8,-1732.087,252.26));
#3800=CARTESIAN_POINT('',(320.856,-1554.491,225.844));
#3801=CARTESIAN_POINT('',(255.75,-1363.877,194.565));
#3802=CARTESIAN_POINT('',(251.534,-1167.561,148.828));
#3803=CARTESIAN_POINT('',(208.86,-988.843,126.07));
#3804=CARTESIAN_POINT('',(239.886,-807.952,70.711));
#3805=CARTESIAN_POINT('',(190.283,-628.198,48.679));
#3806=CARTESIAN_POINT('',(217.468,-493.045,-14.881));
#3807=CARTESIAN_POINT('',(274.677,-345.648,-29.629));
#3808=CARTESIAN_POINT('',(373.343,-265.015,-4.478));
#3809=CARTESIAN_POINT('',(511.453,-189.436,-0.633));
#3810=CARTESIAN_POINT('',(611.564,-147.8,15.433));
#3811=CARTESIAN_POINT('',(762.945,-129.945,-30.508));
#3812=CARTESIAN_POINT('',(885.989,-79.31,-14.876));
#3813=CARTESIAN_POINT('',(1003.686,-90.231,-46.218));
#3814=CARTESIAN_POINT('',(1155.806,-118.367,21.105));
#3815=CARTESIAN_POINT('',(1285.942,-73.36,93.719));
#3816=CARTESIAN_POINT('',(1356.724,-71.872,197.294));
#3817=CARTESIAN_POINT('',(1437.307,-72.28,289.752));
#3818=CARTESIAN_POINT('',(1450.082,-64.42,433.353));
#3819=CARTESIAN_POINT('',(1520.496,-60.321,503.074));
#3820=CARTESIAN_POINT('',(1540.968,-37.167,527.32));
#3821=CARTESIAN_POINT('',(419.272,-2082.758,298.239));
#3822=CARTESIAN_POINT('',(445.468,-2037.109,290.893));
#3823=CARTESIAN_POINT('',(439.168,-1914.586,278.306));
#3824=CARTESIAN_POINT('',(385.661,-1747.334,230.734));
#3825=CARTESIAN_POINT('',(356.26,-1553.09,210.159));
#3826=CARTESIAN_POINT('',(282.234,-1356.642,191.931));
#3827=CARTESIAN_POINT('',(284.607,-1155.286,131.242));
#3828=CARTESIAN_POINT('',(224.512,-978.186,120.383));
#3829=CARTESIAN_POINT('',(261.708,-791.256,45.768));
#3830=CARTESIAN_POINT('',(195.34,-615.931,43.843));
#3831=CARTESIAN_POINT('',(246.839,-468.876,-46.892));
#3832=CARTESIAN_POINT('',(274.314,-344.368,-31.524));
#3833=CARTESIAN_POINT('',(393.096,-260.843,-11.741));
#3834=CARTESIAN_POINT('',(527.606,-188.791,-2.631));
#3835=CARTESIAN_POINT('',(661.377,-145.452,-2.768));
#3836=CARTESIAN_POINT('',(804.402,-117.859,-40.592));
#3837=CARTESIAN_POINT('',(928.582,-82.172,-28.537));
#3838=CARTESIAN_POINT('',(1046.535,-104.988,-51.544));
#3839=CARTESIAN_POINT('',(1185.107,-120.388,29.067));
#3840=CARTESIAN_POINT('',(1316.855,-80.496,81.127));
#3841=CARTESIAN_POINT('',(1402.254,-68.056,171.204));
#3842=CARTESIAN_POINT('',(1456.75,-69.576,297.132));
#3843=CARTESIAN_POINT('',(1522.501,-74.037,415.087));
#3844=CARTESIAN_POINT('',(1563.425,-63.552,453.06));
#3845=CARTESIAN_POINT('',(1586.56,-53.675,482.097));
#3846=CARTESIAN_POINT('',(435.174,-2084.531,256.058));
#3847=CARTESIAN_POINT('',(455.611,-2041.082,252.79));
#3848=CARTESIAN_POINT('',(453.248,-1924.723,241.061));
#3849=CARTESIAN_POINT('',(399.109,-1735.81,215.88));
#3850=CARTESIAN_POINT('',(362.301,-1538.184,197.917));
#3851=CARTESIAN_POINT('',(300.198,-1339.181,181.128));
#3852=CARTESIAN_POINT('',(296.494,-1142.483,117.407));
#3853=CARTESIAN_POINT('',(237.67,-959.56,107.044));
#3854=CARTESIAN_POINT('',(268.712,-776.62,34.823));
#3855=CARTESIAN_POINT('',(206.281,-602.905,32.693));
#3856=CARTESIAN_POINT('',(245.764,-456.027,-69.045));
#3857=CARTESIAN_POINT('',(274.959,-348.851,-22.202));
#3858=CARTESIAN_POINT('',(418.611,-260.082,-35.378));
#3859=CARTESIAN_POINT('',(532.056,-185.184,8.61));
#3860=CARTESIAN_POINT('',(691.918,-150.122,-29.053));
#3861=CARTESIAN_POINT('',(820.346,-112.05,-38.067));
#3862=CARTESIAN_POINT('',(954.571,-88.421,-48.637));
#3863=CARTESIAN_POINT('',(1054.805,-109.94,-54.548));
#3864=CARTESIAN_POINT('',(1194.052,-124.726,27.828));
#3865=CARTESIAN_POINT('',(1331.765,-85.288,67.655));
#3866=CARTESIAN_POINT('',(1407.563,-68.878,159.67));
#3867=CARTESIAN_POINT('',(1482.153,-70.983,282.679));
#3868=CARTESIAN_POINT('',(1539.515,-70.326,407.943));
#3869=CARTESIAN_POINT('',(1605.62,-65.988,446.942));
#3870=CARTESIAN_POINT('',(1603.773,-56.188,477.435));
#3871=CARTESIAN_POINT('',(-535.155,250.462,-232.779));
#3872=CARTESIAN_POINT('',(454.997,2063.685,237.771));
#3873=CARTESIAN_POINT('',(-96.628,165.03,108.304));
#3874=CARTESIAN_POINT('',(-2313.546,-76.82,16.139));
#3875=CARTESIAN_POINT('',(185.097,-110.355,-244.594));
#3876=CARTESIAN_POINT('',(1528.708,720.916,-151.621));
#3877=CARTESIAN_POINT('',(1603.773,-56.188,477.435));
#3878=CARTESIAN_POINT('',(435.174,-2084.531,256.058));
#3879=CARTESIAN_POINT('',(-535.155,250.462,-232.779));
#3880=CARTESIAN_POINT('',(-527.707,254.304,-231.135));
#3881=CARTESIAN_POINT('',(-512.269,269.433,-223.376));
#3882=CARTESIAN_POINT('',(-476.448,309.076,-205.031));
#3883=CARTESIAN_POINT('',(-441.792,353.718,-185.831));
#3884=CARTESIAN_POINT('',(-404.249,421.724,-163.148));
#3885=CARTESIAN_POINT('',(-368.448,495.3,-140.994));
#3886=CARTESIAN_POINT('',(-335.389,583.247,-116.245));
#3887=CARTESIAN_POINT('',(-328.141,660.886,-97.975));
#3888=CARTESIAN_POINT('',(-290.858,740.7,-84.495));
#3889=CARTESIAN_POINT('',(-259.118,836.012,-57.074));
#3890=CARTESIAN_POINT('',(-223.523,941.628,-33.96));
#3891=CARTESIAN_POINT('',(-194.041,1040.661,-7.833));
#3892=CARTESIAN_POINT('',(-156.508,1155.271,13.065));
#3893=CARTESIAN_POINT('',(-113.423,1276.533,46.214));
#3894=CARTESIAN_POINT('',(-76.88,1398.658,89.016));
#3895=CARTESIAN_POINT('',(-33.929,1488.964,114.457));
#3896=CARTESIAN_POINT('',(10.543,1617.046,144.706));
#3897=CARTESIAN_POINT('',(69.109,1738.556,164.39));
#3898=CARTESIAN_POINT('',(136.057,1861.937,193.194));
#3899=CARTESIAN_POINT('',(182.049,1999.028,213.593));
#3900=CARTESIAN_POINT('',(257.384,2120.204,248.283));
#3901=CARTESIAN_POINT('',(386.627,2152.011,237.783));
#3902=CARTESIAN_POINT('',(453.707,2113.298,248.743));
#3903=CARTESIAN_POINT('',(454.997,2063.685,237.771));
#3904=CARTESIAN_POINT('',(454.997,2063.685,237.771));
#3905=CARTESIAN_POINT('',(466.728,2066.805,283.961));
#3906=CARTESIAN_POINT('',(444.203,1960.576,277.916));
#3907=CARTESIAN_POINT('',(365.591,1837.589,277.313));
#3908=CARTESIAN_POINT('',(330.302,1668.012,251.891));
#3909=CARTESIAN_POINT('',(256.406,1537.791,234.179));
#3910=CARTESIAN_POINT('',(223.537,1370.972,202.067));
#3911=CARTESIAN_POINT('',(158.81,1267.369,190.232));
#3912=CARTESIAN_POINT('',(107.621,1134.603,164.135));
#3913=CARTESIAN_POINT('',(78.685,1024.119,146.365));
#3914=CARTESIAN_POINT('',(36.112,913.078,133.008));
#3915=CARTESIAN_POINT('',(7.902,823.339,109.004));
#3916=CARTESIAN_POINT('',(-13.426,726.763,96.605));
#3917=CARTESIAN_POINT('',(-28.998,631.035,70.661));
#3918=CARTESIAN_POINT('',(-42.632,550.862,63.806));
#3919=CARTESIAN_POINT('',(-58.577,474.549,57.27));
#3920=CARTESIAN_POINT('',(-65.344,408.163,50.721));
#3921=CARTESIAN_POINT('',(-69.759,355.674,52.625));
#3922=CARTESIAN_POINT('',(-78.565,316.154,59.176));
#3923=CARTESIAN_POINT('',(-89.071,277.73,68.222));
#3924=CARTESIAN_POINT('',(-96.158,245.831,78.625));
#3925=CARTESIAN_POINT('',(-95.158,214.142,89.53));
#3926=CARTESIAN_POINT('',(-99.879,187.318,100.23));
#3927=CARTESIAN_POINT('',(-95.082,172.696,105.251));
#3928=CARTESIAN_POINT('',(-96.628,165.03,108.304));
#3929=CARTESIAN_POINT('',(-96.628,165.03,108.304));
#3930=CARTESIAN_POINT('',(-103.843,160.287,110.746));
#3931=CARTESIAN_POINT('',(-135.827,151.363,116.324));
#3932=CARTESIAN_POINT('',(-194.837,133.2,126.798));
#3933=CARTESIAN_POINT('',(-262.615,115.237,137.446));
#3934=CARTESIAN_POINT('',(-336.899,91.669,147.954));
#3935=CARTESIAN_POINT('',(-420.148,66.503,161.865));
#3936=CARTESIAN_POINT('',(-511.547,51.696,180.704));
#3937=CARTESIAN_POINT('',(-603.247,34.444,190.866));
#3938=CARTESIAN_POINT('',(-698.115,14.662,193.989));
#3939=CARTESIAN_POINT('',(-807.369,8.194,192.141));
#3940=CARTESIAN_POINT('',(-924.445,16.192,207.596));
#3941=CARTESIAN_POINT('',(-1041.759,14.195,235.837));
#3942=CARTESIAN_POINT('',(-1165.676,11.973,240.857));
#3943=CARTESIAN_POINT('',(-1295.502,20.716,234.758));
#3944=CARTESIAN_POINT('',(-1422.119,21.551,261.806));
#3945=CARTESIAN_POINT('',(-1551.688,25.743,257.302));
#3946=CARTESIAN_POINT('',(-1682.176,25.57,223.252));
#3947=CARTESIAN_POINT('',(-1812.979,26.05,194.521));
#3948=CARTESIAN_POINT('',(-1938.577,37.507,161.31));
#3949=CARTESIAN_POINT('',(-2073.959,28.203,126.836));
#3950=CARTESIAN_POINT('',(-2199.188,14.037,97.41));
#3951=CARTESIAN_POINT('',(-2305.38,-18.052,70.042));
#3952=CARTESIAN_POINT('',(-2325.637,-65.147,36.357));
#3953=CARTESIAN_POINT('',(-2313.546,-76.82,16.139));
#3954=CARTESIAN_POINT('',(-2313.546,-76.82,16.139));
#3955=CARTESIAN_POINT('',(-2353.227,-82.962,2.217));
#3956=CARTESIAN_POINT('',(-2368.577,-59.793,-61.898));
#3957=CARTESIAN_POINT('',(-2292.941,-36.928,-133.863));
#3958=CARTESIAN_POINT('',(-2184.777,-13.719,-184.706));
#3959=CARTESIAN_POINT('',(-2064.433,3.626,-215.85));
#3960=CARTESIAN_POINT('',(-1950.328,35.069,-240.362));
#3961=CARTESIAN_POINT('',(-1846.354,45.206,-239.179));
#3962=CARTESIAN_POINT('',(-1738.287,52.203,-248.679));
#3963=CARTESIAN_POINT('',(-1633.481,59.255,-252.47));
#3964=CARTESIAN_POINT('',(-1527.245,59.469,-266.316));
#3965=CARTESIAN_POINT('',(-1433.076,73.71,-308.403));
#3966=CARTESIAN_POINT('',(-1336.261,76.415,-329.053));
#3967=CARTESIAN_POINT('',(-1240.995,86.128,-334.223));
#3968=CARTESIAN_POINT('',(-1147.758,91.877,-330.997));
#3969=CARTESIAN_POINT('',(-1057.901,102.024,-328.394));
#3970=CARTESIAN_POINT('',(-968.162,113.2,-319.435));
#3971=CARTESIAN_POINT('',(-878.603,126.444,-305.408));
#3972=CARTESIAN_POINT('',(-798.015,143.34,-288.713));
#3973=CARTESIAN_POINT('',(-727.364,163.282,-274.729));
#3974=CARTESIAN_POINT('',(-663.466,191.386,-260.815));
#3975=CARTESIAN_POINT('',(-608.997,213.721,-250.336));
#3976=CARTESIAN_POINT('',(-563.366,236.742,-239.151));
#3977=CARTESIAN_POINT('',(-540.372,247.683,-234.152));
#3978=CARTESIAN_POINT('',(-535.155,250.462,-232.779));
#3979=CARTESIAN_POINT('',(185.097,-110.355,-244.594));
#3980=CARTESIAN_POINT('',(192.928,-106.69,-245.773));
#3981=CARTESIAN_POINT('',(216.212,-94.698,-248.437));
#3982=CARTESIAN_POINT('',(264.253,-81.227,-251.173));
#3983=CARTESIAN_POINT('',(327.319,-66.198,-254.043));
#3984=CARTESIAN_POINT('',(391.995,-54.32,-258.048));
#3985=CARTESIAN_POINT('',(460.86,-36.323,-261.352));
#3986=CARTESIAN_POINT('',(532.831,-25.375,-254.748));
#3987=CARTESIAN_POINT('',(609.647,-17.21,-242.797));
#3988=CARTESIAN_POINT('',(688.062,-2.93600000000002,-237.787));
#3989=CARTESIAN_POINT('',(768.27,1.27199999999997,-232.157));
#3990=CARTESIAN_POINT('',(845.522,9.22499999999997,-227.65));
#3991=CARTESIAN_POINT('',(919.41,16.631,-226.088));
#3992=CARTESIAN_POINT('',(996.231,21.985,-224.985));
#3993=CARTESIAN_POINT('',(1058.112,26.832,-223.385));
#3994=CARTESIAN_POINT('',(1137.546,26.2549999999999,-224.781));
#3995=CARTESIAN_POINT('',(1229.846,31.6109999999999,-229.385));
#3996=CARTESIAN_POINT('',(1335.387,86.1459999999999,-220.807));
#3997=CARTESIAN_POINT('',(1406.781,169.394,-174.892));
#3998=CARTESIAN_POINT('',(1472.312,298.551,-156.652));
#3999=CARTESIAN_POINT('',(1490.814,423.645,-163.621));
#4000=CARTESIAN_POINT('',(1515.016,543.117,-160.548));
#4001=CARTESIAN_POINT('',(1535.949,637.224,-163.642));
#4002=CARTESIAN_POINT('',(1534.246,698.519,-157.37));
#4003=CARTESIAN_POINT('',(1528.708,720.916,-151.621));
#4004=CARTESIAN_POINT('',(1528.708,720.916,-151.621));
#4005=CARTESIAN_POINT('',(1516.904,736.072,-153.304));
#4006=CARTESIAN_POINT('',(1538.85,805.997,-110.511));
#4007=CARTESIAN_POINT('',(1572.509,739.269,-34.248));
#4008=CARTESIAN_POINT('',(1562.974,641.145,-36.852));
#4009=CARTESIAN_POINT('',(1552.962,527.496,-33.22));
#4010=CARTESIAN_POINT('',(1574.779,427.215,-35.471));
#4011=CARTESIAN_POINT('',(1569.52,341.484,-36.643));
#4012=CARTESIAN_POINT('',(1583.247,265.961,-38.332));
#4013=CARTESIAN_POINT('',(1617.193,179.225,-48.138));
#4014=CARTESIAN_POINT('',(1654.672,116.056,-56.572));
#4015=CARTESIAN_POINT('',(1678.953,80.89,-43.976));
#4016=CARTESIAN_POINT('',(1712.817,50.044,-32.056));
#4017=CARTESIAN_POINT('',(1727.887,-0.465000000000039,-14.88));
#4018=CARTESIAN_POINT('',(1722.754,-35.409,5.474));
#4019=CARTESIAN_POINT('',(1701.652,-55.444,32.518));
#4020=CARTESIAN_POINT('',(1708.352,-43.177,66.114));
#4021=CARTESIAN_POINT('',(1708.565,-39.185,108.163));
#4022=CARTESIAN_POINT('',(1720.689,-31.706,163.213));
#4023=CARTESIAN_POINT('',(1739.997,-17.949,229.186));
#4024=CARTESIAN_POINT('',(1757.47,-4.05800000000001,320.444));
#4025=CARTESIAN_POINT('',(1773.441,-26.605,427.136));
#4026=CARTESIAN_POINT('',(1703.774,-56.183,499.751));
#4027=CARTESIAN_POINT('',(1617.08,-53.794,474.596));
#4028=CARTESIAN_POINT('',(1603.773,-56.188,477.435));
#4029=CARTESIAN_POINT('',(1603.773,-56.188,477.435));
#4030=CARTESIAN_POINT('',(1605.62,-65.988,446.942));
#4031=CARTESIAN_POINT('',(1539.515,-70.326,407.943));
#4032=CARTESIAN_POINT('',(1482.153,-70.983,282.679));
#4033=CARTESIAN_POINT('',(1407.563,-68.878,159.67));
#4034=CARTESIAN_POINT('',(1331.765,-85.288,67.655));
#4035=CARTESIAN_POINT('',(1194.052,-124.726,27.828));
#4036=CARTESIAN_POINT('',(1054.805,-109.94,-54.548));
#4037=CARTESIAN_POINT('',(954.571,-88.421,-48.637));
#4038=CARTESIAN_POINT('',(820.346,-112.05,-38.067));
#4039=CARTESIAN_POINT('',(691.918,-150.122,-29.053));
#4040=CARTESIAN_POINT('',(532.056,-185.184,8.61));
#4041=CARTESIAN_POINT('',(418.611,-260.082,-35.378));
#4042=CARTESIAN_POINT('',(274.959,-348.851,-22.202));
#4043=CARTESIAN_POINT('',(245.764,-456.027,-69.045));
#4044=CARTESIAN_POINT('',(206.281,-602.905,32.693));
#4045=CARTESIAN_POINT('',(268.712,-776.62,34.823));
#4046=CARTESIAN_POINT('',(237.67,-959.56,107.044));
#4047=CARTESIAN_POINT('',(296.494,-1142.483,117.407));
#4048=CARTESIAN_POINT('',(300.198,-1339.181,181.128));
#4049=CARTESIAN_POINT('',(362.301,-1538.184,197.917));
#4050=CARTESIAN_POINT('',(399.109,-1735.81,215.88));
#4051=CARTESIAN_POINT('',(453.248,-1924.723,241.061));
#4052=CARTESIAN_POINT('',(455.611,-2041.082,252.79));
#4053=CARTESIAN_POINT('',(435.174,-2084.531,256.058));
#4054=CARTESIAN_POINT('',(435.174,-2084.531,256.058));
#4055=CARTESIAN_POINT('',(404.989,-2098.27,222.946));
#4056=CARTESIAN_POINT('',(350.208,-2062.642,188.311));
#4057=CARTESIAN_POINT('',(289.621,-1917.444,151.849));
#4058=CARTESIAN_POINT('',(263.947,-1769.091,123.659));
#4059=CARTESIAN_POINT('',(206.735,-1625.913,94.513));
#4060=CARTESIAN_POINT('',(192.084,-1492.89,66.172));
#4061=CARTESIAN_POINT('',(158.89,-1340.495,32.811));
#4062=CARTESIAN_POINT('',(175.246,-1212.75,12.416));
#4063=CARTESIAN_POINT('',(101.062,-1082.644,-18.248));
#4064=CARTESIAN_POINT('',(53.54,-952.073,-45.423));
#4065=CARTESIAN_POINT('',(36.641,-845.451,-66.527));
#4066=CARTESIAN_POINT('',(18.265,-740.054,-86.593));
#4067=CARTESIAN_POINT('',(39.809,-630.912,-107.257));
#4068=CARTESIAN_POINT('',(49.957,-552.811,-116.897));
#4069=CARTESIAN_POINT('',(39.615,-472.243,-136.413));
#4070=CARTESIAN_POINT('',(28.445,-379.083,-159.811));
#4071=CARTESIAN_POINT('',(86.172,-324.605,-170.505));
#4072=CARTESIAN_POINT('',(101.439,-277.489,-183.764));
#4073=CARTESIAN_POINT('',(124.387,-227.028,-201.245));
#4074=CARTESIAN_POINT('',(152.289,-192.754,-211.935));
#4075=CARTESIAN_POINT('',(162.17,-159.066,-226.061));
#4076=CARTESIAN_POINT('',(186.24,-131.68,-235.403));
#4077=CARTESIAN_POINT('',(182.645,-118.279,-241.693));
#4078=CARTESIAN_POINT('',(185.097,-110.355,-244.594));
#4079=CARTESIAN_POINT('',(-535.155,250.462,-232.779));
#4080=CARTESIAN_POINT('',(-527.217,244.011,-236.331));
#4081=CARTESIAN_POINT('',(-512.029,233.53,-241.886));
#4082=CARTESIAN_POINT('',(-491.738,214.188,-251.753));
#4083=CARTESIAN_POINT('',(-464.275,201.763,-257.955));
#4084=CARTESIAN_POINT('',(-436.04,185.121,-265.844));
#4085=CARTESIAN_POINT('',(-404.224,171.261,-271.747));
#4086=CARTESIAN_POINT('',(-369.91,156.597,-277.275));
#4087=CARTESIAN_POINT('',(-337.135,139.054,-282.397));
#4088=CARTESIAN_POINT('',(-302.833,119.241,-288.151));
#4089=CARTESIAN_POINT('',(-269.562,95.034,-292.29));
#4090=CARTESIAN_POINT('',(-235.307,70.446,-295.434));
#4091=CARTESIAN_POINT('',(-199.45,46.522,-295.595));
#4092=CARTESIAN_POINT('',(-163.133,22.888,-291.93));
#4093=CARTESIAN_POINT('',(-126.199,-0.195999999999992,-285.794));
#4094=CARTESIAN_POINT('',(-89.686,-20.661,-280.073));
#4095=CARTESIAN_POINT('',(-52.334,-39.04,-274.946));
#4096=CARTESIAN_POINT('',(-14.085,-53.272,-270.795));
#4097=CARTESIAN_POINT('',(25.721,-64.613,-268.156));
#4098=CARTESIAN_POINT('',(69.005,-74.12,-264.465));
#4099=CARTESIAN_POINT('',(103.46,-81.508,-260.675));
#4100=CARTESIAN_POINT('',(133.623,-93.79,-254.259));
#4101=CARTESIAN_POINT('',(159.109,-103.567,-249.507));
#4102=CARTESIAN_POINT('',(177.752,-109.135,-245.587));
#4103=CARTESIAN_POINT('',(185.097,-110.355,-244.594));
#4104=CARTESIAN_POINT('',(435.174,-2084.531,256.058));
#4105=CARTESIAN_POINT('',(419.272,-2082.758,298.239));
#4106=CARTESIAN_POINT('',(336.871,-2043.313,324.423));
#4107=CARTESIAN_POINT('',(257.759,-1881.177,285.99));
#4108=CARTESIAN_POINT('',(137.703,-1744.555,262.852));
#4109=CARTESIAN_POINT('',(54.553,-1546.034,223.309));
#4110=CARTESIAN_POINT('',(-25.453,-1367.167,192.621));
#4111=CARTESIAN_POINT('',(-117.193,-1186.976,158.288));
#4112=CARTESIAN_POINT('',(-198.01,-1036.465,131.125));
#4113=CARTESIAN_POINT('',(-289.468,-875.27,80.986));
#4114=CARTESIAN_POINT('',(-359.675,-744.743,54.061));
#4115=CARTESIAN_POINT('',(-441.004,-592.34,29.035));
#4116=CARTESIAN_POINT('',(-510.729,-464.117,-11.176));
#4117=CARTESIAN_POINT('',(-619.142,-369.844,-21.581));
#4118=CARTESIAN_POINT('',(-770.303,-347.289,-13.704));
#4119=CARTESIAN_POINT('',(-931.254,-307.325,-5.331));
#4120=CARTESIAN_POINT('',(-1091.07,-279.369,15.636));
#4121=CARTESIAN_POINT('',(-1245.503,-248.22,12.271));
#4122=CARTESIAN_POINT('',(-1427.194,-233.26,7.939));
#4123=CARTESIAN_POINT('',(-1617.747,-209.139,2.215));
#4124=CARTESIAN_POINT('',(-1811.116,-180.361,5.297));
#4125=CARTESIAN_POINT('',(-1997.866,-145.35,4.009));
#4126=CARTESIAN_POINT('',(-2181.651,-118.904,4.513));
#4127=CARTESIAN_POINT('',(-2280.47,-90.769,4.179));
#4128=CARTESIAN_POINT('',(-2313.546,-76.82,16.139));
#4129=CARTESIAN_POINT('',(454.997,2063.685,237.771));
#4130=CARTESIAN_POINT('',(439.762,2031.35,229.373));
#4131=CARTESIAN_POINT('',(421.386,1938.767,173.015));
#4132=CARTESIAN_POINT('',(409.428,1759.91,166.537));
#4133=CARTESIAN_POINT('',(397.366,1677.436,139.665));
#4134=CARTESIAN_POINT('',(365.702,1454.792,115.303));
#4135=CARTESIAN_POINT('',(324.33,1227.753,59.969));
#4136=CARTESIAN_POINT('',(305.999,1032.427,79.8));
#4137=CARTESIAN_POINT('',(266.25,840.104,11.721));
#4138=CARTESIAN_POINT('',(260.616,659.396,-22.851));
#4139=CARTESIAN_POINT('',(205.533,505.927,-77.195));
#4140=CARTESIAN_POINT('',(251.384,375.965,-95.388));
#4141=CARTESIAN_POINT('',(346.546,281.157,-127.069));
#4142=CARTESIAN_POINT('',(471.929,238.027,-109.905));
#4143=CARTESIAN_POINT('',(574.633,182.534,-137.17));
#4144=CARTESIAN_POINT('',(689.837,152.443,-137.985));
#4145=CARTESIAN_POINT('',(816.882,117.527,-97.192));
#4146=CARTESIAN_POINT('',(921.561,93.5269999999999,-133.221));
#4147=CARTESIAN_POINT('',(1045.769,95.7229999999999,-115.588));
#4148=CARTESIAN_POINT('',(1157.872,128.619,-150.714));
#4149=CARTESIAN_POINT('',(1290.09,248.315,-145.856));
#4150=CARTESIAN_POINT('',(1333.004,442.8,-142.204));
#4151=CARTESIAN_POINT('',(1399.226,638.414,-141.132));
#4152=CARTESIAN_POINT('',(1481.467,696.458,-157.944));
#4153=CARTESIAN_POINT('',(1528.708,720.916,-151.621));
#4154=CARTESIAN_POINT('',(1603.773,-56.188,477.435));
#4155=CARTESIAN_POINT('',(1586.56,-53.675,482.097));
#4156=CARTESIAN_POINT('',(1540.968,-37.167,527.32));
#4157=CARTESIAN_POINT('',(1432.164,18.82,502.851));
#4158=CARTESIAN_POINT('',(1360.517,34.872,395.316));
#4159=CARTESIAN_POINT('',(1302.092,42.893,288.731));
#4160=CARTESIAN_POINT('',(1243.017,49.627,157.327));
#4161=CARTESIAN_POINT('',(1131.756,49.199,79.338));
#4162=CARTESIAN_POINT('',(1049.182,45.713,21.562));
#4163=CARTESIAN_POINT('',(957.,21.106,14.056));
#4164=CARTESIAN_POINT('',(865.629,41.813,16.66));
#4165=CARTESIAN_POINT('',(790.973,43.694,30.195));
#4166=CARTESIAN_POINT('',(705.618,62.951,33.479));
#4167=CARTESIAN_POINT('',(599.005,59.593,52.051));
#4168=CARTESIAN_POINT('',(518.473,88.251,55.951));
#4169=CARTESIAN_POINT('',(435.475,79.31,73.768));
#4170=CARTESIAN_POINT('',(342.5,75.916,83.969));
#4171=CARTESIAN_POINT('',(253.714,81.694,89.248));
#4172=CARTESIAN_POINT('',(169.696,95.07,92.469));
#4173=CARTESIAN_POINT('',(99.574,108.517,101.499));
#4174=CARTESIAN_POINT('',(35.375,122.394,108.985));
#4175=CARTESIAN_POINT('',(-15.987,138.805,110.963));
#4176=CARTESIAN_POINT('',(-63.92,151.778,110.651));
#4177=CARTESIAN_POINT('',(-86.08,161.509,108.867));
#4178=CARTESIAN_POINT('',(-96.628,165.03,108.304));
#4179=CARTESIAN_POINT('',(0.,0.,0.));
ENDSEC;
END-ISO-10303-21;
