ISO-10303-21;
HEADER;
/* Generated by software containing ST-Developer
 * from STEP Tools, Inc. (www.steptools.com) 
 */
/* OPTION: using custom schema-name function */

FILE_DESCRIPTION(
/* description */ (''),
/* implementation_level */ '2;1');

FILE_NAME(
/* name */ 'lepord',
/* time_stamp */ '2026-06-12T19:42:27+08:00',
/* author */ (''),
/* organization */ (''),
/* preprocessor_version */ 'ST-DEVELOPER v19.2',
/* originating_system */ 'Rhino 8.4',
/* authorisation */ '');

FILE_SCHEMA (('AUTOMOTIVE_DESIGN'));
ENDSEC;

DATA;
#10=SHAPE_REPRESENTATION_RELATIONSHIP('','',#113,#13);
#11=PRESENTATION_LAYER_ASSIGNMENT('IGES level 0','',(#12));
#12=MANIFOLD_SOLID_BREP('brep_1',#14);
#13=ADVANCED_BREP_SHAPE_REPRESENTATION('brep_rep_0',(#12,#115),#112);
#14=CLOSED_SHELL('',(#15,#16,#17,#18,#19,#20));
#15=ADVANCED_FACE('',(#21),#89,.T.);
#16=ADVANCED_FACE('',(#22),#90,.T.);
#17=ADVANCED_FACE('',(#23),#91,.T.);
#18=ADVANCED_FACE('',(#24),#92,.T.);
#19=ADVANCED_FACE('',(#25),#93,.T.);
#20=ADVANCED_FACE('',(#26),#94,.T.);
#21=FACE_OUTER_BOUND('',#27,.T.);
#22=FACE_OUTER_BOUND('',#28,.T.);
#23=FACE_OUTER_BOUND('',#29,.T.);
#24=FACE_OUTER_BOUND('',#30,.T.);
#25=FACE_OUTER_BOUND('',#31,.T.);
#26=FACE_OUTER_BOUND('',#32,.T.);
#27=EDGE_LOOP('',(#33,#34,#35,#36));
#28=EDGE_LOOP('',(#37,#38,#39,#40));
#29=EDGE_LOOP('',(#41,#42,#43,#44));
#30=EDGE_LOOP('',(#45,#46,#47,#48));
#31=EDGE_LOOP('',(#49,#50,#51,#52));
#32=EDGE_LOOP('',(#53,#54,#55,#56));
#33=ORIENTED_EDGE('',*,*,#60,.F.);
#34=ORIENTED_EDGE('',*,*,#59,.F.);
#35=ORIENTED_EDGE('',*,*,#58,.F.);
#36=ORIENTED_EDGE('',*,*,#57,.F.);
#37=ORIENTED_EDGE('',*,*,#61,.T.);
#38=ORIENTED_EDGE('',*,*,#62,.T.);
#39=ORIENTED_EDGE('',*,*,#63,.T.);
#40=ORIENTED_EDGE('',*,*,#64,.T.);
#41=ORIENTED_EDGE('',*,*,#65,.T.);
#42=ORIENTED_EDGE('',*,*,#64,.F.);
#43=ORIENTED_EDGE('',*,*,#66,.T.);
#44=ORIENTED_EDGE('',*,*,#60,.T.);
#45=ORIENTED_EDGE('',*,*,#58,.T.);
#46=ORIENTED_EDGE('',*,*,#68,.F.);
#47=ORIENTED_EDGE('',*,*,#62,.F.);
#48=ORIENTED_EDGE('',*,*,#67,.F.);
#49=ORIENTED_EDGE('',*,*,#57,.T.);
#50=ORIENTED_EDGE('',*,*,#67,.T.);
#51=ORIENTED_EDGE('',*,*,#61,.F.);
#52=ORIENTED_EDGE('',*,*,#65,.F.);
#53=ORIENTED_EDGE('',*,*,#66,.F.);
#54=ORIENTED_EDGE('',*,*,#63,.F.);
#55=ORIENTED_EDGE('',*,*,#68,.T.);
#56=ORIENTED_EDGE('',*,*,#59,.T.);
#57=EDGE_CURVE('',#81,#82,#69,.T.);
#58=EDGE_CURVE('',#82,#83,#70,.T.);
#59=EDGE_CURVE('',#83,#84,#71,.T.);
#60=EDGE_CURVE('',#84,#81,#72,.T.);
#61=EDGE_CURVE('',#85,#86,#73,.T.);
#62=EDGE_CURVE('',#86,#87,#74,.T.);
#63=EDGE_CURVE('',#87,#88,#75,.T.);
#64=EDGE_CURVE('',#88,#85,#76,.T.);
#65=EDGE_CURVE('',#81,#85,#77,.T.);
#66=EDGE_CURVE('',#88,#84,#78,.T.);
#67=EDGE_CURVE('',#82,#86,#79,.T.);
#68=EDGE_CURVE('',#87,#83,#80,.T.);
#69=(
BOUNDED_CURVE()
B_SPLINE_CURVE(3,(#3879,#3880,#3881,#3882,#3883,#3884,#3885,#3886,#3887,
#3888,#3889,#3890,#3891,#3892,#3893,#3894,#3895,#3896,#3897,#3898,#3899,
#3900,#3901,#3902,#3903),.UNSPECIFIED.,.F.,.F.)
B_SPLINE_CURVE_WITH_KNOTS((4,1,1,1,1,1,1,1,1,1,1,1,1,1,1,1,1,1,1,1,1,1,
4),(0.,0.045455,0.090909,0.136364,0.181818,0.227273,0.272727,0.318182,0.363636,
0.409091,0.454545,0.5,0.545455,0.590909,0.636364,0.681818,0.727273,0.772727,
0.818182,0.863636,0.909091,0.954545,1.),.UNSPECIFIED.)
CURVE()
GEOMETRIC_REPRESENTATION_ITEM()
RATIONAL_B_SPLINE_CURVE((1.,1.,1.,1.,1.,1.,1.,1.,1.,1.,1.,1.,1.,1.,1.,1.,
1.,1.,1.,1.,1.,1.,1.,1.,1.))
REPRESENTATION_ITEM('')
);
#70=(
BOUNDED_CURVE()
B_SPLINE_CURVE(3,(#3904,#3905,#3906,#3907,#3908,#3909,#3910,#3911,#3912,
#3913,#3914,#3915,#3916,#3917,#3918,#3919,#3920,#3921,#3922,#3923,#3924,
#3925,#3926,#3927,#3928),.UNSPECIFIED.,.F.,.F.)
B_SPLINE_CURVE_WITH_KNOTS((4,1,1,1,1,1,1,1,1,1,1,1,1,1,1,1,1,1,1,1,1,1,
4),(0.,0.045455,0.090909,0.136364,0.181818,0.227273,0.272727,0.318182,0.363636,
0.409091,0.454545,0.5,0.545455,0.590909,0.636364,0.681818,0.727273,0.772727,
0.818182,0.863636,0.909091,0.954545,1.),.UNSPECIFIED.)
CURVE()
GEOMETRIC_REPRESENTATION_ITEM()
RATIONAL_B_SPLINE_CURVE((1.,1.,1.,1.,1.,1.,1.,1.,1.,1.,1.,1.,1.,1.,1.,1.,
1.,1.,1.,1.,1.,1.,1.,1.,1.))
REPRESENTATION_ITEM('')
);
#71=(
BOUNDED_CURVE()
B_SPLINE_CURVE(3,(#3929,#3930,#3931,#3932,#3933,#3934,#3935,#3936,#3937,
#3938,#3939,#3940,#3941,#3942,#3943,#3944,#3945,#3946,#3947,#3948,#3949,
#3950,#3951,#3952,#3953),.UNSPECIFIED.,.F.,.F.)
B_SPLINE_CURVE_WITH_KNOTS((4,1,1,1,1,1,1,1,1,1,1,1,1,1,1,1,1,1,1,1,1,1,
4),(-1.,-0.954545,-0.909091,-0.863636,-0.818182,-0.772727,-0.727273,-0.681818,
-0.636364,-0.590909,-0.545455,-0.5,-0.454545,-0.409091,-0.363636,-0.318182,
-0.272727,-0.227273,-0.181818,-0.136364,-0.090909,-0.045455,0.),
 .UNSPECIFIED.)
CURVE()
GEOMETRIC_REPRESENTATION_ITEM()
RATIONAL_B_SPLINE_CURVE((1.,1.,1.,1.,1.,1.,1.,1.,1.,1.,1.,1.,1.,1.,1.,1.,
1.,1.,1.,1.,1.,1.,1.,1.,1.))
REPRESENTATION_ITEM('')
);
#72=(
BOUNDED_CURVE()
B_SPLINE_CURVE(3,(#3954,#3955,#3956,#3957,#3958,#3959,#3960,#3961,#3962,
#3963,#3964,#3965,#3966,#3967,#3968,#3969,#3970,#3971,#3972,#3973,#3974,
#3975,#3976,#3977,#3978),.UNSPECIFIED.,.F.,.F.)
B_SPLINE_CURVE_WITH_KNOTS((4,1,1,1,1,1,1,1,1,1,1,1,1,1,1,1,1,1,1,1,1,1,
4),(-1.,-0.954545,-0.909091,-0.863636,-0.818182,-0.772727,-0.727273,-0.681818,
-0.636364,-0.590909,-0.545455,-0.5,-0.454545,-0.409091,-0.363636,-0.318182,
-0.272727,-0.227273,-0.181818,-0.136364,-0.090909,-0.045455,0.),
 .UNSPECIFIED.)
CURVE()
GEOMETRIC_REPRESENTATION_ITEM()
RATIONAL_B_SPLINE_CURVE((1.,1.,1.,1.,1.,1.,1.,1.,1.,1.,1.,1.,1.,1.,1.,1.,
1.,1.,1.,1.,1.,1.,1.,1.,1.))
REPRESENTATION_ITEM('')
);
#73=(
BOUNDED_CURVE()
B_SPLINE_CURVE(3,(#3979,#3980,#3981,#3982,#3983,#3984,#3985,#3986,#3987,
#3988,#3989,#3990,#3991,#3992,#3993,#3994,#3995,#3996,#3997,#3998,#3999,
#4000,#4001,#4002,#4003),.UNSPECIFIED.,.F.,.F.)
B_SPLINE_CURVE_WITH_KNOTS((4,1,1,1,1,1,1,1,1,1,1,1,1,1,1,1,1,1,1,1,1,1,
4),(0.,0.045455,0.090909,0.136364,0.181818,0.227273,0.272727,0.318182,0.363636,
0.409091,0.454545,0.5,0.545455,0.590909,0.636364,0.681818,0.727273,0.772727,
0.818182,0.863636,0.909091,0.954545,1.),.UNSPECIFIED.)
CURVE()
GEOMETRIC_REPRESENTATION_ITEM()
RATIONAL_B_SPLINE_CURVE((1.,1.,1.,1.,1.,1.,1.,1.,1.,1.,1.,1.,1.,1.,1.,1.,
1.,1.,1.,1.,1.,1.,1.,1.,1.))
REPRESENTATION_ITEM('')
);
#74=(
BOUNDED_CURVE()
B_SPLINE_CURVE(3,(#4004,#4005,#4006,#4007,#4008,#4009,#4010,#4011,#4012,
#4013,#4014,#4015,#4016,#4017,#4018,#4019,#4020,#4021,#4022,#4023,#4024,
#4025,#4026,#4027,#4028),.UNSPECIFIED.,.F.,.F.)
B_SPLINE_CURVE_WITH_KNOTS((4,1,1,1,1,1,1,1,1,1,1,1,1,1,1,1,1,1,1,1,1,1,
4),(0.,0.045455,0.090909,0.136364,0.181818,0.227273,0.272727,0.318182,0.363636,
0.409091,0.454545,0.5,0.545455,0.590909,0.636364,0.681818,0.727273,0.772727,
0.818182,0.863636,0.909091,0.954545,1.),.UNSPECIFIED.)
CURVE()
GEOMETRIC_REPRESENTATION_ITEM()
RATIONAL_B_SPLINE_CURVE((1.,1.,1.,1.,1.,1.,1.,1.,1.,1.,1.,1.,1.,1.,1.,1.,
1.,1.,1.,1.,1.,1.,1.,1.,1.))
REPRESENTATION_ITEM('')
);
#75=(
BOUNDED_CURVE()
B_SPLINE_CURVE(3,(#4029,#4030,#4031,#4032,#4033,#4034,#4035,#4036,#4037,
#4038,#4039,#4040,#4041,#4042,#4043,#4044,#4045,#4046,#4047,#4048,#4049,
#4050,#4051,#4052,#4053),.UNSPECIFIED.,.F.,.F.)
B_SPLINE_CURVE_WITH_KNOTS((4,1,1,1,1,1,1,1,1,1,1,1,1,1,1,1,1,1,1,1,1,1,
4),(-1.,-0.954545,-0.909091,-0.863636,-0.818182,-0.772727,-0.727273,-0.681818,
-0.636364,-0.590909,-0.545455,-0.5,-0.454545,-0.409091,-0.363636,-0.318182,
-0.272727,-0.227273,-0.181818,-0.136364,-0.090909,-0.045455,0.),
 .UNSPECIFIED.)
CURVE()
GEOMETRIC_REPRESENTATION_ITEM()
RATIONAL_B_SPLINE_CURVE((1.,1.,1.,1.,1.,1.,1.,1.,1.,1.,1.,1.,1.,1.,1.,1.,
1.,1.,1.,1.,1.,1.,1.,1.,1.))
REPRESENTATION_ITEM('')
);
#76=(
BOUNDED_CURVE()
B_SPLINE_CURVE(3,(#4054,#4055,#4056,#4057,#4058,#4059,#4060,#4061,#4062,
#4063,#4064,#4065,#4066,#4067,#4068,#4069,#4070,#4071,#4072,#4073,#4074,
#4075,#4076,#4077,#4078),.UNSPECIFIED.,.F.,.F.)
B_SPLINE_CURVE_WITH_KNOTS((4,1,1,1,1,1,1,1,1,1,1,1,1,1,1,1,1,1,1,1,1,1,
4),(-1.,-0.954545,-0.909091,-0.863636,-0.818182,-0.772727,-0.727273,-0.681818,
-0.636364,-0.590909,-0.545455,-0.5,-0.454545,-0.409091,-0.363636,-0.318182,
-0.272727,-0.227273,-0.181818,-0.136364,-0.090909,-0.045455,0.),
 .UNSPECIFIED.)
CURVE()
GEOMETRIC_REPRESENTATION_ITEM()
RATIONAL_B_SPLINE_CURVE((1.,1.,1.,1.,1.,1.,1.,1.,1.,1.,1.,1.,1.,1.,1.,1.,
1.,1.,1.,1.,1.,1.,1.,1.,1.))
REPRESENTATION_ITEM('')
);
#77=(
BOUNDED_CURVE()
B_SPLINE_CURVE(3,(#4079,#4080,#4081,#4082,#4083,#4084,#4085,#4086,#4087,
#4088,#4089,#4090,#4091,#4092,#4093,#4094,#4095,#4096,#4097,#4098,#4099,
#4100,#4101,#4102,#4103),.UNSPECIFIED.,.F.,.F.)
B_SPLINE_CURVE_WITH_KNOTS((4,1,1,1,1,1,1,1,1,1,1,1,1,1,1,1,1,1,1,1,1,1,
4),(0.,0.045455,0.090909,0.136364,0.181818,0.227273,0.272727,0.318182,0.363636,
0.409091,0.454545,0.5,0.545455,0.590909,0.636364,0.681818,0.727273,0.772727,
0.818182,0.863636,0.909091,0.954545,1.),.UNSPECIFIED.)
CURVE()
GEOMETRIC_REPRESENTATION_ITEM()
RATIONAL_B_SPLINE_CURVE((1.,1.,1.,1.,1.,1.,1.,1.,1.,1.,1.,1.,1.,1.,1.,1.,
1.,1.,1.,1.,1.,1.,1.,1.,1.))
REPRESENTATION_ITEM('')
);
#78=(
BOUNDED_CURVE()
B_SPLINE_CURVE(3,(#4104,#4105,#4106,#4107,#4108,#4109,#4110,#4111,#4112,
#4113,#4114,#4115,#4116,#4117,#4118,#4119,#4120,#4121,#4122,#4123,#4124,
#4125,#4126,#4127,#4128),.UNSPECIFIED.,.F.,.F.)
B_SPLINE_CURVE_WITH_KNOTS((4,1,1,1,1,1,1,1,1,1,1,1,1,1,1,1,1,1,1,1,1,1,
4),(-1.,-0.954545,-0.909091,-0.863636,-0.818182,-0.772727,-0.727273,-0.681818,
-0.636364,-0.590909,-0.545455,-0.5,-0.454545,-0.409091,-0.363636,-0.318182,
-0.272727,-0.227273,-0.181818,-0.136364,-0.090909,-0.045455,0.),
 .UNSPECIFIED.)
CURVE()
GEOMETRIC_REPRESENTATION_ITEM()
RATIONAL_B_SPLINE_CURVE((1.,1.,1.,1.,1.,1.,1.,1.,1.,1.,1.,1.,1.,1.,1.,1.,
1.,1.,1.,1.,1.,1.,1.,1.,1.))
REPRESENTATION_ITEM('')
);
#79=(
BOUNDED_CURVE()
B_SPLINE_CURVE(3,(#4129,#4130,#4131,#4132,#4133,#4134,#4135,#4136,#4137,
#4138,#4139,#4140,#4141,#4142,#4143,#4144,#4145,#4146,#4147,#4148,#4149,
#4150,#4151,#4152,#4153),.UNSPECIFIED.,.F.,.F.)
B_SPLINE_CURVE_WITH_KNOTS((4,1,1,1,1,1,1,1,1,1,1,1,1,1,1,1,1,1,1,1,1,1,
4),(0.,0.045455,0.090909,0.136364,0.181818,0.227273,0.272727,0.318182,0.363636,
0.409091,0.454545,0.5,0.545455,0.590909,0.636364,0.681818,0.727273,0.772727,
0.818182,0.863636,0.909091,0.954545,1.),.UNSPECIFIED.)
CURVE()
GEOMETRIC_REPRESENTATION_ITEM()
RATIONAL_B_SPLINE_CURVE((1.,1.,1.,1.,1.,1.,1.,1.,1.,1.,1.,1.,1.,1.,1.,1.,
1.,1.,1.,1.,1.,1.,1.,1.,1.))
REPRESENTATION_ITEM('')
);
#80=(
BOUNDED_CURVE()
B_SPLINE_CURVE(3,(#4154,#4155,#4156,#4157,#4158,#4159,#4160,#4161,#4162,
#4163,#4164,#4165,#4166,#4167,#4168,#4169,#4170,#4171,#4172,#4173,#4174,
#4175,#4176,#4177,#4178),.UNSPECIFIED.,.F.,.F.)
B_SPLINE_CURVE_WITH_KNOTS((4,1,1,1,1,1,1,1,1,1,1,1,1,1,1,1,1,1,1,1,1,1,
4),(-1.,-0.954545,-0.909091,-0.863636,-0.818182,-0.772727,-0.727273,-0.681818,
-0.636364,-0.590909,-0.545455,-0.5,-0.454545,-0.409091,-0.363636,-0.318182,
-0.272727,-0.227273,-0.181818,-0.136364,-0.090909,-0.045455,0.),
 .UNSPECIFIED.)
CURVE()
GEOMETRIC_REPRESENTATION_ITEM()
RATIONAL_B_SPLINE_CURVE((1.,1.,1.,1.,1.,1.,1.,1.,1.,1.,1.,1.,1.,1.,1.,1.,
1.,1.,1.,1.,1.,1.,1.,1.,1.))
REPRESENTATION_ITEM('')
);
#81=VERTEX_POINT('',#3871);
#82=VERTEX_POINT('',#3872);
#83=VERTEX_POINT('',#3873);
#84=VERTEX_POINT('',#3874);
#85=VERTEX_POINT('',#3875);
#86=VERTEX_POINT('',#3876);
#87=VERTEX_POINT('',#3877);
#88=VERTEX_POINT('',#3878);
#89=(
BOUNDED_SURFACE()
B_SPLINE_SURFACE(3,3,((#121,#122,#123,#124,#125,#126,#127,#128,#129,#130,
#131,#132,#133,#134,#135,#136,#137,#138,#139,#140,#141,#142,#143,#144,#145),
(#146,#147,#148,#149,#150,#151,#152,#153,#154,#155,#156,#157,#158,#159,
#160,#161,#162,#163,#164,#165,#166,#167,#168,#169,#170),(#171,#172,#173,
#174,#175,#176,#177,#178,#179,#180,#181,#182,#183,#184,#185,#186,#187,#188,
#189,#190,#191,#192,#193,#194,#195),(#196,#197,#198,#199,#200,#201,#202,
#203,#204,#205,#206,#207,#208,#209,#210,#211,#212,#213,#214,#215,#216,#217,
#218,#219,#220),(#221,#222,#223,#224,#225,#226,#227,#228,#229,#230,#231,
#232,#233,#234,#235,#236,#237,#238,#239,#240,#241,#242,#243,#244,#245),
(#246,#247,#248,#249,#250,#251,#252,#253,#254,#255,#256,#257,#258,#259,
#260,#261,#262,#263,#264,#265,#266,#267,#268,#269,#270),(#271,#272,#273,
#274,#275,#276,#277,#278,#279,#280,#281,#282,#283,#284,#285,#286,#287,#288,
#289,#290,#291,#292,#293,#294,#295),(#296,#297,#298,#299,#300,#301,#302,
#303,#304,#305,#306,#307,#308,#309,#310,#311,#312,#313,#314,#315,#316,#317,
#318,#319,#320),(#321,#322,#323,#324,#325,#326,#327,#328,#329,#330,#331,
#332,#333,#334,#335,#336,#337,#338,#339,#340,#341,#342,#343,#344,#345),
(#346,#347,#348,#349,#350,#351,#352,#353,#354,#355,#356,#357,#358,#359,
#360,#361,#362,#363,#364,#365,#366,#367,#368,#369,#370),(#371,#372,#373,
#374,#375,#376,#377,#378,#379,#380,#381,#382,#383,#384,#385,#386,#387,#388,
#389,#390,#391,#392,#393,#394,#395),(#396,#397,#398,#399,#400,#401,#402,
#403,#404,#405,#406,#407,#408,#409,#410,#411,#412,#413,#414,#415,#416,#417,
#418,#419,#420),(#421,#422,#423,#424,#425,#426,#427,#428,#429,#430,#431,
#432,#433,#434,#435,#436,#437,#438,#439,#440,#441,#442,#443,#444,#445),
(#446,#447,#448,#449,#450,#451,#452,#453,#454,#455,#456,#457,#458,#459,
#460,#461,#462,#463,#464,#465,#466,#467,#468,#469,#470),(#471,#472,#473,
#474,#475,#476,#477,#478,#479,#480,#481,#482,#483,#484,#485,#486,#487,#488,
#489,#490,#491,#492,#493,#494,#495),(#496,#497,#498,#499,#500,#501,#502,
#503,#504,#505,#506,#507,#508,#509,#510,#511,#512,#513,#514,#515,#516,#517,
#518,#519,#520),(#521,#522,#523,#524,#525,#526,#527,#528,#529,#530,#531,
#532,#533,#534,#535,#536,#537,#538,#539,#540,#541,#542,#543,#544,#545),
(#546,#547,#548,#549,#550,#551,#552,#553,#554,#555,#556,#557,#558,#559,
#560,#561,#562,#563,#564,#565,#566,#567,#568,#569,#570),(#571,#572,#573,
#574,#575,#576,#577,#578,#579,#580,#581,#582,#583,#584,#585,#586,#587,#588,
#589,#590,#591,#592,#593,#594,#595),(#596,#597,#598,#599,#600,#601,#602,
#603,#604,#605,#606,#607,#608,#609,#610,#611,#612,#613,#614,#615,#616,#617,
#618,#619,#620),(#621,#622,#623,#624,#625,#626,#627,#628,#629,#630,#631,
#632,#633,#634,#635,#636,#637,#638,#639,#640,#641,#642,#643,#644,#645),
(#646,#647,#648,#649,#650,#651,#652,#653,#654,#655,#656,#657,#658,#659,
#660,#661,#662,#663,#664,#665,#666,#667,#668,#669,#670),(#671,#672,#673,
#674,#675,#676,#677,#678,#679,#680,#681,#682,#683,#684,#685,#686,#687,#688,
#689,#690,#691,#692,#693,#694,#695),(#696,#697,#698,#699,#700,#701,#702,
#703,#704,#705,#706,#707,#708,#709,#710,#711,#712,#713,#714,#715,#716,#717,
#718,#719,#720),(#721,#722,#723,#724,#725,#726,#727,#728,#729,#730,#731,
#732,#733,#734,#735,#736,#737,#738,#739,#740,#741,#742,#743,#744,#745)),
 .UNSPECIFIED.,.F.,.F.,.F.)
B_SPLINE_SURFACE_WITH_KNOTS((4,1,1,1,1,1,1,1,1,1,1,1,1,1,1,1,1,1,1,1,1,
1,4),(4,1,1,1,1,1,1,1,1,1,1,1,1,1,1,1,1,1,1,1,1,1,4),(0.,0.045455,0.090909,
0.136364,0.181818,0.227273,0.272727,0.318182,0.363636,0.409091,0.454545,
0.5,0.545455,0.590909,0.636364,0.681818,0.727273,0.772727,0.818182,0.863636,
0.909091,0.954545,1.),(0.,0.045455,0.090909,0.136364,0.181818,0.227273,
0.272727,0.318182,0.363636,0.409091,0.454545,0.5,0.545455,0.590909,0.636364,
0.681818,0.727273,0.772727,0.818182,0.863636,0.909091,0.954545,1.),
 .UNSPECIFIED.)
GEOMETRIC_REPRESENTATION_ITEM()
RATIONAL_B_SPLINE_SURFACE(((1.,1.,1.,1.,1.,1.,1.,1.,1.,1.,1.,1.,1.,1.,1.,
1.,1.,1.,1.,1.,1.,1.,1.,1.,1.),(1.,1.,1.,1.,1.,1.,1.,1.,1.,1.,1.,1.,1.,
1.,1.,1.,1.,1.,1.,1.,1.,1.,1.,1.,1.),(1.,1.,1.,1.,1.,1.,1.,1.,1.,1.,1.,
1.,1.,1.,1.,1.,1.,1.,1.,1.,1.,1.,1.,1.,1.),(1.,1.,1.,1.,1.,1.,1.,1.,1.,
1.,1.,1.,1.,1.,1.,1.,1.,1.,1.,1.,1.,1.,1.,1.,1.),(1.,1.,1.,1.,1.,1.,1.,
1.,1.,1.,1.,1.,1.,1.,1.,1.,1.,1.,1.,1.,1.,1.,1.,1.,1.),(1.,1.,1.,1.,1.,
1.,1.,1.,1.,1.,1.,1.,1.,1.,1.,1.,1.,1.,1.,1.,1.,1.,1.,1.,1.),(1.,1.,1.,
1.,1.,1.,1.,1.,1.,1.,1.,1.,1.,1.,1.,1.,1.,1.,1.,1.,1.,1.,1.,1.,1.),(1.,
1.,1.,1.,1.,1.,1.,1.,1.,1.,1.,1.,1.,1.,1.,1.,1.,1.,1.,1.,1.,1.,1.,1.,1.),
(1.,1.,1.,1.,1.,1.,1.,1.,1.,1.,1.,1.,1.,1.,1.,1.,1.,1.,1.,1.,1.,1.,1.,1.,
1.),(1.,1.,1.,1.,1.,1.,1.,1.,1.,1.,1.,1.,1.,1.,1.,1.,1.,1.,1.,1.,1.,1.,
1.,1.,1.),(1.,1.,1.,1.,1.,1.,1.,1.,1.,1.,1.,1.,1.,1.,1.,1.,1.,1.,1.,1.,
1.,1.,1.,1.,1.),(1.,1.,1.,1.,1.,1.,1.,1.,1.,1.,1.,1.,1.,1.,1.,1.,1.,1.,
1.,1.,1.,1.,1.,1.,1.),(1.,1.,1.,1.,1.,1.,1.,1.,1.,1.,1.,1.,1.,1.,1.,1.,
1.,1.,1.,1.,1.,1.,1.,1.,1.),(1.,1.,1.,1.,1.,1.,1.,1.,1.,1.,1.,1.,1.,1.,
1.,1.,1.,1.,1.,1.,1.,1.,1.,1.,1.),(1.,1.,1.,1.,1.,1.,1.,1.,1.,1.,1.,1.,
1.,1.,1.,1.,1.,1.,1.,1.,1.,1.,1.,1.,1.),(1.,1.,1.,1.,1.,1.,1.,1.,1.,1.,
1.,1.,1.,1.,1.,1.,1.,1.,1.,1.,1.,1.,1.,1.,1.),(1.,1.,1.,1.,1.,1.,1.,1.,
1.,1.,1.,1.,1.,1.,1.,1.,1.,1.,1.,1.,1.,1.,1.,1.,1.),(1.,1.,1.,1.,1.,1.,
1.,1.,1.,1.,1.,1.,1.,1.,1.,1.,1.,1.,1.,1.,1.,1.,1.,1.,1.),(1.,1.,1.,1.,
1.,1.,1.,1.,1.,1.,1.,1.,1.,1.,1.,1.,1.,1.,1.,1.,1.,1.,1.,1.,1.),(1.,1.,
1.,1.,1.,1.,1.,1.,1.,1.,1.,1.,1.,1.,1.,1.,1.,1.,1.,1.,1.,1.,1.,1.,1.),(1.,
1.,1.,1.,1.,1.,1.,1.,1.,1.,1.,1.,1.,1.,1.,1.,1.,1.,1.,1.,1.,1.,1.,1.,1.),
(1.,1.,1.,1.,1.,1.,1.,1.,1.,1.,1.,1.,1.,1.,1.,1.,1.,1.,1.,1.,1.,1.,1.,1.,
1.),(1.,1.,1.,1.,1.,1.,1.,1.,1.,1.,1.,1.,1.,1.,1.,1.,1.,1.,1.,1.,1.,1.,
1.,1.,1.),(1.,1.,1.,1.,1.,1.,1.,1.,1.,1.,1.,1.,1.,1.,1.,1.,1.,1.,1.,1.,
1.,1.,1.,1.,1.),(1.,1.,1.,1.,1.,1.,1.,1.,1.,1.,1.,1.,1.,1.,1.,1.,1.,1.,
1.,1.,1.,1.,1.,1.,1.)))
REPRESENTATION_ITEM('')
SURFACE()
);
#90=(
BOUNDED_SURFACE()
B_SPLINE_SURFACE(3,3,((#746,#747,#748,#749,#750,#751,#752,#753,#754,#755,
#756,#757,#758,#759,#760,#761,#762,#763,#764,#765,#766,#767,#768,#769,#770),
(#771,#772,#773,#774,#775,#776,#777,#778,#779,#780,#781,#782,#783,#784,
#785,#786,#787,#788,#789,#790,#791,#792,#793,#794,#795),(#796,#797,#798,
#799,#800,#801,#802,#803,#804,#805,#806,#807,#808,#809,#810,#811,#812,#813,
#814,#815,#816,#817,#818,#819,#820),(#821,#822,#823,#824,#825,#826,#827,
#828,#829,#830,#831,#832,#833,#834,#835,#836,#837,#838,#839,#840,#841,#842,
#843,#844,#845),(#846,#847,#848,#849,#850,#851,#852,#853,#854,#855,#856,
#857,#858,#859,#860,#861,#862,#863,#864,#865,#866,#867,#868,#869,#870),
(#871,#872,#873,#874,#875,#876,#877,#878,#879,#880,#881,#882,#883,#884,
#885,#886,#887,#888,#889,#890,#891,#892,#893,#894,#895),(#896,#897,#898,
#899,#900,#901,#902,#903,#904,#905,#906,#907,#908,#909,#910,#911,#912,#913,
#914,#915,#916,#917,#918,#919,#920),(#921,#922,#923,#924,#925,#926,#927,
#928,#929,#930,#931,#932,#933,#934,#935,#936,#937,#938,#939,#940,#941,#942,
#943,#944,#945),(#946,#947,#948,#949,#950,#951,#952,#953,#954,#955,#956,
#957,#958,#959,#960,#961,#962,#963,#964,#965,#966,#967,#968,#969,#970),
(#971,#972,#973,#974,#975,#976,#977,#978,#979,#980,#981,#982,#983,#984,
#985,#986,#987,#988,#989,#990,#991,#992,#993,#994,#995),(#996,#997,#998,
#999,#1000,#1001,#1002,#1003,#1004,#1005,#1006,#1007,#1008,#1009,#1010,
#1011,#1012,#1013,#1014,#1015,#1016,#1017,#1018,#1019,#1020),(#1021,#1022,
#1023,#1024,#1025,#1026,#1027,#1028,#1029,#1030,#1031,#1032,#1033,#1034,
#1035,#1036,#1037,#1038,#1039,#1040,#1041,#1042,#1043,#1044,#1045),(#1046,
#1047,#1048,#1049,#1050,#1051,#1052,#1053,#1054,#1055,#1056,#1057,#1058,
#1059,#1060,#1061,#1062,#1063,#1064,#1065,#1066,#1067,#1068,#1069,#1070),
(#1071,#1072,#1073,#1074,#1075,#1076,#1077,#1078,#1079,#1080,#1081,#1082,
#1083,#1084,#1085,#1086,#1087,#1088,#1089,#1090,#1091,#1092,#1093,#1094,
#1095),(#1096,#1097,#1098,#1099,#1100,#1101,#1102,#1103,#1104,#1105,#1106,
#1107,#1108,#1109,#1110,#1111,#1112,#1113,#1114,#1115,#1116,#1117,#1118,
#1119,#1120),(#1121,#1122,#1123,#1124,#1125,#1126,#1127,#1128,#1129,#1130,
#1131,#1132,#1133,#1134,#1135,#1136,#1137,#1138,#1139,#1140,#1141,#1142,
#1143,#1144,#1145),(#1146,#1147,#1148,#1149,#1150,#1151,#1152,#1153,#1154,
#1155,#1156,#1157,#1158,#1159,#1160,#1161,#1162,#1163,#1164,#1165,#1166,
#1167,#1168,#1169,#1170),(#1171,#1172,#1173,#1174,#1175,#1176,#1177,#1178,
#1179,#1180,#1181,#1182,#1183,#1184,#1185,#1186,#1187,#1188,#1189,#1190,
#1191,#1192,#1193,#1194,#1195),(#1196,#1197,#1198,#1199,#1200,#1201,#1202,
#1203,#1204,#1205,#1206,#1207,#1208,#1209,#1210,#1211,#1212,#1213,#1214,
#1215,#1216,#1217,#1218,#1219,#1220),(#1221,#1222,#1223,#1224,#1225,#1226,
#1227,#1228,#1229,#1230,#1231,#1232,#1233,#1234,#1235,#1236,#1237,#1238,
#1239,#1240,#1241,#1242,#1243,#1244,#1245),(#1246,#1247,#1248,#1249,#1250,
#1251,#1252,#1253,#1254,#1255,#1256,#1257,#1258,#1259,#1260,#1261,#1262,
#1263,#1264,#1265,#1266,#1267,#1268,#1269,#1270),(#1271,#1272,#1273,#1274,
#1275,#1276,#1277,#1278,#1279,#1280,#1281,#1282,#1283,#1284,#1285,#1286,
#1287,#1288,#1289,#1290,#1291,#1292,#1293,#1294,#1295),(#1296,#1297,#1298,
#1299,#1300,#1301,#1302,#1303,#1304,#1305,#1306,#1307,#1308,#1309,#1310,
#1311,#1312,#1313,#1314,#1315,#1316,#1317,#1318,#1319,#1320),(#1321,#1322,
#1323,#1324,#1325,#1326,#1327,#1328,#1329,#1330,#1331,#1332,#1333,#1334,
#1335,#1336,#1337,#1338,#1339,#1340,#1341,#1342,#1343,#1344,#1345),(#1346,
#1347,#1348,#1349,#1350,#1351,#1352,#1353,#1354,#1355,#1356,#1357,#1358,
#1359,#1360,#1361,#1362,#1363,#1364,#1365,#1366,#1367,#1368,#1369,#1370)),
 .UNSPECIFIED.,.F.,.F.,.F.)
B_SPLINE_SURFACE_WITH_KNOTS((4,1,1,1,1,1,1,1,1,1,1,1,1,1,1,1,1,1,1,1,1,
1,4),(4,1,1,1,1,1,1,1,1,1,1,1,1,1,1,1,1,1,1,1,1,1,4),(0.,0.045455,0.090909,
0.136364,0.181818,0.227273,0.272727,0.318182,0.363636,0.409091,0.454545,
0.5,0.545455,0.590909,0.636364,0.681818,0.727273,0.772727,0.818182,0.863636,
0.909091,0.954545,1.),(0.,0.045455,0.090909,0.136364,0.181818,0.227273,
0.272727,0.318182,0.363636,0.409091,0.454545,0.5,0.545455,0.590909,0.636364,
0.681818,0.727273,0.772727,0.818182,0.863636,0.909091,0.954545,1.),
 .UNSPECIFIED.)
GEOMETRIC_REPRESENTATION_ITEM()
RATIONAL_B_SPLINE_SURFACE(((1.,1.,1.,1.,1.,1.,1.,1.,1.,1.,1.,1.,1.,1.,1.,
1.,1.,1.,1.,1.,1.,1.,1.,1.,1.),(1.,1.,1.,1.,1.,1.,1.,1.,1.,1.,1.,1.,1.,
1.,1.,1.,1.,1.,1.,1.,1.,1.,1.,1.,1.),(1.,1.,1.,1.,1.,1.,1.,1.,1.,1.,1.,
1.,1.,1.,1.,1.,1.,1.,1.,1.,1.,1.,1.,1.,1.),(1.,1.,1.,1.,1.,1.,1.,1.,1.,
1.,1.,1.,1.,1.,1.,1.,1.,1.,1.,1.,1.,1.,1.,1.,1.),(1.,1.,1.,1.,1.,1.,1.,
1.,1.,1.,1.,1.,1.,1.,1.,1.,1.,1.,1.,1.,1.,1.,1.,1.,1.),(1.,1.,1.,1.,1.,
1.,1.,1.,1.,1.,1.,1.,1.,1.,1.,1.,1.,1.,1.,1.,1.,1.,1.,1.,1.),(1.,1.,1.,
1.,1.,1.,1.,1.,1.,1.,1.,1.,1.,1.,1.,1.,1.,1.,1.,1.,1.,1.,1.,1.,1.),(1.,
1.,1.,1.,1.,1.,1.,1.,1.,1.,1.,1.,1.,1.,1.,1.,1.,1.,1.,1.,1.,1.,1.,1.,1.),
(1.,1.,1.,1.,1.,1.,1.,1.,1.,1.,1.,1.,1.,1.,1.,1.,1.,1.,1.,1.,1.,1.,1.,1.,
1.),(1.,1.,1.,1.,1.,1.,1.,1.,1.,1.,1.,1.,1.,1.,1.,1.,1.,1.,1.,1.,1.,1.,
1.,1.,1.),(1.,1.,1.,1.,1.,1.,1.,1.,1.,1.,1.,1.,1.,1.,1.,1.,1.,1.,1.,1.,
1.,1.,1.,1.,1.),(1.,1.,1.,1.,1.,1.,1.,1.,1.,1.,1.,1.,1.,1.,1.,1.,1.,1.,
1.,1.,1.,1.,1.,1.,1.),(1.,1.,1.,1.,1.,1.,1.,1.,1.,1.,1.,1.,1.,1.,1.,1.,
1.,1.,1.,1.,1.,1.,1.,1.,1.),(1.,1.,1.,1.,1.,1.,1.,1.,1.,1.,1.,1.,1.,1.,
1.,1.,1.,1.,1.,1.,1.,1.,1.,1.,1.),(1.,1.,1.,1.,1.,1.,1.,1.,1.,1.,1.,1.,
1.,1.,1.,1.,1.,1.,1.,1.,1.,1.,1.,1.,1.),(1.,1.,1.,1.,1.,1.,1.,1.,1.,1.,
1.,1.,1.,1.,1.,1.,1.,1.,1.,1.,1.,1.,1.,1.,1.),(1.,1.,1.,1.,1.,1.,1.,1.,
1.,1.,1.,1.,1.,1.,1.,1.,1.,1.,1.,1.,1.,1.,1.,1.,1.),(1.,1.,1.,1.,1.,1.,
1.,1.,1.,1.,1.,1.,1.,1.,1.,1.,1.,1.,1.,1.,1.,1.,1.,1.,1.),(1.,1.,1.,1.,
1.,1.,1.,1.,1.,1.,1.,1.,1.,1.,1.,1.,1.,1.,1.,1.,1.,1.,1.,1.,1.),(1.,1.,
1.,1.,1.,1.,1.,1.,1.,1.,1.,1.,1.,1.,1.,1.,1.,1.,1.,1.,1.,1.,1.,1.,1.),(1.,
1.,1.,1.,1.,1.,1.,1.,1.,1.,1.,1.,1.,1.,1.,1.,1.,1.,1.,1.,1.,1.,1.,1.,1.),
(1.,1.,1.,1.,1.,1.,1.,1.,1.,1.,1.,1.,1.,1.,1.,1.,1.,1.,1.,1.,1.,1.,1.,1.,
1.),(1.,1.,1.,1.,1.,1.,1.,1.,1.,1.,1.,1.,1.,1.,1.,1.,1.,1.,1.,1.,1.,1.,
1.,1.,1.),(1.,1.,1.,1.,1.,1.,1.,1.,1.,1.,1.,1.,1.,1.,1.,1.,1.,1.,1.,1.,
1.,1.,1.,1.,1.),(1.,1.,1.,1.,1.,1.,1.,1.,1.,1.,1.,1.,1.,1.,1.,1.,1.,1.,
1.,1.,1.,1.,1.,1.,1.)))
REPRESENTATION_ITEM('')
SURFACE()
);
#91=(
BOUNDED_SURFACE()
B_SPLINE_SURFACE(3,3,((#1371,#1372,#1373,#1374,#1375,#1376,#1377,#1378,
#1379,#1380,#1381,#1382,#1383,#1384,#1385,#1386,#1387,#1388,#1389,#1390,
#1391,#1392,#1393,#1394,#1395),(#1396,#1397,#1398,#1399,#1400,#1401,#1402,
#1403,#1404,#1405,#1406,#1407,#1408,#1409,#1410,#1411,#1412,#1413,#1414,
#1415,#1416,#1417,#1418,#1419,#1420),(#1421,#1422,#1423,#1424,#1425,#1426,
#1427,#1428,#1429,#1430,#1431,#1432,#1433,#1434,#1435,#1436,#1437,#1438,
#1439,#1440,#1441,#1442,#1443,#1444,#1445),(#1446,#1447,#1448,#1449,#1450,
#1451,#1452,#1453,#1454,#1455,#1456,#1457,#1458,#1459,#1460,#1461,#1462,
#1463,#1464,#1465,#1466,#1467,#1468,#1469,#1470),(#1471,#1472,#1473,#1474,
#1475,#1476,#1477,#1478,#1479,#1480,#1481,#1482,#1483,#1484,#1485,#1486,
#1487,#1488,#1489,#1490,#1491,#1492,#1493,#1494,#1495),(#1496,#1497,#1498,
#1499,#1500,#1501,#1502,#1503,#1504,#1505,#1506,#1507,#1508,#1509,#1510,
#1511,#1512,#1513,#1514,#1515,#1516,#1517,#1518,#1519,#1520),(#1521,#1522,
#1523,#1524,#1525,#1526,#1527,#1528,#1529,#1530,#1531,#1532,#1533,#1534,
#1535,#1536,#1537,#1538,#1539,#1540,#1541,#1542,#1543,#1544,#1545),(#1546,
#1547,#1548,#1549,#1550,#1551,#1552,#1553,#1554,#1555,#1556,#1557,#1558,
#1559,#1560,#1561,#1562,#1563,#1564,#1565,#1566,#1567,#1568,#1569,#1570),
(#1571,#1572,#1573,#1574,#1575,#1576,#1577,#1578,#1579,#1580,#1581,#1582,
#1583,#1584,#1585,#1586,#1587,#1588,#1589,#1590,#1591,#1592,#1593,#1594,
#1595),(#1596,#1597,#1598,#1599,#1600,#1601,#1602,#1603,#1604,#1605,#1606,
#1607,#1608,#1609,#1610,#1611,#1612,#1613,#1614,#1615,#1616,#1617,#1618,
#1619,#1620),(#1621,#1622,#1623,#1624,#1625,#1626,#1627,#1628,#1629,#1630,
#1631,#1632,#1633,#1634,#1635,#1636,#1637,#1638,#1639,#1640,#1641,#1642,
#1643,#1644,#1645),(#1646,#1647,#1648,#1649,#1650,#1651,#1652,#1653,#1654,
#1655,#1656,#1657,#1658,#1659,#1660,#1661,#1662,#1663,#1664,#1665,#1666,
#1667,#1668,#1669,#1670),(#1671,#1672,#1673,#1674,#1675,#1676,#1677,#1678,
#1679,#1680,#1681,#1682,#1683,#1684,#1685,#1686,#1687,#1688,#1689,#1690,
#1691,#1692,#1693,#1694,#1695),(#1696,#1697,#1698,#1699,#1700,#1701,#1702,
#1703,#1704,#1705,#1706,#1707,#1708,#1709,#1710,#1711,#1712,#1713,#1714,
#1715,#1716,#1717,#1718,#1719,#1720),(#1721,#1722,#1723,#1724,#1725,#1726,
#1727,#1728,#1729,#1730,#1731,#1732,#1733,#1734,#1735,#1736,#1737,#1738,
#1739,#1740,#1741,#1742,#1743,#1744,#1745),(#1746,#1747,#1748,#1749,#1750,
#1751,#1752,#1753,#1754,#1755,#1756,#1757,#1758,#1759,#1760,#1761,#1762,
#1763,#1764,#1765,#1766,#1767,#1768,#1769,#1770),(#1771,#1772,#1773,#1774,
#1775,#1776,#1777,#1778,#1779,#1780,#1781,#1782,#1783,#1784,#1785,#1786,
#1787,#1788,#1789,#1790,#1791,#1792,#1793,#1794,#1795),(#1796,#1797,#1798,
#1799,#1800,#1801,#1802,#1803,#1804,#1805,#1806,#1807,#1808,#1809,#1810,
#1811,#1812,#1813,#1814,#1815,#1816,#1817,#1818,#1819,#1820),(#1821,#1822,
#1823,#1824,#1825,#1826,#1827,#1828,#1829,#1830,#1831,#1832,#1833,#1834,
#1835,#1836,#1837,#1838,#1839,#1840,#1841,#1842,#1843,#1844,#1845),(#1846,
#1847,#1848,#1849,#1850,#1851,#1852,#1853,#1854,#1855,#1856,#1857,#1858,
#1859,#1860,#1861,#1862,#1863,#1864,#1865,#1866,#1867,#1868,#1869,#1870),
(#1871,#1872,#1873,#1874,#1875,#1876,#1877,#1878,#1879,#1880,#1881,#1882,
#1883,#1884,#1885,#1886,#1887,#1888,#1889,#1890,#1891,#1892,#1893,#1894,
#1895),(#1896,#1897,#1898,#1899,#1900,#1901,#1902,#1903,#1904,#1905,#1906,
#1907,#1908,#1909,#1910,#1911,#1912,#1913,#1914,#1915,#1916,#1917,#1918,
#1919,#1920),(#1921,#1922,#1923,#1924,#1925,#1926,#1927,#1928,#1929,#1930,
#1931,#1932,#1933,#1934,#1935,#1936,#1937,#1938,#1939,#1940,#1941,#1942,
#1943,#1944,#1945),(#1946,#1947,#1948,#1949,#1950,#1951,#1952,#1953,#1954,
#1955,#1956,#1957,#1958,#1959,#1960,#1961,#1962,#1963,#1964,#1965,#1966,
#1967,#1968,#1969,#1970),(#1971,#1972,#1973,#1974,#1975,#1976,#1977,#1978,
#1979,#1980,#1981,#1982,#1983,#1984,#1985,#1986,#1987,#1988,#1989,#1990,
#1991,#1992,#1993,#1994,#1995)),.UNSPECIFIED.,.F.,.F.,.F.)
B_SPLINE_SURFACE_WITH_KNOTS((4,1,1,1,1,1,1,1,1,1,1,1,1,1,1,1,1,1,1,1,1,
1,4),(4,1,1,1,1,1,1,1,1,1,1,1,1,1,1,1,1,1,1,1,1,1,4),(0.,0.045455,0.090909,
0.136364,0.181818,0.227273,0.272727,0.318182,0.363636,0.409091,0.454545,
0.5,0.545455,0.590909,0.636364,0.681818,0.727273,0.772727,0.818182,0.863636,
0.909091,0.954545,1.),(0.,0.045455,0.090909,0.136364,0.181818,0.227273,
0.272727,0.318182,0.363636,0.409091,0.454545,0.5,0.545455,0.590909,0.636364,
0.681818,0.727273,0.772727,0.818182,0.863636,0.909091,0.954545,1.),
 .UNSPECIFIED.)
GEOMETRIC_REPRESENTATION_ITEM()
RATIONAL_B_SPLINE_SURFACE(((1.,1.,1.,1.,1.,1.,1.,1.,1.,1.,1.,1.,1.,1.,1.,
1.,1.,1.,1.,1.,1.,1.,1.,1.,1.),(1.,1.,1.,1.,1.,1.,1.,1.,1.,1.,1.,1.,1.,
1.,1.,1.,1.,1.,1.,1.,1.,1.,1.,1.,1.),(1.,1.,1.,1.,1.,1.,1.,1.,1.,1.,1.,
1.,1.,1.,1.,1.,1.,1.,1.,1.,1.,1.,1.,1.,1.),(1.,1.,1.,1.,1.,1.,1.,1.,1.,
1.,1.,1.,1.,1.,1.,1.,1.,1.,1.,1.,1.,1.,1.,1.,1.),(1.,1.,1.,1.,1.,1.,1.,
1.,1.,1.,1.,1.,1.,1.,1.,1.,1.,1.,1.,1.,1.,1.,1.,1.,1.),(1.,1.,1.,1.,1.,
1.,1.,1.,1.,1.,1.,1.,1.,1.,1.,1.,1.,1.,1.,1.,1.,1.,1.,1.,1.),(1.,1.,1.,
1.,1.,1.,1.,1.,1.,1.,1.,1.,1.,1.,1.,1.,1.,1.,1.,1.,1.,1.,1.,1.,1.),(1.,
1.,1.,1.,1.,1.,1.,1.,1.,1.,1.,1.,1.,1.,1.,1.,1.,1.,1.,1.,1.,1.,1.,1.,1.),
(1.,1.,1.,1.,1.,1.,1.,1.,1.,1.,1.,1.,1.,1.,1.,1.,1.,1.,1.,1.,1.,1.,1.,1.,
1.),(1.,1.,1.,1.,1.,1.,1.,1.,1.,1.,1.,1.,1.,1.,1.,1.,1.,1.,1.,1.,1.,1.,
1.,1.,1.),(1.,1.,1.,1.,1.,1.,1.,1.,1.,1.,1.,1.,1.,1.,1.,1.,1.,1.,1.,1.,
1.,1.,1.,1.,1.),(1.,1.,1.,1.,1.,1.,1.,1.,1.,1.,1.,1.,1.,1.,1.,1.,1.,1.,
1.,1.,1.,1.,1.,1.,1.),(1.,1.,1.,1.,1.,1.,1.,1.,1.,1.,1.,1.,1.,1.,1.,1.,
1.,1.,1.,1.,1.,1.,1.,1.,1.),(1.,1.,1.,1.,1.,1.,1.,1.,1.,1.,1.,1.,1.,1.,
1.,1.,1.,1.,1.,1.,1.,1.,1.,1.,1.),(1.,1.,1.,1.,1.,1.,1.,1.,1.,1.,1.,1.,
1.,1.,1.,1.,1.,1.,1.,1.,1.,1.,1.,1.,1.),(1.,1.,1.,1.,1.,1.,1.,1.,1.,1.,
1.,1.,1.,1.,1.,1.,1.,1.,1.,1.,1.,1.,1.,1.,1.),(1.,1.,1.,1.,1.,1.,1.,1.,
1.,1.,1.,1.,1.,1.,1.,1.,1.,1.,1.,1.,1.,1.,1.,1.,1.),(1.,1.,1.,1.,1.,1.,
1.,1.,1.,1.,1.,1.,1.,1.,1.,1.,1.,1.,1.,1.,1.,1.,1.,1.,1.),(1.,1.,1.,1.,
1.,1.,1.,1.,1.,1.,1.,1.,1.,1.,1.,1.,1.,1.,1.,1.,1.,1.,1.,1.,1.),(1.,1.,
1.,1.,1.,1.,1.,1.,1.,1.,1.,1.,1.,1.,1.,1.,1.,1.,1.,1.,1.,1.,1.,1.,1.),(1.,
1.,1.,1.,1.,1.,1.,1.,1.,1.,1.,1.,1.,1.,1.,1.,1.,1.,1.,1.,1.,1.,1.,1.,1.),
(1.,1.,1.,1.,1.,1.,1.,1.,1.,1.,1.,1.,1.,1.,1.,1.,1.,1.,1.,1.,1.,1.,1.,1.,
1.),(1.,1.,1.,1.,1.,1.,1.,1.,1.,1.,1.,1.,1.,1.,1.,1.,1.,1.,1.,1.,1.,1.,
1.,1.,1.),(1.,1.,1.,1.,1.,1.,1.,1.,1.,1.,1.,1.,1.,1.,1.,1.,1.,1.,1.,1.,
1.,1.,1.,1.,1.),(1.,1.,1.,1.,1.,1.,1.,1.,1.,1.,1.,1.,1.,1.,1.,1.,1.,1.,
1.,1.,1.,1.,1.,1.,1.)))
REPRESENTATION_ITEM('')
SURFACE()
);
#92=(
BOUNDED_SURFACE()
B_SPLINE_SURFACE(3,3,((#1996,#1997,#1998,#1999,#2000,#2001,#2002,#2003,
#2004,#2005,#2006,#2007,#2008,#2009,#2010,#2011,#2012,#2013,#2014,#2015,
#2016,#2017,#2018,#2019,#2020),(#2021,#2022,#2023,#2024,#2025,#2026,#2027,
#2028,#2029,#2030,#2031,#2032,#2033,#2034,#2035,#2036,#2037,#2038,#2039,
#2040,#2041,#2042,#2043,#2044,#2045),(#2046,#2047,#2048,#2049,#2050,#2051,
#2052,#2053,#2054,#2055,#2056,#2057,#2058,#2059,#2060,#2061,#2062,#2063,
#2064,#2065,#2066,#2067,#2068,#2069,#2070),(#2071,#2072,#2073,#2074,#2075,
#2076,#2077,#2078,#2079,#2080,#2081,#2082,#2083,#2084,#2085,#2086,#2087,
#2088,#2089,#2090,#2091,#2092,#2093,#2094,#2095),(#2096,#2097,#2098,#2099,
#2100,#2101,#2102,#2103,#2104,#2105,#2106,#2107,#2108,#2109,#2110,#2111,
#2112,#2113,#2114,#2115,#2116,#2117,#2118,#2119,#2120),(#2121,#2122,#2123,
#2124,#2125,#2126,#2127,#2128,#2129,#2130,#2131,#2132,#2133,#2134,#2135,
#2136,#2137,#2138,#2139,#2140,#2141,#2142,#2143,#2144,#2145),(#2146,#2147,
#2148,#2149,#2150,#2151,#2152,#2153,#2154,#2155,#2156,#2157,#2158,#2159,
#2160,#2161,#2162,#2163,#2164,#2165,#2166,#2167,#2168,#2169,#2170),(#2171,
#2172,#2173,#2174,#2175,#2176,#2177,#2178,#2179,#2180,#2181,#2182,#2183,
#2184,#2185,#2186,#2187,#2188,#2189,#2190,#2191,#2192,#2193,#2194,#2195),
(#2196,#2197,#2198,#2199,#2200,#2201,#2202,#2203,#2204,#2205,#2206,#2207,
#2208,#2209,#2210,#2211,#2212,#2213,#2214,#2215,#2216,#2217,#2218,#2219,
#2220),(#2221,#2222,#2223,#2224,#2225,#2226,#2227,#2228,#2229,#2230,#2231,
#2232,#2233,#2234,#2235,#2236,#2237,#2238,#2239,#2240,#2241,#2242,#2243,
#2244,#2245),(#2246,#2247,#2248,#2249,#2250,#2251,#2252,#2253,#2254,#2255,
#2256,#2257,#2258,#2259,#2260,#2261,#2262,#2263,#2264,#2265,#2266,#2267,
#2268,#2269,#2270),(#2271,#2272,#2273,#2274,#2275,#2276,#2277,#2278,#2279,
#2280,#2281,#2282,#2283,#2284,#2285,#2286,#2287,#2288,#2289,#2290,#2291,
#2292,#2293,#2294,#2295),(#2296,#2297,#2298,#2299,#2300,#2301,#2302,#2303,
#2304,#2305,#2306,#2307,#2308,#2309,#2310,#2311,#2312,#2313,#2314,#2315,
#2316,#2317,#2318,#2319,#2320),(#2321,#2322,#2323,#2324,#2325,#2326,#2327,
#2328,#2329,#2330,#2331,#2332,#2333,#2334,#2335,#2336,#2337,#2338,#2339,
#2340,#2341,#2342,#2343,#2344,#2345),(#2346,#2347,#2348,#2349,#2350,#2351,
#2352,#2353,#2354,#2355,#2356,#2357,#2358,#2359,#2360,#2361,#2362,#2363,
#2364,#2365,#2366,#2367,#2368,#2369,#2370),(#2371,#2372,#2373,#2374,#2375,
#2376,#2377,#2378,#2379,#2380,#2381,#2382,#2383,#2384,#2385,#2386,#2387,
#2388,#2389,#2390,#2391,#2392,#2393,#2394,#2395),(#2396,#2397,#2398,#2399,
#2400,#2401,#2402,#2403,#2404,#2405,#2406,#2407,#2408,#2409,#2410,#2411,
#2412,#2413,#2414,#2415,#2416,#2417,#2418,#2419,#2420),(#2421,#2422,#2423,
#2424,#2425,#2426,#2427,#2428,#2429,#2430,#2431,#2432,#2433,#2434,#2435,
#2436,#2437,#2438,#2439,#2440,#2441,#2442,#2443,#2444,#2445),(#2446,#2447,
#2448,#2449,#2450,#2451,#2452,#2453,#2454,#2455,#2456,#2457,#2458,#2459,
#2460,#2461,#2462,#2463,#2464,#2465,#2466,#2467,#2468,#2469,#2470),(#2471,
#2472,#2473,#2474,#2475,#2476,#2477,#2478,#2479,#2480,#2481,#2482,#2483,
#2484,#2485,#2486,#2487,#2488,#2489,#2490,#2491,#2492,#2493,#2494,#2495),
(#2496,#2497,#2498,#2499,#2500,#2501,#2502,#2503,#2504,#2505,#2506,#2507,
#2508,#2509,#2510,#2511,#2512,#2513,#2514,#2515,#2516,#2517,#2518,#2519,
#2520),(#2521,#2522,#2523,#2524,#2525,#2526,#2527,#2528,#2529,#2530,#2531,
#2532,#2533,#2534,#2535,#2536,#2537,#2538,#2539,#2540,#2541,#2542,#2543,
#2544,#2545),(#2546,#2547,#2548,#2549,#2550,#2551,#2552,#2553,#2554,#2555,
#2556,#2557,#2558,#2559,#2560,#2561,#2562,#2563,#2564,#2565,#2566,#2567,
#2568,#2569,#2570),(#2571,#2572,#2573,#2574,#2575,#2576,#2577,#2578,#2579,
#2580,#2581,#2582,#2583,#2584,#2585,#2586,#2587,#2588,#2589,#2590,#2591,
#2592,#2593,#2594,#2595),(#2596,#2597,#2598,#2599,#2600,#2601,#2602,#2603,
#2604,#2605,#2606,#2607,#2608,#2609,#2610,#2611,#2612,#2613,#2614,#2615,
#2616,#2617,#2618,#2619,#2620)),.UNSPECIFIED.,.F.,.F.,.F.)
B_SPLINE_SURFACE_WITH_KNOTS((4,1,1,1,1,1,1,1,1,1,1,1,1,1,1,1,1,1,1,1,1,
1,4),(4,1,1,1,1,1,1,1,1,1,1,1,1,1,1,1,1,1,1,1,1,1,4),(0.,0.045455,0.090909,
0.136364,0.181818,0.227273,0.272727,0.318182,0.363636,0.409091,0.454545,
0.5,0.545455,0.590909,0.636364,0.681818,0.727273,0.772727,0.818182,0.863636,
0.909091,0.954545,1.),(0.,0.045455,0.090909,0.136364,0.181818,0.227273,
0.272727,0.318182,0.363636,0.409091,0.454545,0.5,0.545455,0.590909,0.636364,
0.681818,0.727273,0.772727,0.818182,0.863636,0.909091,0.954545,1.),
 .UNSPECIFIED.)
GEOMETRIC_REPRESENTATION_ITEM()
RATIONAL_B_SPLINE_SURFACE(((1.,1.,1.,1.,1.,1.,1.,1.,1.,1.,1.,1.,1.,1.,1.,
1.,1.,1.,1.,1.,1.,1.,1.,1.,1.),(1.,1.,1.,1.,1.,1.,1.,1.,1.,1.,1.,1.,1.,
1.,1.,1.,1.,1.,1.,1.,1.,1.,1.,1.,1.),(1.,1.,1.,1.,1.,1.,1.,1.,1.,1.,1.,
1.,1.,1.,1.,1.,1.,1.,1.,1.,1.,1.,1.,1.,1.),(1.,1.,1.,1.,1.,1.,1.,1.,1.,
1.,1.,1.,1.,1.,1.,1.,1.,1.,1.,1.,1.,1.,1.,1.,1.),(1.,1.,1.,1.,1.,1.,1.,
1.,1.,1.,1.,1.,1.,1.,1.,1.,1.,1.,1.,1.,1.,1.,1.,1.,1.),(1.,1.,1.,1.,1.,
1.,1.,1.,1.,1.,1.,1.,1.,1.,1.,1.,1.,1.,1.,1.,1.,1.,1.,1.,1.),(1.,1.,1.,
1.,1.,1.,1.,1.,1.,1.,1.,1.,1.,1.,1.,1.,1.,1.,1.,1.,1.,1.,1.,1.,1.),(1.,
1.,1.,1.,1.,1.,1.,1.,1.,1.,1.,1.,1.,1.,1.,1.,1.,1.,1.,1.,1.,1.,1.,1.,1.),
(1.,1.,1.,1.,1.,1.,1.,1.,1.,1.,1.,1.,1.,1.,1.,1.,1.,1.,1.,1.,1.,1.,1.,1.,
1.),(1.,1.,1.,1.,1.,1.,1.,1.,1.,1.,1.,1.,1.,1.,1.,1.,1.,1.,1.,1.,1.,1.,
1.,1.,1.),(1.,1.,1.,1.,1.,1.,1.,1.,1.,1.,1.,1.,1.,1.,1.,1.,1.,1.,1.,1.,
1.,1.,1.,1.,1.),(1.,1.,1.,1.,1.,1.,1.,1.,1.,1.,1.,1.,1.,1.,1.,1.,1.,1.,
1.,1.,1.,1.,1.,1.,1.),(1.,1.,1.,1.,1.,1.,1.,1.,1.,1.,1.,1.,1.,1.,1.,1.,
1.,1.,1.,1.,1.,1.,1.,1.,1.),(1.,1.,1.,1.,1.,1.,1.,1.,1.,1.,1.,1.,1.,1.,
1.,1.,1.,1.,1.,1.,1.,1.,1.,1.,1.),(1.,1.,1.,1.,1.,1.,1.,1.,1.,1.,1.,1.,
1.,1.,1.,1.,1.,1.,1.,1.,1.,1.,1.,1.,1.),(1.,1.,1.,1.,1.,1.,1.,1.,1.,1.,
1.,1.,1.,1.,1.,1.,1.,1.,1.,1.,1.,1.,1.,1.,1.),(1.,1.,1.,1.,1.,1.,1.,1.,
1.,1.,1.,1.,1.,1.,1.,1.,1.,1.,1.,1.,1.,1.,1.,1.,1.),(1.,1.,1.,1.,1.,1.,
1.,1.,1.,1.,1.,1.,1.,1.,1.,1.,1.,1.,1.,1.,1.,1.,1.,1.,1.),(1.,1.,1.,1.,
1.,1.,1.,1.,1.,1.,1.,1.,1.,1.,1.,1.,1.,1.,1.,1.,1.,1.,1.,1.,1.),(1.,1.,
1.,1.,1.,1.,1.,1.,1.,1.,1.,1.,1.,1.,1.,1.,1.,1.,1.,1.,1.,1.,1.,1.,1.),(1.,
1.,1.,1.,1.,1.,1.,1.,1.,1.,1.,1.,1.,1.,1.,1.,1.,1.,1.,1.,1.,1.,1.,1.,1.),
(1.,1.,1.,1.,1.,1.,1.,1.,1.,1.,1.,1.,1.,1.,1.,1.,1.,1.,1.,1.,1.,1.,1.,1.,
1.),(1.,1.,1.,1.,1.,1.,1.,1.,1.,1.,1.,1.,1.,1.,1.,1.,1.,1.,1.,1.,1.,1.,
1.,1.,1.),(1.,1.,1.,1.,1.,1.,1.,1.,1.,1.,1.,1.,1.,1.,1.,1.,1.,1.,1.,1.,
1.,1.,1.,1.,1.),(1.,1.,1.,1.,1.,1.,1.,1.,1.,1.,1.,1.,1.,1.,1.,1.,1.,1.,
1.,1.,1.,1.,1.,1.,1.)))
REPRESENTATION_ITEM('')
SURFACE()
);
#93=(
BOUNDED_SURFACE()
B_SPLINE_SURFACE(3,3,((#2621,#2622,#2623,#2624,#2625,#2626,#2627,#2628,
#2629,#2630,#2631,#2632,#2633,#2634,#2635,#2636,#2637,#2638,#2639,#2640,
#2641,#2642,#2643,#2644,#2645),(#2646,#2647,#2648,#2649,#2650,#2651,#2652,
#2653,#2654,#2655,#2656,#2657,#2658,#2659,#2660,#2661,#2662,#2663,#2664,
#2665,#2666,#2667,#2668,#2669,#2670),(#2671,#2672,#2673,#2674,#2675,#2676,
#2677,#2678,#2679,#2680,#2681,#2682,#2683,#2684,#2685,#2686,#2687,#2688,
#2689,#2690,#2691,#2692,#2693,#2694,#2695),(#2696,#2697,#2698,#2699,#2700,
#2701,#2702,#2703,#2704,#2705,#2706,#2707,#2708,#2709,#2710,#2711,#2712,
#2713,#2714,#2715,#2716,#2717,#2718,#2719,#2720),(#2721,#2722,#2723,#2724,
#2725,#2726,#2727,#2728,#2729,#2730,#2731,#2732,#2733,#2734,#2735,#2736,
#2737,#2738,#2739,#2740,#2741,#2742,#2743,#2744,#2745),(#2746,#2747,#2748,
#2749,#2750,#2751,#2752,#2753,#2754,#2755,#2756,#2757,#2758,#2759,#2760,
#2761,#2762,#2763,#2764,#2765,#2766,#2767,#2768,#2769,#2770),(#2771,#2772,
#2773,#2774,#2775,#2776,#2777,#2778,#2779,#2780,#2781,#2782,#2783,#2784,
#2785,#2786,#2787,#2788,#2789,#2790,#2791,#2792,#2793,#2794,#2795),(#2796,
#2797,#2798,#2799,#2800,#2801,#2802,#2803,#2804,#2805,#2806,#2807,#2808,
#2809,#2810,#2811,#2812,#2813,#2814,#2815,#2816,#2817,#2818,#2819,#2820),
(#2821,#2822,#2823,#2824,#2825,#2826,#2827,#2828,#2829,#2830,#2831,#2832,
#2833,#2834,#2835,#2836,#2837,#2838,#2839,#2840,#2841,#2842,#2843,#2844,
#2845),(#2846,#2847,#2848,#2849,#2850,#2851,#2852,#2853,#2854,#2855,#2856,
#2857,#2858,#2859,#2860,#2861,#2862,#2863,#2864,#2865,#2866,#2867,#2868,
#2869,#2870),(#2871,#2872,#2873,#2874,#2875,#2876,#2877,#2878,#2879,#2880,
#2881,#2882,#2883,#2884,#2885,#2886,#2887,#2888,#2889,#2890,#2891,#2892,
#2893,#2894,#2895),(#2896,#2897,#2898,#2899,#2900,#2901,#2902,#2903,#2904,
#2905,#2906,#2907,#2908,#2909,#2910,#2911,#2912,#2913,#2914,#2915,#2916,
#2917,#2918,#2919,#2920),(#2921,#2922,#2923,#2924,#2925,#2926,#2927,#2928,
#2929,#2930,#2931,#2932,#2933,#2934,#2935,#2936,#2937,#2938,#2939,#2940,
#2941,#2942,#2943,#2944,#2945),(#2946,#2947,#2948,#2949,#2950,#2951,#2952,
#2953,#2954,#2955,#2956,#2957,#2958,#2959,#2960,#2961,#2962,#2963,#2964,
#2965,#2966,#2967,#2968,#2969,#2970),(#2971,#2972,#2973,#2974,#2975,#2976,
#2977,#2978,#2979,#2980,#2981,#2982,#2983,#2984,#2985,#2986,#2987,#2988,
#2989,#2990,#2991,#2992,#2993,#2994,#2995),(#2996,#2997,#2998,#2999,#3000,
#3001,#3002,#3003,#3004,#3005,#3006,#3007,#3008,#3009,#3010,#3011,#3012,
#3013,#3014,#3015,#3016,#3017,#3018,#3019,#3020),(#3021,#3022,#3023,#3024,
#3025,#3026,#3027,#3028,#3029,#3030,#3031,#3032,#3033,#3034,#3035,#3036,
#3037,#3038,#3039,#3040,#3041,#3042,#3043,#3044,#3045),(#3046,#3047,#3048,
#3049,#3050,#3051,#3052,#3053,#3054,#3055,#3056,#3057,#3058,#3059,#3060,
#3061,#3062,#3063,#3064,#3065,#3066,#3067,#3068,#3069,#3070),(#3071,#3072,
#3073,#3074,#3075,#3076,#3077,#3078,#3079,#3080,#3081,#3082,#3083,#3084,
#3085,#3086,#3087,#3088,#3089,#3090,#3091,#3092,#3093,#3094,#3095),(#3096,
#3097,#3098,#3099,#3100,#3101,#3102,#3103,#3104,#3105,#3106,#3107,#3108,
#3109,#3110,#3111,#3112,#3113,#3114,#3115,#3116,#3117,#3118,#3119,#3120),
(#3121,#3122,#3123,#3124,#3125,#3126,#3127,#3128,#3129,#3130,#3131,#3132,
#3133,#3134,#3135,#3136,#3137,#3138,#3139,#3140,#3141,#3142,#3143,#3144,
#3145),(#3146,#3147,#3148,#3149,#3150,#3151,#3152,#3153,#3154,#3155,#3156,
#3157,#3158,#3159,#3160,#3161,#3162,#3163,#3164,#3165,#3166,#3167,#3168,
#3169,#3170),(#3171,#3172,#3173,#3174,#3175,#3176,#3177,#3178,#3179,#3180,
#3181,#3182,#3183,#3184,#3185,#3186,#3187,#3188,#3189,#3190,#3191,#3192,
#3193,#3194,#3195),(#3196,#3197,#3198,#3199,#3200,#3201,#3202,#3203,#3204,
#3205,#3206,#3207,#3208,#3209,#3210,#3211,#3212,#3213,#3214,#3215,#3216,
#3217,#3218,#3219,#3220),(#3221,#3222,#3223,#3224,#3225,#3226,#3227,#3228,
#3229,#3230,#3231,#3232,#3233,#3234,#3235,#3236,#3237,#3238,#3239,#3240,
#3241,#3242,#3243,#3244,#3245)),.UNSPECIFIED.,.F.,.F.,.F.)
B_SPLINE_SURFACE_WITH_KNOTS((4,1,1,1,1,1,1,1,1,1,1,1,1,1,1,1,1,1,1,1,1,
1,4),(4,1,1,1,1,1,1,1,1,1,1,1,1,1,1,1,1,1,1,1,1,1,4),(0.,0.045455,0.090909,
0.136364,0.181818,0.227273,0.272727,0.318182,0.363636,0.409091,0.454545,
0.5,0.545455,0.590909,0.636364,0.681818,0.727273,0.772727,0.818182,0.863636,
0.909091,0.954545,1.),(0.,0.045455,0.090909,0.136364,0.181818,0.227273,
0.272727,0.318182,0.363636,0.409091,0.454545,0.5,0.545455,0.590909,0.636364,
0.681818,0.727273,0.772727,0.818182,0.863636,0.909091,0.954545,1.),
 .UNSPECIFIED.)
GEOMETRIC_REPRESENTATION_ITEM()
RATIONAL_B_SPLINE_SURFACE(((1.,1.,1.,1.,1.,1.,1.,1.,1.,1.,1.,1.,1.,1.,1.,
1.,1.,1.,1.,1.,1.,1.,1.,1.,1.),(1.,1.,1.,1.,1.,1.,1.,1.,1.,1.,1.,1.,1.,
1.,1.,1.,1.,1.,1.,1.,1.,1.,1.,1.,1.),(1.,1.,1.,1.,1.,1.,1.,1.,1.,1.,1.,
1.,1.,1.,1.,1.,1.,1.,1.,1.,1.,1.,1.,1.,1.),(1.,1.,1.,1.,1.,1.,1.,1.,1.,
1.,1.,1.,1.,1.,1.,1.,1.,1.,1.,1.,1.,1.,1.,1.,1.),(1.,1.,1.,1.,1.,1.,1.,
1.,1.,1.,1.,1.,1.,1.,1.,1.,1.,1.,1.,1.,1.,1.,1.,1.,1.),(1.,1.,1.,1.,1.,
1.,1.,1.,1.,1.,1.,1.,1.,1.,1.,1.,1.,1.,1.,1.,1.,1.,1.,1.,1.),(1.,1.,1.,
1.,1.,1.,1.,1.,1.,1.,1.,1.,1.,1.,1.,1.,1.,1.,1.,1.,1.,1.,1.,1.,1.),(1.,
1.,1.,1.,1.,1.,1.,1.,1.,1.,1.,1.,1.,1.,1.,1.,1.,1.,1.,1.,1.,1.,1.,1.,1.),
(1.,1.,1.,1.,1.,1.,1.,1.,1.,1.,1.,1.,1.,1.,1.,1.,1.,1.,1.,1.,1.,1.,1.,1.,
1.),(1.,1.,1.,1.,1.,1.,1.,1.,1.,1.,1.,1.,1.,1.,1.,1.,1.,1.,1.,1.,1.,1.,
1.,1.,1.),(1.,1.,1.,1.,1.,1.,1.,1.,1.,1.,1.,1.,1.,1.,1.,1.,1.,1.,1.,1.,
1.,1.,1.,1.,1.),(1.,1.,1.,1.,1.,1.,1.,1.,1.,1.,1.,1.,1.,1.,1.,1.,1.,1.,
1.,1.,1.,1.,1.,1.,1.),(1.,1.,1.,1.,1.,1.,1.,1.,1.,1.,1.,1.,1.,1.,1.,1.,
1.,1.,1.,1.,1.,1.,1.,1.,1.),(1.,1.,1.,1.,1.,1.,1.,1.,1.,1.,1.,1.,1.,1.,
1.,1.,1.,1.,1.,1.,1.,1.,1.,1.,1.),(1.,1.,1.,1.,1.,1.,1.,1.,1.,1.,1.,1.,
1.,1.,1.,1.,1.,1.,1.,1.,1.,1.,1.,1.,1.),(1.,1.,1.,1.,1.,1.,1.,1.,1.,1.,
1.,1.,1.,1.,1.,1.,1.,1.,1.,1.,1.,1.,1.,1.,1.),(1.,1.,1.,1.,1.,1.,1.,1.,
1.,1.,1.,1.,1.,1.,1.,1.,1.,1.,1.,1.,1.,1.,1.,1.,1.),(1.,1.,1.,1.,1.,1.,
1.,1.,1.,1.,1.,1.,1.,1.,1.,1.,1.,1.,1.,1.,1.,1.,1.,1.,1.),(1.,1.,1.,1.,
1.,1.,1.,1.,1.,1.,1.,1.,1.,1.,1.,1.,1.,1.,1.,1.,1.,1.,1.,1.,1.),(1.,1.,
1.,1.,1.,1.,1.,1.,1.,1.,1.,1.,1.,1.,1.,1.,1.,1.,1.,1.,1.,1.,1.,1.,1.),(1.,
1.,1.,1.,1.,1.,1.,1.,1.,1.,1.,1.,1.,1.,1.,1.,1.,1.,1.,1.,1.,1.,1.,1.,1.),
(1.,1.,1.,1.,1.,1.,1.,1.,1.,1.,1.,1.,1.,1.,1.,1.,1.,1.,1.,1.,1.,1.,1.,1.,
1.),(1.,1.,1.,1.,1.,1.,1.,1.,1.,1.,1.,1.,1.,1.,1.,1.,1.,1.,1.,1.,1.,1.,
1.,1.,1.),(1.,1.,1.,1.,1.,1.,1.,1.,1.,1.,1.,1.,1.,1.,1.,1.,1.,1.,1.,1.,
1.,1.,1.,1.,1.),(1.,1.,1.,1.,1.,1.,1.,1.,1.,1.,1.,1.,1.,1.,1.,1.,1.,1.,
1.,1.,1.,1.,1.,1.,1.)))
REPRESENTATION_ITEM('')
SURFACE()
);
#94=(
BOUNDED_SURFACE()
B_SPLINE_SURFACE(3,3,((#3246,#3247,#3248,#3249,#3250,#3251,#3252,#3253,
#3254,#3255,#3256,#3257,#3258,#3259,#3260,#3261,#3262,#3263,#3264,#3265,
#3266,#3267,#3268,#3269,#3270),(#3271,#3272,#3273,#3274,#3275,#3276,#3277,
#3278,#3279,#3280,#3281,#3282,#3283,#3284,#3285,#3286,#3287,#3288,#3289,
#3290,#3291,#3292,#3293,#3294,#3295),(#3296,#3297,#3298,#3299,#3300,#3301,
#3302,#3303,#3304,#3305,#3306,#3307,#3308,#3309,#3310,#3311,#3312,#3313,
#3314,#3315,#3316,#3317,#3318,#3319,#3320),(#3321,#3322,#3323,#3324,#3325,
#3326,#3327,#3328,#3329,#3330,#3331,#3332,#3333,#3334,#3335,#3336,#3337,
#3338,#3339,#3340,#3341,#3342,#3343,#3344,#3345),(#3346,#3347,#3348,#3349,
#3350,#3351,#3352,#3353,#3354,#3355,#3356,#3357,#3358,#3359,#3360,#3361,
#3362,#3363,#3364,#3365,#3366,#3367,#3368,#3369,#3370),(#3371,#3372,#3373,
#3374,#3375,#3376,#3377,#3378,#3379,#3380,#3381,#3382,#3383,#3384,#3385,
#3386,#3387,#3388,#3389,#3390,#3391,#3392,#3393,#3394,#3395),(#3396,#3397,
#3398,#3399,#3400,#3401,#3402,#3403,#3404,#3405,#3406,#3407,#3408,#3409,
#3410,#3411,#3412,#3413,#3414,#3415,#3416,#3417,#3418,#3419,#3420),(#3421,
#3422,#3423,#3424,#3425,#3426,#3427,#3428,#3429,#3430,#3431,#3432,#3433,
#3434,#3435,#3436,#3437,#3438,#3439,#3440,#3441,#3442,#3443,#3444,#3445),
(#3446,#3447,#3448,#3449,#3450,#3451,#3452,#3453,#3454,#3455,#3456,#3457,
#3458,#3459,#3460,#3461,#3462,#3463,#3464,#3465,#3466,#3467,#3468,#3469,
#3470),(#3471,#3472,#3473,#3474,#3475,#3476,#3477,#3478,#3479,#3480,#3481,
#3482,#3483,#3484,#3485,#3486,#3487,#3488,#3489,#3490,#3491,#3492,#3493,
#3494,#3495),(#3496,#3497,#3498,#3499,#3500,#3501,#3502,#3503,#3504,#3505,
#3506,#3507,#3508,#3509,#3510,#3511,#3512,#3513,#3514,#3515,#3516,#3517,
#3518,#3519,#3520),(#3521,#3522,#3523,#3524,#3525,#3526,#3527,#3528,#3529,
#3530,#3531,#3532,#3533,#3534,#3535,#3536,#3537,#3538,#3539,#3540,#3541,
#3542,#3543,#3544,#3545),(#3546,#3547,#3548,#3549,#3550,#3551,#3552,#3553,
#3554,#3555,#3556,#3557,#3558,#3559,#3560,#3561,#3562,#3563,#3564,#3565,
#3566,#3567,#3568,#3569,#3570),(#3571,#3572,#3573,#3574,#3575,#3576,#3577,
#3578,#3579,#3580,#3581,#3582,#3583,#3584,#3585,#3586,#3587,#3588,#3589,
#3590,#3591,#3592,#3593,#3594,#3595),(#3596,#3597,#3598,#3599,#3600,#3601,
#3602,#3603,#3604,#3605,#3606,#3607,#3608,#3609,#3610,#3611,#3612,#3613,
#3614,#3615,#3616,#3617,#3618,#3619,#3620),(#3621,#3622,#3623,#3624,#3625,
#3626,#3627,#3628,#3629,#3630,#3631,#3632,#3633,#3634,#3635,#3636,#3637,
#3638,#3639,#3640,#3641,#3642,#3643,#3644,#3645),(#3646,#3647,#3648,#3649,
#3650,#3651,#3652,#3653,#3654,#3655,#3656,#3657,#3658,#3659,#3660,#3661,
#3662,#3663,#3664,#3665,#3666,#3667,#3668,#3669,#3670),(#3671,#3672,#3673,
#3674,#3675,#3676,#3677,#3678,#3679,#3680,#3681,#3682,#3683,#3684,#3685,
#3686,#3687,#3688,#3689,#3690,#3691,#3692,#3693,#3694,#3695),(#3696,#3697,
#3698,#3699,#3700,#3701,#3702,#3703,#3704,#3705,#3706,#3707,#3708,#3709,
#3710,#3711,#3712,#3713,#3714,#3715,#3716,#3717,#3718,#3719,#3720),(#3721,
#3722,#3723,#3724,#3725,#3726,#3727,#3728,#3729,#3730,#3731,#3732,#3733,
#3734,#3735,#3736,#3737,#3738,#3739,#3740,#3741,#3742,#3743,#3744,#3745),
(#3746,#3747,#3748,#3749,#3750,#3751,#3752,#3753,#3754,#3755,#3756,#3757,
#3758,#3759,#3760,#3761,#3762,#3763,#3764,#3765,#3766,#3767,#3768,#3769,
#3770),(#3771,#3772,#3773,#3774,#3775,#3776,#3777,#3778,#3779,#3780,#3781,
#3782,#3783,#3784,#3785,#3786,#3787,#3788,#3789,#3790,#3791,#3792,#3793,
#3794,#3795),(#3796,#3797,#3798,#3799,#3800,#3801,#3802,#3803,#3804,#3805,
#3806,#3807,#3808,#3809,#3810,#3811,#3812,#3813,#3814,#3815,#3816,#3817,
#3818,#3819,#3820),(#3821,#3822,#3823,#3824,#3825,#3826,#3827,#3828,#3829,
#3830,#3831,#3832,#3833,#3834,#3835,#3836,#3837,#3838,#3839,#3840,#3841,
#3842,#3843,#3844,#3845),(#3846,#3847,#3848,#3849,#3850,#3851,#3852,#3853,
#3854,#3855,#3856,#3857,#3858,#3859,#3860,#3861,#3862,#3863,#3864,#3865,
#3866,#3867,#3868,#3869,#3870)),.UNSPECIFIED.,.F.,.F.,.F.)
B_SPLINE_SURFACE_WITH_KNOTS((4,1,1,1,1,1,1,1,1,1,1,1,1,1,1,1,1,1,1,1,1,
1,4),(4,1,1,1,1,1,1,1,1,1,1,1,1,1,1,1,1,1,1,1,1,1,4),(0.,0.045455,0.090909,
0.136364,0.181818,0.227273,0.272727,0.318182,0.363636,0.409091,0.454545,
0.5,0.545455,0.590909,0.636364,0.681818,0.727273,0.772727,0.818182,0.863636,
0.909091,0.954545,1.),(0.,0.045455,0.090909,0.136364,0.181818,0.227273,
0.272727,0.318182,0.363636,0.409091,0.454545,0.5,0.545455,0.590909,0.636364,
0.681818,0.727273,0.772727,0.818182,0.863636,0.909091,0.954545,1.),
 .UNSPECIFIED.)
GEOMETRIC_REPRESENTATION_ITEM()
RATIONAL_B_SPLINE_SURFACE(((1.,1.,1.,1.,1.,1.,1.,1.,1.,1.,1.,1.,1.,1.,1.,
1.,1.,1.,1.,1.,1.,1.,1.,1.,1.),(1.,1.,1.,1.,1.,1.,1.,1.,1.,1.,1.,1.,1.,
1.,1.,1.,1.,1.,1.,1.,1.,1.,1.,1.,1.),(1.,1.,1.,1.,1.,1.,1.,1.,1.,1.,1.,
1.,1.,1.,1.,1.,1.,1.,1.,1.,1.,1.,1.,1.,1.),(1.,1.,1.,1.,1.,1.,1.,1.,1.,
1.,1.,1.,1.,1.,1.,1.,1.,1.,1.,1.,1.,1.,1.,1.,1.),(1.,1.,1.,1.,1.,1.,1.,
1.,1.,1.,1.,1.,1.,1.,1.,1.,1.,1.,1.,1.,1.,1.,1.,1.,1.),(1.,1.,1.,1.,1.,
1.,1.,1.,1.,1.,1.,1.,1.,1.,1.,1.,1.,1.,1.,1.,1.,1.,1.,1.,1.),(1.,1.,1.,
1.,1.,1.,1.,1.,1.,1.,1.,1.,1.,1.,1.,1.,1.,1.,1.,1.,1.,1.,1.,1.,1.),(1.,
1.,1.,1.,1.,1.,1.,1.,1.,1.,1.,1.,1.,1.,1.,1.,1.,1.,1.,1.,1.,1.,1.,1.,1.),
(1.,1.,1.,1.,1.,1.,1.,1.,1.,1.,1.,1.,1.,1.,1.,1.,1.,1.,1.,1.,1.,1.,1.,1.,
1.),(1.,1.,1.,1.,1.,1.,1.,1.,1.,1.,1.,1.,1.,1.,1.,1.,1.,1.,1.,1.,1.,1.,
1.,1.,1.),(1.,1.,1.,1.,1.,1.,1.,1.,1.,1.,1.,1.,1.,1.,1.,1.,1.,1.,1.,1.,
1.,1.,1.,1.,1.),(1.,1.,1.,1.,1.,1.,1.,1.,1.,1.,1.,1.,1.,1.,1.,1.,1.,1.,
1.,1.,1.,1.,1.,1.,1.),(1.,1.,1.,1.,1.,1.,1.,1.,1.,1.,1.,1.,1.,1.,1.,1.,
1.,1.,1.,1.,1.,1.,1.,1.,1.),(1.,1.,1.,1.,1.,1.,1.,1.,1.,1.,1.,1.,1.,1.,
1.,1.,1.,1.,1.,1.,1.,1.,1.,1.,1.),(1.,1.,1.,1.,1.,1.,1.,1.,1.,1.,1.,1.,
1.,1.,1.,1.,1.,1.,1.,1.,1.,1.,1.,1.,1.),(1.,1.,1.,1.,1.,1.,1.,1.,1.,1.,
1.,1.,1.,1.,1.,1.,1.,1.,1.,1.,1.,1.,1.,1.,1.),(1.,1.,1.,1.,1.,1.,1.,1.,
1.,1.,1.,1.,1.,1.,1.,1.,1.,1.,1.,1.,1.,1.,1.,1.,1.),(1.,1.,1.,1.,1.,1.,
1.,1.,1.,1.,1.,1.,1.,1.,1.,1.,1.,1.,1.,1.,1.,1.,1.,1.,1.),(1.,1.,1.,1.,
1.,1.,1.,1.,1.,1.,1.,1.,1.,1.,1.,1.,1.,1.,1.,1.,1.,1.,1.,1.,1.),(1.,1.,
1.,1.,1.,1.,1.,1.,1.,1.,1.,1.,1.,1.,1.,1.,1.,1.,1.,1.,1.,1.,1.,1.,1.),(1.,
1.,1.,1.,1.,1.,1.,1.,1.,1.,1.,1.,1.,1.,1.,1.,1.,1.,1.,1.,1.,1.,1.,1.,1.),
(1.,1.,1.,1.,1.,1.,1.,1.,1.,1.,1.,1.,1.,1.,1.,1.,1.,1.,1.,1.,1.,1.,1.,1.,
1.),(1.,1.,1.,1.,1.,1.,1.,1.,1.,1.,1.,1.,1.,1.,1.,1.,1.,1.,1.,1.,1.,1.,
1.,1.,1.),(1.,1.,1.,1.,1.,1.,1.,1.,1.,1.,1.,1.,1.,1.,1.,1.,1.,1.,1.,1.,
1.,1.,1.,1.,1.),(1.,1.,1.,1.,1.,1.,1.,1.,1.,1.,1.,1.,1.,1.,1.,1.,1.,1.,
1.,1.,1.,1.,1.,1.,1.)))
REPRESENTATION_ITEM('')
SURFACE()
);
#95=SHAPE_DEFINITION_REPRESENTATION(#96,#113);
#96=PRODUCT_DEFINITION_SHAPE($,$,#98);
#97=PRODUCT_DEFINITION_CONTEXT('3D Mechanical Parts',#102,'design');
#98=PRODUCT_DEFINITION('A','First version',#99,#97);
#99=PRODUCT_DEFINITION_FORMATION_WITH_SPECIFIED_SOURCE('A',
'First version',#104,.MADE.);
#100=PRODUCT_RELATED_PRODUCT_CATEGORY('tool','tool',(#104));
#101=APPLICATION_PROTOCOL_DEFINITION('Draft International Standard',
'automotive_design',1999,#102);
#102=APPLICATION_CONTEXT(
'data for automotive mechanical design processes');
#103=PRODUCT_CONTEXT('3D Mechanical Parts',#102,'mechanical');
#104=PRODUCT('Document','Document','',(#103));
#105=(
LENGTH_UNIT()
NAMED_UNIT(*)
SI_UNIT(.MILLI.,.METRE.)
);
#106=(
NAMED_UNIT(*)
PLANE_ANGLE_UNIT()
SI_UNIT($,.RADIAN.)
);
#107=DIMENSIONAL_EXPONENTS(0.,0.,0.,0.,0.,0.,0.);
#108=PLANE_ANGLE_MEASURE_WITH_UNIT(PLANE_ANGLE_MEASURE(0.01745329252),#106);
#109=(
CONVERSION_BASED_UNIT('DEGREES',#108)
NAMED_UNIT(#107)
PLANE_ANGLE_UNIT()
);
#110=(
NAMED_UNIT(*)
SI_UNIT($,.STERADIAN.)
SOLID_ANGLE_UNIT()
);
#111=UNCERTAINTY_MEASURE_WITH_UNIT(LENGTH_MEASURE(0.001),#105,
'DISTANCE_ACCURACY_VALUE',
'Maximum model space distance between geometric entities at asserted c
onnectivities');
#112=(
GEOMETRIC_REPRESENTATION_CONTEXT(3)
GLOBAL_UNCERTAINTY_ASSIGNED_CONTEXT((#111))
GLOBAL_UNIT_ASSIGNED_CONTEXT((#110,#109,#105))
REPRESENTATION_CONTEXT('ID1','3D')
);
#113=SHAPE_REPRESENTATION('Document',(#114,#115),#112);
#114=AXIS2_PLACEMENT_3D($,#120,#116,#117);
#115=AXIS2_PLACEMENT_3D($,#4179,#118,#119);
#116=DIRECTION('',(0.,0.,1.));
#117=DIRECTION('',(1.,0.,0.));
#118=DIRECTION('',(0.,0.,1.));
#119=DIRECTION('',(1.,0.,0.));
#120=CARTESIAN_POINT('',(0.,0.,0.));
#121=CARTESIAN_POINT('',(-242.621,-683.019,-928.341));
#122=CARTESIAN_POINT('',(-227.036,-693.384,-930.185));
#123=CARTESIAN_POINT('',(-91.178,-726.301,-944.091));
#124=CARTESIAN_POINT('',(-128.358,-593.092,-820.586));
#125=CARTESIAN_POINT('',(-152.136,-571.556,-689.464));
#126=CARTESIAN_POINT('',(-136.111,-568.22,-572.089));
#127=CARTESIAN_POINT('',(-117.208,-580.638,-471.393));
#128=CARTESIAN_POINT('',(-108.264,-594.83,-389.239));
#129=CARTESIAN_POINT('',(-115.831,-600.939,-321.134));
#130=CARTESIAN_POINT('',(-112.024,-602.904,-265.613));
#131=CARTESIAN_POINT('',(-78.914,-601.334,-235.523));
#132=CARTESIAN_POINT('',(-45.917,-600.139,-229.685));
#133=CARTESIAN_POINT('',(-14.677,-597.336,-225.28));
#134=CARTESIAN_POINT('',(18.636,-596.64,-226.982));
#135=CARTESIAN_POINT('',(52.049,-596.11,-233.171));
#136=CARTESIAN_POINT('',(85.841,-589.401,-243.34));
#137=CARTESIAN_POINT('',(114.795,-587.185,-294.664));
#138=CARTESIAN_POINT('',(103.819,-584.297,-362.064));
#139=CARTESIAN_POINT('',(103.508,-565.272,-425.75));
#140=CARTESIAN_POINT('',(123.106,-567.625,-520.835));
#141=CARTESIAN_POINT('',(140.228,-550.395,-624.518));
#142=CARTESIAN_POINT('',(153.1,-528.982,-763.539));
#143=CARTESIAN_POINT('',(103.363,-617.919,-897.94));
#144=CARTESIAN_POINT('',(112.477,-703.379,-933.424));
#145=CARTESIAN_POINT('',(151.448,-730.016,-923.286));
#146=CARTESIAN_POINT('',(-264.78,-654.728,-923.959));
#147=CARTESIAN_POINT('',(-244.734,-642.706,-907.621));
#148=CARTESIAN_POINT('',(-69.233,-645.206,-966.975));
#149=CARTESIAN_POINT('',(-127.156,-592.254,-837.66));
#150=CARTESIAN_POINT('',(-145.261,-554.613,-693.181));
#151=CARTESIAN_POINT('',(-139.121,-559.346,-577.891));
#152=CARTESIAN_POINT('',(-116.925,-571.732,-475.605));
#153=CARTESIAN_POINT('',(-102.252,-583.144,-388.858));
#154=CARTESIAN_POINT('',(-117.297,-593.776,-325.778));
#155=CARTESIAN_POINT('',(-109.56,-594.044,-267.042));
#156=CARTESIAN_POINT('',(-78.683,-589.961,-237.886));
#157=CARTESIAN_POINT('',(-43.544,-589.889,-235.393));
#158=CARTESIAN_POINT('',(-12.781,-585.222,-231.257));
#159=CARTESIAN_POINT('',(21.925,-587.621,-231.945));
#160=CARTESIAN_POINT('',(49.56,-583.995,-238.404));
#161=CARTESIAN_POINT('',(89.406,-580.937,-246.027));
#162=CARTESIAN_POINT('',(113.999,-578.651,-301.318));
#163=CARTESIAN_POINT('',(99.429,-573.488,-361.184));
#164=CARTESIAN_POINT('',(104.409,-554.677,-437.635));
#165=CARTESIAN_POINT('',(124.834,-558.468,-524.922));
#166=CARTESIAN_POINT('',(135.37,-526.751,-643.585));
#167=CARTESIAN_POINT('',(169.215,-531.314,-779.246));
#168=CARTESIAN_POINT('',(76.622,-591.128,-946.701));
#169=CARTESIAN_POINT('',(167.877,-683.704,-924.128));
#170=CARTESIAN_POINT('',(184.925,-715.106,-916.845));
#171=CARTESIAN_POINT('',(-287.399,-586.868,-954.475));
#172=CARTESIAN_POINT('',(-250.595,-587.664,-951.335));
#173=CARTESIAN_POINT('',(-176.045,-568.484,-960.198));
#174=CARTESIAN_POINT('',(-137.019,-538.076,-837.177));
#175=CARTESIAN_POINT('',(-157.213,-527.909,-698.841));
#176=CARTESIAN_POINT('',(-131.538,-542.317,-565.834));
#177=CARTESIAN_POINT('',(-102.612,-541.434,-473.124));
#178=CARTESIAN_POINT('',(-111.215,-570.935,-392.93));
#179=CARTESIAN_POINT('',(-103.7,-571.155,-319.031));
#180=CARTESIAN_POINT('',(-109.113,-576.39,-274.201));
#181=CARTESIAN_POINT('',(-75.466,-572.004,-242.486));
#182=CARTESIAN_POINT('',(-38.242,-566.934,-240.082));
#183=CARTESIAN_POINT('',(-9.576,-563.416,-239.981));
#184=CARTESIAN_POINT('',(19.761,-564.43,-240.999));
#185=CARTESIAN_POINT('',(49.711,-563.377,-243.134));
#186=CARTESIAN_POINT('',(92.119,-563.669,-253.923));
#187=CARTESIAN_POINT('',(108.513,-565.354,-301.34));
#188=CARTESIAN_POINT('',(99.098,-551.731,-370.785));
#189=CARTESIAN_POINT('',(99.766,-529.169,-439.117));
#190=CARTESIAN_POINT('',(119.905,-538.519,-537.503));
#191=CARTESIAN_POINT('',(172.053,-512.455,-658.629));
#192=CARTESIAN_POINT('',(145.096,-481.852,-795.92));
#193=CARTESIAN_POINT('',(169.784,-570.001,-941.769));
#194=CARTESIAN_POINT('',(226.99,-602.661,-959.015));
#195=CARTESIAN_POINT('',(265.669,-641.238,-954.818));
#196=CARTESIAN_POINT('',(-266.073,-451.282,-812.744));
#197=CARTESIAN_POINT('',(-249.093,-440.444,-826.887));
#198=CARTESIAN_POINT('',(-194.736,-422.682,-810.773));
#199=CARTESIAN_POINT('',(-172.243,-466.76,-745.334));
#200=CARTESIAN_POINT('',(-165.267,-503.283,-623.833));
#201=CARTESIAN_POINT('',(-135.902,-507.905,-528.259));
#202=CARTESIAN_POINT('',(-114.517,-531.87,-442.856));
#203=CARTESIAN_POINT('',(-86.583,-535.71,-354.111));
#204=CARTESIAN_POINT('',(-117.668,-552.955,-311.522));
#205=CARTESIAN_POINT('',(-99.148,-550.216,-247.77));
#206=CARTESIAN_POINT('',(-51.419,-535.081,-251.549));
#207=CARTESIAN_POINT('',(-28.693,-529.714,-254.238));
#208=CARTESIAN_POINT('',(-0.434,-524.475,-259.267));
#209=CARTESIAN_POINT('',(22.699,-526.72,-254.662));
#210=CARTESIAN_POINT('',(49.252,-531.713,-255.359));
#211=CARTESIAN_POINT('',(83.593,-537.605,-247.074));
#212=CARTESIAN_POINT('',(116.838,-540.78,-295.379));
#213=CARTESIAN_POINT('',(87.459,-523.081,-345.121));
#214=CARTESIAN_POINT('',(111.714,-518.951,-432.109));
#215=CARTESIAN_POINT('',(130.378,-493.218,-514.049));
#216=CARTESIAN_POINT('',(172.71,-498.665,-622.981));
#217=CARTESIAN_POINT('',(192.36,-452.608,-730.607));
#218=CARTESIAN_POINT('',(233.821,-423.315,-841.699));
#219=CARTESIAN_POINT('',(282.662,-514.414,-880.831));
#220=CARTESIAN_POINT('',(303.392,-528.997,-894.267));
#221=CARTESIAN_POINT('',(-263.171,-477.704,-667.624));
#222=CARTESIAN_POINT('',(-255.637,-467.598,-668.368));
#223=CARTESIAN_POINT('',(-231.627,-467.827,-662.796));
#224=CARTESIAN_POINT('',(-204.608,-493.313,-607.68));
#225=CARTESIAN_POINT('',(-169.881,-492.468,-531.842));
#226=CARTESIAN_POINT('',(-123.365,-483.871,-450.595));
#227=CARTESIAN_POINT('',(-81.465,-483.501,-374.411));
#228=CARTESIAN_POINT('',(-118.254,-519.847,-332.225));
#229=CARTESIAN_POINT('',(-113.53,-527.3,-248.97));
#230=CARTESIAN_POINT('',(-64.509,-503.013,-258.494));
#231=CARTESIAN_POINT('',(-46.767,-491.182,-267.836));
#232=CARTESIAN_POINT('',(-23.015,-478.889,-268.84));
#233=CARTESIAN_POINT('',(-2.147,-476.73,-269.342));
#234=CARTESIAN_POINT('',(18.899,-477.758,-269.109));
#235=CARTESIAN_POINT('',(44.635,-490.045,-267.238));
#236=CARTESIAN_POINT('',(64.4,-500.651,-259.205));
#237=CARTESIAN_POINT('',(111.413,-527.048,-255.522));
#238=CARTESIAN_POINT('',(116.823,-509.083,-331.169));
#239=CARTESIAN_POINT('',(86.896,-471.055,-372.431));
#240=CARTESIAN_POINT('',(139.733,-491.4,-462.024));
#241=CARTESIAN_POINT('',(177.563,-478.071,-545.561));
#242=CARTESIAN_POINT('',(215.587,-478.534,-635.717));
#243=CARTESIAN_POINT('',(258.764,-445.261,-701.472));
#244=CARTESIAN_POINT('',(288.394,-467.034,-728.753));
#245=CARTESIAN_POINT('',(279.969,-488.404,-725.848));
#246=CARTESIAN_POINT('',(-252.626,-476.48,-499.829));
#247=CARTESIAN_POINT('',(-241.719,-474.363,-504.803));
#248=CARTESIAN_POINT('',(-224.003,-459.218,-491.482));
#249=CARTESIAN_POINT('',(-180.122,-434.178,-462.013));
#250=CARTESIAN_POINT('',(-141.497,-418.792,-419.209));
#251=CARTESIAN_POINT('',(-125.046,-447.893,-362.615));
#252=CARTESIAN_POINT('',(-147.75,-506.621,-314.296));
#253=CARTESIAN_POINT('',(-120.343,-511.415,-236.715));
#254=CARTESIAN_POINT('',(-76.053,-470.596,-260.919));
#255=CARTESIAN_POINT('',(-65.996,-450.537,-272.615));
#256=CARTESIAN_POINT('',(-42.908,-431.518,-271.753));
#257=CARTESIAN_POINT('',(-22.989,-423.845,-276.318));
#258=CARTESIAN_POINT('',(-2.299,-419.632,-276.976));
#259=CARTESIAN_POINT('',(18.405,-424.15,-276.398));
#260=CARTESIAN_POINT('',(38.296,-432.659,-272.088));
#261=CARTESIAN_POINT('',(63.403,-452.448,-272.187));
#262=CARTESIAN_POINT('',(83.902,-470.812,-253.142));
#263=CARTESIAN_POINT('',(132.272,-518.334,-242.751));
#264=CARTESIAN_POINT('',(144.165,-491.137,-333.95));
#265=CARTESIAN_POINT('',(116.436,-426.449,-376.717));
#266=CARTESIAN_POINT('',(158.092,-439.603,-443.115));
#267=CARTESIAN_POINT('',(203.84,-465.158,-507.869));
#268=CARTESIAN_POINT('',(240.045,-496.827,-566.235));
#269=CARTESIAN_POINT('',(257.281,-503.183,-586.24));
#270=CARTESIAN_POINT('',(270.485,-510.374,-591.825));
#271=CARTESIAN_POINT('',(-266.477,-404.034,-362.516));
#272=CARTESIAN_POINT('',(-252.88,-401.554,-365.627));
#273=CARTESIAN_POINT('',(-225.399,-410.857,-363.793));
#274=CARTESIAN_POINT('',(-199.556,-435.558,-341.942));
#275=CARTESIAN_POINT('',(-183.991,-489.354,-301.894));
#276=CARTESIAN_POINT('',(-156.056,-510.974,-253.569));
#277=CARTESIAN_POINT('',(-116.29,-478.936,-217.666));
#278=CARTESIAN_POINT('',(-91.763,-427.06,-254.692));
#279=CARTESIAN_POINT('',(-86.937,-406.288,-259.474));
#280=CARTESIAN_POINT('',(-62.952,-382.252,-260.772));
#281=CARTESIAN_POINT('',(-46.055,-370.505,-271.33));
#282=CARTESIAN_POINT('',(-26.98,-361.463,-276.465));
#283=CARTESIAN_POINT('',(-5.968,-359.6,-280.611));
#284=CARTESIAN_POINT('',(14.619,-362.597,-278.87));
#285=CARTESIAN_POINT('',(36.633,-372.88,-274.462));
#286=CARTESIAN_POINT('',(55.172,-388.724,-263.66));
#287=CARTESIAN_POINT('',(79.431,-414.588,-264.752));
#288=CARTESIAN_POINT('',(96.175,-437.746,-243.888));
#289=CARTESIAN_POINT('',(139.554,-500.723,-209.909));
#290=CARTESIAN_POINT('',(183.593,-508.851,-288.87));
#291=CARTESIAN_POINT('',(180.416,-437.157,-346.341));
#292=CARTESIAN_POINT('',(204.587,-403.647,-394.496));
#293=CARTESIAN_POINT('',(240.419,-405.151,-421.102));
#294=CARTESIAN_POINT('',(267.909,-428.931,-429.575));
#295=CARTESIAN_POINT('',(276.305,-436.894,-428.588));
#296=CARTESIAN_POINT('',(-224.98,-467.472,-221.5));
#297=CARTESIAN_POINT('',(-218.978,-469.868,-221.408));
#298=CARTESIAN_POINT('',(-204.583,-475.789,-212.783));
#299=CARTESIAN_POINT('',(-179.723,-480.71,-200.544));
#300=CARTESIAN_POINT('',(-147.066,-449.768,-194.777));
#301=CARTESIAN_POINT('',(-124.156,-406.859,-211.275));
#302=CARTESIAN_POINT('',(-122.563,-370.72,-243.938));
#303=CARTESIAN_POINT('',(-107.626,-355.515,-238.749));
#304=CARTESIAN_POINT('',(-85.523,-329.258,-246.204));
#305=CARTESIAN_POINT('',(-71.609,-313.403,-258.802));
#306=CARTESIAN_POINT('',(-52.234,-300.525,-264.33));
#307=CARTESIAN_POINT('',(-31.901,-293.8,-270.095));
#308=CARTESIAN_POINT('',(-11.559,-291.644,-271.653));
#309=CARTESIAN_POINT('',(10.445,-296.058,-273.483));
#310=CARTESIAN_POINT('',(31.787,-306.022,-270.157));
#311=CARTESIAN_POINT('',(53.125,-320.358,-267.399));
#312=CARTESIAN_POINT('',(72.071,-341.05,-252.314));
#313=CARTESIAN_POINT('',(97.393,-370.868,-249.018));
#314=CARTESIAN_POINT('',(109.535,-389.066,-244.59));
#315=CARTESIAN_POINT('',(131.391,-441.775,-189.876));
#316=CARTESIAN_POINT('',(179.599,-495.632,-209.264));
#317=CARTESIAN_POINT('',(208.692,-484.129,-251.205));
#318=CARTESIAN_POINT('',(240.084,-456.075,-285.251));
#319=CARTESIAN_POINT('',(263.709,-434.217,-299.846));
#320=CARTESIAN_POINT('',(275.86,-433.298,-299.837));
#321=CARTESIAN_POINT('',(-202.357,-360.561,-144.403));
#322=CARTESIAN_POINT('',(-195.245,-362.299,-150.868));
#323=CARTESIAN_POINT('',(-186.216,-353.271,-168.135));
#324=CARTESIAN_POINT('',(-175.394,-335.21,-191.273));
#325=CARTESIAN_POINT('',(-167.065,-320.627,-211.127));
#326=CARTESIAN_POINT('',(-155.305,-309.809,-220.831));
#327=CARTESIAN_POINT('',(-131.482,-292.31,-218.682));
#328=CARTESIAN_POINT('',(-114.609,-266.694,-237.709));
#329=CARTESIAN_POINT('',(-100.258,-251.661,-251.019));
#330=CARTESIAN_POINT('',(-77.18,-237.447,-258.529));
#331=CARTESIAN_POINT('',(-56.839,-228.578,-264.262));
#332=CARTESIAN_POINT('',(-36.084,-222.576,-266.927));
#333=CARTESIAN_POINT('',(-13.796,-222.231,-269.445));
#334=CARTESIAN_POINT('',(7.59,-225.435,-268.535));
#335=CARTESIAN_POINT('',(29.651,-233.429,-268.457));
#336=CARTESIAN_POINT('',(50.96,-246.689,-263.134));
#337=CARTESIAN_POINT('',(70.137,-263.897,-261.741));
#338=CARTESIAN_POINT('',(92.504,-284.187,-244.923));
#339=CARTESIAN_POINT('',(116.306,-314.103,-229.673));
#340=CARTESIAN_POINT('',(134.436,-333.464,-239.231));
#341=CARTESIAN_POINT('',(140.683,-350.219,-207.502));
#342=CARTESIAN_POINT('',(162.287,-399.727,-179.459));
#343=CARTESIAN_POINT('',(178.54,-419.358,-166.049));
#344=CARTESIAN_POINT('',(191.3,-444.335,-158.307));
#345=CARTESIAN_POINT('',(197.937,-441.319,-159.482));
#346=CARTESIAN_POINT('',(-232.05,-242.624,-141.404));
#347=CARTESIAN_POINT('',(-229.037,-242.193,-149.096));
#348=CARTESIAN_POINT('',(-219.893,-241.201,-161.248));
#349=CARTESIAN_POINT('',(-202.01,-238.163,-176.552));
#350=CARTESIAN_POINT('',(-181.468,-226.632,-189.225));
#351=CARTESIAN_POINT('',(-161.745,-207.899,-205.918));
#352=CARTESIAN_POINT('',(-148.078,-193.13,-228.129));
#353=CARTESIAN_POINT('',(-128.773,-181.127,-236.845));
#354=CARTESIAN_POINT('',(-106.096,-167.626,-246.674));
#355=CARTESIAN_POINT('',(-86.077,-156.833,-256.222));
#356=CARTESIAN_POINT('',(-63.167,-149.513,-264.418));
#357=CARTESIAN_POINT('',(-39.816,-146.124,-269.926));
#358=CARTESIAN_POINT('',(-16.673,-145.59,-272.996));
#359=CARTESIAN_POINT('',(7.544,-149.18,-273.194));
#360=CARTESIAN_POINT('',(29.798,-156.759,-269.698));
#361=CARTESIAN_POINT('',(52.604,-167.75,-266.405));
#362=CARTESIAN_POINT('',(72.902,-181.484,-258.882));
#363=CARTESIAN_POINT('',(93.566,-201.077,-255.875));
#364=CARTESIAN_POINT('',(116.102,-216.01,-243.626));
#365=CARTESIAN_POINT('',(137.177,-239.834,-216.772));
#366=CARTESIAN_POINT('',(163.031,-262.71,-211.934));
#367=CARTESIAN_POINT('',(176.679,-268.771,-204.495));
#368=CARTESIAN_POINT('',(192.55,-281.227,-186.921));
#369=CARTESIAN_POINT('',(201.634,-282.894,-173.455));
#370=CARTESIAN_POINT('',(205.468,-289.723,-163.896));
#371=CARTESIAN_POINT('',(-252.873,-120.782,-118.677));
#372=CARTESIAN_POINT('',(-246.174,-123.042,-127.276));
#373=CARTESIAN_POINT('',(-234.307,-120.63,-145.314));
#374=CARTESIAN_POINT('',(-217.582,-116.85,-169.511));
#375=CARTESIAN_POINT('',(-201.456,-111.35,-192.08));
#376=CARTESIAN_POINT('',(-182.488,-106.845,-208.152));
#377=CARTESIAN_POINT('',(-158.951,-97.507,-218.808));
#378=CARTESIAN_POINT('',(-136.828,-87.622,-235.235));
#379=CARTESIAN_POINT('',(-115.86,-81.04,-248.957));
#380=CARTESIAN_POINT('',(-90.911,-73.435,-259.775));
#381=CARTESIAN_POINT('',(-66.953,-68.767,-268.723));
#382=CARTESIAN_POINT('',(-42.96,-66.724,-275.415));
#383=CARTESIAN_POINT('',(-17.597,-67.294,-279.467));
#384=CARTESIAN_POINT('',(7.17,-69.629,-280.052));
#385=CARTESIAN_POINT('',(32.679,-75.345,-277.153));
#386=CARTESIAN_POINT('',(55.957,-83.227,-269.646));
#387=CARTESIAN_POINT('',(79.256,-94.765,-262.056));
#388=CARTESIAN_POINT('',(99.169,-107.168,-250.189));
#389=CARTESIAN_POINT('',(119.235,-123.546,-240.385));
#390=CARTESIAN_POINT('',(140.917,-136.378,-234.08));
#391=CARTESIAN_POINT('',(159.429,-150.331,-213.198));
#392=CARTESIAN_POINT('',(181.686,-168.958,-193.075));
#393=CARTESIAN_POINT('',(201.145,-179.334,-175.467));
#394=CARTESIAN_POINT('',(212.053,-188.063,-162.645));
#395=CARTESIAN_POINT('',(218.149,-188.264,-157.236));
#396=CARTESIAN_POINT('',(-279.149,2.337,-119.723));
#397=CARTESIAN_POINT('',(-276.581,0.939,-130.37));
#398=CARTESIAN_POINT('',(-266.567,-3.994,-148.485));
#399=CARTESIAN_POINT('',(-244.587,-6.022,-171.616));
#400=CARTESIAN_POINT('',(-218.299,-5.398,-190.296));
#401=CARTESIAN_POINT('',(-193.892,-1.398,-208.617));
#402=CARTESIAN_POINT('',(-171.341,0.518,-227.873));
#403=CARTESIAN_POINT('',(-148.082,3.889,-241.955));
#404=CARTESIAN_POINT('',(-122.304,9.665,-253.539));
#405=CARTESIAN_POINT('',(-97.292,12.038,-263.382));
#406=CARTESIAN_POINT('',(-71.326,14.751,-272.042));
#407=CARTESIAN_POINT('',(-45.05,15.907,-279.359));
#408=CARTESIAN_POINT('',(-18.147,15.218,-283.912));
#409=CARTESIAN_POINT('',(8.743,13.358,-284.464));
#410=CARTESIAN_POINT('',(35.682,9.577,-280.985));
#411=CARTESIAN_POINT('',(61.805,3.806,-275.014));
#412=CARTESIAN_POINT('',(86.748,-3.508,-266.543));
#413=CARTESIAN_POINT('',(111.204,-12.787,-259.584));
#414=CARTESIAN_POINT('',(138.053,-22.512,-245.434));
#415=CARTESIAN_POINT('',(158.115,-34.133,-228.687));
#416=CARTESIAN_POINT('',(180.114,-44.204,-216.678));
#417=CARTESIAN_POINT('',(198.785,-49.277,-201.72));
#418=CARTESIAN_POINT('',(218.507,-56.794,-184.481));
#419=CARTESIAN_POINT('',(231.756,-54.549,-170.978));
#420=CARTESIAN_POINT('',(237.509,-54.493,-163.53));
#421=CARTESIAN_POINT('',(-269.714,128.157,-98.215));
#422=CARTESIAN_POINT('',(-265.166,125.462,-108.359));
#423=CARTESIAN_POINT('',(-258.722,119.591,-130.87));
#424=CARTESIAN_POINT('',(-242.721,114.187,-159.551));
#425=CARTESIAN_POINT('',(-222.992,109.,-181.841));
#426=CARTESIAN_POINT('',(-198.615,104.394,-199.988));
#427=CARTESIAN_POINT('',(-174.1,102.033,-215.799));
#428=CARTESIAN_POINT('',(-148.737,100.781,-229.676));
#429=CARTESIAN_POINT('',(-122.848,98.99,-241.764));
#430=CARTESIAN_POINT('',(-97.331,98.423,-253.764));
#431=CARTESIAN_POINT('',(-71.351,98.334,-263.061));
#432=CARTESIAN_POINT('',(-45.072,98.591,-271.39));
#433=CARTESIAN_POINT('',(-18.133,98.594,-276.754));
#434=CARTESIAN_POINT('',(9.204,97.058,-277.348));
#435=CARTESIAN_POINT('',(36.543,95.028,-274.254));
#436=CARTESIAN_POINT('',(63.496,92.197,-266.858));
#437=CARTESIAN_POINT('',(89.475,88.881,-259.408));
#438=CARTESIAN_POINT('',(117.325,84.988,-247.401));
#439=CARTESIAN_POINT('',(138.37,78.48,-239.709));
#440=CARTESIAN_POINT('',(161.368,74.701,-230.818));
#441=CARTESIAN_POINT('',(184.597,71.367,-216.402));
#442=CARTESIAN_POINT('',(208.126,65.643,-201.226));
#443=CARTESIAN_POINT('',(230.662,66.481,-184.909));
#444=CARTESIAN_POINT('',(244.073,64.019,-172.589));
#445=CARTESIAN_POINT('',(250.417,64.031,-165.564));
#446=CARTESIAN_POINT('',(-227.722,224.289,-71.547));
#447=CARTESIAN_POINT('',(-227.08,224.185,-79.88));
#448=CARTESIAN_POINT('',(-219.925,222.966,-94.969));
#449=CARTESIAN_POINT('',(-204.093,214.816,-116.661));
#450=CARTESIAN_POINT('',(-187.59,206.3,-139.813));
#451=CARTESIAN_POINT('',(-172.294,199.215,-162.273));
#452=CARTESIAN_POINT('',(-154.464,193.915,-181.779));
#453=CARTESIAN_POINT('',(-134.385,188.624,-201.517));
#454=CARTESIAN_POINT('',(-113.464,184.785,-217.063));
#455=CARTESIAN_POINT('',(-89.462,182.089,-228.678));
#456=CARTESIAN_POINT('',(-65.518,179.545,-239.349));
#457=CARTESIAN_POINT('',(-41.084,179.081,-247.162));
#458=CARTESIAN_POINT('',(-15.855,179.27,-251.383));
#459=CARTESIAN_POINT('',(8.89,179.728,-253.358));
#460=CARTESIAN_POINT('',(34.321,178.396,-249.295));
#461=CARTESIAN_POINT('',(57.687,178.924,-242.271));
#462=CARTESIAN_POINT('',(81.309,177.258,-233.961));
#463=CARTESIAN_POINT('',(102.563,176.569,-225.733));
#464=CARTESIAN_POINT('',(128.156,177.317,-212.614));
#465=CARTESIAN_POINT('',(151.382,176.893,-197.01));
#466=CARTESIAN_POINT('',(171.938,175.426,-182.764));
#467=CARTESIAN_POINT('',(189.613,179.034,-164.803));
#468=CARTESIAN_POINT('',(206.781,180.637,-146.83));
#469=CARTESIAN_POINT('',(217.83,183.099,-134.182));
#470=CARTESIAN_POINT('',(223.435,183.593,-128.732));
#471=CARTESIAN_POINT('',(-155.763,328.813,-24.976));
#472=CARTESIAN_POINT('',(-155.009,323.733,-35.285));
#473=CARTESIAN_POINT('',(-158.81,315.221,-57.485));
#474=CARTESIAN_POINT('',(-161.733,309.008,-84.921));
#475=CARTESIAN_POINT('',(-156.528,299.897,-106.896));
#476=CARTESIAN_POINT('',(-141.953,289.596,-124.875));
#477=CARTESIAN_POINT('',(-128.8,278.592,-145.455));
#478=CARTESIAN_POINT('',(-113.658,270.211,-162.319));
#479=CARTESIAN_POINT('',(-96.216,263.172,-179.266));
#480=CARTESIAN_POINT('',(-77.701,258.632,-196.244));
#481=CARTESIAN_POINT('',(-56.918,256.467,-206.432));
#482=CARTESIAN_POINT('',(-35.9,253.693,-214.487));
#483=CARTESIAN_POINT('',(-13.931,254.113,-219.141));
#484=CARTESIAN_POINT('',(9.143,253.903,-218.136));
#485=CARTESIAN_POINT('',(31.006,256.198,-214.893));
#486=CARTESIAN_POINT('',(52.165,257.387,-207.819));
#487=CARTESIAN_POINT('',(71.918,260.461,-198.262));
#488=CARTESIAN_POINT('',(90.809,262.371,-185.441));
#489=CARTESIAN_POINT('',(113.168,263.049,-166.815));
#490=CARTESIAN_POINT('',(125.98,264.948,-153.011));
#491=CARTESIAN_POINT('',(141.553,267.088,-137.934));
#492=CARTESIAN_POINT('',(155.271,266.555,-123.993));
#493=CARTESIAN_POINT('',(168.857,270.09,-110.319));
#494=CARTESIAN_POINT('',(172.675,271.636,-97.589));
#495=CARTESIAN_POINT('',(174.092,273.368,-90.069));
#496=CARTESIAN_POINT('',(-194.069,445.967,-54.606));
#497=CARTESIAN_POINT('',(-183.621,444.952,-53.594));
#498=CARTESIAN_POINT('',(-161.185,442.485,-52.084));
#499=CARTESIAN_POINT('',(-141.833,420.949,-66.826));
#500=CARTESIAN_POINT('',(-131.42,400.681,-88.847));
#501=CARTESIAN_POINT('',(-128.624,384.418,-112.328));
#502=CARTESIAN_POINT('',(-117.19,371.648,-127.696));
#503=CARTESIAN_POINT('',(-103.03,357.487,-144.916));
#504=CARTESIAN_POINT('',(-88.176,345.742,-159.165));
#505=CARTESIAN_POINT('',(-70.339,336.508,-168.78));
#506=CARTESIAN_POINT('',(-51.93,329.806,-179.636));
#507=CARTESIAN_POINT('',(-30.974,327.421,-184.106));
#508=CARTESIAN_POINT('',(-11.307,325.358,-187.67));
#509=CARTESIAN_POINT('',(9.742,327.894,-186.856));
#510=CARTESIAN_POINT('',(29.499,329.62,-183.417));
#511=CARTESIAN_POINT('',(50.51,334.844,-176.701));
#512=CARTESIAN_POINT('',(68.957,340.587,-168.464));
#513=CARTESIAN_POINT('',(87.204,347.623,-157.27));
#514=CARTESIAN_POINT('',(99.308,356.518,-146.871));
#515=CARTESIAN_POINT('',(115.588,364.817,-133.4));
#516=CARTESIAN_POINT('',(125.355,368.065,-117.965));
#517=CARTESIAN_POINT('',(132.976,374.455,-99.984));
#518=CARTESIAN_POINT('',(136.958,380.109,-79.082));
#519=CARTESIAN_POINT('',(141.45,391.582,-66.473));
#520=CARTESIAN_POINT('',(143.867,395.251,-61.776));
#521=CARTESIAN_POINT('',(-237.102,531.874,-132.022));
#522=CARTESIAN_POINT('',(-229.803,528.214,-133.67));
#523=CARTESIAN_POINT('',(-216.675,519.309,-136.191));
#524=CARTESIAN_POINT('',(-186.425,517.304,-121.75));
#525=CARTESIAN_POINT('',(-155.997,506.906,-110.797));
#526=CARTESIAN_POINT('',(-125.5,482.996,-110.005));
#527=CARTESIAN_POINT('',(-109.199,456.481,-124.488));
#528=CARTESIAN_POINT('',(-96.801,439.395,-134.622));
#529=CARTESIAN_POINT('',(-79.755,423.651,-145.527));
#530=CARTESIAN_POINT('',(-63.802,411.122,-157.207));
#531=CARTESIAN_POINT('',(-45.164,402.369,-161.664));
#532=CARTESIAN_POINT('',(-27.328,397.402,-165.677));
#533=CARTESIAN_POINT('',(-7.595,396.127,-165.049));
#534=CARTESIAN_POINT('',(11.05,397.826,-165.411));
#535=CARTESIAN_POINT('',(29.925,405.223,-163.596));
#536=CARTESIAN_POINT('',(47.442,412.699,-160.991));
#537=CARTESIAN_POINT('',(64.472,425.33,-153.2));
#538=CARTESIAN_POINT('',(83.888,438.468,-143.927));
#539=CARTESIAN_POINT('',(101.677,448.334,-132.693));
#540=CARTESIAN_POINT('',(110.634,461.689,-118.585));
#541=CARTESIAN_POINT('',(127.018,475.017,-108.194));
#542=CARTESIAN_POINT('',(143.723,485.38,-99.821));
#543=CARTESIAN_POINT('',(164.33,488.975,-97.86));
#544=CARTESIAN_POINT('',(175.792,484.682,-94.374));
#545=CARTESIAN_POINT('',(182.48,481.334,-92.77));
#546=CARTESIAN_POINT('',(-275.655,580.573,-231.701));
#547=CARTESIAN_POINT('',(-264.14,574.902,-228.147));
#548=CARTESIAN_POINT('',(-240.466,576.988,-220.398));
#549=CARTESIAN_POINT('',(-213.305,565.437,-213.117));
#550=CARTESIAN_POINT('',(-184.538,558.77,-194.821));
#551=CARTESIAN_POINT('',(-160.229,560.88,-167.51));
#552=CARTESIAN_POINT('',(-126.869,545.987,-147.235));
#553=CARTESIAN_POINT('',(-98.627,519.761,-152.02));
#554=CARTESIAN_POINT('',(-83.124,499.086,-158.));
#555=CARTESIAN_POINT('',(-60.972,484.252,-159.124));
#556=CARTESIAN_POINT('',(-44.038,473.845,-163.666));
#557=CARTESIAN_POINT('',(-24.229,468.082,-162.038));
#558=CARTESIAN_POINT('',(-7.027,467.914,-163.693));
#559=CARTESIAN_POINT('',(11.986,473.27,-162.317));
#560=CARTESIAN_POINT('',(30.637,480.711,-164.009));
#561=CARTESIAN_POINT('',(51.316,492.823,-163.194));
#562=CARTESIAN_POINT('',(73.434,506.23,-166.106));
#563=CARTESIAN_POINT('',(87.296,521.967,-159.678));
#564=CARTESIAN_POINT('',(109.098,545.574,-152.599));
#565=CARTESIAN_POINT('',(137.997,559.672,-158.227));
#566=CARTESIAN_POINT('',(160.974,561.675,-167.847));
#567=CARTESIAN_POINT('',(181.581,558.526,-181.244));
#568=CARTESIAN_POINT('',(197.951,552.686,-181.078));
#569=CARTESIAN_POINT('',(208.258,553.179,-180.464));
#570=CARTESIAN_POINT('',(212.27,551.909,-175.1));
#571=CARTESIAN_POINT('',(-301.525,658.776,-336.581));
#572=CARTESIAN_POINT('',(-292.84,652.107,-339.266));
#573=CARTESIAN_POINT('',(-271.718,626.112,-339.55));
#574=CARTESIAN_POINT('',(-233.132,614.954,-309.918));
#575=CARTESIAN_POINT('',(-199.87,599.765,-282.615));
#576=CARTESIAN_POINT('',(-166.861,589.457,-252.751));
#577=CARTESIAN_POINT('',(-147.179,593.881,-215.797));
#578=CARTESIAN_POINT('',(-119.529,589.554,-178.143));
#579=CARTESIAN_POINT('',(-84.679,567.359,-175.913));
#580=CARTESIAN_POINT('',(-66.684,547.579,-183.708));
#581=CARTESIAN_POINT('',(-44.488,535.872,-181.384));
#582=CARTESIAN_POINT('',(-27.04,530.627,-185.284));
#583=CARTESIAN_POINT('',(-4.279,529.472,-185.54));
#584=CARTESIAN_POINT('',(14.991,534.572,-190.689));
#585=CARTESIAN_POINT('',(37.267,546.428,-190.713));
#586=CARTESIAN_POINT('',(58.044,562.276,-195.047));
#587=CARTESIAN_POINT('',(75.778,583.218,-182.647));
#588=CARTESIAN_POINT('',(112.131,609.091,-186.112));
#589=CARTESIAN_POINT('',(140.65,610.137,-216.103));
#590=CARTESIAN_POINT('',(153.995,601.328,-248.092));
#591=CARTESIAN_POINT('',(169.831,600.199,-275.944));
#592=CARTESIAN_POINT('',(188.766,600.635,-287.947));
#593=CARTESIAN_POINT('',(214.34,601.154,-293.781));
#594=CARTESIAN_POINT('',(232.678,597.015,-287.997));
#595=CARTESIAN_POINT('',(240.611,594.222,-284.565));
#596=CARTESIAN_POINT('',(-297.745,767.712,-430.366));
#597=CARTESIAN_POINT('',(-292.361,754.711,-424.628));
#598=CARTESIAN_POINT('',(-281.383,743.442,-412.914));
#599=CARTESIAN_POINT('',(-251.394,700.661,-396.509));
#600=CARTESIAN_POINT('',(-214.779,671.937,-364.212));
#601=CARTESIAN_POINT('',(-180.742,645.779,-329.403));
#602=CARTESIAN_POINT('',(-146.138,627.232,-286.896));
#603=CARTESIAN_POINT('',(-130.848,627.638,-244.354));
#604=CARTESIAN_POINT('',(-108.411,626.196,-196.549));
#605=CARTESIAN_POINT('',(-71.13,606.659,-193.443));
#606=CARTESIAN_POINT('',(-51.622,593.451,-205.013));
#607=CARTESIAN_POINT('',(-24.77,584.114,-208.488));
#608=CARTESIAN_POINT('',(-6.732,587.512,-215.992));
#609=CARTESIAN_POINT('',(19.519,596.776,-212.912));
#610=CARTESIAN_POINT('',(43.436,612.779,-214.091));
#611=CARTESIAN_POINT('',(70.167,634.25,-195.582));
#612=CARTESIAN_POINT('',(113.165,655.849,-212.239));
#613=CARTESIAN_POINT('',(121.725,651.538,-260.856));
#614=CARTESIAN_POINT('',(128.398,655.866,-306.333));
#615=CARTESIAN_POINT('',(146.496,674.383,-338.167));
#616=CARTESIAN_POINT('',(170.942,687.547,-357.414));
#617=CARTESIAN_POINT('',(199.033,695.985,-375.464));
#618=CARTESIAN_POINT('',(220.633,698.185,-385.854));
#619=CARTESIAN_POINT('',(233.762,693.72,-387.526));
#620=CARTESIAN_POINT('',(242.348,691.001,-383.837));
#621=CARTESIAN_POINT('',(-287.786,827.514,-546.003));
#622=CARTESIAN_POINT('',(-284.029,816.392,-541.493));
#623=CARTESIAN_POINT('',(-267.786,783.834,-523.37));
#624=CARTESIAN_POINT('',(-255.962,776.076,-475.733));
#625=CARTESIAN_POINT('',(-230.859,746.372,-431.364));
#626=CARTESIAN_POINT('',(-195.541,714.859,-384.644));
#627=CARTESIAN_POINT('',(-159.064,682.425,-347.575));
#628=CARTESIAN_POINT('',(-124.422,660.444,-298.698));
#629=CARTESIAN_POINT('',(-114.865,655.803,-249.779));
#630=CARTESIAN_POINT('',(-90.368,654.285,-204.177));
#631=CARTESIAN_POINT('',(-51.381,638.668,-207.723));
#632=CARTESIAN_POINT('',(-31.492,641.628,-218.078));
#633=CARTESIAN_POINT('',(3.982,640.249,-216.05));
#634=CARTESIAN_POINT('',(32.12,653.883,-220.319));
#635=CARTESIAN_POINT('',(61.87,671.91,-201.65));
#636=CARTESIAN_POINT('',(105.507,691.794,-229.28));
#637=CARTESIAN_POINT('',(97.427,694.238,-283.864));
#638=CARTESIAN_POINT('',(109.059,712.006,-326.753));
#639=CARTESIAN_POINT('',(143.384,738.179,-363.664));
#640=CARTESIAN_POINT('',(174.136,762.701,-390.19));
#641=CARTESIAN_POINT('',(203.983,776.109,-424.677));
#642=CARTESIAN_POINT('',(217.429,782.982,-453.041));
#643=CARTESIAN_POINT('',(234.34,780.136,-473.906));
#644=CARTESIAN_POINT('',(249.195,778.696,-479.876));
#645=CARTESIAN_POINT('',(252.573,778.953,-482.969));
#646=CARTESIAN_POINT('',(-275.544,882.261,-694.69));
#647=CARTESIAN_POINT('',(-267.453,872.154,-667.074));
#648=CARTESIAN_POINT('',(-257.645,858.181,-641.905));
#649=CARTESIAN_POINT('',(-223.449,807.004,-569.597));
#650=CARTESIAN_POINT('',(-224.605,799.8,-503.913));
#651=CARTESIAN_POINT('',(-206.223,773.772,-437.365));
#652=CARTESIAN_POINT('',(-171.097,739.25,-382.056));
#653=CARTESIAN_POINT('',(-130.018,706.056,-341.592));
#654=CARTESIAN_POINT('',(-105.689,686.158,-288.426));
#655=CARTESIAN_POINT('',(-96.624,679.79,-232.055));
#656=CARTESIAN_POINT('',(-57.307,677.64,-209.437));
#657=CARTESIAN_POINT('',(-15.292,669.571,-219.002));
#658=CARTESIAN_POINT('',(15.868,684.82,-219.81));
#659=CARTESIAN_POINT('',(45.129,701.781,-208.248));
#660=CARTESIAN_POINT('',(96.233,722.52,-223.048));
#661=CARTESIAN_POINT('',(88.192,735.505,-280.741));
#662=CARTESIAN_POINT('',(104.67,754.159,-322.931));
#663=CARTESIAN_POINT('',(147.466,773.669,-369.847));
#664=CARTESIAN_POINT('',(168.353,805.007,-409.513));
#665=CARTESIAN_POINT('',(190.15,820.184,-473.874));
#666=CARTESIAN_POINT('',(192.883,829.305,-536.088));
#667=CARTESIAN_POINT('',(208.107,831.148,-582.986));
#668=CARTESIAN_POINT('',(224.555,833.357,-616.274));
#669=CARTESIAN_POINT('',(231.503,833.427,-618.888));
#670=CARTESIAN_POINT('',(246.098,834.513,-617.548));
#671=CARTESIAN_POINT('',(-318.594,785.321,-826.038));
#672=CARTESIAN_POINT('',(-291.735,804.81,-822.997));
#673=CARTESIAN_POINT('',(-249.105,845.011,-761.525));
#674=CARTESIAN_POINT('',(-223.668,860.242,-679.38));
#675=CARTESIAN_POINT('',(-190.51,826.962,-571.83));
#676=CARTESIAN_POINT('',(-201.064,813.726,-495.865));
#677=CARTESIAN_POINT('',(-179.014,783.074,-415.423));
#678=CARTESIAN_POINT('',(-137.963,747.786,-361.24));
#679=CARTESIAN_POINT('',(-100.785,717.309,-314.302));
#680=CARTESIAN_POINT('',(-98.763,710.803,-251.48));
#681=CARTESIAN_POINT('',(-61.297,696.032,-207.412));
#682=CARTESIAN_POINT('',(-11.015,708.044,-217.851));
#683=CARTESIAN_POINT('',(16.046,724.297,-212.826));
#684=CARTESIAN_POINT('',(80.203,739.133,-203.157));
#685=CARTESIAN_POINT('',(92.822,756.42,-261.577));
#686=CARTESIAN_POINT('',(99.318,776.839,-307.788));
#687=CARTESIAN_POINT('',(143.195,793.827,-364.985));
#688=CARTESIAN_POINT('',(153.037,833.989,-409.449));
#689=CARTESIAN_POINT('',(165.631,853.259,-483.765));
#690=CARTESIAN_POINT('',(168.172,863.102,-568.52));
#691=CARTESIAN_POINT('',(178.913,875.123,-646.176));
#692=CARTESIAN_POINT('',(190.143,866.001,-729.272));
#693=CARTESIAN_POINT('',(218.453,855.669,-751.873));
#694=CARTESIAN_POINT('',(255.187,856.403,-759.588));
#695=CARTESIAN_POINT('',(249.353,857.159,-762.077));
#696=CARTESIAN_POINT('',(-325.939,694.067,-864.581));
#697=CARTESIAN_POINT('',(-282.933,696.521,-832.858));
#698=CARTESIAN_POINT('',(-253.071,785.885,-849.315));
#699=CARTESIAN_POINT('',(-202.267,849.745,-734.824));
#700=CARTESIAN_POINT('',(-190.759,857.361,-623.728));
#701=CARTESIAN_POINT('',(-179.3,830.874,-508.805));
#702=CARTESIAN_POINT('',(-177.012,805.169,-441.75));
#703=CARTESIAN_POINT('',(-143.479,768.304,-367.481));
#704=CARTESIAN_POINT('',(-101.168,739.388,-321.307));
#705=CARTESIAN_POINT('',(-96.219,724.461,-261.498));
#706=CARTESIAN_POINT('',(-65.76,713.975,-206.937));
#707=CARTESIAN_POINT('',(-11.779,724.57,-216.91));
#708=CARTESIAN_POINT('',(34.23,739.164,-201.792));
#709=CARTESIAN_POINT('',(91.576,757.3,-219.472));
#710=CARTESIAN_POINT('',(90.053,782.718,-275.001));
#711=CARTESIAN_POINT('',(117.827,798.469,-326.416));
#712=CARTESIAN_POINT('',(138.422,823.873,-367.347));
#713=CARTESIAN_POINT('',(159.424,867.488,-444.21));
#714=CARTESIAN_POINT('',(161.236,880.935,-523.865));
#715=CARTESIAN_POINT('',(169.3,900.925,-619.723));
#716=CARTESIAN_POINT('',(168.302,894.373,-720.993));
#717=CARTESIAN_POINT('',(192.23,862.318,-826.112));
#718=CARTESIAN_POINT('',(222.97,759.098,-885.412));
#719=CARTESIAN_POINT('',(237.495,738.731,-849.41));
#720=CARTESIAN_POINT('',(275.129,738.052,-840.933));
#721=CARTESIAN_POINT('',(-296.021,675.22,-883.563));
#722=CARTESIAN_POINT('',(-253.668,665.566,-870.154));
#723=CARTESIAN_POINT('',(-228.438,747.722,-868.487));
#724=CARTESIAN_POINT('',(-204.738,859.405,-766.661));
#725=CARTESIAN_POINT('',(-178.731,862.489,-638.588));
#726=CARTESIAN_POINT('',(-179.46,843.361,-524.333));
#727=CARTESIAN_POINT('',(-171.194,814.985,-447.069));
#728=CARTESIAN_POINT('',(-146.716,778.528,-374.633));
#729=CARTESIAN_POINT('',(-100.449,750.064,-321.97));
#730=CARTESIAN_POINT('',(-95.905,733.43,-264.08));
#731=CARTESIAN_POINT('',(-66.316,719.494,-204.153));
#732=CARTESIAN_POINT('',(-10.037,733.596,-216.17));
#733=CARTESIAN_POINT('',(39.304,747.483,-197.837));
#734=CARTESIAN_POINT('',(92.568,767.776,-224.016));
#735=CARTESIAN_POINT('',(93.196,793.636,-280.894));
#736=CARTESIAN_POINT('',(122.965,808.649,-330.923));
#737=CARTESIAN_POINT('',(145.797,841.24,-378.487));
#738=CARTESIAN_POINT('',(158.09,880.46,-456.549));
#739=CARTESIAN_POINT('',(163.304,899.893,-540.255));
#740=CARTESIAN_POINT('',(164.461,913.544,-649.121));
#741=CARTESIAN_POINT('',(177.609,904.964,-758.06));
#742=CARTESIAN_POINT('',(205.372,862.337,-877.669));
#743=CARTESIAN_POINT('',(187.571,687.344,-920.136));
#744=CARTESIAN_POINT('',(256.245,681.314,-864.068));
#745=CARTESIAN_POINT('',(270.751,712.421,-849.403));
#746=CARTESIAN_POINT('',(-230.202,-1061.543,746.403));
#747=CARTESIAN_POINT('',(-214.201,-1044.462,730.445));
#748=CARTESIAN_POINT('',(-198.336,-954.806,652.8));
#749=CARTESIAN_POINT('',(-147.059,-832.234,604.86));
#750=CARTESIAN_POINT('',(-168.118,-680.824,577.597));
#751=CARTESIAN_POINT('',(-106.398,-526.012,565.658));
#752=CARTESIAN_POINT('',(-91.598,-423.928,556.205));
#753=CARTESIAN_POINT('',(-62.054,-302.309,521.367));
#754=CARTESIAN_POINT('',(-61.411,-202.328,505.896));
#755=CARTESIAN_POINT('',(-71.66,-71.014,482.383));
#756=CARTESIAN_POINT('',(-63.512,57.706,482.742));
#757=CARTESIAN_POINT('',(-69.363,185.454,487.549));
#758=CARTESIAN_POINT('',(-35.003,352.21,506.866));
#759=CARTESIAN_POINT('',(-38.516,459.295,542.874));
#760=CARTESIAN_POINT('',(13.289,633.951,564.223));
#761=CARTESIAN_POINT('',(-6.925,762.109,576.727));
#762=CARTESIAN_POINT('',(-11.878,973.246,510.012));
#763=CARTESIAN_POINT('',(-2.822,1075.023,422.42));
#764=CARTESIAN_POINT('',(-80.675,1152.506,235.745));
#765=CARTESIAN_POINT('',(-13.673,1171.792,47.205));
#766=CARTESIAN_POINT('',(-45.779,1186.361,-116.356));
#767=CARTESIAN_POINT('',(-33.779,1167.486,-324.576));
#768=CARTESIAN_POINT('',(-49.487,1241.445,-512.13));
#769=CARTESIAN_POINT('',(-94.31,1212.541,-614.532));
#770=CARTESIAN_POINT('',(-70.84,1200.132,-651.977));
#771=CARTESIAN_POINT('',(-226.975,-1058.47,745.591));
#772=CARTESIAN_POINT('',(-211.943,-1038.772,741.837));
#773=CARTESIAN_POINT('',(-192.181,-947.137,655.796));
#774=CARTESIAN_POINT('',(-138.687,-823.393,613.102));
#775=CARTESIAN_POINT('',(-162.99,-674.602,579.253));
#776=CARTESIAN_POINT('',(-87.741,-527.777,574.696));
#777=CARTESIAN_POINT('',(-84.77,-424.778,560.367));
#778=CARTESIAN_POINT('',(-49.67,-306.778,524.76));
#779=CARTESIAN_POINT('',(-50.449,-197.941,510.307));
#780=CARTESIAN_POINT('',(-64.488,-81.228,483.962));
#781=CARTESIAN_POINT('',(-52.998,57.133,485.547));
#782=CARTESIAN_POINT('',(-63.178,176.307,490.334));
#783=CARTESIAN_POINT('',(-23.429,346.733,507.125));
#784=CARTESIAN_POINT('',(-37.721,450.346,547.877));
#785=CARTESIAN_POINT('',(42.609,620.004,557.427));
#786=CARTESIAN_POINT('',(19.173,750.259,580.562));
#787=CARTESIAN_POINT('',(-2.314,969.516,512.811));
#788=CARTESIAN_POINT('',(40.532,1069.862,428.441));
#789=CARTESIAN_POINT('',(-82.069,1164.354,247.062));
#790=CARTESIAN_POINT('',(-1.993,1167.822,56.264));
#791=CARTESIAN_POINT('',(-36.361,1193.699,-100.161));
#792=CARTESIAN_POINT('',(-28.186,1167.019,-323.576));
#793=CARTESIAN_POINT('',(-28.327,1261.186,-496.273));
#794=CARTESIAN_POINT('',(-79.877,1246.962,-614.076));
#795=CARTESIAN_POINT('',(-67.589,1197.865,-662.509));
#796=CARTESIAN_POINT('',(-209.291,-1041.493,761.406));
#797=CARTESIAN_POINT('',(-201.626,-1028.194,747.834));
#798=CARTESIAN_POINT('',(-175.625,-919.725,660.459));
#799=CARTESIAN_POINT('',(-132.247,-820.352,627.33));
#800=CARTESIAN_POINT('',(-141.042,-667.778,587.03));
#801=CARTESIAN_POINT('',(-76.413,-528.657,581.423));
#802=CARTESIAN_POINT('',(-66.668,-426.262,567.587));
#803=CARTESIAN_POINT('',(-32.806,-302.568,529.643));
#804=CARTESIAN_POINT('',(-38.82,-209.628,516.978));
#805=CARTESIAN_POINT('',(-44.087,-81.535,485.664));
#806=CARTESIAN_POINT('',(-41.995,46.066,488.995));
#807=CARTESIAN_POINT('',(-38.437,167.33,496.582));
#808=CARTESIAN_POINT('',(-21.471,328.271,508.875));
#809=CARTESIAN_POINT('',(11.99,439.581,544.303));
#810=CARTESIAN_POINT('',(20.667,594.,557.74));
#811=CARTESIAN_POINT('',(82.826,738.319,567.855));
#812=CARTESIAN_POINT('',(-11.241,926.835,536.906));
#813=CARTESIAN_POINT('',(81.408,1068.266,420.372));
#814=CARTESIAN_POINT('',(-51.71,1157.355,291.637));
#815=CARTESIAN_POINT('',(-0.919,1177.077,68.089));
#816=CARTESIAN_POINT('',(-9.207,1187.56,-57.016));
#817=CARTESIAN_POINT('',(-25.49,1178.527,-278.5));
#818=CARTESIAN_POINT('',(26.466,1228.511,-475.122));
#819=CARTESIAN_POINT('',(54.602,1321.638,-627.869));
#820=CARTESIAN_POINT('',(21.768,1264.181,-692.824));
#821=CARTESIAN_POINT('',(-190.5,-1039.9,776.807));
#822=CARTESIAN_POINT('',(-182.574,-987.363,744.489));
#823=CARTESIAN_POINT('',(-150.188,-911.45,684.317));
#824=CARTESIAN_POINT('',(-117.165,-798.341,634.763));
#825=CARTESIAN_POINT('',(-113.288,-659.512,597.918));
#826=CARTESIAN_POINT('',(-57.173,-531.067,591.582));
#827=CARTESIAN_POINT('',(-46.685,-425.84,573.579));
#828=CARTESIAN_POINT('',(-13.512,-312.261,535.973));
#829=CARTESIAN_POINT('',(-20.156,-210.378,522.988));
#830=CARTESIAN_POINT('',(-17.574,-96.748,489.26));
#831=CARTESIAN_POINT('',(-26.373,31.744,492.103));
#832=CARTESIAN_POINT('',(-6.976,143.704,499.182));
#833=CARTESIAN_POINT('',(-11.635,299.976,512.143));
#834=CARTESIAN_POINT('',(39.548,416.1,527.965));
#835=CARTESIAN_POINT('',(32.154,562.901,553.392));
#836=CARTESIAN_POINT('',(109.287,695.71,553.501));
#837=CARTESIAN_POINT('',(51.784,877.415,557.725));
#838=CARTESIAN_POINT('',(90.838,1008.871,439.801));
#839=CARTESIAN_POINT('',(24.208,1148.714,338.764));
#840=CARTESIAN_POINT('',(4.454,1172.939,130.013));
#841=CARTESIAN_POINT('',(18.653,1187.715,-22.354));
#842=CARTESIAN_POINT('',(3.928,1181.835,-180.049));
#843=CARTESIAN_POINT('',(12.55,1192.178,-382.446));
#844=CARTESIAN_POINT('',(105.021,1178.081,-516.384));
#845=CARTESIAN_POINT('',(118.432,1181.804,-546.796));
#846=CARTESIAN_POINT('',(-166.231,-990.751,760.788));
#847=CARTESIAN_POINT('',(-158.536,-959.571,754.904));
#848=CARTESIAN_POINT('',(-122.868,-892.026,685.679));
#849=CARTESIAN_POINT('',(-101.548,-787.147,646.202));
#850=CARTESIAN_POINT('',(-88.119,-653.219,606.795));
#851=CARTESIAN_POINT('',(-40.841,-532.486,599.816));
#852=CARTESIAN_POINT('',(-25.706,-425.933,577.348));
#853=CARTESIAN_POINT('',(-0.764,-318.029,539.367));
#854=CARTESIAN_POINT('',(0.931,-221.978,526.831));
#855=CARTESIAN_POINT('',(0.458,-107.088,492.941));
#856=CARTESIAN_POINT('',(-3.947,10.528,492.277));
#857=CARTESIAN_POINT('',(16.821,130.169,496.729));
#858=CARTESIAN_POINT('',(7.049,260.855,509.706));
#859=CARTESIAN_POINT('',(57.918,393.765,511.519));
#860=CARTESIAN_POINT('',(61.268,512.178,540.086));
#861=CARTESIAN_POINT('',(111.604,659.694,539.226));
#862=CARTESIAN_POINT('',(105.408,817.272,565.982));
#863=CARTESIAN_POINT('',(105.818,968.405,471.896));
#864=CARTESIAN_POINT('',(80.612,1075.932,363.54));
#865=CARTESIAN_POINT('',(36.655,1177.633,213.164));
#866=CARTESIAN_POINT('',(37.475,1165.858,31.305));
#867=CARTESIAN_POINT('',(35.72,1191.849,-95.01));
#868=CARTESIAN_POINT('',(31.662,1185.374,-244.063));
#869=CARTESIAN_POINT('',(42.816,1179.575,-339.546));
#870=CARTESIAN_POINT('',(55.476,1145.4,-377.257));
#871=CARTESIAN_POINT('',(-141.146,-972.293,767.842));
#872=CARTESIAN_POINT('',(-126.502,-935.019,757.093));
#873=CARTESIAN_POINT('',(-100.015,-880.445,689.889));
#874=CARTESIAN_POINT('',(-83.431,-771.508,652.74));
#875=CARTESIAN_POINT('',(-66.377,-650.209,616.84));
#876=CARTESIAN_POINT('',(-23.52,-535.329,603.712));
#877=CARTESIAN_POINT('',(-7.873,-429.961,581.198));
#878=CARTESIAN_POINT('',(13.04,-325.076,540.285));
#879=CARTESIAN_POINT('',(15.494,-231.092,525.869));
#880=CARTESIAN_POINT('',(17.769,-120.205,497.));
#881=CARTESIAN_POINT('',(11.353,-11.395,489.534));
#882=CARTESIAN_POINT('',(27.417,112.61,494.706));
#883=CARTESIAN_POINT('',(32.664,228.206,501.76));
#884=CARTESIAN_POINT('',(54.531,364.59,504.604));
#885=CARTESIAN_POINT('',(88.791,474.952,522.754));
#886=CARTESIAN_POINT('',(116.853,615.249,533.255));
#887=CARTESIAN_POINT('',(137.744,748.507,548.218));
#888=CARTESIAN_POINT('',(159.323,934.504,519.827));
#889=CARTESIAN_POINT('',(106.758,1000.207,382.401));
#890=CARTESIAN_POINT('',(82.212,1127.856,283.952));
#891=CARTESIAN_POINT('',(61.057,1156.281,117.158));
#892=CARTESIAN_POINT('',(58.156,1163.528,-11.044));
#893=CARTESIAN_POINT('',(59.8,1167.288,-104.833));
#894=CARTESIAN_POINT('',(62.499,1175.305,-184.711));
#895=CARTESIAN_POINT('',(68.837,1173.766,-215.387));
#896=CARTESIAN_POINT('',(-114.386,-954.057,771.384));
#897=CARTESIAN_POINT('',(-108.729,-922.863,755.202));
#898=CARTESIAN_POINT('',(-78.207,-867.569,689.52));
#899=CARTESIAN_POINT('',(-67.553,-762.135,657.66));
#900=CARTESIAN_POINT('',(-48.935,-644.494,623.454));
#901=CARTESIAN_POINT('',(-9.044,-539.512,605.517));
#902=CARTESIAN_POINT('',(5.561,-434.551,581.613));
#903=CARTESIAN_POINT('',(24.348,-334.196,542.307));
#904=CARTESIAN_POINT('',(27.862,-240.792,523.308));
#905=CARTESIAN_POINT('',(28.411,-135.229,499.975));
#906=CARTESIAN_POINT('',(26.809,-29.782,486.583));
#907=CARTESIAN_POINT('',(36.977,87.198,492.357));
#908=CARTESIAN_POINT('',(47.145,201.037,494.05));
#909=CARTESIAN_POINT('',(64.079,326.648,498.223));
#910=CARTESIAN_POINT('',(95.15,440.427,505.087));
#911=CARTESIAN_POINT('',(128.26,565.296,528.168));
#912=CARTESIAN_POINT('',(152.885,699.069,528.189));
#913=CARTESIAN_POINT('',(181.307,852.286,542.577));
#914=CARTESIAN_POINT('',(171.49,986.756,437.944));
#915=CARTESIAN_POINT('',(93.196,1024.114,324.794));
#916=CARTESIAN_POINT('',(96.95,1129.116,208.926));
#917=CARTESIAN_POINT('',(66.3,1130.765,81.114));
#918=CARTESIAN_POINT('',(85.239,1144.045,-4.268));
#919=CARTESIAN_POINT('',(75.483,1135.513,-53.358));
#920=CARTESIAN_POINT('',(76.646,1133.297,-81.053));
#921=CARTESIAN_POINT('',(-92.044,-933.865,765.446));
#922=CARTESIAN_POINT('',(-84.437,-907.71,750.196));
#923=CARTESIAN_POINT('',(-62.655,-859.231,689.264));
#924=CARTESIAN_POINT('',(-51.972,-752.859,661.525));
#925=CARTESIAN_POINT('',(-31.591,-644.403,627.067));
#926=CARTESIAN_POINT('',(3.181,-542.635,605.715));
#927=CARTESIAN_POINT('',(19.262,-439.692,582.705));
#928=CARTESIAN_POINT('',(33.285,-342.974,541.671));
#929=CARTESIAN_POINT('',(40.261,-251.634,521.012));
#930=CARTESIAN_POINT('',(40.586,-150.533,502.495));
#931=CARTESIAN_POINT('',(42.253,-47.918,485.283));
#932=CARTESIAN_POINT('',(47.895,63.207,488.466));
#933=CARTESIAN_POINT('',(60.972,173.023,487.667));
#934=CARTESIAN_POINT('',(74.341,291.938,494.21));
#935=CARTESIAN_POINT('',(99.466,406.34,488.496));
#936=CARTESIAN_POINT('',(138.714,513.707,517.499));
#937=CARTESIAN_POINT('',(160.63,648.49,514.624));
#938=CARTESIAN_POINT('',(196.579,773.154,532.189));
#939=CARTESIAN_POINT('',(216.89,927.667,493.129));
#940=CARTESIAN_POINT('',(170.945,991.874,372.534));
#941=CARTESIAN_POINT('',(114.723,1030.781,279.465));
#942=CARTESIAN_POINT('',(94.115,1086.205,174.77));
#943=CARTESIAN_POINT('',(63.679,1093.662,102.182));
#944=CARTESIAN_POINT('',(78.313,1112.34,38.845));
#945=CARTESIAN_POINT('',(80.258,1105.91,26.379));
#946=CARTESIAN_POINT('',(-69.688,-922.004,760.839));
#947=CARTESIAN_POINT('',(-65.387,-898.641,745.887));
#948=CARTESIAN_POINT('',(-44.013,-850.604,689.387));
#949=CARTESIAN_POINT('',(-36.941,-749.274,665.));
#950=CARTESIAN_POINT('',(-14.573,-645.596,629.816));
#951=CARTESIAN_POINT('',(14.711,-546.506,605.609));
#952=CARTESIAN_POINT('',(32.137,-447.069,581.739));
#953=CARTESIAN_POINT('',(42.799,-354.252,544.174));
#954=CARTESIAN_POINT('',(50.937,-263.927,517.989));
#955=CARTESIAN_POINT('',(52.083,-166.984,502.676));
#956=CARTESIAN_POINT('',(56.061,-66.066,484.974));
#957=CARTESIAN_POINT('',(57.994,38.892,484.489));
#958=CARTESIAN_POINT('',(72.766,144.232,483.35));
#959=CARTESIAN_POINT('',(84.2,256.561,486.595));
#960=CARTESIAN_POINT('',(106.511,369.322,484.517));
#961=CARTESIAN_POINT('',(135.968,473.366,490.78));
#962=CARTESIAN_POINT('',(176.232,589.544,519.706));
#963=CARTESIAN_POINT('',(194.083,711.558,500.87));
#964=CARTESIAN_POINT('',(243.813,838.488,520.163));
#965=CARTESIAN_POINT('',(221.341,958.021,435.313));
#966=CARTESIAN_POINT('',(191.859,995.679,333.224));
#967=CARTESIAN_POINT('',(150.972,1036.553,247.377));
#968=CARTESIAN_POINT('',(120.576,1042.171,164.853));
#969=CARTESIAN_POINT('',(96.234,1044.436,140.106));
#970=CARTESIAN_POINT('',(90.212,1047.692,113.945));
#971=CARTESIAN_POINT('',(-51.86,-919.277,761.595));
#972=CARTESIAN_POINT('',(-44.973,-892.827,745.258));
#973=CARTESIAN_POINT('',(-32.725,-849.556,692.326));
#974=CARTESIAN_POINT('',(-19.554,-747.723,666.904));
#975=CARTESIAN_POINT('',(-0.213,-649.456,630.996));
#976=CARTESIAN_POINT('',(26.588,-553.112,604.6));
#977=CARTESIAN_POINT('',(44.425,-456.204,580.76));
#978=CARTESIAN_POINT('',(52.683,-365.09,545.619));
#979=CARTESIAN_POINT('',(61.527,-276.176,516.144));
#980=CARTESIAN_POINT('',(63.213,-183.635,501.828));
#981=CARTESIAN_POINT('',(69.389,-84.734,485.183));
#982=CARTESIAN_POINT('',(69.381,15.492,481.787));
#983=CARTESIAN_POINT('',(84.117,116.463,478.415));
#984=CARTESIAN_POINT('',(93.612,223.215,481.01));
#985=CARTESIAN_POINT('',(115.808,330.424,479.926));
#986=CARTESIAN_POINT('',(134.025,435.054,473.061));
#987=CARTESIAN_POINT('',(177.267,532.152,500.541));
#988=CARTESIAN_POINT('',(205.107,650.761,500.568));
#989=CARTESIAN_POINT('',(240.116,756.349,491.35));
#990=CARTESIAN_POINT('',(277.545,879.432,480.113));
#991=CARTESIAN_POINT('',(238.016,957.619,387.143));
#992=CARTESIAN_POINT('',(226.151,1005.328,312.999));
#993=CARTESIAN_POINT('',(191.312,1028.473,222.723));
#994=CARTESIAN_POINT('',(184.373,1030.988,180.175));
#995=CARTESIAN_POINT('',(174.589,1031.569,165.446));
#996=CARTESIAN_POINT('',(-36.481,-931.848,772.021));
#997=CARTESIAN_POINT('',(-28.442,-899.854,753.33));
#998=CARTESIAN_POINT('',(-17.008,-850.156,694.109));
#999=CARTESIAN_POINT('',(-4.905,-752.685,668.928));
#1000=CARTESIAN_POINT('',(14.446,-654.061,633.052));
#1001=CARTESIAN_POINT('',(38.376,-561.723,603.071));
#1002=CARTESIAN_POINT('',(55.142,-465.533,578.971));
#1003=CARTESIAN_POINT('',(63.707,-375.896,547.429));
#1004=CARTESIAN_POINT('',(70.864,-290.839,514.999));
#1005=CARTESIAN_POINT('',(74.22,-199.186,500.408));
#1006=CARTESIAN_POINT('',(80.877,-104.914,484.358));
#1007=CARTESIAN_POINT('',(81.676,-8.01,479.762));
#1008=CARTESIAN_POINT('',(92.782,91.691,473.604));
#1009=CARTESIAN_POINT('',(105.231,189.919,476.416));
#1010=CARTESIAN_POINT('',(122.041,292.562,474.128));
#1011=CARTESIAN_POINT('',(139.506,394.031,465.975));
#1012=CARTESIAN_POINT('',(167.074,489.633,474.236));
#1013=CARTESIAN_POINT('',(213.346,585.624,491.597));
#1014=CARTESIAN_POINT('',(237.975,695.971,479.672));
#1015=CARTESIAN_POINT('',(275.837,789.983,471.085));
#1016=CARTESIAN_POINT('',(295.439,895.625,430.804));
#1017=CARTESIAN_POINT('',(269.768,953.991,356.603));
#1018=CARTESIAN_POINT('',(264.415,1005.358,293.532));
#1019=CARTESIAN_POINT('',(233.008,1006.366,242.109));
#1020=CARTESIAN_POINT('',(228.484,1012.4,223.256));
#1021=CARTESIAN_POINT('',(-18.478,-930.335,771.052));
#1022=CARTESIAN_POINT('',(-11.269,-902.771,757.343));
#1023=CARTESIAN_POINT('',(-3.905,-854.218,697.614));
#1024=CARTESIAN_POINT('',(10.003,-758.402,670.948));
#1025=CARTESIAN_POINT('',(28.071,-662.839,633.589));
#1026=CARTESIAN_POINT('',(49.496,-571.017,600.429));
#1027=CARTESIAN_POINT('',(66.314,-477.313,577.383));
#1028=CARTESIAN_POINT('',(74.215,-387.066,547.531));
#1029=CARTESIAN_POINT('',(80.591,-304.098,516.001));
#1030=CARTESIAN_POINT('',(83.971,-218.142,497.309));
#1031=CARTESIAN_POINT('',(92.141,-124.263,483.915));
#1032=CARTESIAN_POINT('',(94.111,-29.678,476.837));
#1033=CARTESIAN_POINT('',(101.475,64.91,470.203));
#1034=CARTESIAN_POINT('',(115.871,161.904,471.42));
#1035=CARTESIAN_POINT('',(130.354,257.253,468.876));
#1036=CARTESIAN_POINT('',(146.428,354.709,462.517));
#1037=CARTESIAN_POINT('',(162.82,447.604,454.836));
#1038=CARTESIAN_POINT('',(203.99,537.199,472.324));
#1039=CARTESIAN_POINT('',(242.315,631.001,469.615));
#1040=CARTESIAN_POINT('',(269.968,727.089,459.103));
#1041=CARTESIAN_POINT('',(296.386,810.403,432.552));
#1042=CARTESIAN_POINT('',(312.97,893.548,390.251));
#1043=CARTESIAN_POINT('',(304.447,949.851,324.614));
#1044=CARTESIAN_POINT('',(303.949,981.122,293.607));
#1045=CARTESIAN_POINT('',(295.844,984.697,272.016));
#1046=CARTESIAN_POINT('',(-0.246,-938.736,777.155));
#1047=CARTESIAN_POINT('',(4.792,-905.835,759.319));
#1048=CARTESIAN_POINT('',(11.096,-860.859,704.174));
#1049=CARTESIAN_POINT('',(23.947,-767.736,669.358));
#1050=CARTESIAN_POINT('',(41.523,-673.66,636.77));
#1051=CARTESIAN_POINT('',(60.559,-582.563,597.279));
#1052=CARTESIAN_POINT('',(77.155,-487.712,574.725));
#1053=CARTESIAN_POINT('',(84.517,-401.21,547.733));
#1054=CARTESIAN_POINT('',(90.171,-317.175,516.12));
#1055=CARTESIAN_POINT('',(93.178,-236.201,494.976));
#1056=CARTESIAN_POINT('',(102.806,-144.339,482.992));
#1057=CARTESIAN_POINT('',(105.776,-51.841,473.967));
#1058=CARTESIAN_POINT('',(110.982,40.932,467.812));
#1059=CARTESIAN_POINT('',(124.909,133.255,465.584));
#1060=CARTESIAN_POINT('',(139.917,225.005,464.965));
#1061=CARTESIAN_POINT('',(154.032,318.287,457.974));
#1062=CARTESIAN_POINT('',(165.613,408.138,447.516));
#1063=CARTESIAN_POINT('',(192.196,493.638,449.576));
#1064=CARTESIAN_POINT('',(233.322,576.976,456.369));
#1065=CARTESIAN_POINT('',(268.669,661.078,449.067));
#1066=CARTESIAN_POINT('',(288.716,750.575,426.356));
#1067=CARTESIAN_POINT('',(308.515,819.328,392.789));
#1068=CARTESIAN_POINT('',(337.61,886.584,353.705));
#1069=CARTESIAN_POINT('',(325.168,920.363,314.141));
#1070=CARTESIAN_POINT('',(330.43,932.249,299.167));
#1071=CARTESIAN_POINT('',(16.125,-952.058,785.774));
#1072=CARTESIAN_POINT('',(21.843,-917.347,769.008));
#1073=CARTESIAN_POINT('',(25.536,-868.53,709.334));
#1074=CARTESIAN_POINT('',(36.97,-778.808,670.045));
#1075=CARTESIAN_POINT('',(54.027,-686.373,636.579));
#1076=CARTESIAN_POINT('',(70.615,-597.096,595.316));
#1077=CARTESIAN_POINT('',(87.713,-503.32,573.708));
#1078=CARTESIAN_POINT('',(94.186,-414.197,545.845));
#1079=CARTESIAN_POINT('',(100.422,-330.769,517.897));
#1080=CARTESIAN_POINT('',(101.457,-250.916,491.41));
#1081=CARTESIAN_POINT('',(112.898,-165.182,481.657));
#1082=CARTESIAN_POINT('',(116.924,-72.281,470.27));
#1083=CARTESIAN_POINT('',(121.076,16.898,466.291));
#1084=CARTESIAN_POINT('',(132.43,107.399,459.766));
#1085=CARTESIAN_POINT('',(150.568,196.478,461.982));
#1086=CARTESIAN_POINT('',(160.693,283.979,452.653));
#1087=CARTESIAN_POINT('',(173.523,370.874,443.763));
#1088=CARTESIAN_POINT('',(184.24,455.013,432.991));
#1089=CARTESIAN_POINT('',(222.009,533.436,437.738));
#1090=CARTESIAN_POINT('',(258.24,609.539,434.925));
#1091=CARTESIAN_POINT('',(291.463,686.65,421.786));
#1092=CARTESIAN_POINT('',(292.725,766.917,389.945));
#1093=CARTESIAN_POINT('',(326.936,819.371,353.084));
#1094=CARTESIAN_POINT('',(350.789,862.129,332.211));
#1095=CARTESIAN_POINT('',(345.144,876.813,315.079));
#1096=CARTESIAN_POINT('',(36.966,-953.748,786.45));
#1097=CARTESIAN_POINT('',(38.465,-924.487,773.96));
#1098=CARTESIAN_POINT('',(42.092,-878.039,716.964));
#1099=CARTESIAN_POINT('',(49.475,-793.197,668.476));
#1100=CARTESIAN_POINT('',(66.84,-698.16,637.244));
#1101=CARTESIAN_POINT('',(80.569,-612.647,592.912));
#1102=CARTESIAN_POINT('',(98.661,-518.449,572.24));
#1103=CARTESIAN_POINT('',(104.386,-428.186,543.449));
#1104=CARTESIAN_POINT('',(109.986,-346.23,518.597));
#1105=CARTESIAN_POINT('',(110.128,-266.614,489.131));
#1106=CARTESIAN_POINT('',(121.866,-182.371,479.071));
#1107=CARTESIAN_POINT('',(128.42,-94.438,466.891));
#1108=CARTESIAN_POINT('',(131.265,-4.045,463.384));
#1109=CARTESIAN_POINT('',(140.173,80.118,456.299));
#1110=CARTESIAN_POINT('',(159.173,168.417,456.589));
#1111=CARTESIAN_POINT('',(171.47,254.038,449.323));
#1112=CARTESIAN_POINT('',(178.869,336.412,438.914));
#1113=CARTESIAN_POINT('',(190.811,417.634,426.197));
#1114=CARTESIAN_POINT('',(202.546,496.857,416.937));
#1115=CARTESIAN_POINT('',(250.119,564.625,422.09));
#1116=CARTESIAN_POINT('',(280.547,636.59,408.98));
#1117=CARTESIAN_POINT('',(300.764,708.468,388.363));
#1118=CARTESIAN_POINT('',(297.923,779.921,357.323));
#1119=CARTESIAN_POINT('',(336.208,801.028,324.294));
#1120=CARTESIAN_POINT('',(348.111,817.174,316.726));
#1121=CARTESIAN_POINT('',(53.77,-965.744,793.114));
#1122=CARTESIAN_POINT('',(58.897,-932.588,775.124));
#1123=CARTESIAN_POINT('',(56.296,-889.981,728.261));
#1124=CARTESIAN_POINT('',(62.228,-806.833,666.447));
#1125=CARTESIAN_POINT('',(77.757,-714.671,637.699));
#1126=CARTESIAN_POINT('',(91.114,-626.492,590.635));
#1127=CARTESIAN_POINT('',(109.348,-533.633,570.604));
#1128=CARTESIAN_POINT('',(114.391,-442.832,541.702));
#1129=CARTESIAN_POINT('',(119.165,-360.21,518.104));
#1130=CARTESIAN_POINT('',(118.92,-282.297,488.654));
#1131=CARTESIAN_POINT('',(129.829,-200.317,475.027));
#1132=CARTESIAN_POINT('',(139.235,-113.074,464.696));
#1133=CARTESIAN_POINT('',(141.603,-25.544,459.466));
#1134=CARTESIAN_POINT('',(148.296,58.782,453.983));
#1135=CARTESIAN_POINT('',(166.691,139.541,451.278));
#1136=CARTESIAN_POINT('',(180.902,226.707,445.786));
#1137=CARTESIAN_POINT('',(186.599,306.618,434.302));
#1138=CARTESIAN_POINT('',(196.956,383.478,421.623));
#1139=CARTESIAN_POINT('',(197.903,461.528,404.559));
#1140=CARTESIAN_POINT('',(229.241,529.555,402.186));
#1141=CARTESIAN_POINT('',(272.147,593.659,400.687));
#1142=CARTESIAN_POINT('',(294.581,661.999,378.132));
#1143=CARTESIAN_POINT('',(301.349,728.568,355.571));
#1144=CARTESIAN_POINT('',(308.293,767.725,338.511));
#1145=CARTESIAN_POINT('',(323.718,776.463,317.211));
#1146=CARTESIAN_POINT('',(76.601,-987.204,802.15));
#1147=CARTESIAN_POINT('',(75.986,-952.784,788.131));
#1148=CARTESIAN_POINT('',(77.345,-900.167,735.521));
#1149=CARTESIAN_POINT('',(73.843,-824.521,667.085));
#1150=CARTESIAN_POINT('',(90.055,-729.905,636.001));
#1151=CARTESIAN_POINT('',(102.239,-642.607,589.938));
#1152=CARTESIAN_POINT('',(120.647,-548.088,566.983));
#1153=CARTESIAN_POINT('',(126.237,-457.931,540.515));
#1154=CARTESIAN_POINT('',(128.171,-373.238,515.407));
#1155=CARTESIAN_POINT('',(128.364,-295.597,488.019));
#1156=CARTESIAN_POINT('',(137.232,-216.465,470.32));
#1157=CARTESIAN_POINT('',(150.396,-130.428,461.491));
#1158=CARTESIAN_POINT('',(153.135,-44.646,454.907));
#1159=CARTESIAN_POINT('',(156.285,37.472,452.53));
#1160=CARTESIAN_POINT('',(174.86,118.256,445.617));
#1161=CARTESIAN_POINT('',(190.957,199.374,441.187));
#1162=CARTESIAN_POINT('',(196.6,279.266,429.655));
#1163=CARTESIAN_POINT('',(202.168,355.455,416.78));
#1164=CARTESIAN_POINT('',(203.906,425.848,396.902));
#1165=CARTESIAN_POINT('',(210.664,500.451,386.078));
#1166=CARTESIAN_POINT('',(258.774,556.649,384.842));
#1167=CARTESIAN_POINT('',(284.238,620.879,372.291));
#1168=CARTESIAN_POINT('',(301.596,679.212,342.152));
#1169=CARTESIAN_POINT('',(300.249,716.103,325.853));
#1170=CARTESIAN_POINT('',(307.88,731.759,320.849));
#1171=CARTESIAN_POINT('',(97.514,-1009.26,806.463));
#1172=CARTESIAN_POINT('',(98.179,-972.974,795.6));
#1173=CARTESIAN_POINT('',(92.174,-913.814,746.844));
#1174=CARTESIAN_POINT('',(87.016,-841.719,670.105));
#1175=CARTESIAN_POINT('',(98.916,-746.424,633.999));
#1176=CARTESIAN_POINT('',(113.173,-658.053,591.537));
#1177=CARTESIAN_POINT('',(129.879,-563.198,562.47));
#1178=CARTESIAN_POINT('',(136.847,-471.134,540.475));
#1179=CARTESIAN_POINT('',(136.717,-386.736,512.879));
#1180=CARTESIAN_POINT('',(136.957,-309.168,488.664));
#1181=CARTESIAN_POINT('',(143.738,-232.185,465.942));
#1182=CARTESIAN_POINT('',(159.21,-147.625,458.399));
#1183=CARTESIAN_POINT('',(163.929,-59.446,450.428));
#1184=CARTESIAN_POINT('',(164.188,20.408,450.331));
#1185=CARTESIAN_POINT('',(182.427,96.404,442.09));
#1186=CARTESIAN_POINT('',(197.693,178.622,436.035));
#1187=CARTESIAN_POINT('',(207.133,254.334,425.489));
#1188=CARTESIAN_POINT('',(207.806,329.875,411.93));
#1189=CARTESIAN_POINT('',(211.755,398.854,391.527));
#1190=CARTESIAN_POINT('',(203.141,467.71,373.042));
#1191=CARTESIAN_POINT('',(240.667,530.469,370.457));
#1192=CARTESIAN_POINT('',(275.563,584.299,360.305));
#1193=CARTESIAN_POINT('',(293.98,649.009,340.007));
#1194=CARTESIAN_POINT('',(299.607,686.321,317.944));
#1195=CARTESIAN_POINT('',(302.712,701.904,306.262));
#1196=CARTESIAN_POINT('',(125.809,-1031.115,808.425));
#1197=CARTESIAN_POINT('',(117.418,-998.582,798.776));
#1198=CARTESIAN_POINT('',(120.293,-931.954,753.501));
#1199=CARTESIAN_POINT('',(99.964,-858.625,673.013));
#1200=CARTESIAN_POINT('',(112.342,-763.883,628.469));
#1201=CARTESIAN_POINT('',(127.797,-672.764,592.201));
#1202=CARTESIAN_POINT('',(141.226,-579.278,556.639));
#1203=CARTESIAN_POINT('',(150.722,-484.548,538.288));
#1204=CARTESIAN_POINT('',(147.989,-398.549,509.314));
#1205=CARTESIAN_POINT('',(147.593,-320.634,485.764));
#1206=CARTESIAN_POINT('',(153.1,-244.078,461.429));
#1207=CARTESIAN_POINT('',(170.004,-162.686,452.127));
#1208=CARTESIAN_POINT('',(178.251,-76.57,445.383));
#1209=CARTESIAN_POINT('',(173.73,7.806,446.608));
#1210=CARTESIAN_POINT('',(191.83,76.904,438.106));
#1211=CARTESIAN_POINT('',(209.069,158.167,428.825));
#1212=CARTESIAN_POINT('',(218.439,233.701,418.86));
#1213=CARTESIAN_POINT('',(216.241,308.421,404.885));
#1214=CARTESIAN_POINT('',(217.146,375.281,386.003));
#1215=CARTESIAN_POINT('',(206.726,440.252,363.271));
#1216=CARTESIAN_POINT('',(221.579,505.122,354.229));
#1217=CARTESIAN_POINT('',(266.512,554.903,350.895));
#1218=CARTESIAN_POINT('',(283.109,612.741,332.778));
#1219=CARTESIAN_POINT('',(295.798,654.279,311.169));
#1220=CARTESIAN_POINT('',(296.892,671.45,301.008));
#1221=CARTESIAN_POINT('',(148.353,-1066.244,809.43));
#1222=CARTESIAN_POINT('',(161.782,-1025.958,790.721));
#1223=CARTESIAN_POINT('',(138.751,-955.286,761.514));
#1224=CARTESIAN_POINT('',(125.014,-876.27,668.935));
#1225=CARTESIAN_POINT('',(121.637,-783.329,621.717));
#1226=CARTESIAN_POINT('',(146.453,-688.377,589.092));
#1227=CARTESIAN_POINT('',(156.23,-596.031,552.89));
#1228=CARTESIAN_POINT('',(167.989,-498.201,530.327));
#1229=CARTESIAN_POINT('',(161.925,-410.721,506.093));
#1230=CARTESIAN_POINT('',(158.906,-331.919,481.159));
#1231=CARTESIAN_POINT('',(163.458,-258.319,457.962));
#1232=CARTESIAN_POINT('',(180.837,-175.538,444.157));
#1233=CARTESIAN_POINT('',(194.843,-90.098,438.024));
#1234=CARTESIAN_POINT('',(187.03,-6.43,441.118));
#1235=CARTESIAN_POINT('',(200.467,61.757,434.364));
#1236=CARTESIAN_POINT('',(223.411,140.763,418.842));
#1237=CARTESIAN_POINT('',(229.238,217.439,409.69));
#1238=CARTESIAN_POINT('',(229.206,288.18,393.089));
#1239=CARTESIAN_POINT('',(222.882,356.193,377.734));
#1240=CARTESIAN_POINT('',(212.24,415.398,353.152));
#1241=CARTESIAN_POINT('',(210.383,482.947,339.696));
#1242=CARTESIAN_POINT('',(250.818,529.609,335.641));
#1243=CARTESIAN_POINT('',(277.973,583.467,325.001));
#1244=CARTESIAN_POINT('',(284.917,615.172,310.881));
#1245=CARTESIAN_POINT('',(288.836,632.505,301.139));
#1246=CARTESIAN_POINT('',(182.809,-1090.628,829.105));
#1247=CARTESIAN_POINT('',(183.39,-1055.061,781.162));
#1248=CARTESIAN_POINT('',(170.731,-981.082,752.318));
#1249=CARTESIAN_POINT('',(143.861,-895.319,669.045));
#1250=CARTESIAN_POINT('',(133.506,-801.587,610.138));
#1251=CARTESIAN_POINT('',(161.098,-705.621,581.455));
#1252=CARTESIAN_POINT('',(172.603,-610.242,550.873));
#1253=CARTESIAN_POINT('',(184.402,-513.277,520.944));
#1254=CARTESIAN_POINT('',(177.124,-420.042,502.699));
#1255=CARTESIAN_POINT('',(170.227,-341.596,473.707));
#1256=CARTESIAN_POINT('',(175.141,-266.919,454.147));
#1257=CARTESIAN_POINT('',(192.289,-187.778,434.669));
#1258=CARTESIAN_POINT('',(209.054,-102.685,429.278));
#1259=CARTESIAN_POINT('',(203.15,-12.142,433.264));
#1260=CARTESIAN_POINT('',(208.487,48.857,429.959));
#1261=CARTESIAN_POINT('',(237.801,125.481,408.569));
#1262=CARTESIAN_POINT('',(239.978,202.932,399.712));
#1263=CARTESIAN_POINT('',(240.537,275.078,380.604));
#1264=CARTESIAN_POINT('',(230.146,338.642,367.424));
#1265=CARTESIAN_POINT('',(217.349,396.559,341.067));
#1266=CARTESIAN_POINT('',(207.658,459.87,327.223));
#1267=CARTESIAN_POINT('',(236.645,511.62,316.546));
#1268=CARTESIAN_POINT('',(266.785,553.651,314.753));
#1269=CARTESIAN_POINT('',(276.724,584.603,298.699));
#1270=CARTESIAN_POINT('',(279.866,597.397,293.138));
#1271=CARTESIAN_POINT('',(228.897,-1085.161,817.192));
#1272=CARTESIAN_POINT('',(209.015,-1082.118,800.795));
#1273=CARTESIAN_POINT('',(189.53,-1001.918,729.008));
#1274=CARTESIAN_POINT('',(166.021,-914.814,663.546));
#1275=CARTESIAN_POINT('',(145.888,-818.188,597.776));
#1276=CARTESIAN_POINT('',(174.646,-722.551,568.7));
#1277=CARTESIAN_POINT('',(192.913,-624.224,546.113));
#1278=CARTESIAN_POINT('',(201.577,-523.999,509.075));
#1279=CARTESIAN_POINT('',(194.545,-428.073,495.753));
#1280=CARTESIAN_POINT('',(182.864,-351.752,466.223));
#1281=CARTESIAN_POINT('',(186.683,-278.442,449.694));
#1282=CARTESIAN_POINT('',(205.968,-196.239,424.941));
#1283=CARTESIAN_POINT('',(221.796,-113.46,418.127));
#1284=CARTESIAN_POINT('',(221.54,-18.804,423.624));
#1285=CARTESIAN_POINT('',(216.856,36.748,424.879));
#1286=CARTESIAN_POINT('',(254.391,115.863,395.99));
#1287=CARTESIAN_POINT('',(251.61,191.832,386.701));
#1288=CARTESIAN_POINT('',(251.291,261.181,366.238));
#1289=CARTESIAN_POINT('',(235.779,328.136,353.693));
#1290=CARTESIAN_POINT('',(221.57,380.128,329.44));
#1291=CARTESIAN_POINT('',(205.761,443.495,312.002));
#1292=CARTESIAN_POINT('',(228.821,495.181,301.242));
#1293=CARTESIAN_POINT('',(257.545,538.211,298.014));
#1294=CARTESIAN_POINT('',(271.8,566.476,292.831));
#1295=CARTESIAN_POINT('',(274.298,578.654,280.329));
#1296=CARTESIAN_POINT('',(260.772,-1091.604,792.405));
#1297=CARTESIAN_POINT('',(240.483,-1083.463,768.362));
#1298=CARTESIAN_POINT('',(204.679,-1027.304,716.273));
#1299=CARTESIAN_POINT('',(182.279,-934.075,645.61));
#1300=CARTESIAN_POINT('',(160.468,-832.336,587.336));
#1301=CARTESIAN_POINT('',(188.793,-738.973,552.48));
#1302=CARTESIAN_POINT('',(208.379,-638.197,535.913));
#1303=CARTESIAN_POINT('',(221.404,-535.429,495.535));
#1304=CARTESIAN_POINT('',(209.929,-434.514,488.743));
#1305=CARTESIAN_POINT('',(197.13,-358.515,456.506));
#1306=CARTESIAN_POINT('',(199.03,-283.242,443.063));
#1307=CARTESIAN_POINT('',(220.598,-203.817,414.471));
#1308=CARTESIAN_POINT('',(235.257,-123.177,404.594));
#1309=CARTESIAN_POINT('',(238.156,-14.828,412.452));
#1310=CARTESIAN_POINT('',(227.282,29.228,417.663));
#1311=CARTESIAN_POINT('',(268.347,104.912,382.998));
#1312=CARTESIAN_POINT('',(262.101,182.589,371.858));
#1313=CARTESIAN_POINT('',(260.013,253.904,351.79));
#1314=CARTESIAN_POINT('',(241.89,318.262,338.398));
#1315=CARTESIAN_POINT('',(225.434,366.889,314.099));
#1316=CARTESIAN_POINT('',(204.907,429.677,298.226));
#1317=CARTESIAN_POINT('',(225.15,483.188,283.734));
#1318=CARTESIAN_POINT('',(250.954,523.416,280.323));
#1319=CARTESIAN_POINT('',(265.641,553.318,279.728));
#1320=CARTESIAN_POINT('',(270.057,566.52,272.058));
#1321=CARTESIAN_POINT('',(258.371,-1095.685,764.354));
#1322=CARTESIAN_POINT('',(245.781,-1092.957,756.423));
#1323=CARTESIAN_POINT('',(206.074,-1035.778,692.988));
#1324=CARTESIAN_POINT('',(193.761,-951.591,630.044));
#1325=CARTESIAN_POINT('',(173.626,-841.669,570.629));
#1326=CARTESIAN_POINT('',(195.702,-750.972,540.652));
#1327=CARTESIAN_POINT('',(222.671,-642.348,521.823));
#1328=CARTESIAN_POINT('',(231.728,-545.848,484.699));
#1329=CARTESIAN_POINT('',(228.832,-435.629,474.768));
#1330=CARTESIAN_POINT('',(206.793,-360.208,449.599));
#1331=CARTESIAN_POINT('',(211.076,-290.871,437.323));
#1332=CARTESIAN_POINT('',(231.565,-205.747,404.699));
#1333=CARTESIAN_POINT('',(245.844,-131.382,395.356));
#1334=CARTESIAN_POINT('',(251.234,-8.701,401.578));
#1335=CARTESIAN_POINT('',(238.315,15.736,410.47));
#1336=CARTESIAN_POINT('',(279.72,103.483,369.944));
#1337=CARTESIAN_POINT('',(268.535,181.616,359.363));
#1338=CARTESIAN_POINT('',(265.075,252.052,339.097));
#1339=CARTESIAN_POINT('',(244.394,315.335,322.425));
#1340=CARTESIAN_POINT('',(225.659,360.934,304.826));
#1341=CARTESIAN_POINT('',(205.502,426.856,284.371));
#1342=CARTESIAN_POINT('',(224.873,477.175,274.664));
#1343=CARTESIAN_POINT('',(250.811,521.155,266.067));
#1344=CARTESIAN_POINT('',(259.873,541.96,264.058));
#1345=CARTESIAN_POINT('',(264.515,553.56,262.624));
#1346=CARTESIAN_POINT('',(252.872,-1091.612,751.34));
#1347=CARTESIAN_POINT('',(246.863,-1093.078,749.8));
#1348=CARTESIAN_POINT('',(207.768,-1040.759,683.86));
#1349=CARTESIAN_POINT('',(195.287,-956.832,624.766));
#1350=CARTESIAN_POINT('',(180.685,-848.025,562.366));
#1351=CARTESIAN_POINT('',(198.983,-755.058,532.427));
#1352=CARTESIAN_POINT('',(230.756,-650.173,512.072));
#1353=CARTESIAN_POINT('',(235.386,-547.804,479.177));
#1354=CARTESIAN_POINT('',(239.887,-438.971,466.634));
#1355=CARTESIAN_POINT('',(210.071,-358.245,446.722));
#1356=CARTESIAN_POINT('',(220.286,-296.228,431.239));
#1357=CARTESIAN_POINT('',(236.639,-208.322,399.919));
#1358=CARTESIAN_POINT('',(253.27,-136.302,387.4));
#1359=CARTESIAN_POINT('',(255.109,-6.139,398.344));
#1360=CARTESIAN_POINT('',(248.267,12.024,401.393));
#1361=CARTESIAN_POINT('',(282.296,102.259,364.517));
#1362=CARTESIAN_POINT('',(272.231,178.754,352.361));
#1363=CARTESIAN_POINT('',(268.057,251.084,332.756));
#1364=CARTESIAN_POINT('',(245.716,311.763,315.235));
#1365=CARTESIAN_POINT('',(226.501,357.984,299.208));
#1366=CARTESIAN_POINT('',(203.99,423.954,278.947));
#1367=CARTESIAN_POINT('',(226.007,475.029,268.133));
#1368=CARTESIAN_POINT('',(250.166,519.961,259.993));
#1369=CARTESIAN_POINT('',(259.272,541.519,256.623));
#1370=CARTESIAN_POINT('',(263.152,550.679,255.445));
#1371=CARTESIAN_POINT('',(-242.621,-683.019,-928.341));
#1372=CARTESIAN_POINT('',(-264.78,-654.728,-923.959));
#1373=CARTESIAN_POINT('',(-287.399,-586.868,-954.475));
#1374=CARTESIAN_POINT('',(-266.073,-451.282,-812.744));
#1375=CARTESIAN_POINT('',(-263.171,-477.704,-667.624));
#1376=CARTESIAN_POINT('',(-252.626,-476.48,-499.829));
#1377=CARTESIAN_POINT('',(-266.477,-404.034,-362.516));
#1378=CARTESIAN_POINT('',(-224.98,-467.472,-221.5));
#1379=CARTESIAN_POINT('',(-202.357,-360.561,-144.403));
#1380=CARTESIAN_POINT('',(-232.05,-242.624,-141.404));
#1381=CARTESIAN_POINT('',(-252.873,-120.782,-118.677));
#1382=CARTESIAN_POINT('',(-279.149,2.337,-119.723));
#1383=CARTESIAN_POINT('',(-269.714,128.157,-98.215));
#1384=CARTESIAN_POINT('',(-227.722,224.289,-71.547));
#1385=CARTESIAN_POINT('',(-155.763,328.813,-24.976));
#1386=CARTESIAN_POINT('',(-194.069,445.967,-54.606));
#1387=CARTESIAN_POINT('',(-237.102,531.874,-132.022));
#1388=CARTESIAN_POINT('',(-275.655,580.573,-231.701));
#1389=CARTESIAN_POINT('',(-301.525,658.776,-336.581));
#1390=CARTESIAN_POINT('',(-297.745,767.712,-430.366));
#1391=CARTESIAN_POINT('',(-287.786,827.514,-546.003));
#1392=CARTESIAN_POINT('',(-275.544,882.261,-694.69));
#1393=CARTESIAN_POINT('',(-318.594,785.321,-826.038));
#1394=CARTESIAN_POINT('',(-325.939,694.067,-864.581));
#1395=CARTESIAN_POINT('',(-296.021,675.22,-883.563));
#1396=CARTESIAN_POINT('',(-265.149,-727.69,-919.22));
#1397=CARTESIAN_POINT('',(-358.113,-678.038,-937.342));
#1398=CARTESIAN_POINT('',(-366.466,-602.733,-947.854));
#1399=CARTESIAN_POINT('',(-275.686,-473.935,-798.685));
#1400=CARTESIAN_POINT('',(-275.071,-489.485,-666.806));
#1401=CARTESIAN_POINT('',(-261.43,-474.887,-490.671));
#1402=CARTESIAN_POINT('',(-279.15,-406.979,-362.269));
#1403=CARTESIAN_POINT('',(-231.187,-463.72,-216.298));
#1404=CARTESIAN_POINT('',(-207.241,-359.728,-137.223));
#1405=CARTESIAN_POINT('',(-237.191,-241.918,-131.904));
#1406=CARTESIAN_POINT('',(-259.404,-117.854,-109.715));
#1407=CARTESIAN_POINT('',(-282.432,3.064,-109.194));
#1408=CARTESIAN_POINT('',(-273.89,130.867,-87.262));
#1409=CARTESIAN_POINT('',(-228.773,224.513,-63.127));
#1410=CARTESIAN_POINT('',(-154.001,335.329,-12.627));
#1411=CARTESIAN_POINT('',(-207.428,446.95,-57.289));
#1412=CARTESIAN_POINT('',(-243.426,534.862,-127.225));
#1413=CARTESIAN_POINT('',(-287.193,584.168,-236.326));
#1414=CARTESIAN_POINT('',(-312.038,668.514,-331.745));
#1415=CARTESIAN_POINT('',(-300.865,775.028,-435.777));
#1416=CARTESIAN_POINT('',(-297.134,842.665,-546.471));
#1417=CARTESIAN_POINT('',(-272.636,883.232,-715.097));
#1418=CARTESIAN_POINT('',(-354.429,772.858,-842.694));
#1419=CARTESIAN_POINT('',(-370.146,652.071,-866.235));
#1420=CARTESIAN_POINT('',(-313.833,649.227,-930.699));
#1421=CARTESIAN_POINT('',(-276.337,-709.32,-863.826));
#1422=CARTESIAN_POINT('',(-297.914,-703.09,-860.902));
#1423=CARTESIAN_POINT('',(-292.381,-583.709,-880.306));
#1424=CARTESIAN_POINT('',(-287.485,-514.096,-775.176));
#1425=CARTESIAN_POINT('',(-280.691,-513.958,-621.911));
#1426=CARTESIAN_POINT('',(-285.661,-473.531,-475.887));
#1427=CARTESIAN_POINT('',(-302.921,-416.448,-343.362));
#1428=CARTESIAN_POINT('',(-238.485,-456.557,-201.975));
#1429=CARTESIAN_POINT('',(-217.556,-355.347,-118.354));
#1430=CARTESIAN_POINT('',(-248.432,-235.82,-115.205));
#1431=CARTESIAN_POINT('',(-272.007,-111.546,-88.412));
#1432=CARTESIAN_POINT('',(-286.238,7.173,-87.66));
#1433=CARTESIAN_POINT('',(-283.087,136.499,-64.576));
#1434=CARTESIAN_POINT('',(-223.98,226.448,-43.246));
#1435=CARTESIAN_POINT('',(-162.181,349.886,6.277));
#1436=CARTESIAN_POINT('',(-231.827,444.824,-62.729));
#1437=CARTESIAN_POINT('',(-254.801,545.685,-118.108));
#1438=CARTESIAN_POINT('',(-314.042,594.832,-239.848));
#1439=CARTESIAN_POINT('',(-326.01,690.208,-325.915));
#1440=CARTESIAN_POINT('',(-311.546,793.554,-436.24));
#1441=CARTESIAN_POINT('',(-298.09,865.351,-554.351));
#1442=CARTESIAN_POINT('',(-305.142,893.229,-740.943));
#1443=CARTESIAN_POINT('',(-384.425,785.25,-868.593));
#1444=CARTESIAN_POINT('',(-484.149,705.438,-957.034));
#1445=CARTESIAN_POINT('',(-366.16,699.818,-940.084));
#1446=CARTESIAN_POINT('',(-230.808,-592.16,-767.453));
#1447=CARTESIAN_POINT('',(-241.785,-569.698,-776.431));
#1448=CARTESIAN_POINT('',(-261.656,-580.817,-750.992));
#1449=CARTESIAN_POINT('',(-295.452,-548.201,-661.138));
#1450=CARTESIAN_POINT('',(-289.886,-531.663,-542.914));
#1451=CARTESIAN_POINT('',(-324.991,-470.091,-419.23));
#1452=CARTESIAN_POINT('',(-313.345,-445.556,-291.06));
#1453=CARTESIAN_POINT('',(-254.904,-440.333,-169.266));
#1454=CARTESIAN_POINT('',(-232.205,-344.435,-91.95));
#1455=CARTESIAN_POINT('',(-265.024,-221.399,-80.153));
#1456=CARTESIAN_POINT('',(-284.231,-102.038,-58.88));
#1457=CARTESIAN_POINT('',(-291.168,17.452,-49.608));
#1458=CARTESIAN_POINT('',(-290.773,142.271,-36.752));
#1459=CARTESIAN_POINT('',(-210.262,235.164,-1.886));
#1460=CARTESIAN_POINT('',(-193.56,358.579,12.91));
#1461=CARTESIAN_POINT('',(-256.504,453.469,-52.292));
#1462=CARTESIAN_POINT('',(-276.342,560.901,-104.769));
#1463=CARTESIAN_POINT('',(-342.506,611.257,-228.047));
#1464=CARTESIAN_POINT('',(-335.306,723.756,-307.978));
#1465=CARTESIAN_POINT('',(-312.919,811.944,-422.423));
#1466=CARTESIAN_POINT('',(-308.3,893.377,-544.316));
#1467=CARTESIAN_POINT('',(-304.69,923.511,-728.986));
#1468=CARTESIAN_POINT('',(-346.71,886.458,-846.139));
#1469=CARTESIAN_POINT('',(-345.965,889.433,-945.793));
#1470=CARTESIAN_POINT('',(-337.453,876.578,-969.887));
#1471=CARTESIAN_POINT('',(-269.421,-627.605,-599.67));
#1472=CARTESIAN_POINT('',(-276.183,-627.41,-597.922));
#1473=CARTESIAN_POINT('',(-287.623,-601.159,-591.779));
#1474=CARTESIAN_POINT('',(-299.087,-565.333,-533.46));
#1475=CARTESIAN_POINT('',(-313.036,-533.246,-447.187));
#1476=CARTESIAN_POINT('',(-345.743,-489.012,-342.102));
#1477=CARTESIAN_POINT('',(-303.105,-468.362,-233.404));
#1478=CARTESIAN_POINT('',(-275.157,-421.822,-125.961));
#1479=CARTESIAN_POINT('',(-235.986,-329.09,-57.757));
#1480=CARTESIAN_POINT('',(-281.364,-206.414,-44.606));
#1481=CARTESIAN_POINT('',(-287.,-91.624,-25.335));
#1482=CARTESIAN_POINT('',(-297.819,31.807,-14.078));
#1483=CARTESIAN_POINT('',(-285.581,145.081,-1.992));
#1484=CARTESIAN_POINT('',(-214.285,251.103,27.768));
#1485=CARTESIAN_POINT('',(-231.858,363.176,17.943));
#1486=CARTESIAN_POINT('',(-264.301,472.573,-27.453));
#1487=CARTESIAN_POINT('',(-297.704,569.535,-89.434));
#1488=CARTESIAN_POINT('',(-360.938,633.068,-196.674));
#1489=CARTESIAN_POINT('',(-327.307,740.681,-282.034));
#1490=CARTESIAN_POINT('',(-320.781,824.113,-391.236));
#1491=CARTESIAN_POINT('',(-292.13,905.321,-510.973));
#1492=CARTESIAN_POINT('',(-339.992,961.549,-660.537));
#1493=CARTESIAN_POINT('',(-275.028,939.231,-791.54));
#1494=CARTESIAN_POINT('',(-296.42,941.12,-826.862));
#1495=CARTESIAN_POINT('',(-272.053,954.223,-849.361));
#1496=CARTESIAN_POINT('',(-263.114,-623.37,-484.417));
#1497=CARTESIAN_POINT('',(-267.972,-613.77,-484.145));
#1498=CARTESIAN_POINT('',(-288.319,-595.883,-467.528));
#1499=CARTESIAN_POINT('',(-308.084,-575.671,-417.765));
#1500=CARTESIAN_POINT('',(-338.766,-540.599,-347.42));
#1501=CARTESIAN_POINT('',(-330.699,-509.823,-254.664));
#1502=CARTESIAN_POINT('',(-307.926,-465.207,-168.876));
#1503=CARTESIAN_POINT('',(-288.948,-400.796,-76.258));
#1504=CARTESIAN_POINT('',(-239.454,-311.381,-19.601));
#1505=CARTESIAN_POINT('',(-292.756,-188.647,-8.287));
#1506=CARTESIAN_POINT('',(-288.616,-77.767,10.923));
#1507=CARTESIAN_POINT('',(-302.318,43.964,19.881));
#1508=CARTESIAN_POINT('',(-277.961,152.218,34.761));
#1509=CARTESIAN_POINT('',(-226.12,263.343,51.832));
#1510=CARTESIAN_POINT('',(-251.126,372.669,39.039));
#1511=CARTESIAN_POINT('',(-266.988,487.708,-0.302));
#1512=CARTESIAN_POINT('',(-313.863,579.897,-63.979));
#1513=CARTESIAN_POINT('',(-371.998,650.185,-159.512));
#1514=CARTESIAN_POINT('',(-324.211,747.796,-247.338));
#1515=CARTESIAN_POINT('',(-317.909,828.897,-347.223));
#1516=CARTESIAN_POINT('',(-284.688,898.904,-459.118));
#1517=CARTESIAN_POINT('',(-306.259,971.718,-565.665));
#1518=CARTESIAN_POINT('',(-309.827,1013.108,-679.598));
#1519=CARTESIAN_POINT('',(-252.985,991.461,-722.344));
#1520=CARTESIAN_POINT('',(-258.351,992.884,-724.441));
#1521=CARTESIAN_POINT('',(-294.514,-641.673,-360.112));
#1522=CARTESIAN_POINT('',(-299.245,-634.485,-356.899));
#1523=CARTESIAN_POINT('',(-318.336,-614.493,-347.889));
#1524=CARTESIAN_POINT('',(-326.726,-587.928,-308.542));
#1525=CARTESIAN_POINT('',(-347.093,-547.045,-248.945));
#1526=CARTESIAN_POINT('',(-313.261,-515.771,-171.723));
#1527=CARTESIAN_POINT('',(-330.888,-446.391,-103.3));
#1528=CARTESIAN_POINT('',(-285.374,-382.654,-23.453));
#1529=CARTESIAN_POINT('',(-261.327,-287.365,16.349));
#1530=CARTESIAN_POINT('',(-296.797,-170.955,30.764));
#1531=CARTESIAN_POINT('',(-290.417,-62.911,46.382));
#1532=CARTESIAN_POINT('',(-302.531,57.623,56.176));
#1533=CARTESIAN_POINT('',(-271.796,162.408,69.558));
#1534=CARTESIAN_POINT('',(-236.118,274.937,77.889));
#1535=CARTESIAN_POINT('',(-257.206,383.091,65.8));
#1536=CARTESIAN_POINT('',(-268.656,500.355,27.309));
#1537=CARTESIAN_POINT('',(-321.172,589.589,-30.833));
#1538=CARTESIAN_POINT('',(-374.761,663.264,-117.987));
#1539=CARTESIAN_POINT('',(-336.981,753.822,-202.814));
#1540=CARTESIAN_POINT('',(-318.875,827.523,-295.165));
#1541=CARTESIAN_POINT('',(-305.93,895.791,-389.164));
#1542=CARTESIAN_POINT('',(-269.563,949.56,-483.512));
#1543=CARTESIAN_POINT('',(-281.159,1004.88,-556.962));
#1544=CARTESIAN_POINT('',(-275.043,1044.693,-586.273));
#1545=CARTESIAN_POINT('',(-256.387,1061.403,-594.755));
#1546=CARTESIAN_POINT('',(-301.247,-645.292,-253.458));
#1547=CARTESIAN_POINT('',(-306.832,-637.271,-252.334));
#1548=CARTESIAN_POINT('',(-320.733,-619.206,-243.358));
#1549=CARTESIAN_POINT('',(-324.225,-590.992,-206.284));
#1550=CARTESIAN_POINT('',(-334.181,-547.406,-159.356));
#1551=CARTESIAN_POINT('',(-307.948,-510.682,-92.189));
#1552=CARTESIAN_POINT('',(-368.161,-418.464,-42.335));
#1553=CARTESIAN_POINT('',(-259.001,-369.937,32.812));
#1554=CARTESIAN_POINT('',(-292.857,-262.303,48.987));
#1555=CARTESIAN_POINT('',(-298.957,-155.777,69.791));
#1556=CARTESIAN_POINT('',(-303.885,-42.724,81.968));
#1557=CARTESIAN_POINT('',(-293.417,68.792,93.004));
#1558=CARTESIAN_POINT('',(-272.987,175.727,102.662));
#1559=CARTESIAN_POINT('',(-233.906,285.466,106.781));
#1560=CARTESIAN_POINT('',(-257.352,393.189,93.452));
#1561=CARTESIAN_POINT('',(-266.49,506.387,59.445));
#1562=CARTESIAN_POINT('',(-323.718,596.933,6.926));
#1563=CARTESIAN_POINT('',(-377.736,671.11,-71.914));
#1564=CARTESIAN_POINT('',(-349.682,757.033,-151.992));
#1565=CARTESIAN_POINT('',(-348.202,822.89,-237.941));
#1566=CARTESIAN_POINT('',(-309.612,888.064,-315.518));
#1567=CARTESIAN_POINT('',(-299.575,937.737,-393.558));
#1568=CARTESIAN_POINT('',(-252.59,982.18,-453.887));
#1569=CARTESIAN_POINT('',(-250.115,995.616,-477.682));
#1570=CARTESIAN_POINT('',(-242.134,998.551,-477.287));
#1571=CARTESIAN_POINT('',(-293.377,-654.115,-154.995));
#1572=CARTESIAN_POINT('',(-298.449,-644.857,-152.761));
#1573=CARTESIAN_POINT('',(-311.573,-626.298,-142.187));
#1574=CARTESIAN_POINT('',(-326.127,-589.721,-117.085));
#1575=CARTESIAN_POINT('',(-333.487,-548.221,-73.883));
#1576=CARTESIAN_POINT('',(-349.689,-487.498,-27.73));
#1577=CARTESIAN_POINT('',(-358.621,-407.94,25.048));
#1578=CARTESIAN_POINT('',(-251.889,-351.06,76.827));
#1579=CARTESIAN_POINT('',(-313.792,-240.836,87.49));
#1580=CARTESIAN_POINT('',(-310.097,-138.079,107.852));
#1581=CARTESIAN_POINT('',(-310.388,-26.106,118.788));
#1582=CARTESIAN_POINT('',(-300.779,83.69,127.288));
#1583=CARTESIAN_POINT('',(-270.439,186.78,136.434));
#1584=CARTESIAN_POINT('',(-227.836,295.782,134.341));
#1585=CARTESIAN_POINT('',(-251.526,401.716,122.183));
#1586=CARTESIAN_POINT('',(-263.203,514.494,91.948));
#1587=CARTESIAN_POINT('',(-320.957,599.692,46.951));
#1588=CARTESIAN_POINT('',(-380.953,677.826,-20.22));
#1589=CARTESIAN_POINT('',(-355.986,758.378,-94.019));
#1590=CARTESIAN_POINT('',(-368.309,822.504,-172.65));
#1591=CARTESIAN_POINT('',(-330.851,878.485,-244.164));
#1592=CARTESIAN_POINT('',(-299.205,927.09,-306.067));
#1593=CARTESIAN_POINT('',(-274.05,952.446,-362.359));
#1594=CARTESIAN_POINT('',(-253.16,977.567,-382.501));
#1595=CARTESIAN_POINT('',(-242.047,982.791,-387.157));
#1596=CARTESIAN_POINT('',(-309.509,-675.93,-68.745));
#1597=CARTESIAN_POINT('',(-316.985,-661.545,-68.431));
#1598=CARTESIAN_POINT('',(-323.532,-639.827,-62.853));
#1599=CARTESIAN_POINT('',(-354.125,-595.161,-45.402));
#1600=CARTESIAN_POINT('',(-352.491,-546.085,-7.193));
#1601=CARTESIAN_POINT('',(-368.666,-475.935,35.041));
#1602=CARTESIAN_POINT('',(-340.063,-397.872,84.012));
#1603=CARTESIAN_POINT('',(-258.321,-335.984,117.4));
#1604=CARTESIAN_POINT('',(-331.197,-221.826,126.655));
#1605=CARTESIAN_POINT('',(-314.12,-120.611,146.772));
#1606=CARTESIAN_POINT('',(-319.143,-9.327,154.973));
#1607=CARTESIAN_POINT('',(-305.873,99.364,161.803));
#1608=CARTESIAN_POINT('',(-274.556,200.987,169.154));
#1609=CARTESIAN_POINT('',(-218.686,304.943,165.285));
#1610=CARTESIAN_POINT('',(-245.13,411.405,151.149));
#1611=CARTESIAN_POINT('',(-254.861,521.745,125.438));
#1612=CARTESIAN_POINT('',(-318.424,603.845,89.461));
#1613=CARTESIAN_POINT('',(-377.6,680.835,30.881));
#1614=CARTESIAN_POINT('',(-372.362,759.926,-36.248));
#1615=CARTESIAN_POINT('',(-359.161,825.938,-103.484));
#1616=CARTESIAN_POINT('',(-351.983,875.486,-173.07));
#1617=CARTESIAN_POINT('',(-306.078,916.115,-227.853));
#1618=CARTESIAN_POINT('',(-280.525,947.594,-274.91));
#1619=CARTESIAN_POINT('',(-261.101,952.571,-293.982));
#1620=CARTESIAN_POINT('',(-255.481,957.27,-299.231));
#1621=CARTESIAN_POINT('',(-330.553,-701.297,7.053));
#1622=CARTESIAN_POINT('',(-330.798,-683.992,8.389));
#1623=CARTESIAN_POINT('',(-347.918,-657.48,11.798));
#1624=CARTESIAN_POINT('',(-369.434,-605.673,26.658));
#1625=CARTESIAN_POINT('',(-354.577,-554.931,60.899));
#1626=CARTESIAN_POINT('',(-384.05,-469.344,94.343));
#1627=CARTESIAN_POINT('',(-321.954,-394.351,133.55));
#1628=CARTESIAN_POINT('',(-277.416,-315.223,156.489));
#1629=CARTESIAN_POINT('',(-334.631,-207.573,167.516));
#1630=CARTESIAN_POINT('',(-322.984,-104.141,182.701));
#1631=CARTESIAN_POINT('',(-326.31,7.182,193.138));
#1632=CARTESIAN_POINT('',(-305.991,113.874,196.762));
#1633=CARTESIAN_POINT('',(-283.547,218.102,201.848));
#1634=CARTESIAN_POINT('',(-210.364,316.298,194.917));
#1635=CARTESIAN_POINT('',(-237.147,421.911,181.365));
#1636=CARTESIAN_POINT('',(-247.102,529.099,159.522));
#1637=CARTESIAN_POINT('',(-311.787,615.422,127.523));
#1638=CARTESIAN_POINT('',(-367.914,683.351,84.172));
#1639=CARTESIAN_POINT('',(-396.837,767.905,18.448));
#1640=CARTESIAN_POINT('',(-353.842,823.124,-41.4));
#1641=CARTESIAN_POINT('',(-346.022,883.754,-103.545));
#1642=CARTESIAN_POINT('',(-303.982,904.764,-157.353));
#1643=CARTESIAN_POINT('',(-272.5,929.731,-202.643));
#1644=CARTESIAN_POINT('',(-255.129,940.87,-218.542));
#1645=CARTESIAN_POINT('',(-247.929,942.447,-220.003));
#1646=CARTESIAN_POINT('',(-336.798,-739.898,87.511));
#1647=CARTESIAN_POINT('',(-341.309,-718.729,89.685));
#1648=CARTESIAN_POINT('',(-325.829,-683.183,91.054));
#1649=CARTESIAN_POINT('',(-340.526,-621.496,102.733));
#1650=CARTESIAN_POINT('',(-348.146,-559.654,117.728));
#1651=CARTESIAN_POINT('',(-386.716,-471.403,149.851));
#1652=CARTESIAN_POINT('',(-307.798,-394.208,178.896));
#1653=CARTESIAN_POINT('',(-291.566,-302.202,193.331));
#1654=CARTESIAN_POINT('',(-335.529,-195.182,207.789));
#1655=CARTESIAN_POINT('',(-325.048,-89.483,221.124));
#1656=CARTESIAN_POINT('',(-329.886,21.539,230.193));
#1657=CARTESIAN_POINT('',(-307.233,127.529,233.235));
#1658=CARTESIAN_POINT('',(-285.263,234.044,233.058));
#1659=CARTESIAN_POINT('',(-211.27,330.501,226.56));
#1660=CARTESIAN_POINT('',(-222.801,436.64,211.144));
#1661=CARTESIAN_POINT('',(-256.695,537.568,195.788));
#1662=CARTESIAN_POINT('',(-292.185,631.862,163.435));
#1663=CARTESIAN_POINT('',(-372.963,691.996,133.142));
#1664=CARTESIAN_POINT('',(-386.545,775.565,74.305));
#1665=CARTESIAN_POINT('',(-382.769,839.636,14.832));
#1666=CARTESIAN_POINT('',(-332.258,882.476,-42.085));
#1667=CARTESIAN_POINT('',(-322.15,932.642,-95.813));
#1668=CARTESIAN_POINT('',(-266.876,940.475,-133.05));
#1669=CARTESIAN_POINT('',(-260.739,951.326,-154.969));
#1670=CARTESIAN_POINT('',(-245.482,955.17,-159.213));
#1671=CARTESIAN_POINT('',(-311.549,-782.608,158.333));
#1672=CARTESIAN_POINT('',(-333.514,-762.817,158.639));
#1673=CARTESIAN_POINT('',(-333.088,-720.958,156.423));
#1674=CARTESIAN_POINT('',(-348.399,-644.1,162.081));
#1675=CARTESIAN_POINT('',(-333.912,-571.211,171.048));
#1676=CARTESIAN_POINT('',(-376.99,-477.307,200.214));
#1677=CARTESIAN_POINT('',(-302.152,-393.289,219.568));
#1678=CARTESIAN_POINT('',(-300.449,-292.793,232.02));
#1679=CARTESIAN_POINT('',(-325.671,-186.385,247.663));
#1680=CARTESIAN_POINT('',(-325.612,-78.906,259.236));
#1681=CARTESIAN_POINT('',(-324.275,34.316,267.726));
#1682=CARTESIAN_POINT('',(-305.362,141.874,269.106));
#1683=CARTESIAN_POINT('',(-280.638,251.155,266.879));
#1684=CARTESIAN_POINT('',(-213.23,346.702,257.915));
#1685=CARTESIAN_POINT('',(-212.106,455.216,242.82));
#1686=CARTESIAN_POINT('',(-268.126,551.057,232.546));
#1687=CARTESIAN_POINT('',(-283.578,649.681,201.02));
#1688=CARTESIAN_POINT('',(-366.891,710.894,177.388));
#1689=CARTESIAN_POINT('',(-382.912,788.645,124.467));
#1690=CARTESIAN_POINT('',(-386.052,857.126,65.448));
#1691=CARTESIAN_POINT('',(-336.461,901.488,10.167));
#1692=CARTESIAN_POINT('',(-303.937,942.372,-41.378));
#1693=CARTESIAN_POINT('',(-272.046,966.251,-83.478));
#1694=CARTESIAN_POINT('',(-246.521,974.031,-91.355));
#1695=CARTESIAN_POINT('',(-237.022,980.103,-100.289));
#1696=CARTESIAN_POINT('',(-293.032,-800.208,209.634));
#1697=CARTESIAN_POINT('',(-298.089,-780.811,214.315));
#1698=CARTESIAN_POINT('',(-318.165,-746.821,218.859));
#1699=CARTESIAN_POINT('',(-360.371,-675.251,219.719));
#1700=CARTESIAN_POINT('',(-342.488,-588.229,222.077));
#1701=CARTESIAN_POINT('',(-360.654,-485.412,247.12));
#1702=CARTESIAN_POINT('',(-299.637,-394.64,260.772));
#1703=CARTESIAN_POINT('',(-299.013,-287.896,270.211));
#1704=CARTESIAN_POINT('',(-314.753,-178.612,284.413));
#1705=CARTESIAN_POINT('',(-317.986,-69.415,297.097));
#1706=CARTESIAN_POINT('',(-311.017,45.69,302.273));
#1707=CARTESIAN_POINT('',(-298.961,155.7,305.382));
#1708=CARTESIAN_POINT('',(-272.28,268.18,299.666));
#1709=CARTESIAN_POINT('',(-211.653,366.849,289.038));
#1710=CARTESIAN_POINT('',(-208.489,480.029,276.12));
#1711=CARTESIAN_POINT('',(-285.627,566.438,270.866));
#1712=CARTESIAN_POINT('',(-279.156,672.436,241.275));
#1713=CARTESIAN_POINT('',(-366.416,734.908,218.869));
#1714=CARTESIAN_POINT('',(-378.227,812.837,170.535));
#1715=CARTESIAN_POINT('',(-374.646,884.497,113.471));
#1716=CARTESIAN_POINT('',(-331.717,924.701,52.649));
#1717=CARTESIAN_POINT('',(-288.799,958.296,1.101));
#1718=CARTESIAN_POINT('',(-250.015,990.361,-37.935));
#1719=CARTESIAN_POINT('',(-224.722,998.891,-61.504));
#1720=CARTESIAN_POINT('',(-210.945,1005.064,-65.856));
#1721=CARTESIAN_POINT('',(-251.079,-822.563,272.332));
#1722=CARTESIAN_POINT('',(-283.67,-816.364,273.237));
#1723=CARTESIAN_POINT('',(-295.488,-780.234,273.13));
#1724=CARTESIAN_POINT('',(-333.564,-699.884,275.19));
#1725=CARTESIAN_POINT('',(-350.602,-603.636,275.105));
#1726=CARTESIAN_POINT('',(-335.041,-499.199,288.72));
#1727=CARTESIAN_POINT('',(-299.188,-398.233,299.552));
#1728=CARTESIAN_POINT('',(-297.899,-285.911,308.801));
#1729=CARTESIAN_POINT('',(-297.73,-173.548,318.834));
#1730=CARTESIAN_POINT('',(-303.944,-60.453,331.628));
#1731=CARTESIAN_POINT('',(-298.734,53.957,336.635));
#1732=CARTESIAN_POINT('',(-283.082,170.723,339.18));
#1733=CARTESIAN_POINT('',(-261.501,283.234,332.56));
#1734=CARTESIAN_POINT('',(-207.114,389.653,319.574));
#1735=CARTESIAN_POINT('',(-217.434,502.818,314.317));
#1736=CARTESIAN_POINT('',(-294.728,588.2,311.98));
#1737=CARTESIAN_POINT('',(-283.847,697.613,282.596));
#1738=CARTESIAN_POINT('',(-365.787,767.63,262.404));
#1739=CARTESIAN_POINT('',(-371.295,847.166,211.2));
#1740=CARTESIAN_POINT('',(-357.541,912.442,145.436));
#1741=CARTESIAN_POINT('',(-312.775,951.112,86.668));
#1742=CARTESIAN_POINT('',(-261.596,981.98,32.248));
#1743=CARTESIAN_POINT('',(-228.706,1009.302,-15.956));
#1744=CARTESIAN_POINT('',(-191.431,1028.498,-29.609));
#1745=CARTESIAN_POINT('',(-176.373,1031.737,-40.617));
#1746=CARTESIAN_POINT('',(-223.748,-868.527,327.533));
#1747=CARTESIAN_POINT('',(-197.732,-829.519,320.179));
#1748=CARTESIAN_POINT('',(-285.59,-810.139,328.649));
#1749=CARTESIAN_POINT('',(-303.381,-720.876,318.942));
#1750=CARTESIAN_POINT('',(-348.602,-620.91,328.39));
#1751=CARTESIAN_POINT('',(-314.613,-510.66,330.299));
#1752=CARTESIAN_POINT('',(-304.157,-401.074,342.844));
#1753=CARTESIAN_POINT('',(-284.538,-286.905,345.139));
#1754=CARTESIAN_POINT('',(-280.999,-170.085,351.948));
#1755=CARTESIAN_POINT('',(-285.865,-53.492,365.38));
#1756=CARTESIAN_POINT('',(-281.019,64.006,369.649));
#1757=CARTESIAN_POINT('',(-265.632,182.868,370.561));
#1758=CARTESIAN_POINT('',(-246.646,298.818,363.867));
#1759=CARTESIAN_POINT('',(-201.444,413.708,353.853));
#1760=CARTESIAN_POINT('',(-229.081,524.991,354.149));
#1761=CARTESIAN_POINT('',(-300.705,617.627,357.504));
#1762=CARTESIAN_POINT('',(-289.834,728.655,326.423));
#1763=CARTESIAN_POINT('',(-358.293,808.976,303.713));
#1764=CARTESIAN_POINT('',(-363.294,891.217,245.75));
#1765=CARTESIAN_POINT('',(-333.294,955.193,179.764));
#1766=CARTESIAN_POINT('',(-279.294,981.25,109.492));
#1767=CARTESIAN_POINT('',(-233.272,999.789,46.909));
#1768=CARTESIAN_POINT('',(-187.841,1054.3,2.627));
#1769=CARTESIAN_POINT('',(-153.88,1038.395,-27.364));
#1770=CARTESIAN_POINT('',(-137.104,1028.197,-24.449));
#1771=CARTESIAN_POINT('',(-238.817,-904.078,376.534));
#1772=CARTESIAN_POINT('',(-249.445,-895.969,379.463));
#1773=CARTESIAN_POINT('',(-192.688,-813.079,360.765));
#1774=CARTESIAN_POINT('',(-294.328,-748.761,367.704));
#1775=CARTESIAN_POINT('',(-306.59,-633.333,367.484));
#1776=CARTESIAN_POINT('',(-318.42,-522.898,378.816));
#1777=CARTESIAN_POINT('',(-286.751,-405.188,380.48));
#1778=CARTESIAN_POINT('',(-269.44,-290.92,380.175));
#1779=CARTESIAN_POINT('',(-254.664,-168.464,379.955));
#1780=CARTESIAN_POINT('',(-263.369,-47.595,393.758));
#1781=CARTESIAN_POINT('',(-255.603,72.057,396.132));
#1782=CARTESIAN_POINT('',(-243.086,198.001,398.509));
#1783=CARTESIAN_POINT('',(-227.3,314.965,394.887));
#1784=CARTESIAN_POINT('',(-194.583,441.155,385.715));
#1785=CARTESIAN_POINT('',(-240.707,548.993,402.521));
#1786=CARTESIAN_POINT('',(-298.306,653.264,408.157));
#1787=CARTESIAN_POINT('',(-292.011,766.277,374.266));
#1788=CARTESIAN_POINT('',(-346.518,857.967,344.145));
#1789=CARTESIAN_POINT('',(-337.956,945.121,276.146));
#1790=CARTESIAN_POINT('',(-296.168,995.462,194.969));
#1791=CARTESIAN_POINT('',(-232.273,997.326,113.731));
#1792=CARTESIAN_POINT('',(-188.642,1056.863,54.299));
#1793=CARTESIAN_POINT('',(-127.978,1027.888,-0.78));
#1794=CARTESIAN_POINT('',(-87.291,1015.205,15.15));
#1795=CARTESIAN_POINT('',(-79.076,1017.197,2.321));
#1796=CARTESIAN_POINT('',(-220.895,-947.363,435.23));
#1797=CARTESIAN_POINT('',(-250.458,-925.806,436.769));
#1798=CARTESIAN_POINT('',(-214.317,-864.557,413.588));
#1799=CARTESIAN_POINT('',(-243.979,-758.81,406.506));
#1800=CARTESIAN_POINT('',(-290.079,-655.343,407.208));
#1801=CARTESIAN_POINT('',(-291.661,-530.319,421.22));
#1802=CARTESIAN_POINT('',(-269.898,-414.158,419.193));
#1803=CARTESIAN_POINT('',(-242.313,-293.132,413.121));
#1804=CARTESIAN_POINT('',(-228.096,-169.293,404.631));
#1805=CARTESIAN_POINT('',(-234.565,-44.393,418.759));
#1806=CARTESIAN_POINT('',(-226.124,82.242,417.055));
#1807=CARTESIAN_POINT('',(-216.708,207.949,423.796));
#1808=CARTESIAN_POINT('',(-199.61,334.817,419.596));
#1809=CARTESIAN_POINT('',(-184.65,463.512,426.099));
#1810=CARTESIAN_POINT('',(-240.379,577.24,454.785));
#1811=CARTESIAN_POINT('',(-270.24,693.817,449.947));
#1812=CARTESIAN_POINT('',(-301.285,806.775,426.629));
#1813=CARTESIAN_POINT('',(-312.064,905.629,372.423));
#1814=CARTESIAN_POINT('',(-292.307,997.62,293.731));
#1815=CARTESIAN_POINT('',(-230.496,1005.073,195.237));
#1816=CARTESIAN_POINT('',(-184.926,1044.031,110.744));
#1817=CARTESIAN_POINT('',(-110.993,1025.402,40.969));
#1818=CARTESIAN_POINT('',(-57.339,1042.11,1.587));
#1819=CARTESIAN_POINT('',(-56.838,1050.112,-32.606));
#1820=CARTESIAN_POINT('',(-53.868,1047.093,-55.636));
#1821=CARTESIAN_POINT('',(-219.756,-978.309,481.584));
#1822=CARTESIAN_POINT('',(-221.317,-959.325,484.413));
#1823=CARTESIAN_POINT('',(-236.614,-898.118,465.227));
#1824=CARTESIAN_POINT('',(-215.255,-785.876,440.013));
#1825=CARTESIAN_POINT('',(-274.79,-670.183,449.194));
#1826=CARTESIAN_POINT('',(-263.735,-541.076,452.558));
#1827=CARTESIAN_POINT('',(-250.347,-420.584,454.102));
#1828=CARTESIAN_POINT('',(-207.685,-298.353,432.095));
#1829=CARTESIAN_POINT('',(-205.121,-170.445,428.31));
#1830=CARTESIAN_POINT('',(-206.514,-41.536,434.533));
#1831=CARTESIAN_POINT('',(-198.269,89.134,433.709));
#1832=CARTESIAN_POINT('',(-193.692,219.394,441.94));
#1833=CARTESIAN_POINT('',(-167.586,352.489,437.695));
#1834=CARTESIAN_POINT('',(-174.077,484.893,462.71));
#1835=CARTESIAN_POINT('',(-222.309,606.25,491.131));
#1836=CARTESIAN_POINT('',(-241.184,731.892,485.289));
#1837=CARTESIAN_POINT('',(-282.218,851.822,473.936));
#1838=CARTESIAN_POINT('',(-261.425,951.887,387.384));
#1839=CARTESIAN_POINT('',(-221.953,1007.293,292.766));
#1840=CARTESIAN_POINT('',(-185.495,1038.363,173.993));
#1841=CARTESIAN_POINT('',(-92.276,1027.037,91.184));
#1842=CARTESIAN_POINT('',(-60.95,1068.023,0.348));
#1843=CARTESIAN_POINT('',(-84.261,1077.27,-76.178));
#1844=CARTESIAN_POINT('',(-74.714,1067.355,-134.052));
#1845=CARTESIAN_POINT('',(-70.489,1071.716,-145.205));
#1846=CARTESIAN_POINT('',(-216.215,-1006.956,550.738));
#1847=CARTESIAN_POINT('',(-206.633,-987.489,539.103));
#1848=CARTESIAN_POINT('',(-238.024,-935.561,514.912));
#1849=CARTESIAN_POINT('',(-204.021,-802.145,479.466));
#1850=CARTESIAN_POINT('',(-256.14,-686.551,484.602));
#1851=CARTESIAN_POINT('',(-241.575,-548.595,482.105));
#1852=CARTESIAN_POINT('',(-221.398,-427.579,481.758));
#1853=CARTESIAN_POINT('',(-178.917,-302.81,449.709));
#1854=CARTESIAN_POINT('',(-179.14,-171.869,447.921));
#1855=CARTESIAN_POINT('',(-177.817,-39.254,446.048));
#1856=CARTESIAN_POINT('',(-171.422,95.191,445.32));
#1857=CARTESIAN_POINT('',(-165.241,228.082,458.248));
#1858=CARTESIAN_POINT('',(-141.006,370.977,453.17));
#1859=CARTESIAN_POINT('',(-157.441,496.732,495.487));
#1860=CARTESIAN_POINT('',(-184.057,634.307,513.348));
#1861=CARTESIAN_POINT('',(-201.213,760.155,514.128));
#1862=CARTESIAN_POINT('',(-241.879,898.551,496.066));
#1863=CARTESIAN_POINT('',(-197.013,967.318,385.461));
#1864=CARTESIAN_POINT('',(-179.318,1034.08,272.472));
#1865=CARTESIAN_POINT('',(-103.52,1037.822,157.272));
#1866=CARTESIAN_POINT('',(-58.253,1089.731,39.238));
#1867=CARTESIAN_POINT('',(-97.33,1117.204,-71.219));
#1868=CARTESIAN_POINT('',(-71.615,1108.986,-175.055));
#1869=CARTESIAN_POINT('',(-74.781,1100.388,-206.47));
#1870=CARTESIAN_POINT('',(-54.511,1079.878,-230.172));
#1871=CARTESIAN_POINT('',(-212.773,-1038.409,605.13));
#1872=CARTESIAN_POINT('',(-208.617,-1016.347,596.805));
#1873=CARTESIAN_POINT('',(-219.359,-954.476,566.298));
#1874=CARTESIAN_POINT('',(-199.796,-829.727,509.215));
#1875=CARTESIAN_POINT('',(-232.835,-691.73,521.217));
#1876=CARTESIAN_POINT('',(-219.16,-558.269,508.588));
#1877=CARTESIAN_POINT('',(-186.766,-429.23,505.906));
#1878=CARTESIAN_POINT('',(-153.065,-308.027,471.051));
#1879=CARTESIAN_POINT('',(-150.446,-173.873,463.236));
#1880=CARTESIAN_POINT('',(-151.053,-41.344,456.676));
#1881=CARTESIAN_POINT('',(-143.437,95.041,455.36));
#1882=CARTESIAN_POINT('',(-140.559,234.714,467.815));
#1883=CARTESIAN_POINT('',(-115.746,376.245,471.88));
#1884=CARTESIAN_POINT('',(-130.455,509.954,517.139));
#1885=CARTESIAN_POINT('',(-139.485,652.678,527.653));
#1886=CARTESIAN_POINT('',(-165.363,784.455,541.647));
#1887=CARTESIAN_POINT('',(-184.724,923.732,500.562));
#1888=CARTESIAN_POINT('',(-153.098,1000.933,382.309));
#1889=CARTESIAN_POINT('',(-116.926,1040.783,257.582));
#1890=CARTESIAN_POINT('',(-71.952,1094.396,119.555));
#1891=CARTESIAN_POINT('',(-80.655,1139.329,-12.731));
#1892=CARTESIAN_POINT('',(-68.219,1136.055,-159.996));
#1893=CARTESIAN_POINT('',(-77.853,1103.576,-240.122));
#1894=CARTESIAN_POINT('',(-52.118,1097.512,-329.332));
#1895=CARTESIAN_POINT('',(-48.686,1101.488,-362.167));
#1896=CARTESIAN_POINT('',(-221.313,-1068.731,677.433));
#1897=CARTESIAN_POINT('',(-215.996,-1051.77,650.744));
#1898=CARTESIAN_POINT('',(-211.671,-975.569,612.707));
#1899=CARTESIAN_POINT('',(-184.072,-841.276,546.83));
#1900=CARTESIAN_POINT('',(-213.455,-697.476,544.959));
#1901=CARTESIAN_POINT('',(-189.411,-557.147,531.683));
#1902=CARTESIAN_POINT('',(-154.084,-431.818,522.598));
#1903=CARTESIAN_POINT('',(-124.125,-308.549,493.18));
#1904=CARTESIAN_POINT('',(-123.512,-179.892,476.138));
#1905=CARTESIAN_POINT('',(-123.35,-46.547,467.824));
#1906=CARTESIAN_POINT('',(-118.166,93.05,464.861));
#1907=CARTESIAN_POINT('',(-112.718,230.565,475.341));
#1908=CARTESIAN_POINT('',(-92.48,380.731,489.148));
#1909=CARTESIAN_POINT('',(-96.985,512.693,528.154));
#1910=CARTESIAN_POINT('',(-94.836,659.44,547.118));
#1911=CARTESIAN_POINT('',(-117.937,799.233,553.064));
#1912=CARTESIAN_POINT('',(-130.217,945.188,498.046));
#1913=CARTESIAN_POINT('',(-98.281,1026.721,385.702));
#1914=CARTESIAN_POINT('',(-98.898,1089.634,237.321));
#1915=CARTESIAN_POINT('',(-73.825,1133.213,88.422));
#1916=CARTESIAN_POINT('',(-54.545,1171.312,-84.382));
#1917=CARTESIAN_POINT('',(-81.748,1130.512,-229.751));
#1918=CARTESIAN_POINT('',(-59.025,1140.159,-378.71));
#1919=CARTESIAN_POINT('',(-72.008,1130.017,-451.098));
#1920=CARTESIAN_POINT('',(-67.611,1083.436,-495.506));
#1921=CARTESIAN_POINT('',(-234.289,-1059.614,725.431));
#1922=CARTESIAN_POINT('',(-225.961,-1063.302,709.865));
#1923=CARTESIAN_POINT('',(-206.421,-981.073,640.997));
#1924=CARTESIAN_POINT('',(-168.951,-843.56,575.48));
#1925=CARTESIAN_POINT('',(-191.823,-694.385,564.461));
#1926=CARTESIAN_POINT('',(-153.861,-551.148,550.348));
#1927=CARTESIAN_POINT('',(-124.801,-425.454,537.139));
#1928=CARTESIAN_POINT('',(-93.74,-310.823,513.349));
#1929=CARTESIAN_POINT('',(-94.33,-187.512,488.311));
#1930=CARTESIAN_POINT('',(-100.877,-57.063,476.595));
#1931=CARTESIAN_POINT('',(-91.019,78.574,473.75));
#1932=CARTESIAN_POINT('',(-97.07,222.803,480.547));
#1933=CARTESIAN_POINT('',(-59.587,365.925,502.012));
#1934=CARTESIAN_POINT('',(-70.296,503.871,535.787));
#1935=CARTESIAN_POINT('',(-45.361,653.683,562.089));
#1936=CARTESIAN_POINT('',(-65.729,801.045,562.89));
#1937=CARTESIAN_POINT('',(-71.895,957.572,502.73));
#1938=CARTESIAN_POINT('',(-51.472,1070.778,395.261));
#1939=CARTESIAN_POINT('',(-104.829,1115.278,233.713));
#1940=CARTESIAN_POINT('',(-35.989,1169.628,62.095));
#1941=CARTESIAN_POINT('',(-61.692,1168.642,-118.186));
#1942=CARTESIAN_POINT('',(-58.118,1157.627,-272.871));
#1943=CARTESIAN_POINT('',(-70.16,1175.31,-478.351));
#1944=CARTESIAN_POINT('',(-109.943,1104.732,-633.601));
#1945=CARTESIAN_POINT('',(-53.177,1100.986,-674.239));
#1946=CARTESIAN_POINT('',(-231.866,-1062.454,737.225));
#1947=CARTESIAN_POINT('',(-215.973,-1042.898,714.586));
#1948=CARTESIAN_POINT('',(-202.862,-968.419,652.159));
#1949=CARTESIAN_POINT('',(-154.889,-835.543,597.165));
#1950=CARTESIAN_POINT('',(-172.603,-684.729,573.994));
#1951=CARTESIAN_POINT('',(-125.,-533.746,559.074));
#1952=CARTESIAN_POINT('',(-94.881,-423.212,553.732));
#1953=CARTESIAN_POINT('',(-73.148,-300.66,517.946));
#1954=CARTESIAN_POINT('',(-71.346,-194.613,500.094));
#1955=CARTESIAN_POINT('',(-80.735,-61.595,480.919));
#1956=CARTESIAN_POINT('',(-71.215,67.288,480.724));
#1957=CARTESIAN_POINT('',(-78.535,197.31,484.232));
#1958=CARTESIAN_POINT('',(-43.335,358.223,507.414));
#1959=CARTESIAN_POINT('',(-50.431,476.358,538.228));
#1960=CARTESIAN_POINT('',(-0.062,642.849,571.707));
#1961=CARTESIAN_POINT('',(-36.483,784.419,569.015));
#1962=CARTESIAN_POINT('',(-20.923,973.507,511.273));
#1963=CARTESIAN_POINT('',(-36.775,1085.056,403.518));
#1964=CARTESIAN_POINT('',(-80.116,1144.269,228.22));
#1965=CARTESIAN_POINT('',(-26.909,1168.545,48.014));
#1966=CARTESIAN_POINT('',(-48.458,1187.844,-122.01));
#1967=CARTESIAN_POINT('',(-44.094,1160.233,-321.2));
#1968=CARTESIAN_POINT('',(-68.247,1223.521,-509.375));
#1969=CARTESIAN_POINT('',(-115.763,1183.741,-622.453));
#1970=CARTESIAN_POINT('',(-81.902,1163.428,-689.299));
#1971=CARTESIAN_POINT('',(-230.202,-1061.543,746.403));
#1972=CARTESIAN_POINT('',(-214.201,-1044.462,730.445));
#1973=CARTESIAN_POINT('',(-198.336,-954.806,652.8));
#1974=CARTESIAN_POINT('',(-147.059,-832.234,604.86));
#1975=CARTESIAN_POINT('',(-168.118,-680.824,577.597));
#1976=CARTESIAN_POINT('',(-106.398,-526.012,565.658));
#1977=CARTESIAN_POINT('',(-91.598,-423.928,556.205));
#1978=CARTESIAN_POINT('',(-62.054,-302.309,521.367));
#1979=CARTESIAN_POINT('',(-61.411,-202.328,505.896));
#1980=CARTESIAN_POINT('',(-71.66,-71.014,482.383));
#1981=CARTESIAN_POINT('',(-63.512,57.706,482.742));
#1982=CARTESIAN_POINT('',(-69.363,185.454,487.549));
#1983=CARTESIAN_POINT('',(-35.003,352.21,506.866));
#1984=CARTESIAN_POINT('',(-38.516,459.295,542.874));
#1985=CARTESIAN_POINT('',(13.289,633.951,564.223));
#1986=CARTESIAN_POINT('',(-6.925,762.109,576.727));
#1987=CARTESIAN_POINT('',(-11.878,973.246,510.012));
#1988=CARTESIAN_POINT('',(-2.822,1075.023,422.42));
#1989=CARTESIAN_POINT('',(-80.675,1152.506,235.745));
#1990=CARTESIAN_POINT('',(-13.673,1171.792,47.205));
#1991=CARTESIAN_POINT('',(-45.779,1186.361,-116.356));
#1992=CARTESIAN_POINT('',(-33.779,1167.486,-324.576));
#1993=CARTESIAN_POINT('',(-49.487,1241.445,-512.13));
#1994=CARTESIAN_POINT('',(-94.31,1212.541,-614.532));
#1995=CARTESIAN_POINT('',(-70.84,1200.132,-651.977));
#1996=CARTESIAN_POINT('',(151.448,-730.016,-923.286));
#1997=CARTESIAN_POINT('',(152.659,-790.451,-882.169));
#1998=CARTESIAN_POINT('',(171.087,-692.908,-850.963));
#1999=CARTESIAN_POINT('',(200.283,-625.006,-718.494));
#2000=CARTESIAN_POINT('',(200.003,-644.327,-587.388));
#2001=CARTESIAN_POINT('',(235.838,-662.443,-480.465));
#2002=CARTESIAN_POINT('',(252.866,-673.317,-391.504));
#2003=CARTESIAN_POINT('',(267.006,-674.598,-275.576));
#2004=CARTESIAN_POINT('',(256.903,-700.421,-183.921));
#2005=CARTESIAN_POINT('',(285.952,-744.106,-103.315));
#2006=CARTESIAN_POINT('',(268.009,-827.255,-33.39));
#2007=CARTESIAN_POINT('',(264.734,-834.28,7.974));
#2008=CARTESIAN_POINT('',(267.736,-848.778,123.329));
#2009=CARTESIAN_POINT('',(219.147,-868.83,182.34));
#2010=CARTESIAN_POINT('',(206.965,-911.37,252.803));
#2011=CARTESIAN_POINT('',(201.858,-956.558,298.581));
#2012=CARTESIAN_POINT('',(168.349,-991.407,365.974));
#2013=CARTESIAN_POINT('',(163.16,-1052.592,404.266));
#2014=CARTESIAN_POINT('',(192.52,-1060.511,464.856));
#2015=CARTESIAN_POINT('',(202.531,-1103.34,549.823));
#2016=CARTESIAN_POINT('',(211.242,-1118.939,607.182));
#2017=CARTESIAN_POINT('',(204.286,-1126.098,687.491));
#2018=CARTESIAN_POINT('',(263.014,-1125.639,726.466));
#2019=CARTESIAN_POINT('',(253.555,-1098.16,747.174));
#2020=CARTESIAN_POINT('',(252.872,-1091.612,751.34));
#2021=CARTESIAN_POINT('',(184.925,-715.106,-916.845));
#2022=CARTESIAN_POINT('',(214.692,-799.453,-909.734));
#2023=CARTESIAN_POINT('',(182.544,-733.009,-842.36));
#2024=CARTESIAN_POINT('',(213.237,-617.355,-749.217));
#2025=CARTESIAN_POINT('',(215.559,-648.786,-590.908));
#2026=CARTESIAN_POINT('',(240.895,-651.689,-492.783));
#2027=CARTESIAN_POINT('',(262.114,-665.67,-393.056));
#2028=CARTESIAN_POINT('',(274.324,-669.79,-283.691));
#2029=CARTESIAN_POINT('',(266.578,-687.125,-183.213));
#2030=CARTESIAN_POINT('',(284.341,-730.222,-107.348));
#2031=CARTESIAN_POINT('',(294.238,-805.286,-29.092));
#2032=CARTESIAN_POINT('',(278.046,-824.744,24.189));
#2033=CARTESIAN_POINT('',(279.802,-838.136,104.334));
#2034=CARTESIAN_POINT('',(241.375,-854.33,184.118));
#2035=CARTESIAN_POINT('',(203.043,-890.091,242.302));
#2036=CARTESIAN_POINT('',(229.569,-941.818,303.31));
#2037=CARTESIAN_POINT('',(178.166,-974.363,346.573));
#2038=CARTESIAN_POINT('',(160.276,-1014.231,424.63));
#2039=CARTESIAN_POINT('',(201.322,-1051.197,454.952));
#2040=CARTESIAN_POINT('',(205.288,-1077.075,534.088));
#2041=CARTESIAN_POINT('',(205.054,-1099.612,597.736));
#2042=CARTESIAN_POINT('',(204.271,-1111.283,669.681));
#2043=CARTESIAN_POINT('',(229.466,-1102.404,720.19));
#2044=CARTESIAN_POINT('',(246.862,-1100.603,736.834));
#2045=CARTESIAN_POINT('',(246.863,-1093.078,749.8));
#2046=CARTESIAN_POINT('',(265.669,-641.238,-954.818));
#2047=CARTESIAN_POINT('',(359.571,-688.226,-978.617));
#2048=CARTESIAN_POINT('',(318.01,-731.217,-863.444));
#2049=CARTESIAN_POINT('',(209.196,-602.791,-779.592));
#2050=CARTESIAN_POINT('',(250.79,-642.168,-615.104));
#2051=CARTESIAN_POINT('',(247.938,-639.21,-501.827));
#2052=CARTESIAN_POINT('',(276.292,-647.871,-392.113));
#2053=CARTESIAN_POINT('',(288.197,-658.695,-285.307));
#2054=CARTESIAN_POINT('',(280.05,-666.355,-188.242));
#2055=CARTESIAN_POINT('',(280.481,-701.923,-97.577));
#2056=CARTESIAN_POINT('',(323.596,-761.649,-39.083));
#2057=CARTESIAN_POINT('',(314.766,-788.674,30.034));
#2058=CARTESIAN_POINT('',(295.18,-814.504,94.779));
#2059=CARTESIAN_POINT('',(272.771,-829.835,169.421));
#2060=CARTESIAN_POINT('',(230.569,-850.15,236.438));
#2061=CARTESIAN_POINT('',(197.301,-881.449,286.138));
#2062=CARTESIAN_POINT('',(252.401,-946.718,345.052));
#2063=CARTESIAN_POINT('',(213.079,-975.377,388.785));
#2064=CARTESIAN_POINT('',(184.98,-989.818,454.488));
#2065=CARTESIAN_POINT('',(199.321,-1028.298,502.664));
#2066=CARTESIAN_POINT('',(202.921,-1049.276,565.629));
#2067=CARTESIAN_POINT('',(210.923,-1064.856,616.808));
#2068=CARTESIAN_POINT('',(215.67,-1065.195,671.504));
#2069=CARTESIAN_POINT('',(211.102,-1044.822,675.936));
#2070=CARTESIAN_POINT('',(207.768,-1040.759,683.86));
#2071=CARTESIAN_POINT('',(303.392,-528.997,-894.267));
#2072=CARTESIAN_POINT('',(342.639,-567.253,-887.78));
#2073=CARTESIAN_POINT('',(259.492,-572.724,-863.332));
#2074=CARTESIAN_POINT('',(261.458,-592.855,-732.789));
#2075=CARTESIAN_POINT('',(274.515,-615.697,-600.493));
#2076=CARTESIAN_POINT('',(274.41,-613.354,-475.006));
#2077=CARTESIAN_POINT('',(301.191,-624.178,-373.588));
#2078=CARTESIAN_POINT('',(310.402,-632.653,-272.437));
#2079=CARTESIAN_POINT('',(304.038,-638.996,-179.669));
#2080=CARTESIAN_POINT('',(300.513,-660.41,-94.142));
#2081=CARTESIAN_POINT('',(310.758,-697.765,-24.234));
#2082=CARTESIAN_POINT('',(330.115,-729.33,32.343));
#2083=CARTESIAN_POINT('',(334.411,-760.649,95.916));
#2084=CARTESIAN_POINT('',(311.766,-785.587,158.385));
#2085=CARTESIAN_POINT('',(287.033,-806.195,220.121));
#2086=CARTESIAN_POINT('',(251.568,-825.423,275.992));
#2087=CARTESIAN_POINT('',(193.995,-842.373,316.318));
#2088=CARTESIAN_POINT('',(234.044,-894.064,372.121));
#2089=CARTESIAN_POINT('',(247.733,-926.141,415.343));
#2090=CARTESIAN_POINT('',(233.305,-941.719,472.486));
#2091=CARTESIAN_POINT('',(218.957,-958.5,522.766));
#2092=CARTESIAN_POINT('',(205.921,-966.829,567.263));
#2093=CARTESIAN_POINT('',(199.928,-965.011,601.868));
#2094=CARTESIAN_POINT('',(197.127,-963.098,616.869));
#2095=CARTESIAN_POINT('',(195.287,-956.832,624.766));
#2096=CARTESIAN_POINT('',(279.969,-488.404,-725.848));
#2097=CARTESIAN_POINT('',(266.829,-504.212,-735.393));
#2098=CARTESIAN_POINT('',(292.09,-543.54,-712.099));
#2099=CARTESIAN_POINT('',(288.827,-575.034,-627.677));
#2100=CARTESIAN_POINT('',(290.988,-581.413,-524.163));
#2101=CARTESIAN_POINT('',(298.937,-589.363,-425.741));
#2102=CARTESIAN_POINT('',(319.248,-598.948,-330.797));
#2103=CARTESIAN_POINT('',(319.743,-603.352,-239.37));
#2104=CARTESIAN_POINT('',(314.721,-610.444,-157.701));
#2105=CARTESIAN_POINT('',(318.576,-626.64,-84.706));
#2106=CARTESIAN_POINT('',(342.334,-647.674,-21.481));
#2107=CARTESIAN_POINT('',(328.675,-671.22,41.888));
#2108=CARTESIAN_POINT('',(330.354,-694.483,96.878));
#2109=CARTESIAN_POINT('',(335.457,-723.477,153.826));
#2110=CARTESIAN_POINT('',(317.054,-747.143,207.942));
#2111=CARTESIAN_POINT('',(304.709,-774.234,259.309));
#2112=CARTESIAN_POINT('',(289.125,-796.768,311.689));
#2113=CARTESIAN_POINT('',(220.053,-800.276,344.942));
#2114=CARTESIAN_POINT('',(203.923,-822.476,387.806));
#2115=CARTESIAN_POINT('',(216.315,-847.667,429.192));
#2116=CARTESIAN_POINT('',(218.909,-864.827,472.451));
#2117=CARTESIAN_POINT('',(215.173,-870.068,515.069));
#2118=CARTESIAN_POINT('',(196.935,-869.207,548.525));
#2119=CARTESIAN_POINT('',(187.831,-855.647,556.259));
#2120=CARTESIAN_POINT('',(180.685,-848.025,562.366));
#2121=CARTESIAN_POINT('',(270.485,-510.374,-591.825));
#2122=CARTESIAN_POINT('',(285.256,-517.852,-589.934));
#2123=CARTESIAN_POINT('',(285.93,-525.409,-563.237));
#2124=CARTESIAN_POINT('',(299.903,-539.856,-504.403));
#2125=CARTESIAN_POINT('',(314.641,-546.972,-432.262));
#2126=CARTESIAN_POINT('',(335.027,-555.508,-351.441));
#2127=CARTESIAN_POINT('',(338.639,-560.94,-268.036));
#2128=CARTESIAN_POINT('',(336.706,-564.226,-194.45));
#2129=CARTESIAN_POINT('',(329.162,-568.056,-124.118));
#2130=CARTESIAN_POINT('',(348.843,-580.421,-63.137));
#2131=CARTESIAN_POINT('',(356.716,-590.409,-11.591));
#2132=CARTESIAN_POINT('',(366.007,-607.882,46.427));
#2133=CARTESIAN_POINT('',(332.326,-629.906,100.903));
#2134=CARTESIAN_POINT('',(335.646,-650.339,149.015));
#2135=CARTESIAN_POINT('',(353.658,-675.582,200.685));
#2136=CARTESIAN_POINT('',(332.971,-696.8,247.706));
#2137=CARTESIAN_POINT('',(310.621,-720.095,290.425));
#2138=CARTESIAN_POINT('',(305.878,-744.765,338.679));
#2139=CARTESIAN_POINT('',(270.685,-753.491,372.702));
#2140=CARTESIAN_POINT('',(238.027,-759.533,411.08));
#2141=CARTESIAN_POINT('',(222.511,-764.297,444.94));
#2142=CARTESIAN_POINT('',(210.668,-766.676,476.104));
#2143=CARTESIAN_POINT('',(205.838,-763.479,507.734));
#2144=CARTESIAN_POINT('',(201.392,-757.299,521.885));
#2145=CARTESIAN_POINT('',(198.983,-755.058,532.427));
#2146=CARTESIAN_POINT('',(276.305,-436.894,-428.588));
#2147=CARTESIAN_POINT('',(284.826,-442.889,-428.229));
#2148=CARTESIAN_POINT('',(316.043,-459.483,-419.618));
#2149=CARTESIAN_POINT('',(334.229,-485.664,-376.772));
#2150=CARTESIAN_POINT('',(337.651,-506.977,-318.356));
#2151=CARTESIAN_POINT('',(328.374,-520.202,-253.942));
#2152=CARTESIAN_POINT('',(319.882,-528.204,-190.746));
#2153=CARTESIAN_POINT('',(310.738,-529.484,-127.159));
#2154=CARTESIAN_POINT('',(320.01,-528.314,-71.83));
#2155=CARTESIAN_POINT('',(336.391,-528.102,-23.256));
#2156=CARTESIAN_POINT('',(348.31,-531.705,17.933));
#2157=CARTESIAN_POINT('',(351.906,-543.917,58.226));
#2158=CARTESIAN_POINT('',(355.587,-558.253,101.329));
#2159=CARTESIAN_POINT('',(334.859,-574.183,146.72));
#2160=CARTESIAN_POINT('',(337.399,-594.414,189.844));
#2161=CARTESIAN_POINT('',(354.682,-616.458,237.078));
#2162=CARTESIAN_POINT('',(351.929,-635.095,283.532));
#2163=CARTESIAN_POINT('',(326.435,-648.064,322.594));
#2164=CARTESIAN_POINT('',(303.237,-662.699,360.5));
#2165=CARTESIAN_POINT('',(287.731,-672.762,392.231));
#2166=CARTESIAN_POINT('',(274.023,-677.658,429.237));
#2167=CARTESIAN_POINT('',(264.683,-675.397,463.813));
#2168=CARTESIAN_POINT('',(245.179,-667.491,499.274));
#2169=CARTESIAN_POINT('',(237.282,-657.555,504.612));
#2170=CARTESIAN_POINT('',(230.756,-650.173,512.072));
#2171=CARTESIAN_POINT('',(275.86,-433.298,-299.837));
#2172=CARTESIAN_POINT('',(289.332,-433.277,-301.399));
#2173=CARTESIAN_POINT('',(299.615,-442.01,-282.358));
#2174=CARTESIAN_POINT('',(310.443,-453.626,-252.078));
#2175=CARTESIAN_POINT('',(311.499,-468.398,-215.404));
#2176=CARTESIAN_POINT('',(315.721,-468.387,-167.643));
#2177=CARTESIAN_POINT('',(326.46,-459.026,-119.67));
#2178=CARTESIAN_POINT('',(343.345,-444.859,-76.193));
#2179=CARTESIAN_POINT('',(362.808,-433.516,-34.488));
#2180=CARTESIAN_POINT('',(371.313,-433.81,4.628));
#2181=CARTESIAN_POINT('',(372.92,-441.328,43.608));
#2182=CARTESIAN_POINT('',(378.238,-450.923,80.421));
#2183=CARTESIAN_POINT('',(379.139,-467.794,117.688));
#2184=CARTESIAN_POINT('',(375.542,-488.318,154.535));
#2185=CARTESIAN_POINT('',(356.307,-507.145,191.502));
#2186=CARTESIAN_POINT('',(337.859,-527.617,228.885));
#2187=CARTESIAN_POINT('',(332.043,-545.319,268.122));
#2188=CARTESIAN_POINT('',(336.365,-561.273,310.698));
#2189=CARTESIAN_POINT('',(330.371,-570.61,349.91));
#2190=CARTESIAN_POINT('',(309.809,-576.016,384.838));
#2191=CARTESIAN_POINT('',(287.05,-577.614,412.758));
#2192=CARTESIAN_POINT('',(262.438,-573.324,435.908));
#2193=CARTESIAN_POINT('',(248.131,-564.424,460.132));
#2194=CARTESIAN_POINT('',(242.966,-551.549,469.76));
#2195=CARTESIAN_POINT('',(235.386,-547.804,479.177));
#2196=CARTESIAN_POINT('',(197.937,-441.319,-159.482));
#2197=CARTESIAN_POINT('',(202.568,-438.658,-154.494));
#2198=CARTESIAN_POINT('',(216.218,-431.971,-150.807));
#2199=CARTESIAN_POINT('',(236.729,-424.075,-134.893));
#2200=CARTESIAN_POINT('',(254.302,-412.63,-108.643));
#2201=CARTESIAN_POINT('',(266.448,-398.557,-80.556));
#2202=CARTESIAN_POINT('',(273.774,-386.788,-49.788));
#2203=CARTESIAN_POINT('',(277.753,-378.216,-20.104));
#2204=CARTESIAN_POINT('',(274.386,-376.68,10.123));
#2205=CARTESIAN_POINT('',(276.737,-378.501,40.412));
#2206=CARTESIAN_POINT('',(288.343,-379.367,68.609));
#2207=CARTESIAN_POINT('',(303.785,-385.537,98.342));
#2208=CARTESIAN_POINT('',(321.813,-393.452,128.97));
#2209=CARTESIAN_POINT('',(335.59,-405.898,164.052));
#2210=CARTESIAN_POINT('',(348.243,-420.952,198.062));
#2211=CARTESIAN_POINT('',(353.14,-434.87,233.509));
#2212=CARTESIAN_POINT('',(343.986,-452.549,269.2));
#2213=CARTESIAN_POINT('',(319.991,-465.38,299.888));
#2214=CARTESIAN_POINT('',(305.483,-475.148,333.274));
#2215=CARTESIAN_POINT('',(303.269,-480.425,368.763));
#2216=CARTESIAN_POINT('',(292.841,-480.514,400.825));
#2217=CARTESIAN_POINT('',(281.639,-474.871,431.552));
#2218=CARTESIAN_POINT('',(261.343,-463.584,458.07));
#2219=CARTESIAN_POINT('',(244.822,-443.328,464.433));
#2220=CARTESIAN_POINT('',(239.887,-438.971,466.634));
#2221=CARTESIAN_POINT('',(205.468,-289.723,-163.896));
#2222=CARTESIAN_POINT('',(210.185,-296.425,-156.848));
#2223=CARTESIAN_POINT('',(217.423,-302.629,-140.056));
#2224=CARTESIAN_POINT('',(226.144,-302.865,-113.028));
#2225=CARTESIAN_POINT('',(234.588,-300.494,-89.586));
#2226=CARTESIAN_POINT('',(238.827,-296.294,-61.867));
#2227=CARTESIAN_POINT('',(242.954,-291.35,-34.386));
#2228=CARTESIAN_POINT('',(251.355,-289.467,-7.693));
#2229=CARTESIAN_POINT('',(267.703,-290.141,16.789));
#2230=CARTESIAN_POINT('',(277.066,-294.814,45.938));
#2231=CARTESIAN_POINT('',(275.705,-303.799,77.3));
#2232=CARTESIAN_POINT('',(270.348,-314.939,107.38));
#2233=CARTESIAN_POINT('',(268.837,-326.332,137.811));
#2234=CARTESIAN_POINT('',(271.953,-337.364,167.447));
#2235=CARTESIAN_POINT('',(274.374,-349.75,197.9));
#2236=CARTESIAN_POINT('',(276.762,-360.831,227.286));
#2237=CARTESIAN_POINT('',(282.651,-369.456,259.721));
#2238=CARTESIAN_POINT('',(293.196,-379.585,294.846));
#2239=CARTESIAN_POINT('',(299.247,-384.863,328.202));
#2240=CARTESIAN_POINT('',(292.904,-388.436,359.899));
#2241=CARTESIAN_POINT('',(277.157,-388.339,388.729));
#2242=CARTESIAN_POINT('',(259.654,-382.645,411.629));
#2243=CARTESIAN_POINT('',(233.698,-372.932,432.541));
#2244=CARTESIAN_POINT('',(228.434,-358.057,432.124));
#2245=CARTESIAN_POINT('',(210.071,-358.245,446.722));
#2246=CARTESIAN_POINT('',(218.149,-188.264,-157.236));
#2247=CARTESIAN_POINT('',(223.163,-186.708,-150.169));
#2248=CARTESIAN_POINT('',(235.697,-183.649,-136.792));
#2249=CARTESIAN_POINT('',(251.414,-183.467,-115.749));
#2250=CARTESIAN_POINT('',(266.079,-181.814,-90.78));
#2251=CARTESIAN_POINT('',(278.73,-180.844,-65.847));
#2252=CARTESIAN_POINT('',(286.515,-180.109,-39.185));
#2253=CARTESIAN_POINT('',(287.928,-182.826,-11.363));
#2254=CARTESIAN_POINT('',(286.268,-186.232,17.674));
#2255=CARTESIAN_POINT('',(292.688,-195.22,43.639));
#2256=CARTESIAN_POINT('',(307.813,-205.077,70.599));
#2257=CARTESIAN_POINT('',(319.354,-218.509,98.665));
#2258=CARTESIAN_POINT('',(324.172,-231.285,128.999));
#2259=CARTESIAN_POINT('',(322.473,-244.221,160.733));
#2260=CARTESIAN_POINT('',(319.701,-256.428,192.92));
#2261=CARTESIAN_POINT('',(315.261,-269.809,222.786));
#2262=CARTESIAN_POINT('',(308.076,-279.863,253.987));
#2263=CARTESIAN_POINT('',(298.927,-288.951,282.128));
#2264=CARTESIAN_POINT('',(293.079,-296.915,314.05));
#2265=CARTESIAN_POINT('',(285.734,-300.642,343.017));
#2266=CARTESIAN_POINT('',(274.945,-302.368,369.83));
#2267=CARTESIAN_POINT('',(259.614,-301.244,394.329));
#2268=CARTESIAN_POINT('',(243.154,-297.335,413.726));
#2269=CARTESIAN_POINT('',(226.588,-299.396,427.015));
#2270=CARTESIAN_POINT('',(220.286,-296.228,431.239));
#2271=CARTESIAN_POINT('',(237.509,-54.493,-163.53));
#2272=CARTESIAN_POINT('',(244.265,-55.096,-156.968));
#2273=CARTESIAN_POINT('',(254.673,-56.337,-141.557));
#2274=CARTESIAN_POINT('',(266.718,-59.392,-116.873));
#2275=CARTESIAN_POINT('',(275.073,-63.332,-91.694));
#2276=CARTESIAN_POINT('',(280.391,-66.924,-65.039));
#2277=CARTESIAN_POINT('',(283.345,-72.516,-37.27));
#2278=CARTESIAN_POINT('',(286.767,-80.121,-11.187));
#2279=CARTESIAN_POINT('',(290.984,-89.636,16.319));
#2280=CARTESIAN_POINT('',(289.882,-99.765,45.384));
#2281=CARTESIAN_POINT('',(294.349,-114.928,72.36));
#2282=CARTESIAN_POINT('',(302.569,-126.91,99.869));
#2283=CARTESIAN_POINT('',(311.429,-141.218,127.509));
#2284=CARTESIAN_POINT('',(319.797,-156.943,155.956));
#2285=CARTESIAN_POINT('',(323.101,-170.622,184.952));
#2286=CARTESIAN_POINT('',(322.683,-183.698,214.181));
#2287=CARTESIAN_POINT('',(317.428,-195.281,240.856));
#2288=CARTESIAN_POINT('',(309.181,-203.33,270.543));
#2289=CARTESIAN_POINT('',(300.351,-210.175,296.082));
#2290=CARTESIAN_POINT('',(289.165,-216.206,322.25));
#2291=CARTESIAN_POINT('',(277.854,-218.105,346.25));
#2292=CARTESIAN_POINT('',(264.359,-216.542,367.468));
#2293=CARTESIAN_POINT('',(247.685,-213.255,386.552));
#2294=CARTESIAN_POINT('',(244.424,-208.646,392.176));
#2295=CARTESIAN_POINT('',(236.639,-208.322,399.919));
#2296=CARTESIAN_POINT('',(250.417,64.031,-165.564));
#2297=CARTESIAN_POINT('',(256.199,63.391,-158.238));
#2298=CARTESIAN_POINT('',(267.292,61.828,-143.681));
#2299=CARTESIAN_POINT('',(278.081,59.912,-117.419));
#2300=CARTESIAN_POINT('',(285.157,53.525,-90.586));
#2301=CARTESIAN_POINT('',(291.058,46.166,-64.113));
#2302=CARTESIAN_POINT('',(296.219,36.744,-38.024));
#2303=CARTESIAN_POINT('',(297.883,26.227,-10.647));
#2304=CARTESIAN_POINT('',(295.98,13.154,16.438));
#2305=CARTESIAN_POINT('',(296.743,-1.843,43.419));
#2306=CARTESIAN_POINT('',(297.914,-16.776,72.418));
#2307=CARTESIAN_POINT('',(306.13,-33.711,97.874));
#2308=CARTESIAN_POINT('',(312.578,-49.643,125.672));
#2309=CARTESIAN_POINT('',(320.144,-65.875,153.696));
#2310=CARTESIAN_POINT('',(328.799,-81.006,182.791));
#2311=CARTESIAN_POINT('',(330.02,-95.153,210.868));
#2312=CARTESIAN_POINT('',(329.614,-107.958,237.32));
#2313=CARTESIAN_POINT('',(325.205,-118.179,263.747));
#2314=CARTESIAN_POINT('',(315.731,-125.648,289.913));
#2315=CARTESIAN_POINT('',(305.146,-131.089,314.506));
#2316=CARTESIAN_POINT('',(293.327,-134.119,337.525));
#2317=CARTESIAN_POINT('',(279.633,-135.938,358.954));
#2318=CARTESIAN_POINT('',(265.378,-132.275,375.555));
#2319=CARTESIAN_POINT('',(258.027,-138.132,382.928));
#2320=CARTESIAN_POINT('',(253.27,-136.302,387.4));
#2321=CARTESIAN_POINT('',(223.435,183.593,-128.732));
#2322=CARTESIAN_POINT('',(228.623,184.334,-122.89));
#2323=CARTESIAN_POINT('',(238.372,183.442,-109.325));
#2324=CARTESIAN_POINT('',(252.256,181.779,-89.803));
#2325=CARTESIAN_POINT('',(265.473,175.954,-69.728));
#2326=CARTESIAN_POINT('',(275.053,164.108,-48.79));
#2327=CARTESIAN_POINT('',(280.106,150.025,-26.747));
#2328=CARTESIAN_POINT('',(285.163,132.16,-4.218));
#2329=CARTESIAN_POINT('',(291.706,113.363,19.046));
#2330=CARTESIAN_POINT('',(295.938,95.892,44.041));
#2331=CARTESIAN_POINT('',(295.277,76.241,68.096));
#2332=CARTESIAN_POINT('',(294.155,57.554,95.483));
#2333=CARTESIAN_POINT('',(303.48,40.136,121.667));
#2334=CARTESIAN_POINT('',(308.391,22.516,149.031));
#2335=CARTESIAN_POINT('',(314.777,5.322,177.557));
#2336=CARTESIAN_POINT('',(323.399,-9.537,205.963));
#2337=CARTESIAN_POINT('',(325.589,-22.235,233.29));
#2338=CARTESIAN_POINT('',(323.895,-32.84,258.977));
#2339=CARTESIAN_POINT('',(318.937,-41.056,286.771));
#2340=CARTESIAN_POINT('',(310.371,-46.107,310.718));
#2341=CARTESIAN_POINT('',(299.498,-48.397,335.369));
#2342=CARTESIAN_POINT('',(287.852,-43.339,357.704));
#2343=CARTESIAN_POINT('',(270.47,-34.814,382.139));
#2344=CARTESIAN_POINT('',(262.853,-7.623,390.583));
#2345=CARTESIAN_POINT('',(255.109,-6.139,398.344));
#2346=CARTESIAN_POINT('',(174.092,273.368,-90.069));
#2347=CARTESIAN_POINT('',(175.946,274.719,-83.685));
#2348=CARTESIAN_POINT('',(181.765,275.535,-73.011));
#2349=CARTESIAN_POINT('',(187.37,268.997,-55.837));
#2350=CARTESIAN_POINT('',(193.528,259.007,-39.549));
#2351=CARTESIAN_POINT('',(203.607,248.339,-22.816));
#2352=CARTESIAN_POINT('',(220.055,236.032,-7.715));
#2353=CARTESIAN_POINT('',(237.714,220.644,8.777));
#2354=CARTESIAN_POINT('',(249.373,205.159,28.237));
#2355=CARTESIAN_POINT('',(257.933,185.339,50.436));
#2356=CARTESIAN_POINT('',(269.625,166.915,73.37));
#2357=CARTESIAN_POINT('',(277.478,147.253,93.628));
#2358=CARTESIAN_POINT('',(285.747,126.338,118.687));
#2359=CARTESIAN_POINT('',(300.765,109.308,141.864));
#2360=CARTESIAN_POINT('',(311.063,92.474,169.643));
#2361=CARTESIAN_POINT('',(315.088,75.102,196.62));
#2362=CARTESIAN_POINT('',(319.815,61.309,223.838));
#2363=CARTESIAN_POINT('',(321.138,49.413,250.312));
#2364=CARTESIAN_POINT('',(316.888,39.456,278.151));
#2365=CARTESIAN_POINT('',(309.746,32.717,304.539));
#2366=CARTESIAN_POINT('',(300.643,27.868,329.862));
#2367=CARTESIAN_POINT('',(289.566,24.792,354.15));
#2368=CARTESIAN_POINT('',(274.591,21.635,376.49));
#2369=CARTESIAN_POINT('',(264.676,11.666,385.929));
#2370=CARTESIAN_POINT('',(248.267,12.024,401.393));
#2371=CARTESIAN_POINT('',(143.867,395.251,-61.776));
#2372=CARTESIAN_POINT('',(147.218,393.862,-57.196));
#2373=CARTESIAN_POINT('',(149.276,391.351,-43.652));
#2374=CARTESIAN_POINT('',(158.259,383.472,-26.987));
#2375=CARTESIAN_POINT('',(167.236,373.498,-11.637));
#2376=CARTESIAN_POINT('',(175.487,355.659,3.63));
#2377=CARTESIAN_POINT('',(187.316,336.327,15.517));
#2378=CARTESIAN_POINT('',(201.926,316.338,25.831));
#2379=CARTESIAN_POINT('',(221.505,292.582,36.312));
#2380=CARTESIAN_POINT('',(238.277,274.26,52.119));
#2381=CARTESIAN_POINT('',(245.966,251.841,71.163));
#2382=CARTESIAN_POINT('',(251.465,230.397,92.935));
#2383=CARTESIAN_POINT('',(256.868,209.537,114.414));
#2384=CARTESIAN_POINT('',(264.356,187.391,138.961));
#2385=CARTESIAN_POINT('',(280.233,170.114,161.305));
#2386=CARTESIAN_POINT('',(295.26,156.534,186.101));
#2387=CARTESIAN_POINT('',(303.702,141.937,210.669));
#2388=CARTESIAN_POINT('',(308.399,128.443,235.528));
#2389=CARTESIAN_POINT('',(312.507,118.477,258.84));
#2390=CARTESIAN_POINT('',(309.16,110.385,285.568));
#2391=CARTESIAN_POINT('',(302.252,105.118,308.722));
#2392=CARTESIAN_POINT('',(294.764,102.694,331.481));
#2393=CARTESIAN_POINT('',(286.689,103.385,351.324));
#2394=CARTESIAN_POINT('',(282.394,102.589,361.803));
#2395=CARTESIAN_POINT('',(282.296,102.259,364.517));
#2396=CARTESIAN_POINT('',(182.48,481.334,-92.77));
#2397=CARTESIAN_POINT('',(186.697,479.609,-88.95));
#2398=CARTESIAN_POINT('',(198.119,474.082,-84.201));
#2399=CARTESIAN_POINT('',(213.283,464.771,-77.954));
#2400=CARTESIAN_POINT('',(225.734,451.891,-65.806));
#2401=CARTESIAN_POINT('',(237.969,438.667,-52.644));
#2402=CARTESIAN_POINT('',(242.594,420.735,-30.841));
#2403=CARTESIAN_POINT('',(244.873,400.173,-7.255));
#2404=CARTESIAN_POINT('',(239.56,383.433,18.689));
#2405=CARTESIAN_POINT('',(236.657,359.252,42.115));
#2406=CARTESIAN_POINT('',(238.308,337.162,63.564));
#2407=CARTESIAN_POINT('',(241.215,311.267,84.049));
#2408=CARTESIAN_POINT('',(242.174,288.199,106.163));
#2409=CARTESIAN_POINT('',(242.082,265.564,128.377));
#2410=CARTESIAN_POINT('',(246.848,243.795,153.855));
#2411=CARTESIAN_POINT('',(259.976,227.568,178.617));
#2412=CARTESIAN_POINT('',(275.623,215.904,200.659));
#2413=CARTESIAN_POINT('',(286.298,204.253,224.188));
#2414=CARTESIAN_POINT('',(291.301,192.172,246.837));
#2415=CARTESIAN_POINT('',(295.879,184.676,269.881));
#2416=CARTESIAN_POINT('',(296.617,178.214,293.077));
#2417=CARTESIAN_POINT('',(291.126,175.908,314.877));
#2418=CARTESIAN_POINT('',(282.199,175.694,336.2));
#2419=CARTESIAN_POINT('',(277.845,176.775,343.587));
#2420=CARTESIAN_POINT('',(272.231,178.754,352.361));
#2421=CARTESIAN_POINT('',(212.27,551.909,-175.1));
#2422=CARTESIAN_POINT('',(218.211,550.706,-174.519));
#2423=CARTESIAN_POINT('',(226.93,549.527,-163.274));
#2424=CARTESIAN_POINT('',(237.403,537.904,-141.573));
#2425=CARTESIAN_POINT('',(246.637,531.736,-118.423));
#2426=CARTESIAN_POINT('',(253.109,516.496,-90.967));
#2427=CARTESIAN_POINT('',(259.125,501.015,-64.43));
#2428=CARTESIAN_POINT('',(263.45,481.905,-38.462));
#2429=CARTESIAN_POINT('',(273.531,455.415,-14.923));
#2430=CARTESIAN_POINT('',(271.158,435.562,14.174));
#2431=CARTESIAN_POINT('',(263.45,411.122,41.207));
#2432=CARTESIAN_POINT('',(251.87,390.123,67.842));
#2433=CARTESIAN_POINT('',(243.571,363.849,92.243));
#2434=CARTESIAN_POINT('',(237.399,340.084,115.559));
#2435=CARTESIAN_POINT('',(230.349,317.052,137.341));
#2436=CARTESIAN_POINT('',(227.78,295.937,162.228));
#2437=CARTESIAN_POINT('',(237.125,279.178,187.37));
#2438=CARTESIAN_POINT('',(252.736,267.662,210.043));
#2439=CARTESIAN_POINT('',(266.766,260.449,231.855));
#2440=CARTESIAN_POINT('',(270.939,252.898,253.093));
#2441=CARTESIAN_POINT('',(273.486,248.177,276.593));
#2442=CARTESIAN_POINT('',(274.676,245.324,296.849));
#2443=CARTESIAN_POINT('',(271.862,247.971,318.076));
#2444=CARTESIAN_POINT('',(268.601,250.582,326.341));
#2445=CARTESIAN_POINT('',(268.057,251.084,332.756));
#2446=CARTESIAN_POINT('',(240.611,594.222,-284.565));
#2447=CARTESIAN_POINT('',(247.567,590.738,-277.477));
#2448=CARTESIAN_POINT('',(262.736,585.36,-271.86));
#2449=CARTESIAN_POINT('',(282.534,583.44,-246.682));
#2450=CARTESIAN_POINT('',(292.664,579.676,-211.));
#2451=CARTESIAN_POINT('',(296.458,579.746,-173.084));
#2452=CARTESIAN_POINT('',(298.297,571.063,-133.571));
#2453=CARTESIAN_POINT('',(288.815,556.89,-87.58));
#2454=CARTESIAN_POINT('',(274.934,546.853,-46.749));
#2455=CARTESIAN_POINT('',(272.151,518.442,-14.636));
#2456=CARTESIAN_POINT('',(274.685,487.432,15.663));
#2457=CARTESIAN_POINT('',(276.039,457.962,45.703));
#2458=CARTESIAN_POINT('',(268.7,435.229,72.52));
#2459=CARTESIAN_POINT('',(256.027,410.849,99.783));
#2460=CARTESIAN_POINT('',(245.237,388.17,124.392));
#2461=CARTESIAN_POINT('',(232.348,366.416,146.713));
#2462=CARTESIAN_POINT('',(219.781,347.877,168.891));
#2463=CARTESIAN_POINT('',(215.011,329.859,193.435));
#2464=CARTESIAN_POINT('',(223.524,317.336,217.155));
#2465=CARTESIAN_POINT('',(237.972,310.719,238.748));
#2466=CARTESIAN_POINT('',(247.072,306.624,259.04));
#2467=CARTESIAN_POINT('',(249.775,305.966,280.376));
#2468=CARTESIAN_POINT('',(249.395,306.046,299.754));
#2469=CARTESIAN_POINT('',(247.837,308.596,308.202));
#2470=CARTESIAN_POINT('',(245.716,311.763,315.235));
#2471=CARTESIAN_POINT('',(242.348,691.001,-383.837));
#2472=CARTESIAN_POINT('',(251.486,690.016,-385.006));
#2473=CARTESIAN_POINT('',(267.899,682.653,-371.549));
#2474=CARTESIAN_POINT('',(292.418,662.488,-346.671));
#2475=CARTESIAN_POINT('',(316.909,650.223,-317.092));
#2476=CARTESIAN_POINT('',(334.054,627.53,-270.038));
#2477=CARTESIAN_POINT('',(338.275,616.612,-216.844));
#2478=CARTESIAN_POINT('',(345.633,601.889,-164.501));
#2479=CARTESIAN_POINT('',(337.847,580.383,-110.885));
#2480=CARTESIAN_POINT('',(314.108,577.229,-58.826));
#2481=CARTESIAN_POINT('',(288.07,558.06,-16.122));
#2482=CARTESIAN_POINT('',(275.83,532.199,19.82));
#2483=CARTESIAN_POINT('',(271.686,501.921,51.268));
#2484=CARTESIAN_POINT('',(270.185,475.074,79.405));
#2485=CARTESIAN_POINT('',(262.781,451.392,106.237));
#2486=CARTESIAN_POINT('',(253.629,431.158,132.066));
#2487=CARTESIAN_POINT('',(242.995,412.463,155.938));
#2488=CARTESIAN_POINT('',(229.081,397.864,175.57));
#2489=CARTESIAN_POINT('',(214.294,384.406,197.205));
#2490=CARTESIAN_POINT('',(205.737,371.535,218.582));
#2491=CARTESIAN_POINT('',(208.558,363.323,241.011));
#2492=CARTESIAN_POINT('',(216.538,359.264,260.935));
#2493=CARTESIAN_POINT('',(222.37,359.375,281.407));
#2494=CARTESIAN_POINT('',(225.616,357.425,292.629));
#2495=CARTESIAN_POINT('',(226.501,357.984,299.208));
#2496=CARTESIAN_POINT('',(252.573,778.953,-482.969));
#2497=CARTESIAN_POINT('',(255.906,772.534,-478.226));
#2498=CARTESIAN_POINT('',(263.844,768.795,-476.968));
#2499=CARTESIAN_POINT('',(283.829,763.715,-450.633));
#2500=CARTESIAN_POINT('',(301.452,746.862,-408.193));
#2501=CARTESIAN_POINT('',(321.251,734.278,-354.612));
#2502=CARTESIAN_POINT('',(337.46,696.639,-293.339));
#2503=CARTESIAN_POINT('',(342.902,670.213,-235.87));
#2504=CARTESIAN_POINT('',(355.201,650.633,-171.492));
#2505=CARTESIAN_POINT('',(359.159,613.331,-116.505));
#2506=CARTESIAN_POINT('',(346.323,599.868,-59.72));
#2507=CARTESIAN_POINT('',(318.43,580.42,-13.066));
#2508=CARTESIAN_POINT('',(296.84,565.883,25.102));
#2509=CARTESIAN_POINT('',(277.097,542.406,58.977));
#2510=CARTESIAN_POINT('',(267.914,516.182,87.305));
#2511=CARTESIAN_POINT('',(262.165,492.069,112.961));
#2512=CARTESIAN_POINT('',(255.455,473.617,139.552));
#2513=CARTESIAN_POINT('',(250.321,456.786,161.947));
#2514=CARTESIAN_POINT('',(242.507,443.727,183.464));
#2515=CARTESIAN_POINT('',(231.972,434.506,204.841));
#2516=CARTESIAN_POINT('',(218.22,426.876,223.013));
#2517=CARTESIAN_POINT('',(207.21,422.182,243.008));
#2518=CARTESIAN_POINT('',(203.759,419.711,262.128));
#2519=CARTESIAN_POINT('',(203.193,422.487,273.619));
#2520=CARTESIAN_POINT('',(203.99,423.954,278.947));
#2521=CARTESIAN_POINT('',(246.098,834.513,-617.548));
#2522=CARTESIAN_POINT('',(256.457,834.169,-606.092));
#2523=CARTESIAN_POINT('',(280.602,835.073,-584.143));
#2524=CARTESIAN_POINT('',(289.136,825.943,-549.826));
#2525=CARTESIAN_POINT('',(298.677,817.327,-508.681));
#2526=CARTESIAN_POINT('',(314.815,781.472,-439.652));
#2527=CARTESIAN_POINT('',(325.648,779.369,-366.17));
#2528=CARTESIAN_POINT('',(336.138,742.453,-292.928));
#2529=CARTESIAN_POINT('',(341.404,703.487,-233.229));
#2530=CARTESIAN_POINT('',(358.305,685.595,-163.511));
#2531=CARTESIAN_POINT('',(363.472,649.552,-109.903));
#2532=CARTESIAN_POINT('',(358.294,628.646,-50.064));
#2533=CARTESIAN_POINT('',(338.748,601.625,-5.657));
#2534=CARTESIAN_POINT('',(322.136,587.485,35.736));
#2535=CARTESIAN_POINT('',(296.601,570.639,71.011));
#2536=CARTESIAN_POINT('',(276.377,553.149,96.867));
#2537=CARTESIAN_POINT('',(263.923,532.91,120.553));
#2538=CARTESIAN_POINT('',(255.113,517.524,147.403));
#2539=CARTESIAN_POINT('',(250.757,501.869,167.622));
#2540=CARTESIAN_POINT('',(246.934,489.607,189.197));
#2541=CARTESIAN_POINT('',(244.563,481.212,212.126));
#2542=CARTESIAN_POINT('',(239.056,474.819,230.959));
#2543=CARTESIAN_POINT('',(230.608,472.224,251.161));
#2544=CARTESIAN_POINT('',(227.913,473.468,260.39));
#2545=CARTESIAN_POINT('',(226.007,475.029,268.133));
#2546=CARTESIAN_POINT('',(249.353,857.159,-762.077));
#2547=CARTESIAN_POINT('',(250.641,861.148,-761.619));
#2548=CARTESIAN_POINT('',(254.786,860.472,-750.421));
#2549=CARTESIAN_POINT('',(293.306,884.652,-669.738));
#2550=CARTESIAN_POINT('',(307.317,883.439,-591.75));
#2551=CARTESIAN_POINT('',(300.171,870.276,-518.416));
#2552=CARTESIAN_POINT('',(320.034,808.777,-439.601));
#2553=CARTESIAN_POINT('',(316.39,814.478,-360.055));
#2554=CARTESIAN_POINT('',(331.846,765.14,-276.038));
#2555=CARTESIAN_POINT('',(338.714,728.172,-217.48));
#2556=CARTESIAN_POINT('',(364.215,707.452,-145.045));
#2557=CARTESIAN_POINT('',(367.492,675.242,-95.211));
#2558=CARTESIAN_POINT('',(364.51,657.991,-33.529));
#2559=CARTESIAN_POINT('',(347.146,626.198,4.909));
#2560=CARTESIAN_POINT('',(338.534,608.69,50.679));
#2561=CARTESIAN_POINT('',(317.607,593.233,85.69));
#2562=CARTESIAN_POINT('',(296.713,584.1,111.721));
#2563=CARTESIAN_POINT('',(278.37,570.307,131.495));
#2564=CARTESIAN_POINT('',(266.774,559.136,159.106));
#2565=CARTESIAN_POINT('',(260.8,547.965,177.569));
#2566=CARTESIAN_POINT('',(256.425,541.584,197.039));
#2567=CARTESIAN_POINT('',(251.59,527.707,219.167));
#2568=CARTESIAN_POINT('',(250.792,519.119,240.604));
#2569=CARTESIAN_POINT('',(249.304,519.338,255.71));
#2570=CARTESIAN_POINT('',(250.166,519.961,259.993));
#2571=CARTESIAN_POINT('',(275.129,738.052,-840.933));
#2572=CARTESIAN_POINT('',(306.343,731.14,-827.836));
#2573=CARTESIAN_POINT('',(360.825,773.49,-836.818));
#2574=CARTESIAN_POINT('',(304.263,854.653,-788.558));
#2575=CARTESIAN_POINT('',(312.145,903.264,-670.456));
#2576=CARTESIAN_POINT('',(312.971,904.564,-566.318));
#2577=CARTESIAN_POINT('',(305.255,878.531,-471.014));
#2578=CARTESIAN_POINT('',(319.785,820.238,-394.121));
#2579=CARTESIAN_POINT('',(315.753,812.638,-308.963));
#2580=CARTESIAN_POINT('',(339.283,761.646,-231.723));
#2581=CARTESIAN_POINT('',(344.994,738.815,-171.613));
#2582=CARTESIAN_POINT('',(368.281,706.446,-107.973));
#2583=CARTESIAN_POINT('',(370.187,683.751,-58.827));
#2584=CARTESIAN_POINT('',(364.087,662.709,-6.071));
#2585=CARTESIAN_POINT('',(349.523,640.589,31.441));
#2586=CARTESIAN_POINT('',(337.407,622.217,75.66));
#2587=CARTESIAN_POINT('',(318.964,608.487,104.205));
#2588=CARTESIAN_POINT('',(302.229,601.864,131.07));
#2589=CARTESIAN_POINT('',(285.386,589.683,150.293));
#2590=CARTESIAN_POINT('',(275.834,582.832,173.678));
#2591=CARTESIAN_POINT('',(273.402,578.997,194.932));
#2592=CARTESIAN_POINT('',(267.405,560.734,214.997));
#2593=CARTESIAN_POINT('',(260.692,546.826,240.704));
#2594=CARTESIAN_POINT('',(258.155,540.065,244.676));
#2595=CARTESIAN_POINT('',(259.272,541.519,256.623));
#2596=CARTESIAN_POINT('',(270.751,712.421,-849.403));
#2597=CARTESIAN_POINT('',(286.743,694.447,-866.229));
#2598=CARTESIAN_POINT('',(398.838,709.261,-855.861));
#2599=CARTESIAN_POINT('',(350.631,850.324,-831.63));
#2600=CARTESIAN_POINT('',(306.654,898.631,-713.879));
#2601=CARTESIAN_POINT('',(320.735,924.329,-594.108));
#2602=CARTESIAN_POINT('',(300.045,895.215,-500.403));
#2603=CARTESIAN_POINT('',(314.91,845.977,-408.451));
#2604=CARTESIAN_POINT('',(313.743,822.058,-322.344));
#2605=CARTESIAN_POINT('',(337.389,781.934,-245.96));
#2606=CARTESIAN_POINT('',(347.248,752.362,-182.286));
#2607=CARTESIAN_POINT('',(362.392,722.823,-117.294));
#2608=CARTESIAN_POINT('',(371.201,697.661,-66.634));
#2609=CARTESIAN_POINT('',(367.818,677.526,-13.419));
#2610=CARTESIAN_POINT('',(356.499,653.199,25.142));
#2611=CARTESIAN_POINT('',(345.932,636.671,67.582));
#2612=CARTESIAN_POINT('',(329.513,621.428,101.278));
#2613=CARTESIAN_POINT('',(312.797,615.205,126.489));
#2614=CARTESIAN_POINT('',(294.084,604.505,151.443));
#2615=CARTESIAN_POINT('',(283.039,597.681,172.191));
#2616=CARTESIAN_POINT('',(275.809,590.932,193.651));
#2617=CARTESIAN_POINT('',(271.449,578.578,216.299));
#2618=CARTESIAN_POINT('',(265.138,556.598,237.078));
#2619=CARTESIAN_POINT('',(264.64,554.263,251.729));
#2620=CARTESIAN_POINT('',(263.152,550.679,255.445));
#2621=CARTESIAN_POINT('',(-242.621,-683.019,-928.341));
#2622=CARTESIAN_POINT('',(-265.149,-727.69,-919.22));
#2623=CARTESIAN_POINT('',(-276.337,-709.32,-863.826));
#2624=CARTESIAN_POINT('',(-230.808,-592.16,-767.453));
#2625=CARTESIAN_POINT('',(-269.421,-627.605,-599.67));
#2626=CARTESIAN_POINT('',(-263.114,-623.37,-484.417));
#2627=CARTESIAN_POINT('',(-294.514,-641.673,-360.112));
#2628=CARTESIAN_POINT('',(-301.247,-645.292,-253.458));
#2629=CARTESIAN_POINT('',(-293.377,-654.115,-154.995));
#2630=CARTESIAN_POINT('',(-309.509,-675.93,-68.745));
#2631=CARTESIAN_POINT('',(-330.553,-701.297,7.053));
#2632=CARTESIAN_POINT('',(-336.798,-739.898,87.511));
#2633=CARTESIAN_POINT('',(-311.549,-782.608,158.333));
#2634=CARTESIAN_POINT('',(-293.032,-800.208,209.634));
#2635=CARTESIAN_POINT('',(-251.079,-822.563,272.332));
#2636=CARTESIAN_POINT('',(-223.748,-868.527,327.533));
#2637=CARTESIAN_POINT('',(-238.817,-904.078,376.534));
#2638=CARTESIAN_POINT('',(-220.895,-947.363,435.23));
#2639=CARTESIAN_POINT('',(-219.756,-978.309,481.584));
#2640=CARTESIAN_POINT('',(-216.215,-1006.956,550.738));
#2641=CARTESIAN_POINT('',(-212.773,-1038.409,605.13));
#2642=CARTESIAN_POINT('',(-221.313,-1068.731,677.433));
#2643=CARTESIAN_POINT('',(-234.289,-1059.614,725.431));
#2644=CARTESIAN_POINT('',(-231.866,-1062.454,737.225));
#2645=CARTESIAN_POINT('',(-230.202,-1061.543,746.403));
#2646=CARTESIAN_POINT('',(-227.036,-693.384,-930.185));
#2647=CARTESIAN_POINT('',(-240.124,-789.837,-929.214));
#2648=CARTESIAN_POINT('',(-231.705,-744.863,-842.753));
#2649=CARTESIAN_POINT('',(-234.572,-591.159,-772.168));
#2650=CARTESIAN_POINT('',(-256.112,-639.609,-594.215));
#2651=CARTESIAN_POINT('',(-259.251,-630.01,-487.021));
#2652=CARTESIAN_POINT('',(-286.225,-650.165,-360.573));
#2653=CARTESIAN_POINT('',(-295.923,-653.698,-255.196));
#2654=CARTESIAN_POINT('',(-287.87,-661.005,-156.043));
#2655=CARTESIAN_POINT('',(-302.703,-692.354,-70.291));
#2656=CARTESIAN_POINT('',(-331.802,-712.846,6.653));
#2657=CARTESIAN_POINT('',(-331.994,-761.549,88.99));
#2658=CARTESIAN_POINT('',(-302.643,-797.282,154.148));
#2659=CARTESIAN_POINT('',(-286.776,-811.641,204.697));
#2660=CARTESIAN_POINT('',(-231.758,-835.334,278.233));
#2661=CARTESIAN_POINT('',(-224.625,-893.645,328.027));
#2662=CARTESIAN_POINT('',(-237.642,-912.146,384.211));
#2663=CARTESIAN_POINT('',(-213.963,-978.744,428.801));
#2664=CARTESIAN_POINT('',(-216.045,-988.853,489.9));
#2665=CARTESIAN_POINT('',(-218.709,-1027.996,561.61));
#2666=CARTESIAN_POINT('',(-210.07,-1065.415,611.963));
#2667=CARTESIAN_POINT('',(-222.305,-1077.035,706.511));
#2668=CARTESIAN_POINT('',(-245.639,-1076.305,717.65));
#2669=CARTESIAN_POINT('',(-240.73,-1078.163,770.976));
#2670=CARTESIAN_POINT('',(-226.975,-1058.47,745.591));
#2671=CARTESIAN_POINT('',(-91.178,-726.301,-944.091));
#2672=CARTESIAN_POINT('',(-52.769,-832.553,-900.902));
#2673=CARTESIAN_POINT('',(-180.483,-679.415,-861.094));
#2674=CARTESIAN_POINT('',(-221.244,-634.368,-724.608));
#2675=CARTESIAN_POINT('',(-235.061,-635.829,-588.276));
#2676=CARTESIAN_POINT('',(-250.888,-655.108,-476.544));
#2677=CARTESIAN_POINT('',(-273.732,-664.131,-356.852));
#2678=CARTESIAN_POINT('',(-281.055,-667.518,-252.737));
#2679=CARTESIAN_POINT('',(-276.593,-683.538,-154.293));
#2680=CARTESIAN_POINT('',(-303.651,-715.984,-71.445));
#2681=CARTESIAN_POINT('',(-332.298,-753.504,2.027));
#2682=CARTESIAN_POINT('',(-314.728,-792.419,91.636));
#2683=CARTESIAN_POINT('',(-292.115,-818.481,155.513));
#2684=CARTESIAN_POINT('',(-254.957,-831.159,217.812));
#2685=CARTESIAN_POINT('',(-208.995,-881.768,281.038));
#2686=CARTESIAN_POINT('',(-245.017,-914.432,336.199));
#2687=CARTESIAN_POINT('',(-213.237,-968.822,392.825));
#2688=CARTESIAN_POINT('',(-200.237,-989.34,448.654));
#2689=CARTESIAN_POINT('',(-218.606,-1032.824,513.677));
#2690=CARTESIAN_POINT('',(-200.856,-1071.653,566.725));
#2691=CARTESIAN_POINT('',(-212.033,-1092.977,662.744));
#2692=CARTESIAN_POINT('',(-232.789,-1104.314,703.631));
#2693=CARTESIAN_POINT('',(-284.203,-1092.803,761.609));
#2694=CARTESIAN_POINT('',(-224.349,-1055.361,772.785));
#2695=CARTESIAN_POINT('',(-209.291,-1041.493,761.406));
#2696=CARTESIAN_POINT('',(-128.358,-593.092,-820.586));
#2697=CARTESIAN_POINT('',(-145.527,-590.689,-807.683));
#2698=CARTESIAN_POINT('',(-160.555,-630.079,-764.237));
#2699=CARTESIAN_POINT('',(-191.674,-629.396,-655.032));
#2700=CARTESIAN_POINT('',(-206.381,-650.609,-546.309));
#2701=CARTESIAN_POINT('',(-232.055,-677.541,-446.34));
#2702=CARTESIAN_POINT('',(-252.659,-684.527,-339.533));
#2703=CARTESIAN_POINT('',(-258.67,-685.537,-236.681));
#2704=CARTESIAN_POINT('',(-265.459,-720.891,-148.006));
#2705=CARTESIAN_POINT('',(-302.369,-758.087,-70.991));
#2706=CARTESIAN_POINT('',(-310.79,-802.138,10.615));
#2707=CARTESIAN_POINT('',(-283.196,-832.208,96.183));
#2708=CARTESIAN_POINT('',(-260.721,-848.533,164.442));
#2709=CARTESIAN_POINT('',(-205.309,-878.884,230.057));
#2710=CARTESIAN_POINT('',(-229.693,-930.707,293.297));
#2711=CARTESIAN_POINT('',(-204.385,-968.184,352.317));
#2712=CARTESIAN_POINT('',(-174.619,-1001.703,416.1));
#2713=CARTESIAN_POINT('',(-206.731,-1050.056,468.593));
#2714=CARTESIAN_POINT('',(-195.131,-1094.621,535.319));
#2715=CARTESIAN_POINT('',(-225.058,-1120.845,613.877));
#2716=CARTESIAN_POINT('',(-203.133,-1133.071,696.169));
#2717=CARTESIAN_POINT('',(-301.173,-1128.278,740.652));
#2718=CARTESIAN_POINT('',(-249.019,-1063.755,828.761));
#2719=CARTESIAN_POINT('',(-158.131,-1056.437,787.575));
#2720=CARTESIAN_POINT('',(-190.5,-1039.9,776.807));
#2721=CARTESIAN_POINT('',(-152.136,-571.556,-689.464));
#2722=CARTESIAN_POINT('',(-146.513,-590.04,-677.018));
#2723=CARTESIAN_POINT('',(-159.063,-599.661,-644.997));
#2724=CARTESIAN_POINT('',(-165.338,-630.158,-574.85));
#2725=CARTESIAN_POINT('',(-181.653,-660.365,-491.258));
#2726=CARTESIAN_POINT('',(-211.39,-699.662,-403.852));
#2727=CARTESIAN_POINT('',(-228.843,-689.35,-303.173));
#2728=CARTESIAN_POINT('',(-236.804,-716.962,-216.108));
#2729=CARTESIAN_POINT('',(-260.244,-755.76,-138.021));
#2730=CARTESIAN_POINT('',(-284.002,-805.345,-62.84));
#2731=CARTESIAN_POINT('',(-271.112,-837.896,26.21));
#2732=CARTESIAN_POINT('',(-256.528,-862.551,106.178));
#2733=CARTESIAN_POINT('',(-206.289,-876.114,178.187));
#2734=CARTESIAN_POINT('',(-209.186,-933.167,242.827));
#2735=CARTESIAN_POINT('',(-198.211,-968.733,308.744));
#2736=CARTESIAN_POINT('',(-155.396,-1000.682,376.414));
#2737=CARTESIAN_POINT('',(-188.74,-1058.197,428.404));
#2738=CARTESIAN_POINT('',(-184.255,-1105.179,495.07));
#2739=CARTESIAN_POINT('',(-233.656,-1149.956,557.764));
#2740=CARTESIAN_POINT('',(-203.099,-1159.772,663.427));
#2741=CARTESIAN_POINT('',(-241.447,-1177.265,727.73));
#2742=CARTESIAN_POINT('',(-345.359,-1122.766,837.618));
#2743=CARTESIAN_POINT('',(-136.547,-1067.578,830.27));
#2744=CARTESIAN_POINT('',(-191.447,-1041.088,770.053));
#2745=CARTESIAN_POINT('',(-166.231,-990.751,760.788));
#2746=CARTESIAN_POINT('',(-136.111,-568.22,-572.089));
#2747=CARTESIAN_POINT('',(-141.859,-574.892,-569.032));
#2748=CARTESIAN_POINT('',(-136.402,-601.756,-543.605));
#2749=CARTESIAN_POINT('',(-148.845,-634.285,-489.854));
#2750=CARTESIAN_POINT('',(-163.501,-681.158,-427.041));
#2751=CARTESIAN_POINT('',(-188.853,-697.008,-348.41));
#2752=CARTESIAN_POINT('',(-204.861,-703.902,-264.539));
#2753=CARTESIAN_POINT('',(-220.807,-750.467,-194.697));
#2754=CARTESIAN_POINT('',(-246.197,-795.884,-123.756));
#2755=CARTESIAN_POINT('',(-247.196,-835.387,-42.111));
#2756=CARTESIAN_POINT('',(-242.002,-870.984,42.072));
#2757=CARTESIAN_POINT('',(-203.312,-876.996,122.061));
#2758=CARTESIAN_POINT('',(-193.944,-926.612,188.3));
#2759=CARTESIAN_POINT('',(-184.38,-966.001,259.268));
#2760=CARTESIAN_POINT('',(-148.461,-995.942,331.045));
#2761=CARTESIAN_POINT('',(-166.556,-1056.,384.066));
#2762=CARTESIAN_POINT('',(-168.503,-1108.971,450.863));
#2763=CARTESIAN_POINT('',(-214.073,-1158.827,501.019));
#2764=CARTESIAN_POINT('',(-230.484,-1205.337,595.26));
#2765=CARTESIAN_POINT('',(-181.218,-1188.023,700.612));
#2766=CARTESIAN_POINT('',(-290.043,-1200.065,798.981));
#2767=CARTESIAN_POINT('',(-284.017,-1127.618,924.507));
#2768=CARTESIAN_POINT('',(-117.859,-1072.676,771.104));
#2769=CARTESIAN_POINT('',(-168.648,-999.258,801.555));
#2770=CARTESIAN_POINT('',(-141.146,-972.293,767.842));
#2771=CARTESIAN_POINT('',(-117.208,-580.638,-471.393));
#2772=CARTESIAN_POINT('',(-117.374,-596.341,-467.395));
#2773=CARTESIAN_POINT('',(-128.365,-611.56,-453.054));
#2774=CARTESIAN_POINT('',(-132.915,-652.281,-415.009));
#2775=CARTESIAN_POINT('',(-148.339,-683.294,-360.628));
#2776=CARTESIAN_POINT('',(-172.888,-697.219,-295.923));
#2777=CARTESIAN_POINT('',(-181.246,-732.754,-230.717));
#2778=CARTESIAN_POINT('',(-202.476,-782.104,-169.949));
#2779=CARTESIAN_POINT('',(-213.67,-824.492,-99.884));
#2780=CARTESIAN_POINT('',(-215.266,-866.124,-21.6));
#2781=CARTESIAN_POINT('',(-194.782,-878.741,62.695));
#2782=CARTESIAN_POINT('',(-177.775,-917.933,132.401));
#2783=CARTESIAN_POINT('',(-174.636,-962.912,202.842));
#2784=CARTESIAN_POINT('',(-138.482,-985.854,281.702));
#2785=CARTESIAN_POINT('',(-152.622,-1049.825,336.124));
#2786=CARTESIAN_POINT('',(-138.404,-1094.612,407.71));
#2787=CARTESIAN_POINT('',(-193.833,-1164.875,449.095));
#2788=CARTESIAN_POINT('',(-215.614,-1206.701,515.539));
#2789=CARTESIAN_POINT('',(-211.544,-1253.545,633.074));
#2790=CARTESIAN_POINT('',(-188.148,-1198.019,717.585));
#2791=CARTESIAN_POINT('',(-231.848,-1197.272,871.94));
#2792=CARTESIAN_POINT('',(-192.917,-1160.383,918.469));
#2793=CARTESIAN_POINT('',(-121.255,-1034.7,761.59));
#2794=CARTESIAN_POINT('',(-137.595,-988.711,809.402));
#2795=CARTESIAN_POINT('',(-114.386,-954.057,771.384));
#2796=CARTESIAN_POINT('',(-108.264,-594.83,-389.239));
#2797=CARTESIAN_POINT('',(-111.646,-603.891,-386.871));
#2798=CARTESIAN_POINT('',(-113.037,-624.814,-376.198));
#2799=CARTESIAN_POINT('',(-120.381,-659.233,-345.895));
#2800=CARTESIAN_POINT('',(-147.66,-677.118,-300.282));
#2801=CARTESIAN_POINT('',(-152.271,-708.44,-247.453));
#2802=CARTESIAN_POINT('',(-162.582,-757.998,-199.071));
#2803=CARTESIAN_POINT('',(-176.009,-803.988,-141.719));
#2804=CARTESIAN_POINT('',(-184.183,-848.855,-75.592));
#2805=CARTESIAN_POINT('',(-174.316,-871.662,6.753));
#2806=CARTESIAN_POINT('',(-163.349,-910.125,74.944));
#2807=CARTESIAN_POINT('',(-158.597,-954.717,146.149));
#2808=CARTESIAN_POINT('',(-132.535,-977.841,224.866));
#2809=CARTESIAN_POINT('',(-127.578,-1029.429,289.811));
#2810=CARTESIAN_POINT('',(-128.556,-1082.699,354.173));
#2811=CARTESIAN_POINT('',(-141.741,-1146.1,409.687));
#2812=CARTESIAN_POINT('',(-204.463,-1215.218,448.248));
#2813=CARTESIAN_POINT('',(-202.583,-1256.903,531.2));
#2814=CARTESIAN_POINT('',(-196.787,-1288.65,652.746));
#2815=CARTESIAN_POINT('',(-184.263,-1217.359,722.944));
#2816=CARTESIAN_POINT('',(-173.94,-1217.728,874.879));
#2817=CARTESIAN_POINT('',(-138.992,-1133.349,855.754));
#2818=CARTESIAN_POINT('',(-120.04,-1027.647,790.688));
#2819=CARTESIAN_POINT('',(-98.841,-962.506,801.146));
#2820=CARTESIAN_POINT('',(-92.044,-933.865,765.446));
#2821=CARTESIAN_POINT('',(-115.831,-600.939,-321.134));
#2822=CARTESIAN_POINT('',(-117.6,-610.657,-318.992));
#2823=CARTESIAN_POINT('',(-121.578,-629.347,-310.666));
#2824=CARTESIAN_POINT('',(-133.55,-651.998,-284.021));
#2825=CARTESIAN_POINT('',(-132.154,-681.113,-246.135));
#2826=CARTESIAN_POINT('',(-132.515,-727.902,-211.849));
#2827=CARTESIAN_POINT('',(-140.2,-773.785,-167.515));
#2828=CARTESIAN_POINT('',(-152.417,-817.91,-111.761));
#2829=CARTESIAN_POINT('',(-148.371,-852.061,-41.263));
#2830=CARTESIAN_POINT('',(-146.132,-898.355,18.287));
#2831=CARTESIAN_POINT('',(-143.931,-941.445,89.322));
#2832=CARTESIAN_POINT('',(-123.95,-967.988,165.542));
#2833=CARTESIAN_POINT('',(-109.675,-1004.305,242.554));
#2834=CARTESIAN_POINT('',(-111.861,-1060.243,299.911));
#2835=CARTESIAN_POINT('',(-113.067,-1122.796,370.257));
#2836=CARTESIAN_POINT('',(-154.433,-1190.025,400.665));
#2837=CARTESIAN_POINT('',(-197.678,-1260.659,457.423));
#2838=CARTESIAN_POINT('',(-186.84,-1296.613,543.511));
#2839=CARTESIAN_POINT('',(-190.784,-1317.01,659.313));
#2840=CARTESIAN_POINT('',(-164.74,-1258.233,737.59));
#2841=CARTESIAN_POINT('',(-146.776,-1204.936,845.874));
#2842=CARTESIAN_POINT('',(-119.884,-1124.47,843.449));
#2843=CARTESIAN_POINT('',(-89.648,-1010.991,808.472));
#2844=CARTESIAN_POINT('',(-78.42,-948.362,787.405));
#2845=CARTESIAN_POINT('',(-69.688,-922.004,760.839));
#2846=CARTESIAN_POINT('',(-112.024,-602.904,-265.613));
#2847=CARTESIAN_POINT('',(-112.811,-612.001,-262.732));
#2848=CARTESIAN_POINT('',(-115.521,-628.002,-251.856));
#2849=CARTESIAN_POINT('',(-109.964,-660.288,-234.269));
#2850=CARTESIAN_POINT('',(-108.561,-696.161,-210.531));
#2851=CARTESIAN_POINT('',(-112.545,-739.388,-180.43));
#2852=CARTESIAN_POINT('',(-118.369,-781.317,-135.832));
#2853=CARTESIAN_POINT('',(-120.239,-826.068,-84.296));
#2854=CARTESIAN_POINT('',(-120.252,-877.311,-31.729));
#2855=CARTESIAN_POINT('',(-124.574,-924.979,29.117));
#2856=CARTESIAN_POINT('',(-112.017,-956.335,105.989));
#2857=CARTESIAN_POINT('',(-99.214,-982.033,184.548));
#2858=CARTESIAN_POINT('',(-90.75,-1029.979,253.874));
#2859=CARTESIAN_POINT('',(-98.134,-1094.132,311.321));
#2860=CARTESIAN_POINT('',(-103.664,-1158.609,377.161));
#2861=CARTESIAN_POINT('',(-162.357,-1239.622,392.544));
#2862=CARTESIAN_POINT('',(-174.325,-1304.546,467.622));
#2863=CARTESIAN_POINT('',(-176.356,-1344.231,548.122));
#2864=CARTESIAN_POINT('',(-167.166,-1341.563,661.06));
#2865=CARTESIAN_POINT('',(-146.709,-1295.707,749.746));
#2866=CARTESIAN_POINT('',(-117.126,-1216.167,831.664));
#2867=CARTESIAN_POINT('',(-91.816,-1121.278,844.01));
#2868=CARTESIAN_POINT('',(-73.341,-1013.354,812.468));
#2869=CARTESIAN_POINT('',(-59.237,-948.71,789.727));
#2870=CARTESIAN_POINT('',(-51.86,-919.277,761.595));
#2871=CARTESIAN_POINT('',(-78.914,-601.334,-235.523));
#2872=CARTESIAN_POINT('',(-80.093,-612.442,-233.117));
#2873=CARTESIAN_POINT('',(-81.47,-634.279,-226.181));
#2874=CARTESIAN_POINT('',(-80.261,-668.75,-212.935));
#2875=CARTESIAN_POINT('',(-82.676,-708.958,-192.385));
#2876=CARTESIAN_POINT('',(-84.749,-752.5,-164.927));
#2877=CARTESIAN_POINT('',(-91.189,-799.725,-125.899));
#2878=CARTESIAN_POINT('',(-93.797,-851.167,-82.475));
#2879=CARTESIAN_POINT('',(-97.502,-896.895,-25.993));
#2880=CARTESIAN_POINT('',(-97.387,-943.176,40.388));
#2881=CARTESIAN_POINT('',(-85.737,-962.599,120.638));
#2882=CARTESIAN_POINT('',(-74.769,-998.958,199.083));
#2883=CARTESIAN_POINT('',(-78.617,-1059.208,257.533));
#2884=CARTESIAN_POINT('',(-78.915,-1122.653,325.027));
#2885=CARTESIAN_POINT('',(-105.08,-1202.358,368.165));
#2886=CARTESIAN_POINT('',(-151.342,-1291.247,396.44));
#2887=CARTESIAN_POINT('',(-145.378,-1350.909,466.979));
#2888=CARTESIAN_POINT('',(-142.202,-1369.575,550.693));
#2889=CARTESIAN_POINT('',(-137.48,-1372.151,655.823));
#2890=CARTESIAN_POINT('',(-121.396,-1331.819,757.698));
#2891=CARTESIAN_POINT('',(-93.752,-1231.449,825.41));
#2892=CARTESIAN_POINT('',(-73.199,-1129.436,854.783));
#2893=CARTESIAN_POINT('',(-51.312,-1018.321,813.49));
#2894=CARTESIAN_POINT('',(-42.542,-956.126,794.618));
#2895=CARTESIAN_POINT('',(-36.481,-931.848,772.021));
#2896=CARTESIAN_POINT('',(-45.917,-600.139,-229.685));
#2897=CARTESIAN_POINT('',(-47.91,-611.244,-224.706));
#2898=CARTESIAN_POINT('',(-50.601,-632.663,-216.881));
#2899=CARTESIAN_POINT('',(-52.298,-674.053,-203.217));
#2900=CARTESIAN_POINT('',(-52.769,-717.503,-187.294));
#2901=CARTESIAN_POINT('',(-59.819,-763.465,-159.424));
#2902=CARTESIAN_POINT('',(-64.322,-813.61,-122.715));
#2903=CARTESIAN_POINT('',(-68.177,-862.772,-76.859));
#2904=CARTESIAN_POINT('',(-72.087,-912.878,-22.097));
#2905=CARTESIAN_POINT('',(-71.759,-953.113,48.377));
#2906=CARTESIAN_POINT('',(-61.373,-968.011,130.557));
#2907=CARTESIAN_POINT('',(-56.986,-1019.011,204.635));
#2908=CARTESIAN_POINT('',(-62.227,-1080.889,263.742));
#2909=CARTESIAN_POINT('',(-65.64,-1154.252,329.944));
#2910=CARTESIAN_POINT('',(-98.218,-1247.124,360.467));
#2911=CARTESIAN_POINT('',(-124.214,-1346.885,388.392));
#2912=CARTESIAN_POINT('',(-119.135,-1390.515,460.126));
#2913=CARTESIAN_POINT('',(-113.347,-1424.737,539.985));
#2914=CARTESIAN_POINT('',(-78.438,-1378.001,639.579));
#2915=CARTESIAN_POINT('',(-110.015,-1383.186,763.073));
#2916=CARTESIAN_POINT('',(-59.877,-1249.,823.812));
#2917=CARTESIAN_POINT('',(-54.816,-1144.137,857.866));
#2918=CARTESIAN_POINT('',(-30.756,-1026.096,818.719));
#2919=CARTESIAN_POINT('',(-24.631,-959.302,797.51));
#2920=CARTESIAN_POINT('',(-18.478,-930.335,771.052));
#2921=CARTESIAN_POINT('',(-14.677,-597.336,-225.28));
#2922=CARTESIAN_POINT('',(-16.54,-607.846,-220.728));
#2923=CARTESIAN_POINT('',(-18.442,-633.765,-209.136));
#2924=CARTESIAN_POINT('',(-23.389,-670.955,-196.098));
#2925=CARTESIAN_POINT('',(-28.678,-715.741,-177.26));
#2926=CARTESIAN_POINT('',(-31.247,-763.182,-150.399));
#2927=CARTESIAN_POINT('',(-38.509,-817.253,-120.096));
#2928=CARTESIAN_POINT('',(-40.745,-870.387,-76.696));
#2929=CARTESIAN_POINT('',(-45.814,-920.483,-20.501));
#2930=CARTESIAN_POINT('',(-46.076,-956.374,52.357));
#2931=CARTESIAN_POINT('',(-41.392,-978.999,131.114));
#2932=CARTESIAN_POINT('',(-38.159,-1030.572,206.308));
#2933=CARTESIAN_POINT('',(-47.48,-1101.394,263.398));
#2934=CARTESIAN_POINT('',(-44.709,-1174.42,329.823));
#2935=CARTESIAN_POINT('',(-86.438,-1293.555,342.347));
#2936=CARTESIAN_POINT('',(-89.123,-1380.145,366.805));
#2937=CARTESIAN_POINT('',(-150.188,-1488.954,423.742));
#2938=CARTESIAN_POINT('',(-85.071,-1463.86,535.534));
#2939=CARTESIAN_POINT('',(-53.093,-1423.494,620.124));
#2940=CARTESIAN_POINT('',(-59.111,-1408.344,762.427));
#2941=CARTESIAN_POINT('',(-39.846,-1277.83,821.006));
#2942=CARTESIAN_POINT('',(-29.169,-1158.257,864.561));
#2943=CARTESIAN_POINT('',(-12.293,-1038.815,821.364));
#2944=CARTESIAN_POINT('',(-6.744,-970.24,804.543));
#2945=CARTESIAN_POINT('',(-0.246,-938.736,777.155));
#2946=CARTESIAN_POINT('',(18.636,-596.64,-226.982));
#2947=CARTESIAN_POINT('',(17.646,-607.639,-221.163));
#2948=CARTESIAN_POINT('',(8.356,-624.695,-211.776));
#2949=CARTESIAN_POINT('',(6.97,-667.673,-193.381));
#2950=CARTESIAN_POINT('',(1.89,-709.217,-174.192));
#2951=CARTESIAN_POINT('',(-7.186,-755.852,-145.552));
#2952=CARTESIAN_POINT('',(-11.047,-809.43,-114.307));
#2953=CARTESIAN_POINT('',(-15.387,-861.475,-71.29));
#2954=CARTESIAN_POINT('',(-19.924,-916.232,-20.352));
#2955=CARTESIAN_POINT('',(-21.352,-960.098,48.895));
#2956=CARTESIAN_POINT('',(-19.885,-985.194,128.265));
#2957=CARTESIAN_POINT('',(-22.929,-1038.682,201.153));
#2958=CARTESIAN_POINT('',(-22.004,-1102.116,264.483));
#2959=CARTESIAN_POINT('',(-35.407,-1198.708,317.659));
#2960=CARTESIAN_POINT('',(-32.137,-1306.878,343.622));
#2961=CARTESIAN_POINT('',(-93.248,-1449.626,293.494));
#2962=CARTESIAN_POINT('',(-43.155,-1509.817,409.402));
#2963=CARTESIAN_POINT('',(-60.068,-1591.608,532.546));
#2964=CARTESIAN_POINT('',(-20.756,-1468.707,627.587));
#2965=CARTESIAN_POINT('',(-8.501,-1390.172,721.307));
#2966=CARTESIAN_POINT('',(-6.126,-1304.182,819.62));
#2967=CARTESIAN_POINT('',(-2.717,-1168.845,867.024));
#2968=CARTESIAN_POINT('',(5.872,-1049.444,823.651));
#2969=CARTESIAN_POINT('',(13.395,-978.805,808.856));
#2970=CARTESIAN_POINT('',(16.125,-952.058,785.774));
#2971=CARTESIAN_POINT('',(52.049,-596.11,-233.171));
#2972=CARTESIAN_POINT('',(51.479,-606.643,-229.502));
#2973=CARTESIAN_POINT('',(53.964,-631.262,-220.127));
#2974=CARTESIAN_POINT('',(32.639,-656.764,-206.617));
#2975=CARTESIAN_POINT('',(30.361,-705.636,-186.75));
#2976=CARTESIAN_POINT('',(23.224,-748.972,-156.369));
#2977=CARTESIAN_POINT('',(15.539,-801.298,-119.791));
#2978=CARTESIAN_POINT('',(10.989,-857.449,-79.691));
#2979=CARTESIAN_POINT('',(7.89,-906.567,-22.403));
#2980=CARTESIAN_POINT('',(2.78,-960.076,37.935));
#2981=CARTESIAN_POINT('',(1.093,-982.893,121.844));
#2982=CARTESIAN_POINT('',(-1.06,-1037.557,193.764));
#2983=CARTESIAN_POINT('',(-5.701,-1100.461,261.597));
#2984=CARTESIAN_POINT('',(-0.544,-1199.39,305.919));
#2985=CARTESIAN_POINT('',(-10.855,-1302.812,348.38));
#2986=CARTESIAN_POINT('',(29.246,-1465.751,269.026));
#2987=CARTESIAN_POINT('',(11.671,-1503.408,392.997));
#2988=CARTESIAN_POINT('',(57.93,-1583.031,528.569));
#2989=CARTESIAN_POINT('',(28.619,-1469.446,608.187));
#2990=CARTESIAN_POINT('',(33.122,-1411.464,726.216));
#2991=CARTESIAN_POINT('',(30.984,-1314.146,811.656));
#2992=CARTESIAN_POINT('',(22.016,-1180.681,861.926));
#2993=CARTESIAN_POINT('',(28.207,-1064.04,832.642));
#2994=CARTESIAN_POINT('',(33.079,-981.752,806.466));
#2995=CARTESIAN_POINT('',(36.966,-953.748,786.45));
#2996=CARTESIAN_POINT('',(85.841,-589.401,-243.34));
#2997=CARTESIAN_POINT('',(82.599,-598.659,-239.764));
#2998=CARTESIAN_POINT('',(81.25,-618.829,-230.963));
#2999=CARTESIAN_POINT('',(80.178,-655.874,-215.978));
#3000=CARTESIAN_POINT('',(57.174,-685.331,-200.213));
#3001=CARTESIAN_POINT('',(50.507,-741.274,-176.814));
#3002=CARTESIAN_POINT('',(43.799,-791.369,-139.084));
#3003=CARTESIAN_POINT('',(38.567,-849.348,-94.437));
#3004=CARTESIAN_POINT('',(31.821,-903.651,-42.247));
#3005=CARTESIAN_POINT('',(31.575,-949.543,29.908));
#3006=CARTESIAN_POINT('',(21.699,-975.465,110.592));
#3007=CARTESIAN_POINT('',(18.586,-1024.323,184.756));
#3008=CARTESIAN_POINT('',(17.017,-1089.116,251.53));
#3009=CARTESIAN_POINT('',(19.045,-1170.28,307.824));
#3010=CARTESIAN_POINT('',(34.12,-1288.712,341.38));
#3011=CARTESIAN_POINT('',(72.126,-1386.467,322.013));
#3012=CARTESIAN_POINT('',(115.557,-1496.785,382.323));
#3013=CARTESIAN_POINT('',(100.339,-1489.245,501.943));
#3014=CARTESIAN_POINT('',(45.698,-1416.583,589.647));
#3015=CARTESIAN_POINT('',(87.765,-1406.988,714.248));
#3016=CARTESIAN_POINT('',(68.135,-1316.685,807.374));
#3017=CARTESIAN_POINT('',(56.205,-1189.126,844.855));
#3018=CARTESIAN_POINT('',(52.874,-1075.775,843.071));
#3019=CARTESIAN_POINT('',(50.854,-1000.989,808.381));
#3020=CARTESIAN_POINT('',(53.77,-965.744,793.114));
#3021=CARTESIAN_POINT('',(114.795,-587.185,-294.664));
#3022=CARTESIAN_POINT('',(115.956,-594.942,-288.838));
#3023=CARTESIAN_POINT('',(117.045,-606.463,-276.419));
#3024=CARTESIAN_POINT('',(114.85,-636.579,-249.968));
#3025=CARTESIAN_POINT('',(103.132,-674.111,-216.244));
#3026=CARTESIAN_POINT('',(82.065,-713.092,-186.786));
#3027=CARTESIAN_POINT('',(72.971,-769.36,-151.184));
#3028=CARTESIAN_POINT('',(64.101,-832.377,-112.885));
#3029=CARTESIAN_POINT('',(66.224,-884.425,-52.433));
#3030=CARTESIAN_POINT('',(53.545,-942.791,8.795));
#3031=CARTESIAN_POINT('',(48.029,-960.326,96.775));
#3032=CARTESIAN_POINT('',(37.576,-1005.623,173.956));
#3033=CARTESIAN_POINT('',(37.009,-1063.916,240.111));
#3034=CARTESIAN_POINT('',(40.454,-1142.35,296.372));
#3035=CARTESIAN_POINT('',(52.773,-1226.106,347.558));
#3036=CARTESIAN_POINT('',(98.787,-1342.105,352.657));
#3037=CARTESIAN_POINT('',(103.143,-1380.61,417.884));
#3038=CARTESIAN_POINT('',(133.432,-1441.061,496.166));
#3039=CARTESIAN_POINT('',(78.704,-1381.78,587.006));
#3040=CARTESIAN_POINT('',(120.298,-1380.152,697.098));
#3041=CARTESIAN_POINT('',(99.544,-1303.415,783.25));
#3042=CARTESIAN_POINT('',(81.516,-1198.652,846.598));
#3043=CARTESIAN_POINT('',(83.048,-1087.701,834.427));
#3044=CARTESIAN_POINT('',(74.577,-1019.913,815.317));
#3045=CARTESIAN_POINT('',(76.601,-987.204,802.15));
#3046=CARTESIAN_POINT('',(103.819,-584.297,-362.064));
#3047=CARTESIAN_POINT('',(107.15,-594.795,-359.321));
#3048=CARTESIAN_POINT('',(110.22,-618.203,-345.795));
#3049=CARTESIAN_POINT('',(119.952,-634.075,-311.546));
#3050=CARTESIAN_POINT('',(133.95,-661.746,-265.899));
#3051=CARTESIAN_POINT('',(119.44,-700.275,-216.483));
#3052=CARTESIAN_POINT('',(111.56,-746.13,-169.088));
#3053=CARTESIAN_POINT('',(97.761,-796.636,-113.793));
#3054=CARTESIAN_POINT('',(80.234,-864.308,-75.843));
#3055=CARTESIAN_POINT('',(93.922,-919.857,-2.771));
#3056=CARTESIAN_POINT('',(69.627,-956.94,69.865));
#3057=CARTESIAN_POINT('',(60.819,-976.783,157.967));
#3058=CARTESIAN_POINT('',(52.946,-1039.642,227.193));
#3059=CARTESIAN_POINT('',(59.492,-1101.004,282.195));
#3060=CARTESIAN_POINT('',(62.24,-1179.786,345.524));
#3061=CARTESIAN_POINT('',(108.685,-1261.661,364.835));
#3062=CARTESIAN_POINT('',(136.099,-1340.071,410.656));
#3063=CARTESIAN_POINT('',(122.561,-1357.834,491.595));
#3064=CARTESIAN_POINT('',(146.045,-1374.659,578.498));
#3065=CARTESIAN_POINT('',(147.974,-1349.515,690.633));
#3066=CARTESIAN_POINT('',(126.751,-1287.591,761.386));
#3067=CARTESIAN_POINT('',(113.94,-1203.286,845.193));
#3068=CARTESIAN_POINT('',(99.145,-1102.371,834.812));
#3069=CARTESIAN_POINT('',(100.162,-1039.049,815.607));
#3070=CARTESIAN_POINT('',(97.514,-1009.26,806.463));
#3071=CARTESIAN_POINT('',(103.508,-565.272,-425.75));
#3072=CARTESIAN_POINT('',(102.697,-576.526,-414.606));
#3073=CARTESIAN_POINT('',(113.621,-603.144,-413.421));
#3074=CARTESIAN_POINT('',(115.173,-651.857,-377.697));
#3075=CARTESIAN_POINT('',(126.998,-662.655,-324.911));
#3076=CARTESIAN_POINT('',(148.27,-689.954,-263.219));
#3077=CARTESIAN_POINT('',(130.028,-736.887,-210.901));
#3078=CARTESIAN_POINT('',(145.132,-787.055,-145.134));
#3079=CARTESIAN_POINT('',(118.775,-824.431,-73.439));
#3080=CARTESIAN_POINT('',(101.543,-891.549,-31.521));
#3081=CARTESIAN_POINT('',(112.534,-943.804,50.502));
#3082=CARTESIAN_POINT('',(85.076,-962.789,130.448));
#3083=CARTESIAN_POINT('',(76.135,-1001.789,209.858));
#3084=CARTESIAN_POINT('',(74.86,-1066.406,267.112));
#3085=CARTESIAN_POINT('',(74.562,-1129.091,330.75));
#3086=CARTESIAN_POINT('',(101.625,-1203.672,371.985));
#3087=CARTESIAN_POINT('',(154.227,-1268.298,399.017));
#3088=CARTESIAN_POINT('',(168.966,-1324.774,478.489));
#3089=CARTESIAN_POINT('',(168.318,-1335.698,560.718));
#3090=CARTESIAN_POINT('',(173.672,-1328.018,676.286));
#3091=CARTESIAN_POINT('',(153.455,-1266.043,742.579));
#3092=CARTESIAN_POINT('',(130.749,-1209.046,843.641));
#3093=CARTESIAN_POINT('',(140.812,-1123.837,859.126));
#3094=CARTESIAN_POINT('',(116.658,-1058.472,799.288));
#3095=CARTESIAN_POINT('',(125.809,-1031.115,808.425));
#3096=CARTESIAN_POINT('',(123.106,-567.625,-520.835));
#3097=CARTESIAN_POINT('',(124.626,-581.659,-518.211));
#3098=CARTESIAN_POINT('',(117.334,-584.703,-486.311));
#3099=CARTESIAN_POINT('',(130.169,-629.462,-445.693));
#3100=CARTESIAN_POINT('',(142.521,-682.872,-386.925));
#3101=CARTESIAN_POINT('',(152.83,-684.457,-316.373));
#3102=CARTESIAN_POINT('',(168.072,-720.464,-244.895));
#3103=CARTESIAN_POINT('',(157.226,-772.684,-185.441));
#3104=CARTESIAN_POINT('',(169.214,-826.254,-112.007));
#3105=CARTESIAN_POINT('',(135.364,-848.797,-32.624));
#3106=CARTESIAN_POINT('',(125.804,-917.896,19.721));
#3107=CARTESIAN_POINT('',(116.699,-956.584,100.513));
#3108=CARTESIAN_POINT('',(97.528,-976.669,178.522));
#3109=CARTESIAN_POINT('',(88.056,-1024.544,253.424));
#3110=CARTESIAN_POINT('',(95.708,-1085.216,304.867));
#3111=CARTESIAN_POINT('',(92.772,-1147.95,372.631));
#3112=CARTESIAN_POINT('',(151.178,-1209.46,390.861));
#3113=CARTESIAN_POINT('',(182.579,-1270.939,455.348));
#3114=CARTESIAN_POINT('',(186.42,-1286.329,543.545));
#3115=CARTESIAN_POINT('',(191.583,-1299.584,650.999));
#3116=CARTESIAN_POINT('',(168.835,-1228.201,731.912));
#3117=CARTESIAN_POINT('',(179.487,-1217.654,829.531));
#3118=CARTESIAN_POINT('',(138.386,-1163.487,924.751));
#3119=CARTESIAN_POINT('',(152.023,-1084.138,795.596));
#3120=CARTESIAN_POINT('',(148.353,-1066.244,809.43));
#3121=CARTESIAN_POINT('',(140.228,-550.395,-624.518));
#3122=CARTESIAN_POINT('',(137.001,-556.324,-606.584));
#3123=CARTESIAN_POINT('',(147.258,-606.712,-584.228));
#3124=CARTESIAN_POINT('',(132.627,-609.029,-506.25));
#3125=CARTESIAN_POINT('',(155.788,-666.568,-453.967));
#3126=CARTESIAN_POINT('',(176.887,-696.707,-370.703));
#3127=CARTESIAN_POINT('',(183.476,-698.732,-285.034));
#3128=CARTESIAN_POINT('',(197.575,-746.84,-210.589));
#3129=CARTESIAN_POINT('',(192.955,-803.91,-144.705));
#3130=CARTESIAN_POINT('',(178.915,-852.916,-70.364));
#3131=CARTESIAN_POINT('',(168.416,-871.371,15.342));
#3132=CARTESIAN_POINT('',(159.929,-922.049,85.542));
#3133=CARTESIAN_POINT('',(140.698,-964.809,152.043));
#3134=CARTESIAN_POINT('',(113.621,-985.613,224.422));
#3135=CARTESIAN_POINT('',(105.56,-1043.786,287.353));
#3136=CARTESIAN_POINT('',(111.258,-1096.926,341.238));
#3137=CARTESIAN_POINT('',(124.649,-1150.804,406.317));
#3138=CARTESIAN_POINT('',(197.674,-1203.232,432.376));
#3139=CARTESIAN_POINT('',(196.597,-1256.324,523.473));
#3140=CARTESIAN_POINT('',(201.357,-1245.231,618.191));
#3141=CARTESIAN_POINT('',(187.643,-1236.224,723.2));
#3142=CARTESIAN_POINT('',(198.202,-1159.62,804.413));
#3143=CARTESIAN_POINT('',(278.425,-1218.343,977.367));
#3144=CARTESIAN_POINT('',(153.614,-1066.187,827.729));
#3145=CARTESIAN_POINT('',(182.809,-1090.628,829.105));
#3146=CARTESIAN_POINT('',(153.1,-528.982,-763.539));
#3147=CARTESIAN_POINT('',(141.496,-546.595,-731.528));
#3148=CARTESIAN_POINT('',(148.869,-578.709,-667.566));
#3149=CARTESIAN_POINT('',(152.724,-614.5,-590.586));
#3150=CARTESIAN_POINT('',(156.509,-644.944,-499.356));
#3151=CARTESIAN_POINT('',(195.151,-693.739,-431.97));
#3152=CARTESIAN_POINT('',(210.35,-695.187,-324.391));
#3153=CARTESIAN_POINT('',(210.861,-713.367,-240.014));
#3154=CARTESIAN_POINT('',(236.804,-774.721,-162.804));
#3155=CARTESIAN_POINT('',(207.339,-828.45,-92.225));
#3156=CARTESIAN_POINT('',(191.95,-872.574,-26.372));
#3157=CARTESIAN_POINT('',(202.897,-873.594,81.097));
#3158=CARTESIAN_POINT('',(171.939,-925.78,140.936));
#3159=CARTESIAN_POINT('',(171.513,-962.378,207.528));
#3160=CARTESIAN_POINT('',(124.689,-993.996,270.423));
#3161=CARTESIAN_POINT('',(129.635,-1054.642,318.192));
#3162=CARTESIAN_POINT('',(119.038,-1108.246,377.039));
#3163=CARTESIAN_POINT('',(173.206,-1136.687,447.822));
#3164=CARTESIAN_POINT('',(211.567,-1193.795,490.6));
#3165=CARTESIAN_POINT('',(209.805,-1231.845,588.495));
#3166=CARTESIAN_POINT('',(193.146,-1201.306,689.472));
#3167=CARTESIAN_POINT('',(219.251,-1196.742,778.035));
#3168=CARTESIAN_POINT('',(344.881,-1151.85,845.38));
#3169=CARTESIAN_POINT('',(244.728,-1098.99,855.063));
#3170=CARTESIAN_POINT('',(228.897,-1085.161,817.192));
#3171=CARTESIAN_POINT('',(103.363,-617.919,-897.94));
#3172=CARTESIAN_POINT('',(114.461,-603.007,-891.327));
#3173=CARTESIAN_POINT('',(141.95,-613.173,-792.17));
#3174=CARTESIAN_POINT('',(166.43,-614.101,-650.09));
#3175=CARTESIAN_POINT('',(164.204,-639.069,-549.759));
#3176=CARTESIAN_POINT('',(213.826,-681.062,-465.224));
#3177=CARTESIAN_POINT('',(231.638,-690.98,-366.283));
#3178=CARTESIAN_POINT('',(239.351,-693.462,-257.022));
#3179=CARTESIAN_POINT('',(241.876,-731.089,-180.621));
#3180=CARTESIAN_POINT('',(268.079,-801.718,-98.38));
#3181=CARTESIAN_POINT('',(195.776,-850.062,-60.897));
#3182=CARTESIAN_POINT('',(255.757,-869.897,45.76));
#3183=CARTESIAN_POINT('',(204.425,-867.451,145.075));
#3184=CARTESIAN_POINT('',(197.296,-925.527,191.271));
#3185=CARTESIAN_POINT('',(183.006,-960.953,256.809));
#3186=CARTESIAN_POINT('',(140.115,-994.777,312.597));
#3187=CARTESIAN_POINT('',(138.542,-1065.173,339.288));
#3188=CARTESIAN_POINT('',(139.596,-1108.154,407.464));
#3189=CARTESIAN_POINT('',(202.912,-1110.973,506.162));
#3190=CARTESIAN_POINT('',(217.196,-1183.925,543.134));
#3191=CARTESIAN_POINT('',(208.481,-1172.88,647.931));
#3192=CARTESIAN_POINT('',(207.875,-1178.556,728.93));
#3193=CARTESIAN_POINT('',(302.514,-1152.745,773.538));
#3194=CARTESIAN_POINT('',(281.028,-1100.711,792.359));
#3195=CARTESIAN_POINT('',(260.772,-1091.604,792.405));
#3196=CARTESIAN_POINT('',(112.477,-703.379,-933.424));
#3197=CARTESIAN_POINT('',(74.255,-757.694,-869.188));
#3198=CARTESIAN_POINT('',(151.843,-672.597,-841.549));
#3199=CARTESIAN_POINT('',(183.914,-628.08,-703.853));
#3200=CARTESIAN_POINT('',(185.524,-642.061,-575.486));
#3201=CARTESIAN_POINT('',(230.897,-671.609,-473.242));
#3202=CARTESIAN_POINT('',(245.146,-678.455,-387.313));
#3203=CARTESIAN_POINT('',(259.949,-681.983,-269.253));
#3204=CARTESIAN_POINT('',(249.225,-710.051,-186.387));
#3205=CARTESIAN_POINT('',(287.122,-759.285,-95.434));
#3206=CARTESIAN_POINT('',(245.13,-842.663,-48.941));
#3207=CARTESIAN_POINT('',(251.713,-839.067,1.71));
#3208=CARTESIAN_POINT('',(256.934,-866.152,138.019));
#3209=CARTESIAN_POINT('',(197.652,-876.618,183.697));
#3210=CARTESIAN_POINT('',(211.544,-938.938,255.427));
#3211=CARTESIAN_POINT('',(182.135,-966.701,305.85));
#3212=CARTESIAN_POINT('',(156.365,-1013.121,374.449));
#3213=CARTESIAN_POINT('',(155.385,-1071.417,385.006));
#3214=CARTESIAN_POINT('',(187.11,-1084.175,480.765));
#3215=CARTESIAN_POINT('',(210.117,-1121.221,565.892));
#3216=CARTESIAN_POINT('',(210.848,-1140.312,609.725));
#3217=CARTESIAN_POINT('',(215.54,-1141.155,713.917));
#3218=CARTESIAN_POINT('',(277.019,-1134.401,733.935));
#3219=CARTESIAN_POINT('',(256.531,-1094.744,769.465));
#3220=CARTESIAN_POINT('',(258.371,-1095.685,764.354));
#3221=CARTESIAN_POINT('',(151.448,-730.016,-923.286));
#3222=CARTESIAN_POINT('',(152.659,-790.451,-882.169));
#3223=CARTESIAN_POINT('',(171.087,-692.908,-850.963));
#3224=CARTESIAN_POINT('',(200.283,-625.006,-718.494));
#3225=CARTESIAN_POINT('',(200.003,-644.327,-587.388));
#3226=CARTESIAN_POINT('',(235.838,-662.443,-480.465));
#3227=CARTESIAN_POINT('',(252.866,-673.317,-391.504));
#3228=CARTESIAN_POINT('',(267.006,-674.598,-275.576));
#3229=CARTESIAN_POINT('',(256.903,-700.421,-183.921));
#3230=CARTESIAN_POINT('',(285.952,-744.106,-103.315));
#3231=CARTESIAN_POINT('',(268.009,-827.255,-33.39));
#3232=CARTESIAN_POINT('',(264.734,-834.28,7.974));
#3233=CARTESIAN_POINT('',(267.736,-848.778,123.329));
#3234=CARTESIAN_POINT('',(219.147,-868.83,182.34));
#3235=CARTESIAN_POINT('',(206.965,-911.37,252.803));
#3236=CARTESIAN_POINT('',(201.858,-956.558,298.581));
#3237=CARTESIAN_POINT('',(168.349,-991.407,365.974));
#3238=CARTESIAN_POINT('',(163.16,-1052.592,404.266));
#3239=CARTESIAN_POINT('',(192.52,-1060.511,464.856));
#3240=CARTESIAN_POINT('',(202.531,-1103.34,549.823));
#3241=CARTESIAN_POINT('',(211.242,-1118.939,607.182));
#3242=CARTESIAN_POINT('',(204.286,-1126.098,687.491));
#3243=CARTESIAN_POINT('',(263.014,-1125.639,726.466));
#3244=CARTESIAN_POINT('',(253.555,-1098.16,747.174));
#3245=CARTESIAN_POINT('',(252.872,-1091.612,751.34));
#3246=CARTESIAN_POINT('',(-296.021,675.22,-883.563));
#3247=CARTESIAN_POINT('',(-253.668,665.566,-870.154));
#3248=CARTESIAN_POINT('',(-228.438,747.722,-868.487));
#3249=CARTESIAN_POINT('',(-204.738,859.405,-766.661));
#3250=CARTESIAN_POINT('',(-178.731,862.489,-638.588));
#3251=CARTESIAN_POINT('',(-179.46,843.361,-524.333));
#3252=CARTESIAN_POINT('',(-171.194,814.985,-447.069));
#3253=CARTESIAN_POINT('',(-146.716,778.528,-374.633));
#3254=CARTESIAN_POINT('',(-100.449,750.064,-321.97));
#3255=CARTESIAN_POINT('',(-95.905,733.43,-264.08));
#3256=CARTESIAN_POINT('',(-66.316,719.494,-204.153));
#3257=CARTESIAN_POINT('',(-10.037,733.596,-216.17));
#3258=CARTESIAN_POINT('',(39.304,747.483,-197.837));
#3259=CARTESIAN_POINT('',(92.568,767.776,-224.016));
#3260=CARTESIAN_POINT('',(93.196,793.636,-280.894));
#3261=CARTESIAN_POINT('',(122.965,808.649,-330.923));
#3262=CARTESIAN_POINT('',(145.797,841.24,-378.487));
#3263=CARTESIAN_POINT('',(158.09,880.46,-456.549));
#3264=CARTESIAN_POINT('',(163.304,899.893,-540.255));
#3265=CARTESIAN_POINT('',(164.461,913.544,-649.121));
#3266=CARTESIAN_POINT('',(177.609,904.964,-758.06));
#3267=CARTESIAN_POINT('',(205.372,862.337,-877.669));
#3268=CARTESIAN_POINT('',(187.571,687.344,-920.136));
#3269=CARTESIAN_POINT('',(256.245,681.314,-864.068));
#3270=CARTESIAN_POINT('',(270.751,712.421,-849.403));
#3271=CARTESIAN_POINT('',(-313.833,649.227,-930.699));
#3272=CARTESIAN_POINT('',(-223.678,605.806,-959.656));
#3273=CARTESIAN_POINT('',(-175.44,708.63,-898.674));
#3274=CARTESIAN_POINT('',(-219.636,867.345,-794.643));
#3275=CARTESIAN_POINT('',(-163.183,869.644,-653.649));
#3276=CARTESIAN_POINT('',(-181.341,855.49,-538.268));
#3277=CARTESIAN_POINT('',(-165.108,823.389,-452.78));
#3278=CARTESIAN_POINT('',(-151.475,788.269,-380.599));
#3279=CARTESIAN_POINT('',(-100.179,759.559,-322.825));
#3280=CARTESIAN_POINT('',(-95.293,741.863,-265.949));
#3281=CARTESIAN_POINT('',(-66.552,726.687,-202.844));
#3282=CARTESIAN_POINT('',(-8.493,742.998,-213.933));
#3283=CARTESIAN_POINT('',(44.385,755.428,-196.915));
#3284=CARTESIAN_POINT('',(92.67,775.431,-227.369));
#3285=CARTESIAN_POINT('',(96.653,804.084,-284.711));
#3286=CARTESIAN_POINT('',(127.451,818.384,-335.757));
#3287=CARTESIAN_POINT('',(151.774,860.285,-387.756));
#3288=CARTESIAN_POINT('',(156.291,891.059,-470.211));
#3289=CARTESIAN_POINT('',(167.935,917.882,-552.099));
#3290=CARTESIAN_POINT('',(153.955,928.235,-683.787));
#3291=CARTESIAN_POINT('',(209.476,919.924,-785.403));
#3292=CARTESIAN_POINT('',(170.764,847.687,-931.001));
#3293=CARTESIAN_POINT('',(219.915,658.431,-989.491));
#3294=CARTESIAN_POINT('',(259.887,617.63,-886.194));
#3295=CARTESIAN_POINT('',(286.743,694.447,-866.229));
#3296=CARTESIAN_POINT('',(-366.16,699.818,-940.084));
#3297=CARTESIAN_POINT('',(-335.501,711.406,-922.453));
#3298=CARTESIAN_POINT('',(-173.13,708.237,-976.65));
#3299=CARTESIAN_POINT('',(-199.543,862.416,-826.536));
#3300=CARTESIAN_POINT('',(-157.223,897.343,-689.352));
#3301=CARTESIAN_POINT('',(-167.926,873.579,-560.149));
#3302=CARTESIAN_POINT('',(-158.645,843.798,-463.488));
#3303=CARTESIAN_POINT('',(-150.787,807.613,-389.137));
#3304=CARTESIAN_POINT('',(-104.69,777.516,-326.068));
#3305=CARTESIAN_POINT('',(-93.984,757.194,-264.339));
#3306=CARTESIAN_POINT('',(-68.079,739.85,-198.428));
#3307=CARTESIAN_POINT('',(-2.875,759.776,-210.461));
#3308=CARTESIAN_POINT('',(55.442,766.861,-188.613));
#3309=CARTESIAN_POINT('',(93.569,795.491,-234.756));
#3310=CARTESIAN_POINT('',(101.935,819.268,-289.387));
#3311=CARTESIAN_POINT('',(139.753,842.731,-343.489));
#3312=CARTESIAN_POINT('',(153.507,892.371,-408.583));
#3313=CARTESIAN_POINT('',(164.386,914.647,-486.212));
#3314=CARTESIAN_POINT('',(156.143,960.387,-597.239));
#3315=CARTESIAN_POINT('',(187.589,940.535,-715.245));
#3316=CARTESIAN_POINT('',(193.631,948.943,-909.433));
#3317=CARTESIAN_POINT('',(213.287,819.517,-982.83));
#3318=CARTESIAN_POINT('',(352.465,679.55,-930.041));
#3319=CARTESIAN_POINT('',(480.259,637.828,-943.043));
#3320=CARTESIAN_POINT('',(398.838,709.261,-855.861));
#3321=CARTESIAN_POINT('',(-337.453,876.578,-969.887));
#3322=CARTESIAN_POINT('',(-316.222,860.251,-970.504));
#3323=CARTESIAN_POINT('',(-194.093,885.27,-1001.334));
#3324=CARTESIAN_POINT('',(-190.738,906.992,-833.045));
#3325=CARTESIAN_POINT('',(-163.133,933.74,-688.114));
#3326=CARTESIAN_POINT('',(-159.453,904.74,-562.616));
#3327=CARTESIAN_POINT('',(-154.669,864.62,-465.166));
#3328=CARTESIAN_POINT('',(-146.796,828.056,-383.705));
#3329=CARTESIAN_POINT('',(-106.386,797.871,-321.047));
#3330=CARTESIAN_POINT('',(-92.672,777.92,-254.249));
#3331=CARTESIAN_POINT('',(-61.307,760.127,-194.392));
#3332=CARTESIAN_POINT('',(6.045,780.279,-197.91));
#3333=CARTESIAN_POINT('',(64.062,787.392,-187.967));
#3334=CARTESIAN_POINT('',(95.022,821.997,-240.133));
#3335=CARTESIAN_POINT('',(117.055,842.383,-290.871));
#3336=CARTESIAN_POINT('',(149.758,879.224,-349.665));
#3337=CARTESIAN_POINT('',(161.738,917.742,-415.391));
#3338=CARTESIAN_POINT('',(164.834,964.573,-508.178));
#3339=CARTESIAN_POINT('',(174.672,988.474,-608.783));
#3340=CARTESIAN_POINT('',(192.915,995.199,-761.575));
#3341=CARTESIAN_POINT('',(244.554,964.979,-854.035));
#3342=CARTESIAN_POINT('',(303.796,939.066,-959.585));
#3343=CARTESIAN_POINT('',(417.518,839.798,-967.238));
#3344=CARTESIAN_POINT('',(381.43,848.388,-862.326));
#3345=CARTESIAN_POINT('',(350.631,850.324,-831.63));
#3346=CARTESIAN_POINT('',(-272.053,954.223,-849.361));
#3347=CARTESIAN_POINT('',(-261.761,975.299,-882.018));
#3348=CARTESIAN_POINT('',(-225.619,963.114,-869.065));
#3349=CARTESIAN_POINT('',(-200.811,964.982,-768.004));
#3350=CARTESIAN_POINT('',(-156.673,965.653,-643.9));
#3351=CARTESIAN_POINT('',(-162.441,922.414,-532.587));
#3352=CARTESIAN_POINT('',(-151.5,882.263,-446.55));
#3353=CARTESIAN_POINT('',(-145.002,842.908,-368.922));
#3354=CARTESIAN_POINT('',(-103.468,817.874,-305.453));
#3355=CARTESIAN_POINT('',(-92.856,792.604,-237.325));
#3356=CARTESIAN_POINT('',(-50.129,781.818,-187.24));
#3357=CARTESIAN_POINT('',(15.14,796.718,-185.488));
#3358=CARTESIAN_POINT('',(74.834,808.857,-183.868));
#3359=CARTESIAN_POINT('',(99.676,844.01,-239.38));
#3360=CARTESIAN_POINT('',(130.148,866.306,-287.732));
#3361=CARTESIAN_POINT('',(162.097,900.569,-345.184));
#3362=CARTESIAN_POINT('',(164.792,953.248,-411.089));
#3363=CARTESIAN_POINT('',(181.433,974.397,-497.027));
#3364=CARTESIAN_POINT('',(178.318,1045.191,-596.201));
#3365=CARTESIAN_POINT('',(217.496,1026.256,-707.087));
#3366=CARTESIAN_POINT('',(258.13,973.929,-784.721));
#3367=CARTESIAN_POINT('',(296.155,929.746,-814.87));
#3368=CARTESIAN_POINT('',(296.072,923.059,-812.049));
#3369=CARTESIAN_POINT('',(312.949,896.251,-755.458));
#3370=CARTESIAN_POINT('',(306.654,898.631,-713.879));
#3371=CARTESIAN_POINT('',(-258.351,992.884,-724.441));
#3372=CARTESIAN_POINT('',(-249.764,983.136,-719.845));
#3373=CARTESIAN_POINT('',(-228.206,1017.202,-733.76));
#3374=CARTESIAN_POINT('',(-163.715,1028.749,-667.559));
#3375=CARTESIAN_POINT('',(-172.537,972.084,-571.085));
#3376=CARTESIAN_POINT('',(-154.71,933.664,-482.813));
#3377=CARTESIAN_POINT('',(-154.543,888.181,-411.546));
#3378=CARTESIAN_POINT('',(-137.096,857.213,-340.501));
#3379=CARTESIAN_POINT('',(-103.674,830.98,-283.125));
#3380=CARTESIAN_POINT('',(-87.605,807.188,-213.965));
#3381=CARTESIAN_POINT('',(-37.3,801.173,-179.29));
#3382=CARTESIAN_POINT('',(26.4,810.84,-167.989));
#3383=CARTESIAN_POINT('',(78.8,833.269,-184.919));
#3384=CARTESIAN_POINT('',(107.383,861.772,-233.984));
#3385=CARTESIAN_POINT('',(143.107,885.198,-278.524));
#3386=CARTESIAN_POINT('',(168.6,921.988,-331.981));
#3387=CARTESIAN_POINT('',(181.517,961.696,-392.006));
#3388=CARTESIAN_POINT('',(189.086,1002.42,-467.061));
#3389=CARTESIAN_POINT('',(212.818,1028.073,-541.626));
#3390=CARTESIAN_POINT('',(245.453,1088.59,-619.656));
#3391=CARTESIAN_POINT('',(275.1,1000.681,-684.421));
#3392=CARTESIAN_POINT('',(299.253,987.19,-718.023));
#3393=CARTESIAN_POINT('',(344.805,942.509,-690.675));
#3394=CARTESIAN_POINT('',(324.83,947.63,-619.394));
#3395=CARTESIAN_POINT('',(320.735,924.329,-594.108));
#3396=CARTESIAN_POINT('',(-256.387,1061.403,-594.755));
#3397=CARTESIAN_POINT('',(-245.15,1079.329,-609.151));
#3398=CARTESIAN_POINT('',(-192.226,1081.403,-592.466));
#3399=CARTESIAN_POINT('',(-193.275,1005.509,-551.842));
#3400=CARTESIAN_POINT('',(-162.965,977.845,-492.439));
#3401=CARTESIAN_POINT('',(-160.136,930.141,-430.189));
#3402=CARTESIAN_POINT('',(-152.192,898.207,-366.043));
#3403=CARTESIAN_POINT('',(-133.82,863.649,-305.298));
#3404=CARTESIAN_POINT('',(-100.227,844.936,-249.658));
#3405=CARTESIAN_POINT('',(-79.527,821.73,-191.373));
#3406=CARTESIAN_POINT('',(-21.394,818.623,-163.257));
#3407=CARTESIAN_POINT('',(36.578,828.24,-156.25));
#3408=CARTESIAN_POINT('',(85.713,854.332,-182.78));
#3409=CARTESIAN_POINT('',(116.51,880.096,-222.871));
#3410=CARTESIAN_POINT('',(150.085,902.246,-267.423));
#3411=CARTESIAN_POINT('',(174.953,938.593,-310.413));
#3412=CARTESIAN_POINT('',(196.265,964.992,-364.303));
#3413=CARTESIAN_POINT('',(210.589,1001.797,-417.886));
#3414=CARTESIAN_POINT('',(233.4,1014.148,-483.349));
#3415=CARTESIAN_POINT('',(263.286,1012.531,-535.498));
#3416=CARTESIAN_POINT('',(287.075,1018.674,-568.39));
#3417=CARTESIAN_POINT('',(306.443,984.73,-565.983));
#3418=CARTESIAN_POINT('',(299.967,965.583,-542.985));
#3419=CARTESIAN_POINT('',(294.695,914.92,-514.997));
#3420=CARTESIAN_POINT('',(300.045,895.215,-500.403));
#3421=CARTESIAN_POINT('',(-242.134,998.551,-477.287));
#3422=CARTESIAN_POINT('',(-231.768,1002.791,-474.595));
#3423=CARTESIAN_POINT('',(-224.027,998.48,-469.899));
#3424=CARTESIAN_POINT('',(-178.098,1001.324,-450.526));
#3425=CARTESIAN_POINT('',(-172.517,962.931,-414.469));
#3426=CARTESIAN_POINT('',(-167.557,930.103,-369.005));
#3427=CARTESIAN_POINT('',(-152.46,896.108,-314.066));
#3428=CARTESIAN_POINT('',(-125.98,873.158,-264.883));
#3429=CARTESIAN_POINT('',(-98.353,854.546,-211.648));
#3430=CARTESIAN_POINT('',(-62.132,838.233,-169.924));
#3431=CARTESIAN_POINT('',(-4.912,830.819,-142.881));
#3432=CARTESIAN_POINT('',(47.523,849.154,-149.091));
#3433=CARTESIAN_POINT('',(91.209,875.643,-178.064));
#3434=CARTESIAN_POINT('',(124.175,897.178,-213.351));
#3435=CARTESIAN_POINT('',(154.535,922.185,-251.126));
#3436=CARTESIAN_POINT('',(181.611,949.93,-287.229));
#3437=CARTESIAN_POINT('',(215.45,964.676,-325.112));
#3438=CARTESIAN_POINT('',(233.439,979.907,-374.154));
#3439=CARTESIAN_POINT('',(246.885,987.823,-414.456));
#3440=CARTESIAN_POINT('',(262.646,985.006,-451.017));
#3441=CARTESIAN_POINT('',(273.105,962.537,-468.653));
#3442=CARTESIAN_POINT('',(278.201,941.944,-465.865));
#3443=CARTESIAN_POINT('',(298.54,888.691,-448.083));
#3444=CARTESIAN_POINT('',(312.989,857.401,-420.966));
#3445=CARTESIAN_POINT('',(314.91,845.977,-408.451));
#3446=CARTESIAN_POINT('',(-242.047,982.791,-387.157));
#3447=CARTESIAN_POINT('',(-236.501,986.726,-390.204));
#3448=CARTESIAN_POINT('',(-211.22,997.485,-383.797));
#3449=CARTESIAN_POINT('',(-200.642,971.853,-373.102));
#3450=CARTESIAN_POINT('',(-186.783,949.102,-343.996));
#3451=CARTESIAN_POINT('',(-164.077,922.943,-306.801));
#3452=CARTESIAN_POINT('',(-146.557,899.116,-262.271));
#3453=CARTESIAN_POINT('',(-114.969,885.079,-221.427));
#3454=CARTESIAN_POINT('',(-87.632,865.228,-174.023));
#3455=CARTESIAN_POINT('',(-38.361,854.083,-148.765));
#3456=CARTESIAN_POINT('',(10.272,844.622,-122.153));
#3457=CARTESIAN_POINT('',(60.269,874.268,-147.029));
#3458=CARTESIAN_POINT('',(98.672,894.336,-169.141));
#3459=CARTESIAN_POINT('',(132.383,918.445,-202.568));
#3460=CARTESIAN_POINT('',(160.567,939.423,-235.388));
#3461=CARTESIAN_POINT('',(195.493,954.882,-263.718));
#3462=CARTESIAN_POINT('',(230.322,961.541,-291.542));
#3463=CARTESIAN_POINT('',(251.12,966.769,-321.345));
#3464=CARTESIAN_POINT('',(272.13,958.934,-353.283));
#3465=CARTESIAN_POINT('',(285.147,945.364,-374.131));
#3466=CARTESIAN_POINT('',(302.936,930.573,-383.384));
#3467=CARTESIAN_POINT('',(315.384,892.474,-380.753));
#3468=CARTESIAN_POINT('',(309.462,854.028,-359.598));
#3469=CARTESIAN_POINT('',(312.363,834.281,-334.181));
#3470=CARTESIAN_POINT('',(313.743,822.058,-322.344));
#3471=CARTESIAN_POINT('',(-255.481,957.27,-299.231));
#3472=CARTESIAN_POINT('',(-245.586,960.439,-304.013));
#3473=CARTESIAN_POINT('',(-232.694,960.978,-307.587));
#3474=CARTESIAN_POINT('',(-203.785,955.672,-292.528));
#3475=CARTESIAN_POINT('',(-174.826,946.798,-273.911));
#3476=CARTESIAN_POINT('',(-156.603,928.356,-246.003));
#3477=CARTESIAN_POINT('',(-130.634,915.053,-214.577));
#3478=CARTESIAN_POINT('',(-105.308,893.868,-173.349));
#3479=CARTESIAN_POINT('',(-60.123,883.432,-149.164));
#3480=CARTESIAN_POINT('',(-22.826,858.644,-115.635));
#3481=CARTESIAN_POINT('',(32.316,867.866,-112.426));
#3482=CARTESIAN_POINT('',(69.139,896.98,-139.227));
#3483=CARTESIAN_POINT('',(109.229,917.825,-160.744));
#3484=CARTESIAN_POINT('',(139.477,937.424,-192.968));
#3485=CARTESIAN_POINT('',(174.984,956.008,-215.373));
#3486=CARTESIAN_POINT('',(212.649,955.727,-236.35));
#3487=CARTESIAN_POINT('',(243.449,952.72,-257.502));
#3488=CARTESIAN_POINT('',(271.965,948.531,-275.971));
#3489=CARTESIAN_POINT('',(287.645,937.881,-294.758));
#3490=CARTESIAN_POINT('',(308.234,921.457,-305.461));
#3491=CARTESIAN_POINT('',(318.858,889.704,-311.312));
#3492=CARTESIAN_POINT('',(319.457,864.148,-299.249));
#3493=CARTESIAN_POINT('',(327.528,836.78,-272.475));
#3494=CARTESIAN_POINT('',(336.145,801.499,-254.487));
#3495=CARTESIAN_POINT('',(337.389,781.934,-245.96));
#3496=CARTESIAN_POINT('',(-247.929,942.447,-220.003));
#3497=CARTESIAN_POINT('',(-240.257,946.353,-223.993));
#3498=CARTESIAN_POINT('',(-222.412,948.375,-224.713));
#3499=CARTESIAN_POINT('',(-198.128,954.819,-226.962));
#3500=CARTESIAN_POINT('',(-174.807,951.1,-212.729));
#3501=CARTESIAN_POINT('',(-145.191,940.257,-189.71));
#3502=CARTESIAN_POINT('',(-114.6,926.037,-164.239));
#3503=CARTESIAN_POINT('',(-75.955,907.936,-139.659));
#3504=CARTESIAN_POINT('',(-44.756,888.693,-115.223));
#3505=CARTESIAN_POINT('',(3.107,868.12,-89.044));
#3506=CARTESIAN_POINT('',(48.973,896.055,-107.905));
#3507=CARTESIAN_POINT('',(83.654,918.997,-129.911));
#3508=CARTESIAN_POINT('',(118.781,941.29,-155.596));
#3509=CARTESIAN_POINT('',(154.265,958.548,-180.239));
#3510=CARTESIAN_POINT('',(194.283,963.523,-194.41));
#3511=CARTESIAN_POINT('',(230.849,951.419,-211.06));
#3512=CARTESIAN_POINT('',(261.573,943.327,-219.752));
#3513=CARTESIAN_POINT('',(288.542,931.531,-234.517));
#3514=CARTESIAN_POINT('',(310.273,919.861,-238.588));
#3515=CARTESIAN_POINT('',(328.257,891.856,-248.39));
#3516=CARTESIAN_POINT('',(335.004,871.472,-238.284));
#3517=CARTESIAN_POINT('',(347.058,838.702,-229.771));
#3518=CARTESIAN_POINT('',(357.75,792.274,-210.));
#3519=CARTESIAN_POINT('',(346.899,759.685,-192.451));
#3520=CARTESIAN_POINT('',(347.248,752.362,-182.286));
#3521=CARTESIAN_POINT('',(-245.482,955.17,-159.213));
#3522=CARTESIAN_POINT('',(-236.156,957.317,-165.699));
#3523=CARTESIAN_POINT('',(-221.695,966.471,-170.083));
#3524=CARTESIAN_POINT('',(-189.911,968.534,-164.074));
#3525=CARTESIAN_POINT('',(-155.278,968.075,-156.157));
#3526=CARTESIAN_POINT('',(-117.951,957.254,-144.401));
#3527=CARTESIAN_POINT('',(-87.381,934.021,-124.982));
#3528=CARTESIAN_POINT('',(-56.741,913.118,-104.647));
#3529=CARTESIAN_POINT('',(-22.431,890.077,-80.074));
#3530=CARTESIAN_POINT('',(29.747,892.473,-77.77));
#3531=CARTESIAN_POINT('',(63.308,922.33,-101.706));
#3532=CARTESIAN_POINT('',(98.916,941.367,-123.053));
#3533=CARTESIAN_POINT('',(132.624,966.244,-148.085));
#3534=CARTESIAN_POINT('',(175.057,970.854,-160.014));
#3535=CARTESIAN_POINT('',(215.57,969.35,-172.011));
#3536=CARTESIAN_POINT('',(248.743,952.314,-176.288));
#3537=CARTESIAN_POINT('',(275.755,932.244,-181.57));
#3538=CARTESIAN_POINT('',(300.788,915.98,-185.521));
#3539=CARTESIAN_POINT('',(324.714,895.083,-191.553));
#3540=CARTESIAN_POINT('',(340.155,875.479,-186.078));
#3541=CARTESIAN_POINT('',(359.325,840.628,-183.655));
#3542=CARTESIAN_POINT('',(369.201,805.814,-168.256));
#3543=CARTESIAN_POINT('',(350.346,766.338,-144.178));
#3544=CARTESIAN_POINT('',(356.372,741.289,-124.619));
#3545=CARTESIAN_POINT('',(362.392,722.823,-117.294));
#3546=CARTESIAN_POINT('',(-237.022,980.103,-100.289));
#3547=CARTESIAN_POINT('',(-226.415,987.491,-106.498));
#3548=CARTESIAN_POINT('',(-198.654,990.353,-116.214));
#3549=CARTESIAN_POINT('',(-164.842,994.325,-121.36));
#3550=CARTESIAN_POINT('',(-123.227,979.234,-117.823));
#3551=CARTESIAN_POINT('',(-96.156,955.963,-103.167));
#3552=CARTESIAN_POINT('',(-64.897,932.56,-88.348));
#3553=CARTESIAN_POINT('',(-37.002,915.126,-70.093));
#3554=CARTESIAN_POINT('',(7.192,898.528,-54.438));
#3555=CARTESIAN_POINT('',(47.689,924.037,-74.458));
#3556=CARTESIAN_POINT('',(80.961,942.987,-92.852));
#3557=CARTESIAN_POINT('',(114.401,969.597,-118.163));
#3558=CARTESIAN_POINT('',(153.364,982.94,-132.455));
#3559=CARTESIAN_POINT('',(197.691,984.283,-139.95));
#3560=CARTESIAN_POINT('',(235.51,972.289,-142.606));
#3561=CARTESIAN_POINT('',(267.657,948.604,-142.11));
#3562=CARTESIAN_POINT('',(292.754,927.985,-141.122));
#3563=CARTESIAN_POINT('',(317.126,902.039,-142.956));
#3564=CARTESIAN_POINT('',(341.991,882.632,-139.895));
#3565=CARTESIAN_POINT('',(364.283,852.36,-136.794));
#3566=CARTESIAN_POINT('',(372.097,820.68,-124.519));
#3567=CARTESIAN_POINT('',(352.167,781.805,-108.995));
#3568=CARTESIAN_POINT('',(365.625,740.511,-90.005));
#3569=CARTESIAN_POINT('',(374.829,710.648,-72.579));
#3570=CARTESIAN_POINT('',(371.201,697.661,-66.634));
#3571=CARTESIAN_POINT('',(-210.945,1005.064,-65.856));
#3572=CARTESIAN_POINT('',(-198.931,1009.875,-71.966));
#3573=CARTESIAN_POINT('',(-170.207,1015.656,-79.563));
#3574=CARTESIAN_POINT('',(-124.581,1001.815,-84.001));
#3575=CARTESIAN_POINT('',(-97.676,980.012,-79.07));
#3576=CARTESIAN_POINT('',(-69.423,954.885,-70.959));
#3577=CARTESIAN_POINT('',(-43.028,940.106,-58.037));
#3578=CARTESIAN_POINT('',(-11.49,916.014,-36.623));
#3579=CARTESIAN_POINT('',(32.036,926.991,-45.377));
#3580=CARTESIAN_POINT('',(63.417,947.638,-68.965));
#3581=CARTESIAN_POINT('',(98.854,968.051,-87.325));
#3582=CARTESIAN_POINT('',(133.25,992.084,-107.689));
#3583=CARTESIAN_POINT('',(178.57,997.317,-112.085));
#3584=CARTESIAN_POINT('',(220.261,989.908,-112.78));
#3585=CARTESIAN_POINT('',(254.884,966.409,-109.162));
#3586=CARTESIAN_POINT('',(284.981,946.499,-105.764));
#3587=CARTESIAN_POINT('',(313.743,922.748,-102.372));
#3588=CARTESIAN_POINT('',(337.739,897.85,-98.627));
#3589=CARTESIAN_POINT('',(352.561,864.876,-93.508));
#3590=CARTESIAN_POINT('',(360.587,832.88,-84.006));
#3591=CARTESIAN_POINT('',(353.527,795.484,-72.696));
#3592=CARTESIAN_POINT('',(373.385,757.679,-59.969));
#3593=CARTESIAN_POINT('',(381.,718.112,-39.223));
#3594=CARTESIAN_POINT('',(370.134,692.936,-21.033));
#3595=CARTESIAN_POINT('',(367.818,677.526,-13.419));
#3596=CARTESIAN_POINT('',(-176.373,1031.737,-40.617));
#3597=CARTESIAN_POINT('',(-156.879,1034.439,-47.688));
#3598=CARTESIAN_POINT('',(-128.507,1024.591,-62.394));
#3599=CARTESIAN_POINT('',(-102.532,995.644,-60.239));
#3600=CARTESIAN_POINT('',(-76.097,965.909,-50.733));
#3601=CARTESIAN_POINT('',(-47.821,953.965,-33.191));
#3602=CARTESIAN_POINT('',(-21.335,937.494,-19.867));
#3603=CARTESIAN_POINT('',(16.802,938.027,-17.893));
#3604=CARTESIAN_POINT('',(47.724,950.67,-43.32));
#3605=CARTESIAN_POINT('',(82.185,969.803,-60.196));
#3606=CARTESIAN_POINT('',(116.326,993.436,-81.003));
#3607=CARTESIAN_POINT('',(157.544,1011.43,-88.443));
#3608=CARTESIAN_POINT('',(202.63,1006.907,-86.324));
#3609=CARTESIAN_POINT('',(238.893,985.934,-79.03));
#3610=CARTESIAN_POINT('',(271.718,964.435,-73.372));
#3611=CARTESIAN_POINT('',(304.906,943.669,-66.796));
#3612=CARTESIAN_POINT('',(329.438,914.957,-60.03));
#3613=CARTESIAN_POINT('',(341.32,880.246,-52.77));
#3614=CARTESIAN_POINT('',(352.668,847.504,-45.669));
#3615=CARTESIAN_POINT('',(363.37,813.163,-37.626));
#3616=CARTESIAN_POINT('',(382.988,780.177,-25.968));
#3617=CARTESIAN_POINT('',(384.069,737.319,-13.592));
#3618=CARTESIAN_POINT('',(372.145,702.541,12.736));
#3619=CARTESIAN_POINT('',(364.782,667.564,22.224));
#3620=CARTESIAN_POINT('',(356.499,653.199,25.142));
#3621=CARTESIAN_POINT('',(-137.104,1028.197,-24.449));
#3622=CARTESIAN_POINT('',(-125.126,1018.716,-30.765));
#3623=CARTESIAN_POINT('',(-97.183,996.898,-17.744));
#3624=CARTESIAN_POINT('',(-63.341,979.968,-11.83));
#3625=CARTESIAN_POINT('',(-33.602,983.103,-4.083));
#3626=CARTESIAN_POINT('',(-17.614,974.62,-6.869));
#3627=CARTESIAN_POINT('',(6.532,971.168,-4.052));
#3628=CARTESIAN_POINT('',(32.606,963.244,-15.872));
#3629=CARTESIAN_POINT('',(64.279,972.958,-32.906));
#3630=CARTESIAN_POINT('',(98.763,991.248,-55.16));
#3631=CARTESIAN_POINT('',(134.829,1016.201,-63.977));
#3632=CARTESIAN_POINT('',(182.593,1024.385,-64.025));
#3633=CARTESIAN_POINT('',(222.496,1006.65,-53.566));
#3634=CARTESIAN_POINT('',(255.716,981.863,-43.817));
#3635=CARTESIAN_POINT('',(290.105,961.216,-34.314));
#3636=CARTESIAN_POINT('',(314.445,931.356,-25.624));
#3637=CARTESIAN_POINT('',(333.717,899.159,-16.864));
#3638=CARTESIAN_POINT('',(354.955,869.247,-9.545));
#3639=CARTESIAN_POINT('',(372.662,835.173,-3.038));
#3640=CARTESIAN_POINT('',(386.605,802.491,6.706));
#3641=CARTESIAN_POINT('',(388.354,758.42,15.952));
#3642=CARTESIAN_POINT('',(377.981,723.201,35.45));
#3643=CARTESIAN_POINT('',(367.634,678.455,50.855));
#3644=CARTESIAN_POINT('',(350.42,646.358,56.716));
#3645=CARTESIAN_POINT('',(345.932,636.671,67.582));
#3646=CARTESIAN_POINT('',(-79.076,1017.197,2.321));
#3647=CARTESIAN_POINT('',(-61.593,1012.101,7.055));
#3648=CARTESIAN_POINT('',(-42.349,1013.954,-14.603));
#3649=CARTESIAN_POINT('',(-28.922,1020.246,-38.736));
#3650=CARTESIAN_POINT('',(-18.094,1014.294,-56.299));
#3651=CARTESIAN_POINT('',(1.733,1007.746,-48.423));
#3652=CARTESIAN_POINT('',(13.649,997.558,-37.06));
#3653=CARTESIAN_POINT('',(36.253,997.857,-16.492));
#3654=CARTESIAN_POINT('',(80.042,981.999,-22.539));
#3655=CARTESIAN_POINT('',(109.942,1014.798,-41.964));
#3656=CARTESIAN_POINT('',(155.74,1030.927,-41.988));
#3657=CARTESIAN_POINT('',(201.719,1027.97,-31.425));
#3658=CARTESIAN_POINT('',(236.716,1001.469,-17.267));
#3659=CARTESIAN_POINT('',(270.95,978.799,-4.92));
#3660=CARTESIAN_POINT('',(298.504,949.221,6.88));
#3661=CARTESIAN_POINT('',(325.149,921.01,16.854));
#3662=CARTESIAN_POINT('',(352.681,892.7,25.152));
#3663=CARTESIAN_POINT('',(372.067,859.06,33.223));
#3664=CARTESIAN_POINT('',(385.373,823.067,40.945));
#3665=CARTESIAN_POINT('',(390.242,783.434,50.643));
#3666=CARTESIAN_POINT('',(383.22,745.645,61.198));
#3667=CARTESIAN_POINT('',(373.885,704.911,74.788));
#3668=CARTESIAN_POINT('',(353.931,660.285,83.635));
#3669=CARTESIAN_POINT('',(341.344,636.534,99.777));
#3670=CARTESIAN_POINT('',(329.513,621.428,101.278));
#3671=CARTESIAN_POINT('',(-53.868,1047.093,-55.636));
#3672=CARTESIAN_POINT('',(-55.303,1049.459,-72.897));
#3673=CARTESIAN_POINT('',(-51.05,1049.278,-97.356));
#3674=CARTESIAN_POINT('',(-32.862,1042.164,-108.708));
#3675=CARTESIAN_POINT('',(-3.093,1043.543,-101.801));
#3676=CARTESIAN_POINT('',(10.223,1035.245,-82.342));
#3677=CARTESIAN_POINT('',(34.59,1021.155,-65.435));
#3678=CARTESIAN_POINT('',(39.496,1014.298,-28.735));
#3679=CARTESIAN_POINT('',(81.08,1002.056,-10.223));
#3680=CARTESIAN_POINT('',(125.206,1027.303,-27.428));
#3681=CARTESIAN_POINT('',(170.031,1039.581,-10.018));
#3682=CARTESIAN_POINT('',(214.319,1023.482,3.213));
#3683=CARTESIAN_POINT('',(248.25,997.142,21.548));
#3684=CARTESIAN_POINT('',(279.308,967.326,34.743));
#3685=CARTESIAN_POINT('',(312.512,942.172,49.378));
#3686=CARTESIAN_POINT('',(343.424,915.944,59.033));
#3687=CARTESIAN_POINT('',(365.52,881.804,68.241));
#3688=CARTESIAN_POINT('',(383.835,847.624,77.105));
#3689=CARTESIAN_POINT('',(390.499,806.656,85.235));
#3690=CARTESIAN_POINT('',(384.217,768.844,92.159));
#3691=CARTESIAN_POINT('',(377.472,728.481,101.4));
#3692=CARTESIAN_POINT('',(364.797,687.992,109.458));
#3693=CARTESIAN_POINT('',(346.64,652.095,121.321));
#3694=CARTESIAN_POINT('',(322.852,626.412,122.736));
#3695=CARTESIAN_POINT('',(312.797,615.205,126.489));
#3696=CARTESIAN_POINT('',(-70.489,1071.716,-145.205));
#3697=CARTESIAN_POINT('',(-61.621,1064.214,-158.813));
#3698=CARTESIAN_POINT('',(-38.847,1054.045,-179.681));
#3699=CARTESIAN_POINT('',(-8.148,1065.673,-189.325));
#3700=CARTESIAN_POINT('',(8.095,1061.085,-171.5));
#3701=CARTESIAN_POINT('',(31.348,1051.32,-134.838));
#3702=CARTESIAN_POINT('',(44.413,1041.196,-91.738));
#3703=CARTESIAN_POINT('',(57.861,1034.675,-47.517));
#3704=CARTESIAN_POINT('',(75.122,1012.061,3.849));
#3705=CARTESIAN_POINT('',(133.058,1037.152,-1.277));
#3706=CARTESIAN_POINT('',(179.849,1038.824,20.825));
#3707=CARTESIAN_POINT('',(223.942,1017.916,41.092));
#3708=CARTESIAN_POINT('',(257.241,987.847,60.8));
#3709=CARTESIAN_POINT('',(293.302,962.378,78.819));
#3710=CARTESIAN_POINT('',(328.568,938.872,92.006));
#3711=CARTESIAN_POINT('',(355.939,905.188,103.236));
#3712=CARTESIAN_POINT('',(379.166,872.222,113.662));
#3713=CARTESIAN_POINT('',(384.494,829.89,121.808));
#3714=CARTESIAN_POINT('',(380.755,790.564,126.724));
#3715=CARTESIAN_POINT('',(378.666,752.928,134.548));
#3716=CARTESIAN_POINT('',(369.882,713.678,138.844));
#3717=CARTESIAN_POINT('',(352.594,675.042,144.02));
#3718=CARTESIAN_POINT('',(320.564,642.844,148.332));
#3719=CARTESIAN_POINT('',(303.93,619.929,149.518));
#3720=CARTESIAN_POINT('',(294.084,604.505,151.443));
#3721=CARTESIAN_POINT('',(-54.511,1079.878,-230.172));
#3722=CARTESIAN_POINT('',(-42.886,1078.554,-244.251));
#3723=CARTESIAN_POINT('',(-29.401,1090.327,-297.211));
#3724=CARTESIAN_POINT('',(-6.644,1062.646,-303.745));
#3725=CARTESIAN_POINT('',(26.638,1066.261,-252.566));
#3726=CARTESIAN_POINT('',(46.546,1064.156,-192.982));
#3727=CARTESIAN_POINT('',(65.65,1056.379,-121.59));
#3728=CARTESIAN_POINT('',(67.685,1053.073,-58.044));
#3729=CARTESIAN_POINT('',(73.496,1029.514,9.021));
#3730=CARTESIAN_POINT('',(142.02,1038.848,22.283));
#3731=CARTESIAN_POINT('',(185.754,1037.433,56.263));
#3732=CARTESIAN_POINT('',(231.333,1009.403,79.078));
#3733=CARTESIAN_POINT('',(270.074,983.511,102.905));
#3734=CARTESIAN_POINT('',(312.009,959.773,118.901));
#3735=CARTESIAN_POINT('',(345.266,928.694,135.661));
#3736=CARTESIAN_POINT('',(366.596,892.716,148.63));
#3737=CARTESIAN_POINT('',(373.483,849.275,157.363));
#3738=CARTESIAN_POINT('',(375.133,810.538,163.223));
#3739=CARTESIAN_POINT('',(379.402,772.069,168.255));
#3740=CARTESIAN_POINT('',(370.966,733.462,172.095));
#3741=CARTESIAN_POINT('',(352.597,696.77,171.411));
#3742=CARTESIAN_POINT('',(328.501,670.444,175.229));
#3743=CARTESIAN_POINT('',(304.014,636.402,170.409));
#3744=CARTESIAN_POINT('',(289.22,611.305,173.03));
#3745=CARTESIAN_POINT('',(283.039,597.681,172.191));
#3746=CARTESIAN_POINT('',(-48.686,1101.488,-362.167));
#3747=CARTESIAN_POINT('',(-47.874,1096.328,-399.022));
#3748=CARTESIAN_POINT('',(-19.667,1043.01,-437.127));
#3749=CARTESIAN_POINT('',(3.154,1060.903,-416.999));
#3750=CARTESIAN_POINT('',(30.479,1079.507,-346.704));
#3751=CARTESIAN_POINT('',(57.565,1079.631,-240.598));
#3752=CARTESIAN_POINT('',(78.224,1082.141,-148.178));
#3753=CARTESIAN_POINT('',(77.664,1065.225,-54.81));
#3754=CARTESIAN_POINT('',(79.232,1045.825,14.831));
#3755=CARTESIAN_POINT('',(138.132,1035.253,57.288));
#3756=CARTESIAN_POINT('',(193.154,1032.764,88.471));
#3757=CARTESIAN_POINT('',(243.315,1000.695,117.669));
#3758=CARTESIAN_POINT('',(289.176,981.47,142.932));
#3759=CARTESIAN_POINT('',(329.221,952.877,165.999));
#3760=CARTESIAN_POINT('',(353.609,915.162,184.556));
#3761=CARTESIAN_POINT('',(365.608,870.205,194.263));
#3762=CARTESIAN_POINT('',(371.094,830.893,203.226));
#3763=CARTESIAN_POINT('',(378.995,789.385,208.749));
#3764=CARTESIAN_POINT('',(369.4,748.409,210.276));
#3765=CARTESIAN_POINT('',(348.228,716.092,207.98));
#3766=CARTESIAN_POINT('',(328.087,690.575,205.206));
#3767=CARTESIAN_POINT('',(306.004,657.401,194.453));
#3768=CARTESIAN_POINT('',(287.836,626.834,197.727));
#3769=CARTESIAN_POINT('',(281.221,605.587,193.386));
#3770=CARTESIAN_POINT('',(275.809,590.932,193.651));
#3771=CARTESIAN_POINT('',(-67.611,1083.436,-495.506));
#3772=CARTESIAN_POINT('',(-53.436,1074.161,-520.505));
#3773=CARTESIAN_POINT('',(-41.054,1001.053,-592.373));
#3774=CARTESIAN_POINT('',(74.587,1030.021,-512.707));
#3775=CARTESIAN_POINT('',(31.179,1086.13,-410.758));
#3776=CARTESIAN_POINT('',(75.92,1103.339,-282.772));
#3777=CARTESIAN_POINT('',(81.534,1099.442,-150.749));
#3778=CARTESIAN_POINT('',(83.632,1085.731,-46.554));
#3779=CARTESIAN_POINT('',(78.611,1050.443,37.08));
#3780=CARTESIAN_POINT('',(143.841,1033.501,85.287));
#3781=CARTESIAN_POINT('',(204.975,1024.662,123.042));
#3782=CARTESIAN_POINT('',(257.233,997.27,161.215));
#3783=CARTESIAN_POINT('',(305.105,980.672,194.133));
#3784=CARTESIAN_POINT('',(341.14,940.41,218.755));
#3785=CARTESIAN_POINT('',(358.566,893.489,232.567));
#3786=CARTESIAN_POINT('',(367.481,848.934,243.783));
#3787=CARTESIAN_POINT('',(374.316,801.467,247.732));
#3788=CARTESIAN_POINT('',(362.3,759.086,247.432));
#3789=CARTESIAN_POINT('',(337.595,729.272,240.279));
#3790=CARTESIAN_POINT('',(317.412,699.586,232.139));
#3791=CARTESIAN_POINT('',(298.35,668.199,227.183));
#3792=CARTESIAN_POINT('',(288.1,643.92,230.693));
#3793=CARTESIAN_POINT('',(280.742,612.522,230.148));
#3794=CARTESIAN_POINT('',(275.761,593.093,216.72));
#3795=CARTESIAN_POINT('',(271.449,578.578,216.299));
#3796=CARTESIAN_POINT('',(-53.177,1100.986,-674.239));
#3797=CARTESIAN_POINT('',(-54.806,1035.727,-770.196));
#3798=CARTESIAN_POINT('',(126.017,1096.474,-777.722));
#3799=CARTESIAN_POINT('',(75.644,1163.304,-601.267));
#3800=CARTESIAN_POINT('',(81.883,1090.934,-432.041));
#3801=CARTESIAN_POINT('',(73.802,1143.034,-271.797));
#3802=CARTESIAN_POINT('',(83.071,1124.44,-130.057));
#3803=CARTESIAN_POINT('',(84.977,1095.244,-21.614));
#3804=CARTESIAN_POINT('',(80.486,1056.979,72.323));
#3805=CARTESIAN_POINT('',(153.916,1032.076,121.576));
#3806=CARTESIAN_POINT('',(214.051,1018.754,171.846));
#3807=CARTESIAN_POINT('',(271.625,998.716,216.276));
#3808=CARTESIAN_POINT('',(321.688,968.891,250.812));
#3809=CARTESIAN_POINT('',(351.014,912.796,267.967));
#3810=CARTESIAN_POINT('',(359.307,864.627,282.614));
#3811=CARTESIAN_POINT('',(365.95,811.082,283.762));
#3812=CARTESIAN_POINT('',(345.663,764.299,282.723));
#3813=CARTESIAN_POINT('',(319.438,738.894,276.167));
#3814=CARTESIAN_POINT('',(307.401,706.38,268.509));
#3815=CARTESIAN_POINT('',(291.975,674.509,268.068));
#3816=CARTESIAN_POINT('',(290.479,648.064,273.48));
#3817=CARTESIAN_POINT('',(283.568,613.696,264.55));
#3818=CARTESIAN_POINT('',(276.66,591.424,239.879));
#3819=CARTESIAN_POINT('',(269.117,568.315,231.287));
#3820=CARTESIAN_POINT('',(265.138,556.598,237.078));
#3821=CARTESIAN_POINT('',(-81.902,1163.428,-689.299));
#3822=CARTESIAN_POINT('',(-54.381,1148.832,-742.701));
#3823=CARTESIAN_POINT('',(-0.948,1237.429,-785.874));
#3824=CARTESIAN_POINT('',(142.091,1162.908,-583.049));
#3825=CARTESIAN_POINT('',(53.25,1124.962,-400.425));
#3826=CARTESIAN_POINT('',(79.331,1167.68,-230.209));
#3827=CARTESIAN_POINT('',(76.849,1122.474,-103.855));
#3828=CARTESIAN_POINT('',(82.798,1105.284,8.471));
#3829=CARTESIAN_POINT('',(85.548,1048.108,98.541));
#3830=CARTESIAN_POINT('',(166.189,1033.105,154.143));
#3831=CARTESIAN_POINT('',(226.234,1012.95,200.493));
#3832=CARTESIAN_POINT('',(288.919,992.308,252.429));
#3833=CARTESIAN_POINT('',(333.723,942.514,278.28));
#3834=CARTESIAN_POINT('',(346.156,887.138,302.676));
#3835=CARTESIAN_POINT('',(355.137,835.814,307.709));
#3836=CARTESIAN_POINT('',(341.756,784.128,301.937));
#3837=CARTESIAN_POINT('',(310.057,747.6,307.301));
#3838=CARTESIAN_POINT('',(308.386,715.475,300.193));
#3839=CARTESIAN_POINT('',(298.898,688.575,289.274));
#3840=CARTESIAN_POINT('',(294.176,648.906,293.395));
#3841=CARTESIAN_POINT('',(283.649,612.325,286.578));
#3842=CARTESIAN_POINT('',(277.508,590.281,269.166));
#3843=CARTESIAN_POINT('',(272.421,574.27,257.12));
#3844=CARTESIAN_POINT('',(270.336,566.967,261.083));
#3845=CARTESIAN_POINT('',(264.64,554.263,251.729));
#3846=CARTESIAN_POINT('',(-70.84,1200.132,-651.977));
#3847=CARTESIAN_POINT('',(-67.589,1197.865,-662.509));
#3848=CARTESIAN_POINT('',(21.768,1264.181,-692.824));
#3849=CARTESIAN_POINT('',(118.432,1181.804,-546.796));
#3850=CARTESIAN_POINT('',(55.476,1145.4,-377.257));
#3851=CARTESIAN_POINT('',(68.837,1173.766,-215.387));
#3852=CARTESIAN_POINT('',(76.646,1133.297,-81.053));
#3853=CARTESIAN_POINT('',(80.258,1105.91,26.379));
#3854=CARTESIAN_POINT('',(90.212,1047.692,113.945));
#3855=CARTESIAN_POINT('',(174.589,1031.569,165.446));
#3856=CARTESIAN_POINT('',(228.484,1012.4,223.256));
#3857=CARTESIAN_POINT('',(295.844,984.697,272.016));
#3858=CARTESIAN_POINT('',(330.43,932.249,299.167));
#3859=CARTESIAN_POINT('',(345.144,876.813,315.079));
#3860=CARTESIAN_POINT('',(348.111,817.174,316.726));
#3861=CARTESIAN_POINT('',(323.718,776.463,317.211));
#3862=CARTESIAN_POINT('',(307.88,731.759,320.849));
#3863=CARTESIAN_POINT('',(302.712,701.904,306.262));
#3864=CARTESIAN_POINT('',(296.892,671.45,301.008));
#3865=CARTESIAN_POINT('',(288.836,632.505,301.139));
#3866=CARTESIAN_POINT('',(279.866,597.397,293.138));
#3867=CARTESIAN_POINT('',(274.298,578.654,280.329));
#3868=CARTESIAN_POINT('',(270.057,566.52,272.058));
#3869=CARTESIAN_POINT('',(264.515,553.56,262.624));
#3870=CARTESIAN_POINT('',(263.152,550.679,255.445));
#3871=CARTESIAN_POINT('',(-242.621,-683.019,-928.341));
#3872=CARTESIAN_POINT('',(151.448,-730.016,-923.286));
#3873=CARTESIAN_POINT('',(270.751,712.421,-849.403));
#3874=CARTESIAN_POINT('',(-296.021,675.22,-883.563));
#3875=CARTESIAN_POINT('',(-230.202,-1061.543,746.403));
#3876=CARTESIAN_POINT('',(252.872,-1091.612,751.34));
#3877=CARTESIAN_POINT('',(263.152,550.679,255.445));
#3878=CARTESIAN_POINT('',(-70.84,1200.132,-651.977));
#3879=CARTESIAN_POINT('',(-242.621,-683.019,-928.341));
#3880=CARTESIAN_POINT('',(-227.036,-693.384,-930.185));
#3881=CARTESIAN_POINT('',(-91.178,-726.301,-944.091));
#3882=CARTESIAN_POINT('',(-128.358,-593.092,-820.586));
#3883=CARTESIAN_POINT('',(-152.136,-571.556,-689.464));
#3884=CARTESIAN_POINT('',(-136.111,-568.22,-572.089));
#3885=CARTESIAN_POINT('',(-117.208,-580.638,-471.393));
#3886=CARTESIAN_POINT('',(-108.264,-594.83,-389.239));
#3887=CARTESIAN_POINT('',(-115.831,-600.939,-321.134));
#3888=CARTESIAN_POINT('',(-112.024,-602.904,-265.613));
#3889=CARTESIAN_POINT('',(-78.914,-601.334,-235.523));
#3890=CARTESIAN_POINT('',(-45.917,-600.139,-229.685));
#3891=CARTESIAN_POINT('',(-14.677,-597.336,-225.28));
#3892=CARTESIAN_POINT('',(18.636,-596.64,-226.982));
#3893=CARTESIAN_POINT('',(52.049,-596.11,-233.171));
#3894=CARTESIAN_POINT('',(85.841,-589.401,-243.34));
#3895=CARTESIAN_POINT('',(114.795,-587.185,-294.664));
#3896=CARTESIAN_POINT('',(103.819,-584.297,-362.064));
#3897=CARTESIAN_POINT('',(103.508,-565.272,-425.75));
#3898=CARTESIAN_POINT('',(123.106,-567.625,-520.835));
#3899=CARTESIAN_POINT('',(140.228,-550.395,-624.518));
#3900=CARTESIAN_POINT('',(153.1,-528.982,-763.539));
#3901=CARTESIAN_POINT('',(103.363,-617.919,-897.94));
#3902=CARTESIAN_POINT('',(112.477,-703.379,-933.424));
#3903=CARTESIAN_POINT('',(151.448,-730.016,-923.286));
#3904=CARTESIAN_POINT('',(151.448,-730.016,-923.286));
#3905=CARTESIAN_POINT('',(184.925,-715.106,-916.845));
#3906=CARTESIAN_POINT('',(265.669,-641.238,-954.818));
#3907=CARTESIAN_POINT('',(303.392,-528.997,-894.267));
#3908=CARTESIAN_POINT('',(279.969,-488.404,-725.848));
#3909=CARTESIAN_POINT('',(270.485,-510.374,-591.825));
#3910=CARTESIAN_POINT('',(276.305,-436.894,-428.588));
#3911=CARTESIAN_POINT('',(275.86,-433.298,-299.837));
#3912=CARTESIAN_POINT('',(197.937,-441.319,-159.482));
#3913=CARTESIAN_POINT('',(205.468,-289.723,-163.896));
#3914=CARTESIAN_POINT('',(218.149,-188.264,-157.236));
#3915=CARTESIAN_POINT('',(237.509,-54.4929999999999,-163.53));
#3916=CARTESIAN_POINT('',(250.417,64.031,-165.564));
#3917=CARTESIAN_POINT('',(223.435,183.593,-128.732));
#3918=CARTESIAN_POINT('',(174.092,273.368,-90.0689999999999));
#3919=CARTESIAN_POINT('',(143.867,395.251,-61.7759999999999));
#3920=CARTESIAN_POINT('',(182.48,481.334,-92.7699999999999));
#3921=CARTESIAN_POINT('',(212.27,551.909,-175.1));
#3922=CARTESIAN_POINT('',(240.611,594.222,-284.565));
#3923=CARTESIAN_POINT('',(242.348,691.001,-383.837));
#3924=CARTESIAN_POINT('',(252.573,778.953,-482.969));
#3925=CARTESIAN_POINT('',(246.098,834.513,-617.548));
#3926=CARTESIAN_POINT('',(249.353,857.159,-762.077));
#3927=CARTESIAN_POINT('',(275.129,738.052,-840.933));
#3928=CARTESIAN_POINT('',(270.751,712.421,-849.403));
#3929=CARTESIAN_POINT('',(270.751,712.421,-849.403));
#3930=CARTESIAN_POINT('',(256.245,681.314,-864.068));
#3931=CARTESIAN_POINT('',(187.571,687.344,-920.136));
#3932=CARTESIAN_POINT('',(205.372,862.337,-877.669));
#3933=CARTESIAN_POINT('',(177.609,904.964,-758.06));
#3934=CARTESIAN_POINT('',(164.461,913.544,-649.121));
#3935=CARTESIAN_POINT('',(163.304,899.893,-540.255));
#3936=CARTESIAN_POINT('',(158.09,880.46,-456.549));
#3937=CARTESIAN_POINT('',(145.797,841.24,-378.487));
#3938=CARTESIAN_POINT('',(122.965,808.649,-330.923));
#3939=CARTESIAN_POINT('',(93.196,793.636,-280.894));
#3940=CARTESIAN_POINT('',(92.568,767.776,-224.016));
#3941=CARTESIAN_POINT('',(39.304,747.483,-197.837));
#3942=CARTESIAN_POINT('',(-10.037,733.596,-216.17));
#3943=CARTESIAN_POINT('',(-66.316,719.494,-204.153));
#3944=CARTESIAN_POINT('',(-95.905,733.43,-264.08));
#3945=CARTESIAN_POINT('',(-100.449,750.064,-321.97));
#3946=CARTESIAN_POINT('',(-146.716,778.528,-374.633));
#3947=CARTESIAN_POINT('',(-171.194,814.985,-447.069));
#3948=CARTESIAN_POINT('',(-179.46,843.361,-524.333));
#3949=CARTESIAN_POINT('',(-178.731,862.489,-638.588));
#3950=CARTESIAN_POINT('',(-204.738,859.405,-766.661));
#3951=CARTESIAN_POINT('',(-228.438,747.722,-868.487));
#3952=CARTESIAN_POINT('',(-253.668,665.566,-870.154));
#3953=CARTESIAN_POINT('',(-296.021,675.22,-883.563));
#3954=CARTESIAN_POINT('',(-296.021,675.22,-883.563));
#3955=CARTESIAN_POINT('',(-325.939,694.067,-864.581));
#3956=CARTESIAN_POINT('',(-318.594,785.321,-826.038));
#3957=CARTESIAN_POINT('',(-275.544,882.261,-694.69));
#3958=CARTESIAN_POINT('',(-287.786,827.514,-546.003));
#3959=CARTESIAN_POINT('',(-297.745,767.712,-430.366));
#3960=CARTESIAN_POINT('',(-301.525,658.776,-336.581));
#3961=CARTESIAN_POINT('',(-275.655,580.573,-231.701));
#3962=CARTESIAN_POINT('',(-237.102,531.874,-132.022));
#3963=CARTESIAN_POINT('',(-194.069,445.967,-54.6059999999999));
#3964=CARTESIAN_POINT('',(-155.763,328.813,-24.9759999999999));
#3965=CARTESIAN_POINT('',(-227.722,224.289,-71.5469999999999));
#3966=CARTESIAN_POINT('',(-269.714,128.157,-98.2149999999999));
#3967=CARTESIAN_POINT('',(-279.149,2.33700000000005,-119.723));
#3968=CARTESIAN_POINT('',(-252.873,-120.782,-118.677));
#3969=CARTESIAN_POINT('',(-232.05,-242.624,-141.404));
#3970=CARTESIAN_POINT('',(-202.357,-360.561,-144.403));
#3971=CARTESIAN_POINT('',(-224.98,-467.472,-221.5));
#3972=CARTESIAN_POINT('',(-266.477,-404.034,-362.516));
#3973=CARTESIAN_POINT('',(-252.626,-476.48,-499.829));
#3974=CARTESIAN_POINT('',(-263.171,-477.704,-667.624));
#3975=CARTESIAN_POINT('',(-266.073,-451.282,-812.744));
#3976=CARTESIAN_POINT('',(-287.399,-586.868,-954.475));
#3977=CARTESIAN_POINT('',(-264.78,-654.728,-923.959));
#3978=CARTESIAN_POINT('',(-242.621,-683.019,-928.341));
#3979=CARTESIAN_POINT('',(-230.202,-1061.543,746.403));
#3980=CARTESIAN_POINT('',(-226.975,-1058.47,745.591));
#3981=CARTESIAN_POINT('',(-209.291,-1041.493,761.406));
#3982=CARTESIAN_POINT('',(-190.5,-1039.9,776.807));
#3983=CARTESIAN_POINT('',(-166.231,-990.751,760.788));
#3984=CARTESIAN_POINT('',(-141.146,-972.293,767.842));
#3985=CARTESIAN_POINT('',(-114.386,-954.057,771.384));
#3986=CARTESIAN_POINT('',(-92.044,-933.865,765.446));
#3987=CARTESIAN_POINT('',(-69.688,-922.004,760.839));
#3988=CARTESIAN_POINT('',(-51.86,-919.277,761.595));
#3989=CARTESIAN_POINT('',(-36.481,-931.848,772.021));
#3990=CARTESIAN_POINT('',(-18.478,-930.335,771.052));
#3991=CARTESIAN_POINT('',(-0.246,-938.736,777.155));
#3992=CARTESIAN_POINT('',(16.125,-952.058,785.774));
#3993=CARTESIAN_POINT('',(36.966,-953.748,786.45));
#3994=CARTESIAN_POINT('',(53.77,-965.744,793.114));
#3995=CARTESIAN_POINT('',(76.601,-987.204,802.15));
#3996=CARTESIAN_POINT('',(97.514,-1009.26,806.463));
#3997=CARTESIAN_POINT('',(125.809,-1031.115,808.425));
#3998=CARTESIAN_POINT('',(148.353,-1066.244,809.43));
#3999=CARTESIAN_POINT('',(182.809,-1090.628,829.105));
#4000=CARTESIAN_POINT('',(228.897,-1085.161,817.192));
#4001=CARTESIAN_POINT('',(260.772,-1091.604,792.405));
#4002=CARTESIAN_POINT('',(258.371,-1095.685,764.354));
#4003=CARTESIAN_POINT('',(252.872,-1091.612,751.34));
#4004=CARTESIAN_POINT('',(252.872,-1091.612,751.34));
#4005=CARTESIAN_POINT('',(246.863,-1093.078,749.8));
#4006=CARTESIAN_POINT('',(207.768,-1040.759,683.86));
#4007=CARTESIAN_POINT('',(195.287,-956.832,624.766));
#4008=CARTESIAN_POINT('',(180.685,-848.025,562.366));
#4009=CARTESIAN_POINT('',(198.983,-755.058,532.427));
#4010=CARTESIAN_POINT('',(230.756,-650.173,512.072));
#4011=CARTESIAN_POINT('',(235.386,-547.804,479.177));
#4012=CARTESIAN_POINT('',(239.887,-438.971,466.634));
#4013=CARTESIAN_POINT('',(210.071,-358.245,446.722));
#4014=CARTESIAN_POINT('',(220.286,-296.228,431.239));
#4015=CARTESIAN_POINT('',(236.639,-208.322,399.919));
#4016=CARTESIAN_POINT('',(253.27,-136.302,387.4));
#4017=CARTESIAN_POINT('',(255.109,-6.13900000000008,398.344));
#4018=CARTESIAN_POINT('',(248.267,12.0239999999999,401.393));
#4019=CARTESIAN_POINT('',(282.296,102.259,364.517));
#4020=CARTESIAN_POINT('',(272.231,178.754,352.361));
#4021=CARTESIAN_POINT('',(268.057,251.084,332.756));
#4022=CARTESIAN_POINT('',(245.716,311.763,315.235));
#4023=CARTESIAN_POINT('',(226.501,357.984,299.208));
#4024=CARTESIAN_POINT('',(203.99,423.954,278.947));
#4025=CARTESIAN_POINT('',(226.007,475.029,268.133));
#4026=CARTESIAN_POINT('',(250.166,519.961,259.993));
#4027=CARTESIAN_POINT('',(259.272,541.519,256.623));
#4028=CARTESIAN_POINT('',(263.152,550.679,255.445));
#4029=CARTESIAN_POINT('',(263.152,550.679,255.445));
#4030=CARTESIAN_POINT('',(264.515,553.56,262.624));
#4031=CARTESIAN_POINT('',(270.057,566.52,272.058));
#4032=CARTESIAN_POINT('',(274.298,578.654,280.329));
#4033=CARTESIAN_POINT('',(279.866,597.397,293.138));
#4034=CARTESIAN_POINT('',(288.836,632.505,301.139));
#4035=CARTESIAN_POINT('',(296.892,671.45,301.008));
#4036=CARTESIAN_POINT('',(302.712,701.904,306.262));
#4037=CARTESIAN_POINT('',(307.88,731.759,320.849));
#4038=CARTESIAN_POINT('',(323.718,776.463,317.211));
#4039=CARTESIAN_POINT('',(348.111,817.174,316.726));
#4040=CARTESIAN_POINT('',(345.144,876.813,315.079));
#4041=CARTESIAN_POINT('',(330.43,932.249,299.167));
#4042=CARTESIAN_POINT('',(295.844,984.697,272.016));
#4043=CARTESIAN_POINT('',(228.484,1012.4,223.256));
#4044=CARTESIAN_POINT('',(174.589,1031.569,165.446));
#4045=CARTESIAN_POINT('',(90.212,1047.692,113.945));
#4046=CARTESIAN_POINT('',(80.258,1105.91,26.379));
#4047=CARTESIAN_POINT('',(76.646,1133.297,-81.053));
#4048=CARTESIAN_POINT('',(68.837,1173.766,-215.387));
#4049=CARTESIAN_POINT('',(55.476,1145.4,-377.257));
#4050=CARTESIAN_POINT('',(118.432,1181.804,-546.796));
#4051=CARTESIAN_POINT('',(21.768,1264.181,-692.824));
#4052=CARTESIAN_POINT('',(-67.589,1197.865,-662.509));
#4053=CARTESIAN_POINT('',(-70.84,1200.132,-651.977));
#4054=CARTESIAN_POINT('',(-70.84,1200.132,-651.977));
#4055=CARTESIAN_POINT('',(-94.31,1212.541,-614.532));
#4056=CARTESIAN_POINT('',(-49.487,1241.445,-512.13));
#4057=CARTESIAN_POINT('',(-33.779,1167.486,-324.576));
#4058=CARTESIAN_POINT('',(-45.779,1186.361,-116.356));
#4059=CARTESIAN_POINT('',(-13.673,1171.792,47.205));
#4060=CARTESIAN_POINT('',(-80.675,1152.506,235.745));
#4061=CARTESIAN_POINT('',(-2.822,1075.023,422.42));
#4062=CARTESIAN_POINT('',(-11.878,973.246,510.012));
#4063=CARTESIAN_POINT('',(-6.925,762.109,576.727));
#4064=CARTESIAN_POINT('',(13.289,633.951,564.223));
#4065=CARTESIAN_POINT('',(-38.516,459.295,542.874));
#4066=CARTESIAN_POINT('',(-35.003,352.21,506.866));
#4067=CARTESIAN_POINT('',(-69.363,185.454,487.549));
#4068=CARTESIAN_POINT('',(-63.512,57.706,482.742));
#4069=CARTESIAN_POINT('',(-71.66,-71.014,482.383));
#4070=CARTESIAN_POINT('',(-61.411,-202.328,505.896));
#4071=CARTESIAN_POINT('',(-62.054,-302.309,521.367));
#4072=CARTESIAN_POINT('',(-91.598,-423.928,556.205));
#4073=CARTESIAN_POINT('',(-106.398,-526.012,565.658));
#4074=CARTESIAN_POINT('',(-168.118,-680.824,577.597));
#4075=CARTESIAN_POINT('',(-147.059,-832.234,604.86));
#4076=CARTESIAN_POINT('',(-198.336,-954.806,652.8));
#4077=CARTESIAN_POINT('',(-214.201,-1044.462,730.445));
#4078=CARTESIAN_POINT('',(-230.202,-1061.543,746.403));
#4079=CARTESIAN_POINT('',(-242.621,-683.019,-928.341));
#4080=CARTESIAN_POINT('',(-265.149,-727.69,-919.22));
#4081=CARTESIAN_POINT('',(-276.337,-709.32,-863.826));
#4082=CARTESIAN_POINT('',(-230.808,-592.16,-767.453));
#4083=CARTESIAN_POINT('',(-269.421,-627.605,-599.67));
#4084=CARTESIAN_POINT('',(-263.114,-623.37,-484.417));
#4085=CARTESIAN_POINT('',(-294.514,-641.673,-360.112));
#4086=CARTESIAN_POINT('',(-301.247,-645.292,-253.458));
#4087=CARTESIAN_POINT('',(-293.377,-654.115,-154.995));
#4088=CARTESIAN_POINT('',(-309.509,-675.93,-68.7450000000001));
#4089=CARTESIAN_POINT('',(-330.553,-701.297,7.05299999999994));
#4090=CARTESIAN_POINT('',(-336.798,-739.898,87.5109999999999));
#4091=CARTESIAN_POINT('',(-311.549,-782.608,158.333));
#4092=CARTESIAN_POINT('',(-293.032,-800.208,209.634));
#4093=CARTESIAN_POINT('',(-251.079,-822.563,272.332));
#4094=CARTESIAN_POINT('',(-223.748,-868.527,327.533));
#4095=CARTESIAN_POINT('',(-238.817,-904.078,376.534));
#4096=CARTESIAN_POINT('',(-220.895,-947.363,435.23));
#4097=CARTESIAN_POINT('',(-219.756,-978.309,481.584));
#4098=CARTESIAN_POINT('',(-216.215,-1006.956,550.738));
#4099=CARTESIAN_POINT('',(-212.773,-1038.409,605.13));
#4100=CARTESIAN_POINT('',(-221.313,-1068.731,677.433));
#4101=CARTESIAN_POINT('',(-234.289,-1059.614,725.431));
#4102=CARTESIAN_POINT('',(-231.866,-1062.454,737.225));
#4103=CARTESIAN_POINT('',(-230.202,-1061.543,746.403));
#4104=CARTESIAN_POINT('',(-70.84,1200.132,-651.977));
#4105=CARTESIAN_POINT('',(-81.902,1163.428,-689.299));
#4106=CARTESIAN_POINT('',(-53.177,1100.986,-674.239));
#4107=CARTESIAN_POINT('',(-67.611,1083.436,-495.506));
#4108=CARTESIAN_POINT('',(-48.686,1101.488,-362.167));
#4109=CARTESIAN_POINT('',(-54.511,1079.878,-230.172));
#4110=CARTESIAN_POINT('',(-70.489,1071.716,-145.205));
#4111=CARTESIAN_POINT('',(-53.868,1047.093,-55.636));
#4112=CARTESIAN_POINT('',(-79.076,1017.197,2.32099999999998));
#4113=CARTESIAN_POINT('',(-137.104,1028.197,-24.449));
#4114=CARTESIAN_POINT('',(-176.373,1031.737,-40.617));
#4115=CARTESIAN_POINT('',(-210.945,1005.064,-65.856));
#4116=CARTESIAN_POINT('',(-237.022,980.103,-100.289));
#4117=CARTESIAN_POINT('',(-245.482,955.17,-159.213));
#4118=CARTESIAN_POINT('',(-247.929,942.447,-220.003));
#4119=CARTESIAN_POINT('',(-255.481,957.27,-299.231));
#4120=CARTESIAN_POINT('',(-242.047,982.791,-387.157));
#4121=CARTESIAN_POINT('',(-242.134,998.551,-477.287));
#4122=CARTESIAN_POINT('',(-256.387,1061.403,-594.755));
#4123=CARTESIAN_POINT('',(-258.351,992.884,-724.441));
#4124=CARTESIAN_POINT('',(-272.053,954.223,-849.361));
#4125=CARTESIAN_POINT('',(-337.453,876.578,-969.887));
#4126=CARTESIAN_POINT('',(-366.16,699.818,-940.084));
#4127=CARTESIAN_POINT('',(-313.833,649.227,-930.699));
#4128=CARTESIAN_POINT('',(-296.021,675.22,-883.563));
#4129=CARTESIAN_POINT('',(151.448,-730.016,-923.286));
#4130=CARTESIAN_POINT('',(152.659,-790.451,-882.169));
#4131=CARTESIAN_POINT('',(171.087,-692.908,-850.963));
#4132=CARTESIAN_POINT('',(200.283,-625.006,-718.494));
#4133=CARTESIAN_POINT('',(200.003,-644.327,-587.388));
#4134=CARTESIAN_POINT('',(235.838,-662.443,-480.465));
#4135=CARTESIAN_POINT('',(252.866,-673.317,-391.504));
#4136=CARTESIAN_POINT('',(267.006,-674.598,-275.576));
#4137=CARTESIAN_POINT('',(256.903,-700.421,-183.921));
#4138=CARTESIAN_POINT('',(285.952,-744.106,-103.315));
#4139=CARTESIAN_POINT('',(268.009,-827.255,-33.3900000000001));
#4140=CARTESIAN_POINT('',(264.734,-834.28,7.97399999999994));
#4141=CARTESIAN_POINT('',(267.736,-848.778,123.329));
#4142=CARTESIAN_POINT('',(219.147,-868.83,182.34));
#4143=CARTESIAN_POINT('',(206.965,-911.37,252.803));
#4144=CARTESIAN_POINT('',(201.858,-956.558,298.581));
#4145=CARTESIAN_POINT('',(168.349,-991.407,365.974));
#4146=CARTESIAN_POINT('',(163.16,-1052.592,404.266));
#4147=CARTESIAN_POINT('',(192.52,-1060.511,464.856));
#4148=CARTESIAN_POINT('',(202.531,-1103.34,549.823));
#4149=CARTESIAN_POINT('',(211.242,-1118.939,607.182));
#4150=CARTESIAN_POINT('',(204.286,-1126.098,687.491));
#4151=CARTESIAN_POINT('',(263.014,-1125.639,726.466));
#4152=CARTESIAN_POINT('',(253.555,-1098.16,747.174));
#4153=CARTESIAN_POINT('',(252.872,-1091.612,751.34));
#4154=CARTESIAN_POINT('',(263.152,550.679,255.445));
#4155=CARTESIAN_POINT('',(264.64,554.263,251.729));
#4156=CARTESIAN_POINT('',(265.138,556.598,237.078));
#4157=CARTESIAN_POINT('',(271.449,578.578,216.299));
#4158=CARTESIAN_POINT('',(275.809,590.932,193.651));
#4159=CARTESIAN_POINT('',(283.039,597.681,172.191));
#4160=CARTESIAN_POINT('',(294.084,604.505,151.443));
#4161=CARTESIAN_POINT('',(312.797,615.205,126.489));
#4162=CARTESIAN_POINT('',(329.513,621.428,101.278));
#4163=CARTESIAN_POINT('',(345.932,636.671,67.582));
#4164=CARTESIAN_POINT('',(356.499,653.199,25.142));
#4165=CARTESIAN_POINT('',(367.818,677.526,-13.419));
#4166=CARTESIAN_POINT('',(371.201,697.661,-66.634));
#4167=CARTESIAN_POINT('',(362.392,722.823,-117.294));
#4168=CARTESIAN_POINT('',(347.248,752.362,-182.286));
#4169=CARTESIAN_POINT('',(337.389,781.934,-245.96));
#4170=CARTESIAN_POINT('',(313.743,822.058,-322.344));
#4171=CARTESIAN_POINT('',(314.91,845.977,-408.451));
#4172=CARTESIAN_POINT('',(300.045,895.215,-500.403));
#4173=CARTESIAN_POINT('',(320.735,924.329,-594.108));
#4174=CARTESIAN_POINT('',(306.654,898.631,-713.879));
#4175=CARTESIAN_POINT('',(350.631,850.324,-831.63));
#4176=CARTESIAN_POINT('',(398.838,709.261,-855.861));
#4177=CARTESIAN_POINT('',(286.743,694.447,-866.229));
#4178=CARTESIAN_POINT('',(270.751,712.421,-849.403));
#4179=CARTESIAN_POINT('',(0.,0.,0.));
ENDSEC;
END-ISO-10303-21;
