ISO-10303-21;
HEADER;
/* Generated by software containing ST-Developer
 * from STEP Tools, Inc. (www.steptools.com) 
 */
/* OPTION: using custom schema-name function */

FILE_DESCRIPTION(
/* description */ (''),
/* implementation_level */ '2;1');

FILE_NAME(
/* name */ 'bunny',
/* time_stamp */ '2026-06-03T09:42:50+08:00',
/* author */ (''),
/* organization */ (''),
/* preprocessor_version */ 'ST-DEVELOPER v19.2',
/* originating_system */ 'Rhino 8.4',
/* authorisation */ '');

FILE_SCHEMA (('AUTOMOTIVE_DESIGN'));
ENDSEC;

DATA;
#10=SHAPE_REPRESENTATION_RELATIONSHIP('','',#113,#13);
#11=PRESENTATION_LAYER_ASSIGNMENT('IGES level 0','',(#12));
#12=MANIFOLD_SOLID_BREP('brep_1',#14);
#13=ADVANCED_BREP_SHAPE_REPRESENTATION('brep_rep_0',(#12,#115),#112);
#14=CLOSED_SHELL('',(#15,#16,#17,#18,#19,#20));
#15=ADVANCED_FACE('',(#21),#89,.T.);
#16=ADVANCED_FACE('',(#22),#90,.T.);
#17=ADVANCED_FACE('',(#23),#91,.T.);
#18=ADVANCED_FACE('',(#24),#92,.T.);
#19=ADVANCED_FACE('',(#25),#93,.T.);
#20=ADVANCED_FACE('',(#26),#94,.T.);
#21=FACE_OUTER_BOUND('',#27,.T.);
#22=FACE_OUTER_BOUND('',#28,.T.);
#23=FACE_OUTER_BOUND('',#29,.T.);
#24=FACE_OUTER_BOUND('',#30,.T.);
#25=FACE_OUTER_BOUND('',#31,.T.);
#26=FACE_OUTER_BOUND('',#32,.T.);
#27=EDGE_LOOP('',(#33,#34,#35,#36));
#28=EDGE_LOOP('',(#37,#38,#39,#40));
#29=EDGE_LOOP('',(#41,#42,#43,#44));
#30=EDGE_LOOP('',(#45,#46,#47,#48));
#31=EDGE_LOOP('',(#49,#50,#51,#52));
#32=EDGE_LOOP('',(#53,#54,#55,#56));
#33=ORIENTED_EDGE('',*,*,#57,.T.);
#34=ORIENTED_EDGE('',*,*,#58,.T.);
#35=ORIENTED_EDGE('',*,*,#59,.T.);
#36=ORIENTED_EDGE('',*,*,#60,.T.);
#37=ORIENTED_EDGE('',*,*,#61,.T.);
#38=ORIENTED_EDGE('',*,*,#60,.F.);
#39=ORIENTED_EDGE('',*,*,#62,.T.);
#40=ORIENTED_EDGE('',*,*,#63,.T.);
#41=ORIENTED_EDGE('',*,*,#66,.F.);
#42=ORIENTED_EDGE('',*,*,#65,.F.);
#43=ORIENTED_EDGE('',*,*,#58,.F.);
#44=ORIENTED_EDGE('',*,*,#64,.F.);
#45=ORIENTED_EDGE('',*,*,#67,.T.);
#46=ORIENTED_EDGE('',*,*,#64,.T.);
#47=ORIENTED_EDGE('',*,*,#57,.F.);
#48=ORIENTED_EDGE('',*,*,#61,.F.);
#49=ORIENTED_EDGE('',*,*,#62,.F.);
#50=ORIENTED_EDGE('',*,*,#59,.F.);
#51=ORIENTED_EDGE('',*,*,#65,.T.);
#52=ORIENTED_EDGE('',*,*,#68,.F.);
#53=ORIENTED_EDGE('',*,*,#63,.F.);
#54=ORIENTED_EDGE('',*,*,#68,.T.);
#55=ORIENTED_EDGE('',*,*,#66,.T.);
#56=ORIENTED_EDGE('',*,*,#67,.F.);
#57=EDGE_CURVE('',#81,#82,#69,.T.);
#58=EDGE_CURVE('',#82,#83,#70,.T.);
#59=EDGE_CURVE('',#83,#84,#71,.T.);
#60=EDGE_CURVE('',#84,#81,#72,.T.);
#61=EDGE_CURVE('',#85,#81,#73,.T.);
#62=EDGE_CURVE('',#84,#86,#74,.T.);
#63=EDGE_CURVE('',#86,#85,#75,.T.);
#64=EDGE_CURVE('',#87,#82,#76,.T.);
#65=EDGE_CURVE('',#83,#88,#77,.T.);
#66=EDGE_CURVE('',#88,#87,#78,.T.);
#67=EDGE_CURVE('',#85,#87,#79,.T.);
#68=EDGE_CURVE('',#86,#88,#80,.T.);
#69=(
BOUNDED_CURVE()
B_SPLINE_CURVE(3,(#3879,#3880,#3881,#3882,#3883,#3884,#3885,#3886,#3887,
#3888,#3889,#3890,#3891,#3892,#3893,#3894,#3895,#3896,#3897,#3898,#3899,
#3900,#3901,#3902,#3903),.UNSPECIFIED.,.F.,.F.)
B_SPLINE_CURVE_WITH_KNOTS((4,1,1,1,1,1,1,1,1,1,1,1,1,1,1,1,1,1,1,1,1,1,
4),(0.,0.045455,0.090909,0.136364,0.181818,0.227273,0.272727,0.318182,0.363636,
0.409091,0.454545,0.5,0.545455,0.590909,0.636364,0.681818,0.727273,0.772727,
0.818182,0.863636,0.909091,0.954545,1.),.UNSPECIFIED.)
CURVE()
GEOMETRIC_REPRESENTATION_ITEM()
RATIONAL_B_SPLINE_CURVE((1.,1.,1.,1.,1.,1.,1.,1.,1.,1.,1.,1.,1.,1.,1.,1.,
1.,1.,1.,1.,1.,1.,1.,1.,1.))
REPRESENTATION_ITEM('')
);
#70=(
BOUNDED_CURVE()
B_SPLINE_CURVE(3,(#3904,#3905,#3906,#3907,#3908,#3909,#3910,#3911,#3912,
#3913,#3914,#3915,#3916,#3917,#3918,#3919,#3920,#3921,#3922,#3923,#3924,
#3925,#3926,#3927,#3928),.UNSPECIFIED.,.F.,.F.)
B_SPLINE_CURVE_WITH_KNOTS((4,1,1,1,1,1,1,1,1,1,1,1,1,1,1,1,1,1,1,1,1,1,
4),(0.,0.045455,0.090909,0.136364,0.181818,0.227273,0.272727,0.318182,0.363636,
0.409091,0.454545,0.5,0.545455,0.590909,0.636364,0.681818,0.727273,0.772727,
0.818182,0.863636,0.909091,0.954545,1.),.UNSPECIFIED.)
CURVE()
GEOMETRIC_REPRESENTATION_ITEM()
RATIONAL_B_SPLINE_CURVE((1.,1.,1.,1.,1.,1.,1.,1.,1.,1.,1.,1.,1.,1.,1.,1.,
1.,1.,1.,1.,1.,1.,1.,1.,1.))
REPRESENTATION_ITEM('')
);
#71=(
BOUNDED_CURVE()
B_SPLINE_CURVE(3,(#3929,#3930,#3931,#3932,#3933,#3934,#3935,#3936,#3937,
#3938,#3939,#3940,#3941,#3942,#3943,#3944,#3945,#3946,#3947,#3948,#3949,
#3950,#3951,#3952,#3953),.UNSPECIFIED.,.F.,.F.)
B_SPLINE_CURVE_WITH_KNOTS((4,1,1,1,1,1,1,1,1,1,1,1,1,1,1,1,1,1,1,1,1,1,
4),(-1.,-0.954545,-0.909091,-0.863636,-0.818182,-0.772727,-0.727273,-0.681818,
-0.636364,-0.590909,-0.545455,-0.5,-0.454545,-0.409091,-0.363636,-0.318182,
-0.272727,-0.227273,-0.181818,-0.136364,-0.090909,-0.045455,0.),
 .UNSPECIFIED.)
CURVE()
GEOMETRIC_REPRESENTATION_ITEM()
RATIONAL_B_SPLINE_CURVE((1.,1.,1.,1.,1.,1.,1.,1.,1.,1.,1.,1.,1.,1.,1.,1.,
1.,1.,1.,1.,1.,1.,1.,1.,1.))
REPRESENTATION_ITEM('')
);
#72=(
BOUNDED_CURVE()
B_SPLINE_CURVE(3,(#3954,#3955,#3956,#3957,#3958,#3959,#3960,#3961,#3962,
#3963,#3964,#3965,#3966,#3967,#3968,#3969,#3970,#3971,#3972,#3973,#3974,
#3975,#3976,#3977,#3978),.UNSPECIFIED.,.F.,.F.)
B_SPLINE_CURVE_WITH_KNOTS((4,1,1,1,1,1,1,1,1,1,1,1,1,1,1,1,1,1,1,1,1,1,
4),(-1.,-0.954545,-0.909091,-0.863636,-0.818182,-0.772727,-0.727273,-0.681818,
-0.636364,-0.590909,-0.545455,-0.5,-0.454545,-0.409091,-0.363636,-0.318182,
-0.272727,-0.227273,-0.181818,-0.136364,-0.090909,-0.045455,0.),
 .UNSPECIFIED.)
CURVE()
GEOMETRIC_REPRESENTATION_ITEM()
RATIONAL_B_SPLINE_CURVE((1.,1.,1.,1.,1.,1.,1.,1.,1.,1.,1.,1.,1.,1.,1.,1.,
1.,1.,1.,1.,1.,1.,1.,1.,1.))
REPRESENTATION_ITEM('')
);
#73=(
BOUNDED_CURVE()
B_SPLINE_CURVE(3,(#3979,#3980,#3981,#3982,#3983,#3984,#3985,#3986,#3987,
#3988,#3989,#3990,#3991,#3992,#3993,#3994,#3995,#3996,#3997,#3998,#3999,
#4000,#4001,#4002,#4003),.UNSPECIFIED.,.F.,.F.)
B_SPLINE_CURVE_WITH_KNOTS((4,1,1,1,1,1,1,1,1,1,1,1,1,1,1,1,1,1,1,1,1,1,
4),(0.,0.045455,0.090909,0.136364,0.181818,0.227273,0.272727,0.318182,0.363636,
0.409091,0.454545,0.5,0.545455,0.590909,0.636364,0.681818,0.727273,0.772727,
0.818182,0.863636,0.909091,0.954545,1.),.UNSPECIFIED.)
CURVE()
GEOMETRIC_REPRESENTATION_ITEM()
RATIONAL_B_SPLINE_CURVE((1.,1.,1.,1.,1.,1.,1.,1.,1.,1.,1.,1.,1.,1.,1.,1.,
1.,1.,1.,1.,1.,1.,1.,1.,1.))
REPRESENTATION_ITEM('')
);
#74=(
BOUNDED_CURVE()
B_SPLINE_CURVE(3,(#4004,#4005,#4006,#4007,#4008,#4009,#4010,#4011,#4012,
#4013,#4014,#4015,#4016,#4017,#4018,#4019,#4020,#4021,#4022,#4023,#4024,
#4025,#4026,#4027,#4028),.UNSPECIFIED.,.F.,.F.)
B_SPLINE_CURVE_WITH_KNOTS((4,1,1,1,1,1,1,1,1,1,1,1,1,1,1,1,1,1,1,1,1,1,
4),(-1.,-0.954545,-0.909091,-0.863636,-0.818182,-0.772727,-0.727273,-0.681818,
-0.636364,-0.590909,-0.545455,-0.5,-0.454545,-0.409091,-0.363636,-0.318182,
-0.272727,-0.227273,-0.181818,-0.136364,-0.090909,-0.045455,0.),
 .UNSPECIFIED.)
CURVE()
GEOMETRIC_REPRESENTATION_ITEM()
RATIONAL_B_SPLINE_CURVE((1.,1.,1.,1.,1.,1.,1.,1.,1.,1.,1.,1.,1.,1.,1.,1.,
1.,1.,1.,1.,1.,1.,1.,1.,1.))
REPRESENTATION_ITEM('')
);
#75=(
BOUNDED_CURVE()
B_SPLINE_CURVE(3,(#4029,#4030,#4031,#4032,#4033,#4034,#4035,#4036,#4037,
#4038,#4039,#4040,#4041,#4042,#4043,#4044,#4045,#4046,#4047,#4048,#4049,
#4050,#4051,#4052,#4053),.UNSPECIFIED.,.F.,.F.)
B_SPLINE_CURVE_WITH_KNOTS((4,1,1,1,1,1,1,1,1,1,1,1,1,1,1,1,1,1,1,1,1,1,
4),(-1.,-0.954545,-0.909091,-0.863636,-0.818182,-0.772727,-0.727273,-0.681818,
-0.636364,-0.590909,-0.545455,-0.5,-0.454545,-0.409091,-0.363636,-0.318182,
-0.272727,-0.227273,-0.181818,-0.136364,-0.090909,-0.045455,0.),
 .UNSPECIFIED.)
CURVE()
GEOMETRIC_REPRESENTATION_ITEM()
RATIONAL_B_SPLINE_CURVE((1.,1.,1.,1.,1.,1.,1.,1.,1.,1.,1.,1.,1.,1.,1.,1.,
1.,1.,1.,1.,1.,1.,1.,1.,1.))
REPRESENTATION_ITEM('')
);
#76=(
BOUNDED_CURVE()
B_SPLINE_CURVE(3,(#4054,#4055,#4056,#4057,#4058,#4059,#4060,#4061,#4062,
#4063,#4064,#4065,#4066,#4067,#4068,#4069,#4070,#4071,#4072,#4073,#4074,
#4075,#4076,#4077,#4078),.UNSPECIFIED.,.F.,.F.)
B_SPLINE_CURVE_WITH_KNOTS((4,1,1,1,1,1,1,1,1,1,1,1,1,1,1,1,1,1,1,1,1,1,
4),(0.,0.045455,0.090909,0.136364,0.181818,0.227273,0.272727,0.318182,0.363636,
0.409091,0.454545,0.5,0.545455,0.590909,0.636364,0.681818,0.727273,0.772727,
0.818182,0.863636,0.909091,0.954545,1.),.UNSPECIFIED.)
CURVE()
GEOMETRIC_REPRESENTATION_ITEM()
RATIONAL_B_SPLINE_CURVE((1.,1.,1.,1.,1.,1.,1.,1.,1.,1.,1.,1.,1.,1.,1.,1.,
1.,1.,1.,1.,1.,1.,1.,1.,1.))
REPRESENTATION_ITEM('')
);
#77=(
BOUNDED_CURVE()
B_SPLINE_CURVE(3,(#4079,#4080,#4081,#4082,#4083,#4084,#4085,#4086,#4087,
#4088,#4089,#4090,#4091,#4092,#4093,#4094,#4095,#4096,#4097,#4098,#4099,
#4100,#4101,#4102,#4103),.UNSPECIFIED.,.F.,.F.)
B_SPLINE_CURVE_WITH_KNOTS((4,1,1,1,1,1,1,1,1,1,1,1,1,1,1,1,1,1,1,1,1,1,
4),(-1.,-0.954545,-0.909091,-0.863636,-0.818182,-0.772727,-0.727273,-0.681818,
-0.636364,-0.590909,-0.545455,-0.5,-0.454545,-0.409091,-0.363636,-0.318182,
-0.272727,-0.227273,-0.181818,-0.136364,-0.090909,-0.045455,0.),
 .UNSPECIFIED.)
CURVE()
GEOMETRIC_REPRESENTATION_ITEM()
RATIONAL_B_SPLINE_CURVE((1.,1.,1.,1.,1.,1.,1.,1.,1.,1.,1.,1.,1.,1.,1.,1.,
1.,1.,1.,1.,1.,1.,1.,1.,1.))
REPRESENTATION_ITEM('')
);
#78=(
BOUNDED_CURVE()
B_SPLINE_CURVE(3,(#4104,#4105,#4106,#4107,#4108,#4109,#4110,#4111,#4112,
#4113,#4114,#4115,#4116,#4117,#4118,#4119,#4120,#4121,#4122,#4123,#4124,
#4125,#4126,#4127,#4128),.UNSPECIFIED.,.F.,.F.)
B_SPLINE_CURVE_WITH_KNOTS((4,1,1,1,1,1,1,1,1,1,1,1,1,1,1,1,1,1,1,1,1,1,
4),(-1.,-0.954545,-0.909091,-0.863636,-0.818182,-0.772727,-0.727273,-0.681818,
-0.636364,-0.590909,-0.545455,-0.5,-0.454545,-0.409091,-0.363636,-0.318182,
-0.272727,-0.227273,-0.181818,-0.136364,-0.090909,-0.045455,0.),
 .UNSPECIFIED.)
CURVE()
GEOMETRIC_REPRESENTATION_ITEM()
RATIONAL_B_SPLINE_CURVE((1.,1.,1.,1.,1.,1.,1.,1.,1.,1.,1.,1.,1.,1.,1.,1.,
1.,1.,1.,1.,1.,1.,1.,1.,1.))
REPRESENTATION_ITEM('')
);
#79=(
BOUNDED_CURVE()
B_SPLINE_CURVE(3,(#4129,#4130,#4131,#4132,#4133,#4134,#4135,#4136,#4137,
#4138,#4139,#4140,#4141,#4142,#4143,#4144,#4145,#4146,#4147,#4148,#4149,
#4150,#4151,#4152,#4153),.UNSPECIFIED.,.F.,.F.)
B_SPLINE_CURVE_WITH_KNOTS((4,1,1,1,1,1,1,1,1,1,1,1,1,1,1,1,1,1,1,1,1,1,
4),(0.,0.045455,0.090909,0.136364,0.181818,0.227273,0.272727,0.318182,0.363636,
0.409091,0.454545,0.5,0.545455,0.590909,0.636364,0.681818,0.727273,0.772727,
0.818182,0.863636,0.909091,0.954545,1.),.UNSPECIFIED.)
CURVE()
GEOMETRIC_REPRESENTATION_ITEM()
RATIONAL_B_SPLINE_CURVE((1.,1.,1.,1.,1.,1.,1.,1.,1.,1.,1.,1.,1.,1.,1.,1.,
1.,1.,1.,1.,1.,1.,1.,1.,1.))
REPRESENTATION_ITEM('')
);
#80=(
BOUNDED_CURVE()
B_SPLINE_CURVE(3,(#4154,#4155,#4156,#4157,#4158,#4159,#4160,#4161,#4162,
#4163,#4164,#4165,#4166,#4167,#4168,#4169,#4170,#4171,#4172,#4173,#4174,
#4175,#4176,#4177,#4178),.UNSPECIFIED.,.F.,.F.)
B_SPLINE_CURVE_WITH_KNOTS((4,1,1,1,1,1,1,1,1,1,1,1,1,1,1,1,1,1,1,1,1,1,
4),(0.,0.045455,0.090909,0.136364,0.181818,0.227273,0.272727,0.318182,0.363636,
0.409091,0.454545,0.5,0.545455,0.590909,0.636364,0.681818,0.727273,0.772727,
0.818182,0.863636,0.909091,0.954545,1.),.UNSPECIFIED.)
CURVE()
GEOMETRIC_REPRESENTATION_ITEM()
RATIONAL_B_SPLINE_CURVE((1.,1.,1.,1.,1.,1.,1.,1.,1.,1.,1.,1.,1.,1.,1.,1.,
1.,1.,1.,1.,1.,1.,1.,1.,1.))
REPRESENTATION_ITEM('')
);
#81=VERTEX_POINT('',#3871);
#82=VERTEX_POINT('',#3872);
#83=VERTEX_POINT('',#3873);
#84=VERTEX_POINT('',#3874);
#85=VERTEX_POINT('',#3875);
#86=VERTEX_POINT('',#3876);
#87=VERTEX_POINT('',#3877);
#88=VERTEX_POINT('',#3878);
#89=(
BOUNDED_SURFACE()
B_SPLINE_SURFACE(3,3,((#121,#122,#123,#124,#125,#126,#127,#128,#129,#130,
#131,#132,#133,#134,#135,#136,#137,#138,#139,#140,#141,#142,#143,#144,#145),
(#146,#147,#148,#149,#150,#151,#152,#153,#154,#155,#156,#157,#158,#159,
#160,#161,#162,#163,#164,#165,#166,#167,#168,#169,#170),(#171,#172,#173,
#174,#175,#176,#177,#178,#179,#180,#181,#182,#183,#184,#185,#186,#187,#188,
#189,#190,#191,#192,#193,#194,#195),(#196,#197,#198,#199,#200,#201,#202,
#203,#204,#205,#206,#207,#208,#209,#210,#211,#212,#213,#214,#215,#216,#217,
#218,#219,#220),(#221,#222,#223,#224,#225,#226,#227,#228,#229,#230,#231,
#232,#233,#234,#235,#236,#237,#238,#239,#240,#241,#242,#243,#244,#245),
(#246,#247,#248,#249,#250,#251,#252,#253,#254,#255,#256,#257,#258,#259,
#260,#261,#262,#263,#264,#265,#266,#267,#268,#269,#270),(#271,#272,#273,
#274,#275,#276,#277,#278,#279,#280,#281,#282,#283,#284,#285,#286,#287,#288,
#289,#290,#291,#292,#293,#294,#295),(#296,#297,#298,#299,#300,#301,#302,
#303,#304,#305,#306,#307,#308,#309,#310,#311,#312,#313,#314,#315,#316,#317,
#318,#319,#320),(#321,#322,#323,#324,#325,#326,#327,#328,#329,#330,#331,
#332,#333,#334,#335,#336,#337,#338,#339,#340,#341,#342,#343,#344,#345),
(#346,#347,#348,#349,#350,#351,#352,#353,#354,#355,#356,#357,#358,#359,
#360,#361,#362,#363,#364,#365,#366,#367,#368,#369,#370),(#371,#372,#373,
#374,#375,#376,#377,#378,#379,#380,#381,#382,#383,#384,#385,#386,#387,#388,
#389,#390,#391,#392,#393,#394,#395),(#396,#397,#398,#399,#400,#401,#402,
#403,#404,#405,#406,#407,#408,#409,#410,#411,#412,#413,#414,#415,#416,#417,
#418,#419,#420),(#421,#422,#423,#424,#425,#426,#427,#428,#429,#430,#431,
#432,#433,#434,#435,#436,#437,#438,#439,#440,#441,#442,#443,#444,#445),
(#446,#447,#448,#449,#450,#451,#452,#453,#454,#455,#456,#457,#458,#459,
#460,#461,#462,#463,#464,#465,#466,#467,#468,#469,#470),(#471,#472,#473,
#474,#475,#476,#477,#478,#479,#480,#481,#482,#483,#484,#485,#486,#487,#488,
#489,#490,#491,#492,#493,#494,#495),(#496,#497,#498,#499,#500,#501,#502,
#503,#504,#505,#506,#507,#508,#509,#510,#511,#512,#513,#514,#515,#516,#517,
#518,#519,#520),(#521,#522,#523,#524,#525,#526,#527,#528,#529,#530,#531,
#532,#533,#534,#535,#536,#537,#538,#539,#540,#541,#542,#543,#544,#545),
(#546,#547,#548,#549,#550,#551,#552,#553,#554,#555,#556,#557,#558,#559,
#560,#561,#562,#563,#564,#565,#566,#567,#568,#569,#570),(#571,#572,#573,
#574,#575,#576,#577,#578,#579,#580,#581,#582,#583,#584,#585,#586,#587,#588,
#589,#590,#591,#592,#593,#594,#595),(#596,#597,#598,#599,#600,#601,#602,
#603,#604,#605,#606,#607,#608,#609,#610,#611,#612,#613,#614,#615,#616,#617,
#618,#619,#620),(#621,#622,#623,#624,#625,#626,#627,#628,#629,#630,#631,
#632,#633,#634,#635,#636,#637,#638,#639,#640,#641,#642,#643,#644,#645),
(#646,#647,#648,#649,#650,#651,#652,#653,#654,#655,#656,#657,#658,#659,
#660,#661,#662,#663,#664,#665,#666,#667,#668,#669,#670),(#671,#672,#673,
#674,#675,#676,#677,#678,#679,#680,#681,#682,#683,#684,#685,#686,#687,#688,
#689,#690,#691,#692,#693,#694,#695),(#696,#697,#698,#699,#700,#701,#702,
#703,#704,#705,#706,#707,#708,#709,#710,#711,#712,#713,#714,#715,#716,#717,
#718,#719,#720),(#721,#722,#723,#724,#725,#726,#727,#728,#729,#730,#731,
#732,#733,#734,#735,#736,#737,#738,#739,#740,#741,#742,#743,#744,#745)),
 .UNSPECIFIED.,.F.,.F.,.F.)
B_SPLINE_SURFACE_WITH_KNOTS((4,1,1,1,1,1,1,1,1,1,1,1,1,1,1,1,1,1,1,1,1,
1,4),(4,1,1,1,1,1,1,1,1,1,1,1,1,1,1,1,1,1,1,1,1,1,4),(0.,0.045455,0.090909,
0.136364,0.181818,0.227273,0.272727,0.318182,0.363636,0.409091,0.454545,
0.5,0.545455,0.590909,0.636364,0.681818,0.727273,0.772727,0.818182,0.863636,
0.909091,0.954545,1.),(0.,0.045455,0.090909,0.136364,0.181818,0.227273,
0.272727,0.318182,0.363636,0.409091,0.454545,0.5,0.545455,0.590909,0.636364,
0.681818,0.727273,0.772727,0.818182,0.863636,0.909091,0.954545,1.),
 .UNSPECIFIED.)
GEOMETRIC_REPRESENTATION_ITEM()
RATIONAL_B_SPLINE_SURFACE(((1.,1.,1.,1.,1.,1.,1.,1.,1.,1.,1.,1.,1.,1.,1.,
1.,1.,1.,1.,1.,1.,1.,1.,1.,1.),(1.,1.,1.,1.,1.,1.,1.,1.,1.,1.,1.,1.,1.,
1.,1.,1.,1.,1.,1.,1.,1.,1.,1.,1.,1.),(1.,1.,1.,1.,1.,1.,1.,1.,1.,1.,1.,
1.,1.,1.,1.,1.,1.,1.,1.,1.,1.,1.,1.,1.,1.),(1.,1.,1.,1.,1.,1.,1.,1.,1.,
1.,1.,1.,1.,1.,1.,1.,1.,1.,1.,1.,1.,1.,1.,1.,1.),(1.,1.,1.,1.,1.,1.,1.,
1.,1.,1.,1.,1.,1.,1.,1.,1.,1.,1.,1.,1.,1.,1.,1.,1.,1.),(1.,1.,1.,1.,1.,
1.,1.,1.,1.,1.,1.,1.,1.,1.,1.,1.,1.,1.,1.,1.,1.,1.,1.,1.,1.),(1.,1.,1.,
1.,1.,1.,1.,1.,1.,1.,1.,1.,1.,1.,1.,1.,1.,1.,1.,1.,1.,1.,1.,1.,1.),(1.,
1.,1.,1.,1.,1.,1.,1.,1.,1.,1.,1.,1.,1.,1.,1.,1.,1.,1.,1.,1.,1.,1.,1.,1.),
(1.,1.,1.,1.,1.,1.,1.,1.,1.,1.,1.,1.,1.,1.,1.,1.,1.,1.,1.,1.,1.,1.,1.,1.,
1.),(1.,1.,1.,1.,1.,1.,1.,1.,1.,1.,1.,1.,1.,1.,1.,1.,1.,1.,1.,1.,1.,1.,
1.,1.,1.),(1.,1.,1.,1.,1.,1.,1.,1.,1.,1.,1.,1.,1.,1.,1.,1.,1.,1.,1.,1.,
1.,1.,1.,1.,1.),(1.,1.,1.,1.,1.,1.,1.,1.,1.,1.,1.,1.,1.,1.,1.,1.,1.,1.,
1.,1.,1.,1.,1.,1.,1.),(1.,1.,1.,1.,1.,1.,1.,1.,1.,1.,1.,1.,1.,1.,1.,1.,
1.,1.,1.,1.,1.,1.,1.,1.,1.),(1.,1.,1.,1.,1.,1.,1.,1.,1.,1.,1.,1.,1.,1.,
1.,1.,1.,1.,1.,1.,1.,1.,1.,1.,1.),(1.,1.,1.,1.,1.,1.,1.,1.,1.,1.,1.,1.,
1.,1.,1.,1.,1.,1.,1.,1.,1.,1.,1.,1.,1.),(1.,1.,1.,1.,1.,1.,1.,1.,1.,1.,
1.,1.,1.,1.,1.,1.,1.,1.,1.,1.,1.,1.,1.,1.,1.),(1.,1.,1.,1.,1.,1.,1.,1.,
1.,1.,1.,1.,1.,1.,1.,1.,1.,1.,1.,1.,1.,1.,1.,1.,1.),(1.,1.,1.,1.,1.,1.,
1.,1.,1.,1.,1.,1.,1.,1.,1.,1.,1.,1.,1.,1.,1.,1.,1.,1.,1.),(1.,1.,1.,1.,
1.,1.,1.,1.,1.,1.,1.,1.,1.,1.,1.,1.,1.,1.,1.,1.,1.,1.,1.,1.,1.),(1.,1.,
1.,1.,1.,1.,1.,1.,1.,1.,1.,1.,1.,1.,1.,1.,1.,1.,1.,1.,1.,1.,1.,1.,1.),(1.,
1.,1.,1.,1.,1.,1.,1.,1.,1.,1.,1.,1.,1.,1.,1.,1.,1.,1.,1.,1.,1.,1.,1.,1.),
(1.,1.,1.,1.,1.,1.,1.,1.,1.,1.,1.,1.,1.,1.,1.,1.,1.,1.,1.,1.,1.,1.,1.,1.,
1.),(1.,1.,1.,1.,1.,1.,1.,1.,1.,1.,1.,1.,1.,1.,1.,1.,1.,1.,1.,1.,1.,1.,
1.,1.,1.),(1.,1.,1.,1.,1.,1.,1.,1.,1.,1.,1.,1.,1.,1.,1.,1.,1.,1.,1.,1.,
1.,1.,1.,1.,1.),(1.,1.,1.,1.,1.,1.,1.,1.,1.,1.,1.,1.,1.,1.,1.,1.,1.,1.,
1.,1.,1.,1.,1.,1.,1.)))
REPRESENTATION_ITEM('')
SURFACE()
);
#90=(
BOUNDED_SURFACE()
B_SPLINE_SURFACE(3,3,((#746,#747,#748,#749,#750,#751,#752,#753,#754,#755,
#756,#757,#758,#759,#760,#761,#762,#763,#764,#765,#766,#767,#768,#769,#770),
(#771,#772,#773,#774,#775,#776,#777,#778,#779,#780,#781,#782,#783,#784,
#785,#786,#787,#788,#789,#790,#791,#792,#793,#794,#795),(#796,#797,#798,
#799,#800,#801,#802,#803,#804,#805,#806,#807,#808,#809,#810,#811,#812,#813,
#814,#815,#816,#817,#818,#819,#820),(#821,#822,#823,#824,#825,#826,#827,
#828,#829,#830,#831,#832,#833,#834,#835,#836,#837,#838,#839,#840,#841,#842,
#843,#844,#845),(#846,#847,#848,#849,#850,#851,#852,#853,#854,#855,#856,
#857,#858,#859,#860,#861,#862,#863,#864,#865,#866,#867,#868,#869,#870),
(#871,#872,#873,#874,#875,#876,#877,#878,#879,#880,#881,#882,#883,#884,
#885,#886,#887,#888,#889,#890,#891,#892,#893,#894,#895),(#896,#897,#898,
#899,#900,#901,#902,#903,#904,#905,#906,#907,#908,#909,#910,#911,#912,#913,
#914,#915,#916,#917,#918,#919,#920),(#921,#922,#923,#924,#925,#926,#927,
#928,#929,#930,#931,#932,#933,#934,#935,#936,#937,#938,#939,#940,#941,#942,
#943,#944,#945),(#946,#947,#948,#949,#950,#951,#952,#953,#954,#955,#956,
#957,#958,#959,#960,#961,#962,#963,#964,#965,#966,#967,#968,#969,#970),
(#971,#972,#973,#974,#975,#976,#977,#978,#979,#980,#981,#982,#983,#984,
#985,#986,#987,#988,#989,#990,#991,#992,#993,#994,#995),(#996,#997,#998,
#999,#1000,#1001,#1002,#1003,#1004,#1005,#1006,#1007,#1008,#1009,#1010,
#1011,#1012,#1013,#1014,#1015,#1016,#1017,#1018,#1019,#1020),(#1021,#1022,
#1023,#1024,#1025,#1026,#1027,#1028,#1029,#1030,#1031,#1032,#1033,#1034,
#1035,#1036,#1037,#1038,#1039,#1040,#1041,#1042,#1043,#1044,#1045),(#1046,
#1047,#1048,#1049,#1050,#1051,#1052,#1053,#1054,#1055,#1056,#1057,#1058,
#1059,#1060,#1061,#1062,#1063,#1064,#1065,#1066,#1067,#1068,#1069,#1070),
(#1071,#1072,#1073,#1074,#1075,#1076,#1077,#1078,#1079,#1080,#1081,#1082,
#1083,#1084,#1085,#1086,#1087,#1088,#1089,#1090,#1091,#1092,#1093,#1094,
#1095),(#1096,#1097,#1098,#1099,#1100,#1101,#1102,#1103,#1104,#1105,#1106,
#1107,#1108,#1109,#1110,#1111,#1112,#1113,#1114,#1115,#1116,#1117,#1118,
#1119,#1120),(#1121,#1122,#1123,#1124,#1125,#1126,#1127,#1128,#1129,#1130,
#1131,#1132,#1133,#1134,#1135,#1136,#1137,#1138,#1139,#1140,#1141,#1142,
#1143,#1144,#1145),(#1146,#1147,#1148,#1149,#1150,#1151,#1152,#1153,#1154,
#1155,#1156,#1157,#1158,#1159,#1160,#1161,#1162,#1163,#1164,#1165,#1166,
#1167,#1168,#1169,#1170),(#1171,#1172,#1173,#1174,#1175,#1176,#1177,#1178,
#1179,#1180,#1181,#1182,#1183,#1184,#1185,#1186,#1187,#1188,#1189,#1190,
#1191,#1192,#1193,#1194,#1195),(#1196,#1197,#1198,#1199,#1200,#1201,#1202,
#1203,#1204,#1205,#1206,#1207,#1208,#1209,#1210,#1211,#1212,#1213,#1214,
#1215,#1216,#1217,#1218,#1219,#1220),(#1221,#1222,#1223,#1224,#1225,#1226,
#1227,#1228,#1229,#1230,#1231,#1232,#1233,#1234,#1235,#1236,#1237,#1238,
#1239,#1240,#1241,#1242,#1243,#1244,#1245),(#1246,#1247,#1248,#1249,#1250,
#1251,#1252,#1253,#1254,#1255,#1256,#1257,#1258,#1259,#1260,#1261,#1262,
#1263,#1264,#1265,#1266,#1267,#1268,#1269,#1270),(#1271,#1272,#1273,#1274,
#1275,#1276,#1277,#1278,#1279,#1280,#1281,#1282,#1283,#1284,#1285,#1286,
#1287,#1288,#1289,#1290,#1291,#1292,#1293,#1294,#1295),(#1296,#1297,#1298,
#1299,#1300,#1301,#1302,#1303,#1304,#1305,#1306,#1307,#1308,#1309,#1310,
#1311,#1312,#1313,#1314,#1315,#1316,#1317,#1318,#1319,#1320),(#1321,#1322,
#1323,#1324,#1325,#1326,#1327,#1328,#1329,#1330,#1331,#1332,#1333,#1334,
#1335,#1336,#1337,#1338,#1339,#1340,#1341,#1342,#1343,#1344,#1345),(#1346,
#1347,#1348,#1349,#1350,#1351,#1352,#1353,#1354,#1355,#1356,#1357,#1358,
#1359,#1360,#1361,#1362,#1363,#1364,#1365,#1366,#1367,#1368,#1369,#1370)),
 .UNSPECIFIED.,.F.,.F.,.F.)
B_SPLINE_SURFACE_WITH_KNOTS((4,1,1,1,1,1,1,1,1,1,1,1,1,1,1,1,1,1,1,1,1,
1,4),(4,1,1,1,1,1,1,1,1,1,1,1,1,1,1,1,1,1,1,1,1,1,4),(0.,0.045455,0.090909,
0.136364,0.181818,0.227273,0.272727,0.318182,0.363636,0.409091,0.454545,
0.5,0.545455,0.590909,0.636364,0.681818,0.727273,0.772727,0.818182,0.863636,
0.909091,0.954545,1.),(0.,0.045455,0.090909,0.136364,0.181818,0.227273,
0.272727,0.318182,0.363636,0.409091,0.454545,0.5,0.545455,0.590909,0.636364,
0.681818,0.727273,0.772727,0.818182,0.863636,0.909091,0.954545,1.),
 .UNSPECIFIED.)
GEOMETRIC_REPRESENTATION_ITEM()
RATIONAL_B_SPLINE_SURFACE(((1.,1.,1.,1.,1.,1.,1.,1.,1.,1.,1.,1.,1.,1.,1.,
1.,1.,1.,1.,1.,1.,1.,1.,1.,1.),(1.,1.,1.,1.,1.,1.,1.,1.,1.,1.,1.,1.,1.,
1.,1.,1.,1.,1.,1.,1.,1.,1.,1.,1.,1.),(1.,1.,1.,1.,1.,1.,1.,1.,1.,1.,1.,
1.,1.,1.,1.,1.,1.,1.,1.,1.,1.,1.,1.,1.,1.),(1.,1.,1.,1.,1.,1.,1.,1.,1.,
1.,1.,1.,1.,1.,1.,1.,1.,1.,1.,1.,1.,1.,1.,1.,1.),(1.,1.,1.,1.,1.,1.,1.,
1.,1.,1.,1.,1.,1.,1.,1.,1.,1.,1.,1.,1.,1.,1.,1.,1.,1.),(1.,1.,1.,1.,1.,
1.,1.,1.,1.,1.,1.,1.,1.,1.,1.,1.,1.,1.,1.,1.,1.,1.,1.,1.,1.),(1.,1.,1.,
1.,1.,1.,1.,1.,1.,1.,1.,1.,1.,1.,1.,1.,1.,1.,1.,1.,1.,1.,1.,1.,1.),(1.,
1.,1.,1.,1.,1.,1.,1.,1.,1.,1.,1.,1.,1.,1.,1.,1.,1.,1.,1.,1.,1.,1.,1.,1.),
(1.,1.,1.,1.,1.,1.,1.,1.,1.,1.,1.,1.,1.,1.,1.,1.,1.,1.,1.,1.,1.,1.,1.,1.,
1.),(1.,1.,1.,1.,1.,1.,1.,1.,1.,1.,1.,1.,1.,1.,1.,1.,1.,1.,1.,1.,1.,1.,
1.,1.,1.),(1.,1.,1.,1.,1.,1.,1.,1.,1.,1.,1.,1.,1.,1.,1.,1.,1.,1.,1.,1.,
1.,1.,1.,1.,1.),(1.,1.,1.,1.,1.,1.,1.,1.,1.,1.,1.,1.,1.,1.,1.,1.,1.,1.,
1.,1.,1.,1.,1.,1.,1.),(1.,1.,1.,1.,1.,1.,1.,1.,1.,1.,1.,1.,1.,1.,1.,1.,
1.,1.,1.,1.,1.,1.,1.,1.,1.),(1.,1.,1.,1.,1.,1.,1.,1.,1.,1.,1.,1.,1.,1.,
1.,1.,1.,1.,1.,1.,1.,1.,1.,1.,1.),(1.,1.,1.,1.,1.,1.,1.,1.,1.,1.,1.,1.,
1.,1.,1.,1.,1.,1.,1.,1.,1.,1.,1.,1.,1.),(1.,1.,1.,1.,1.,1.,1.,1.,1.,1.,
1.,1.,1.,1.,1.,1.,1.,1.,1.,1.,1.,1.,1.,1.,1.),(1.,1.,1.,1.,1.,1.,1.,1.,
1.,1.,1.,1.,1.,1.,1.,1.,1.,1.,1.,1.,1.,1.,1.,1.,1.),(1.,1.,1.,1.,1.,1.,
1.,1.,1.,1.,1.,1.,1.,1.,1.,1.,1.,1.,1.,1.,1.,1.,1.,1.,1.),(1.,1.,1.,1.,
1.,1.,1.,1.,1.,1.,1.,1.,1.,1.,1.,1.,1.,1.,1.,1.,1.,1.,1.,1.,1.),(1.,1.,
1.,1.,1.,1.,1.,1.,1.,1.,1.,1.,1.,1.,1.,1.,1.,1.,1.,1.,1.,1.,1.,1.,1.),(1.,
1.,1.,1.,1.,1.,1.,1.,1.,1.,1.,1.,1.,1.,1.,1.,1.,1.,1.,1.,1.,1.,1.,1.,1.),
(1.,1.,1.,1.,1.,1.,1.,1.,1.,1.,1.,1.,1.,1.,1.,1.,1.,1.,1.,1.,1.,1.,1.,1.,
1.),(1.,1.,1.,1.,1.,1.,1.,1.,1.,1.,1.,1.,1.,1.,1.,1.,1.,1.,1.,1.,1.,1.,
1.,1.,1.),(1.,1.,1.,1.,1.,1.,1.,1.,1.,1.,1.,1.,1.,1.,1.,1.,1.,1.,1.,1.,
1.,1.,1.,1.,1.),(1.,1.,1.,1.,1.,1.,1.,1.,1.,1.,1.,1.,1.,1.,1.,1.,1.,1.,
1.,1.,1.,1.,1.,1.,1.)))
REPRESENTATION_ITEM('')
SURFACE()
);
#91=(
BOUNDED_SURFACE()
B_SPLINE_SURFACE(3,3,((#1371,#1372,#1373,#1374,#1375,#1376,#1377,#1378,
#1379,#1380,#1381,#1382,#1383,#1384,#1385,#1386,#1387,#1388,#1389,#1390,
#1391,#1392,#1393,#1394,#1395),(#1396,#1397,#1398,#1399,#1400,#1401,#1402,
#1403,#1404,#1405,#1406,#1407,#1408,#1409,#1410,#1411,#1412,#1413,#1414,
#1415,#1416,#1417,#1418,#1419,#1420),(#1421,#1422,#1423,#1424,#1425,#1426,
#1427,#1428,#1429,#1430,#1431,#1432,#1433,#1434,#1435,#1436,#1437,#1438,
#1439,#1440,#1441,#1442,#1443,#1444,#1445),(#1446,#1447,#1448,#1449,#1450,
#1451,#1452,#1453,#1454,#1455,#1456,#1457,#1458,#1459,#1460,#1461,#1462,
#1463,#1464,#1465,#1466,#1467,#1468,#1469,#1470),(#1471,#1472,#1473,#1474,
#1475,#1476,#1477,#1478,#1479,#1480,#1481,#1482,#1483,#1484,#1485,#1486,
#1487,#1488,#1489,#1490,#1491,#1492,#1493,#1494,#1495),(#1496,#1497,#1498,
#1499,#1500,#1501,#1502,#1503,#1504,#1505,#1506,#1507,#1508,#1509,#1510,
#1511,#1512,#1513,#1514,#1515,#1516,#1517,#1518,#1519,#1520),(#1521,#1522,
#1523,#1524,#1525,#1526,#1527,#1528,#1529,#1530,#1531,#1532,#1533,#1534,
#1535,#1536,#1537,#1538,#1539,#1540,#1541,#1542,#1543,#1544,#1545),(#1546,
#1547,#1548,#1549,#1550,#1551,#1552,#1553,#1554,#1555,#1556,#1557,#1558,
#1559,#1560,#1561,#1562,#1563,#1564,#1565,#1566,#1567,#1568,#1569,#1570),
(#1571,#1572,#1573,#1574,#1575,#1576,#1577,#1578,#1579,#1580,#1581,#1582,
#1583,#1584,#1585,#1586,#1587,#1588,#1589,#1590,#1591,#1592,#1593,#1594,
#1595),(#1596,#1597,#1598,#1599,#1600,#1601,#1602,#1603,#1604,#1605,#1606,
#1607,#1608,#1609,#1610,#1611,#1612,#1613,#1614,#1615,#1616,#1617,#1618,
#1619,#1620),(#1621,#1622,#1623,#1624,#1625,#1626,#1627,#1628,#1629,#1630,
#1631,#1632,#1633,#1634,#1635,#1636,#1637,#1638,#1639,#1640,#1641,#1642,
#1643,#1644,#1645),(#1646,#1647,#1648,#1649,#1650,#1651,#1652,#1653,#1654,
#1655,#1656,#1657,#1658,#1659,#1660,#1661,#1662,#1663,#1664,#1665,#1666,
#1667,#1668,#1669,#1670),(#1671,#1672,#1673,#1674,#1675,#1676,#1677,#1678,
#1679,#1680,#1681,#1682,#1683,#1684,#1685,#1686,#1687,#1688,#1689,#1690,
#1691,#1692,#1693,#1694,#1695),(#1696,#1697,#1698,#1699,#1700,#1701,#1702,
#1703,#1704,#1705,#1706,#1707,#1708,#1709,#1710,#1711,#1712,#1713,#1714,
#1715,#1716,#1717,#1718,#1719,#1720),(#1721,#1722,#1723,#1724,#1725,#1726,
#1727,#1728,#1729,#1730,#1731,#1732,#1733,#1734,#1735,#1736,#1737,#1738,
#1739,#1740,#1741,#1742,#1743,#1744,#1745),(#1746,#1747,#1748,#1749,#1750,
#1751,#1752,#1753,#1754,#1755,#1756,#1757,#1758,#1759,#1760,#1761,#1762,
#1763,#1764,#1765,#1766,#1767,#1768,#1769,#1770),(#1771,#1772,#1773,#1774,
#1775,#1776,#1777,#1778,#1779,#1780,#1781,#1782,#1783,#1784,#1785,#1786,
#1787,#1788,#1789,#1790,#1791,#1792,#1793,#1794,#1795),(#1796,#1797,#1798,
#1799,#1800,#1801,#1802,#1803,#1804,#1805,#1806,#1807,#1808,#1809,#1810,
#1811,#1812,#1813,#1814,#1815,#1816,#1817,#1818,#1819,#1820),(#1821,#1822,
#1823,#1824,#1825,#1826,#1827,#1828,#1829,#1830,#1831,#1832,#1833,#1834,
#1835,#1836,#1837,#1838,#1839,#1840,#1841,#1842,#1843,#1844,#1845),(#1846,
#1847,#1848,#1849,#1850,#1851,#1852,#1853,#1854,#1855,#1856,#1857,#1858,
#1859,#1860,#1861,#1862,#1863,#1864,#1865,#1866,#1867,#1868,#1869,#1870),
(#1871,#1872,#1873,#1874,#1875,#1876,#1877,#1878,#1879,#1880,#1881,#1882,
#1883,#1884,#1885,#1886,#1887,#1888,#1889,#1890,#1891,#1892,#1893,#1894,
#1895),(#1896,#1897,#1898,#1899,#1900,#1901,#1902,#1903,#1904,#1905,#1906,
#1907,#1908,#1909,#1910,#1911,#1912,#1913,#1914,#1915,#1916,#1917,#1918,
#1919,#1920),(#1921,#1922,#1923,#1924,#1925,#1926,#1927,#1928,#1929,#1930,
#1931,#1932,#1933,#1934,#1935,#1936,#1937,#1938,#1939,#1940,#1941,#1942,
#1943,#1944,#1945),(#1946,#1947,#1948,#1949,#1950,#1951,#1952,#1953,#1954,
#1955,#1956,#1957,#1958,#1959,#1960,#1961,#1962,#1963,#1964,#1965,#1966,
#1967,#1968,#1969,#1970),(#1971,#1972,#1973,#1974,#1975,#1976,#1977,#1978,
#1979,#1980,#1981,#1982,#1983,#1984,#1985,#1986,#1987,#1988,#1989,#1990,
#1991,#1992,#1993,#1994,#1995)),.UNSPECIFIED.,.F.,.F.,.F.)
B_SPLINE_SURFACE_WITH_KNOTS((4,1,1,1,1,1,1,1,1,1,1,1,1,1,1,1,1,1,1,1,1,
1,4),(4,1,1,1,1,1,1,1,1,1,1,1,1,1,1,1,1,1,1,1,1,1,4),(0.,0.045455,0.090909,
0.136364,0.181818,0.227273,0.272727,0.318182,0.363636,0.409091,0.454545,
0.5,0.545455,0.590909,0.636364,0.681818,0.727273,0.772727,0.818182,0.863636,
0.909091,0.954545,1.),(0.,0.045455,0.090909,0.136364,0.181818,0.227273,
0.272727,0.318182,0.363636,0.409091,0.454545,0.5,0.545455,0.590909,0.636364,
0.681818,0.727273,0.772727,0.818182,0.863636,0.909091,0.954545,1.),
 .UNSPECIFIED.)
GEOMETRIC_REPRESENTATION_ITEM()
RATIONAL_B_SPLINE_SURFACE(((1.,1.,1.,1.,1.,1.,1.,1.,1.,1.,1.,1.,1.,1.,1.,
1.,1.,1.,1.,1.,1.,1.,1.,1.,1.),(1.,1.,1.,1.,1.,1.,1.,1.,1.,1.,1.,1.,1.,
1.,1.,1.,1.,1.,1.,1.,1.,1.,1.,1.,1.),(1.,1.,1.,1.,1.,1.,1.,1.,1.,1.,1.,
1.,1.,1.,1.,1.,1.,1.,1.,1.,1.,1.,1.,1.,1.),(1.,1.,1.,1.,1.,1.,1.,1.,1.,
1.,1.,1.,1.,1.,1.,1.,1.,1.,1.,1.,1.,1.,1.,1.,1.),(1.,1.,1.,1.,1.,1.,1.,
1.,1.,1.,1.,1.,1.,1.,1.,1.,1.,1.,1.,1.,1.,1.,1.,1.,1.),(1.,1.,1.,1.,1.,
1.,1.,1.,1.,1.,1.,1.,1.,1.,1.,1.,1.,1.,1.,1.,1.,1.,1.,1.,1.),(1.,1.,1.,
1.,1.,1.,1.,1.,1.,1.,1.,1.,1.,1.,1.,1.,1.,1.,1.,1.,1.,1.,1.,1.,1.),(1.,
1.,1.,1.,1.,1.,1.,1.,1.,1.,1.,1.,1.,1.,1.,1.,1.,1.,1.,1.,1.,1.,1.,1.,1.),
(1.,1.,1.,1.,1.,1.,1.,1.,1.,1.,1.,1.,1.,1.,1.,1.,1.,1.,1.,1.,1.,1.,1.,1.,
1.),(1.,1.,1.,1.,1.,1.,1.,1.,1.,1.,1.,1.,1.,1.,1.,1.,1.,1.,1.,1.,1.,1.,
1.,1.,1.),(1.,1.,1.,1.,1.,1.,1.,1.,1.,1.,1.,1.,1.,1.,1.,1.,1.,1.,1.,1.,
1.,1.,1.,1.,1.),(1.,1.,1.,1.,1.,1.,1.,1.,1.,1.,1.,1.,1.,1.,1.,1.,1.,1.,
1.,1.,1.,1.,1.,1.,1.),(1.,1.,1.,1.,1.,1.,1.,1.,1.,1.,1.,1.,1.,1.,1.,1.,
1.,1.,1.,1.,1.,1.,1.,1.,1.),(1.,1.,1.,1.,1.,1.,1.,1.,1.,1.,1.,1.,1.,1.,
1.,1.,1.,1.,1.,1.,1.,1.,1.,1.,1.),(1.,1.,1.,1.,1.,1.,1.,1.,1.,1.,1.,1.,
1.,1.,1.,1.,1.,1.,1.,1.,1.,1.,1.,1.,1.),(1.,1.,1.,1.,1.,1.,1.,1.,1.,1.,
1.,1.,1.,1.,1.,1.,1.,1.,1.,1.,1.,1.,1.,1.,1.),(1.,1.,1.,1.,1.,1.,1.,1.,
1.,1.,1.,1.,1.,1.,1.,1.,1.,1.,1.,1.,1.,1.,1.,1.,1.),(1.,1.,1.,1.,1.,1.,
1.,1.,1.,1.,1.,1.,1.,1.,1.,1.,1.,1.,1.,1.,1.,1.,1.,1.,1.),(1.,1.,1.,1.,
1.,1.,1.,1.,1.,1.,1.,1.,1.,1.,1.,1.,1.,1.,1.,1.,1.,1.,1.,1.,1.),(1.,1.,
1.,1.,1.,1.,1.,1.,1.,1.,1.,1.,1.,1.,1.,1.,1.,1.,1.,1.,1.,1.,1.,1.,1.),(1.,
1.,1.,1.,1.,1.,1.,1.,1.,1.,1.,1.,1.,1.,1.,1.,1.,1.,1.,1.,1.,1.,1.,1.,1.),
(1.,1.,1.,1.,1.,1.,1.,1.,1.,1.,1.,1.,1.,1.,1.,1.,1.,1.,1.,1.,1.,1.,1.,1.,
1.),(1.,1.,1.,1.,1.,1.,1.,1.,1.,1.,1.,1.,1.,1.,1.,1.,1.,1.,1.,1.,1.,1.,
1.,1.,1.),(1.,1.,1.,1.,1.,1.,1.,1.,1.,1.,1.,1.,1.,1.,1.,1.,1.,1.,1.,1.,
1.,1.,1.,1.,1.),(1.,1.,1.,1.,1.,1.,1.,1.,1.,1.,1.,1.,1.,1.,1.,1.,1.,1.,
1.,1.,1.,1.,1.,1.,1.)))
REPRESENTATION_ITEM('')
SURFACE()
);
#92=(
BOUNDED_SURFACE()
B_SPLINE_SURFACE(3,3,((#1996,#1997,#1998,#1999,#2000,#2001,#2002,#2003,
#2004,#2005,#2006,#2007,#2008,#2009,#2010,#2011,#2012,#2013,#2014,#2015,
#2016,#2017,#2018,#2019,#2020),(#2021,#2022,#2023,#2024,#2025,#2026,#2027,
#2028,#2029,#2030,#2031,#2032,#2033,#2034,#2035,#2036,#2037,#2038,#2039,
#2040,#2041,#2042,#2043,#2044,#2045),(#2046,#2047,#2048,#2049,#2050,#2051,
#2052,#2053,#2054,#2055,#2056,#2057,#2058,#2059,#2060,#2061,#2062,#2063,
#2064,#2065,#2066,#2067,#2068,#2069,#2070),(#2071,#2072,#2073,#2074,#2075,
#2076,#2077,#2078,#2079,#2080,#2081,#2082,#2083,#2084,#2085,#2086,#2087,
#2088,#2089,#2090,#2091,#2092,#2093,#2094,#2095),(#2096,#2097,#2098,#2099,
#2100,#2101,#2102,#2103,#2104,#2105,#2106,#2107,#2108,#2109,#2110,#2111,
#2112,#2113,#2114,#2115,#2116,#2117,#2118,#2119,#2120),(#2121,#2122,#2123,
#2124,#2125,#2126,#2127,#2128,#2129,#2130,#2131,#2132,#2133,#2134,#2135,
#2136,#2137,#2138,#2139,#2140,#2141,#2142,#2143,#2144,#2145),(#2146,#2147,
#2148,#2149,#2150,#2151,#2152,#2153,#2154,#2155,#2156,#2157,#2158,#2159,
#2160,#2161,#2162,#2163,#2164,#2165,#2166,#2167,#2168,#2169,#2170),(#2171,
#2172,#2173,#2174,#2175,#2176,#2177,#2178,#2179,#2180,#2181,#2182,#2183,
#2184,#2185,#2186,#2187,#2188,#2189,#2190,#2191,#2192,#2193,#2194,#2195),
(#2196,#2197,#2198,#2199,#2200,#2201,#2202,#2203,#2204,#2205,#2206,#2207,
#2208,#2209,#2210,#2211,#2212,#2213,#2214,#2215,#2216,#2217,#2218,#2219,
#2220),(#2221,#2222,#2223,#2224,#2225,#2226,#2227,#2228,#2229,#2230,#2231,
#2232,#2233,#2234,#2235,#2236,#2237,#2238,#2239,#2240,#2241,#2242,#2243,
#2244,#2245),(#2246,#2247,#2248,#2249,#2250,#2251,#2252,#2253,#2254,#2255,
#2256,#2257,#2258,#2259,#2260,#2261,#2262,#2263,#2264,#2265,#2266,#2267,
#2268,#2269,#2270),(#2271,#2272,#2273,#2274,#2275,#2276,#2277,#2278,#2279,
#2280,#2281,#2282,#2283,#2284,#2285,#2286,#2287,#2288,#2289,#2290,#2291,
#2292,#2293,#2294,#2295),(#2296,#2297,#2298,#2299,#2300,#2301,#2302,#2303,
#2304,#2305,#2306,#2307,#2308,#2309,#2310,#2311,#2312,#2313,#2314,#2315,
#2316,#2317,#2318,#2319,#2320),(#2321,#2322,#2323,#2324,#2325,#2326,#2327,
#2328,#2329,#2330,#2331,#2332,#2333,#2334,#2335,#2336,#2337,#2338,#2339,
#2340,#2341,#2342,#2343,#2344,#2345),(#2346,#2347,#2348,#2349,#2350,#2351,
#2352,#2353,#2354,#2355,#2356,#2357,#2358,#2359,#2360,#2361,#2362,#2363,
#2364,#2365,#2366,#2367,#2368,#2369,#2370),(#2371,#2372,#2373,#2374,#2375,
#2376,#2377,#2378,#2379,#2380,#2381,#2382,#2383,#2384,#2385,#2386,#2387,
#2388,#2389,#2390,#2391,#2392,#2393,#2394,#2395),(#2396,#2397,#2398,#2399,
#2400,#2401,#2402,#2403,#2404,#2405,#2406,#2407,#2408,#2409,#2410,#2411,
#2412,#2413,#2414,#2415,#2416,#2417,#2418,#2419,#2420),(#2421,#2422,#2423,
#2424,#2425,#2426,#2427,#2428,#2429,#2430,#2431,#2432,#2433,#2434,#2435,
#2436,#2437,#2438,#2439,#2440,#2441,#2442,#2443,#2444,#2445),(#2446,#2447,
#2448,#2449,#2450,#2451,#2452,#2453,#2454,#2455,#2456,#2457,#2458,#2459,
#2460,#2461,#2462,#2463,#2464,#2465,#2466,#2467,#2468,#2469,#2470),(#2471,
#2472,#2473,#2474,#2475,#2476,#2477,#2478,#2479,#2480,#2481,#2482,#2483,
#2484,#2485,#2486,#2487,#2488,#2489,#2490,#2491,#2492,#2493,#2494,#2495),
(#2496,#2497,#2498,#2499,#2500,#2501,#2502,#2503,#2504,#2505,#2506,#2507,
#2508,#2509,#2510,#2511,#2512,#2513,#2514,#2515,#2516,#2517,#2518,#2519,
#2520),(#2521,#2522,#2523,#2524,#2525,#2526,#2527,#2528,#2529,#2530,#2531,
#2532,#2533,#2534,#2535,#2536,#2537,#2538,#2539,#2540,#2541,#2542,#2543,
#2544,#2545),(#2546,#2547,#2548,#2549,#2550,#2551,#2552,#2553,#2554,#2555,
#2556,#2557,#2558,#2559,#2560,#2561,#2562,#2563,#2564,#2565,#2566,#2567,
#2568,#2569,#2570),(#2571,#2572,#2573,#2574,#2575,#2576,#2577,#2578,#2579,
#2580,#2581,#2582,#2583,#2584,#2585,#2586,#2587,#2588,#2589,#2590,#2591,
#2592,#2593,#2594,#2595),(#2596,#2597,#2598,#2599,#2600,#2601,#2602,#2603,
#2604,#2605,#2606,#2607,#2608,#2609,#2610,#2611,#2612,#2613,#2614,#2615,
#2616,#2617,#2618,#2619,#2620)),.UNSPECIFIED.,.F.,.F.,.F.)
B_SPLINE_SURFACE_WITH_KNOTS((4,1,1,1,1,1,1,1,1,1,1,1,1,1,1,1,1,1,1,1,1,
1,4),(4,1,1,1,1,1,1,1,1,1,1,1,1,1,1,1,1,1,1,1,1,1,4),(0.,0.045455,0.090909,
0.136364,0.181818,0.227273,0.272727,0.318182,0.363636,0.409091,0.454545,
0.5,0.545455,0.590909,0.636364,0.681818,0.727273,0.772727,0.818182,0.863636,
0.909091,0.954545,1.),(0.,0.045455,0.090909,0.136364,0.181818,0.227273,
0.272727,0.318182,0.363636,0.409091,0.454545,0.5,0.545455,0.590909,0.636364,
0.681818,0.727273,0.772727,0.818182,0.863636,0.909091,0.954545,1.),
 .UNSPECIFIED.)
GEOMETRIC_REPRESENTATION_ITEM()
RATIONAL_B_SPLINE_SURFACE(((1.,1.,1.,1.,1.,1.,1.,1.,1.,1.,1.,1.,1.,1.,1.,
1.,1.,1.,1.,1.,1.,1.,1.,1.,1.),(1.,1.,1.,1.,1.,1.,1.,1.,1.,1.,1.,1.,1.,
1.,1.,1.,1.,1.,1.,1.,1.,1.,1.,1.,1.),(1.,1.,1.,1.,1.,1.,1.,1.,1.,1.,1.,
1.,1.,1.,1.,1.,1.,1.,1.,1.,1.,1.,1.,1.,1.),(1.,1.,1.,1.,1.,1.,1.,1.,1.,
1.,1.,1.,1.,1.,1.,1.,1.,1.,1.,1.,1.,1.,1.,1.,1.),(1.,1.,1.,1.,1.,1.,1.,
1.,1.,1.,1.,1.,1.,1.,1.,1.,1.,1.,1.,1.,1.,1.,1.,1.,1.),(1.,1.,1.,1.,1.,
1.,1.,1.,1.,1.,1.,1.,1.,1.,1.,1.,1.,1.,1.,1.,1.,1.,1.,1.,1.),(1.,1.,1.,
1.,1.,1.,1.,1.,1.,1.,1.,1.,1.,1.,1.,1.,1.,1.,1.,1.,1.,1.,1.,1.,1.),(1.,
1.,1.,1.,1.,1.,1.,1.,1.,1.,1.,1.,1.,1.,1.,1.,1.,1.,1.,1.,1.,1.,1.,1.,1.),
(1.,1.,1.,1.,1.,1.,1.,1.,1.,1.,1.,1.,1.,1.,1.,1.,1.,1.,1.,1.,1.,1.,1.,1.,
1.),(1.,1.,1.,1.,1.,1.,1.,1.,1.,1.,1.,1.,1.,1.,1.,1.,1.,1.,1.,1.,1.,1.,
1.,1.,1.),(1.,1.,1.,1.,1.,1.,1.,1.,1.,1.,1.,1.,1.,1.,1.,1.,1.,1.,1.,1.,
1.,1.,1.,1.,1.),(1.,1.,1.,1.,1.,1.,1.,1.,1.,1.,1.,1.,1.,1.,1.,1.,1.,1.,
1.,1.,1.,1.,1.,1.,1.),(1.,1.,1.,1.,1.,1.,1.,1.,1.,1.,1.,1.,1.,1.,1.,1.,
1.,1.,1.,1.,1.,1.,1.,1.,1.),(1.,1.,1.,1.,1.,1.,1.,1.,1.,1.,1.,1.,1.,1.,
1.,1.,1.,1.,1.,1.,1.,1.,1.,1.,1.),(1.,1.,1.,1.,1.,1.,1.,1.,1.,1.,1.,1.,
1.,1.,1.,1.,1.,1.,1.,1.,1.,1.,1.,1.,1.),(1.,1.,1.,1.,1.,1.,1.,1.,1.,1.,
1.,1.,1.,1.,1.,1.,1.,1.,1.,1.,1.,1.,1.,1.,1.),(1.,1.,1.,1.,1.,1.,1.,1.,
1.,1.,1.,1.,1.,1.,1.,1.,1.,1.,1.,1.,1.,1.,1.,1.,1.),(1.,1.,1.,1.,1.,1.,
1.,1.,1.,1.,1.,1.,1.,1.,1.,1.,1.,1.,1.,1.,1.,1.,1.,1.,1.),(1.,1.,1.,1.,
1.,1.,1.,1.,1.,1.,1.,1.,1.,1.,1.,1.,1.,1.,1.,1.,1.,1.,1.,1.,1.),(1.,1.,
1.,1.,1.,1.,1.,1.,1.,1.,1.,1.,1.,1.,1.,1.,1.,1.,1.,1.,1.,1.,1.,1.,1.),(1.,
1.,1.,1.,1.,1.,1.,1.,1.,1.,1.,1.,1.,1.,1.,1.,1.,1.,1.,1.,1.,1.,1.,1.,1.),
(1.,1.,1.,1.,1.,1.,1.,1.,1.,1.,1.,1.,1.,1.,1.,1.,1.,1.,1.,1.,1.,1.,1.,1.,
1.),(1.,1.,1.,1.,1.,1.,1.,1.,1.,1.,1.,1.,1.,1.,1.,1.,1.,1.,1.,1.,1.,1.,
1.,1.,1.),(1.,1.,1.,1.,1.,1.,1.,1.,1.,1.,1.,1.,1.,1.,1.,1.,1.,1.,1.,1.,
1.,1.,1.,1.,1.),(1.,1.,1.,1.,1.,1.,1.,1.,1.,1.,1.,1.,1.,1.,1.,1.,1.,1.,
1.,1.,1.,1.,1.,1.,1.)))
REPRESENTATION_ITEM('')
SURFACE()
);
#93=(
BOUNDED_SURFACE()
B_SPLINE_SURFACE(3,3,((#2621,#2622,#2623,#2624,#2625,#2626,#2627,#2628,
#2629,#2630,#2631,#2632,#2633,#2634,#2635,#2636,#2637,#2638,#2639,#2640,
#2641,#2642,#2643,#2644,#2645),(#2646,#2647,#2648,#2649,#2650,#2651,#2652,
#2653,#2654,#2655,#2656,#2657,#2658,#2659,#2660,#2661,#2662,#2663,#2664,
#2665,#2666,#2667,#2668,#2669,#2670),(#2671,#2672,#2673,#2674,#2675,#2676,
#2677,#2678,#2679,#2680,#2681,#2682,#2683,#2684,#2685,#2686,#2687,#2688,
#2689,#2690,#2691,#2692,#2693,#2694,#2695),(#2696,#2697,#2698,#2699,#2700,
#2701,#2702,#2703,#2704,#2705,#2706,#2707,#2708,#2709,#2710,#2711,#2712,
#2713,#2714,#2715,#2716,#2717,#2718,#2719,#2720),(#2721,#2722,#2723,#2724,
#2725,#2726,#2727,#2728,#2729,#2730,#2731,#2732,#2733,#2734,#2735,#2736,
#2737,#2738,#2739,#2740,#2741,#2742,#2743,#2744,#2745),(#2746,#2747,#2748,
#2749,#2750,#2751,#2752,#2753,#2754,#2755,#2756,#2757,#2758,#2759,#2760,
#2761,#2762,#2763,#2764,#2765,#2766,#2767,#2768,#2769,#2770),(#2771,#2772,
#2773,#2774,#2775,#2776,#2777,#2778,#2779,#2780,#2781,#2782,#2783,#2784,
#2785,#2786,#2787,#2788,#2789,#2790,#2791,#2792,#2793,#2794,#2795),(#2796,
#2797,#2798,#2799,#2800,#2801,#2802,#2803,#2804,#2805,#2806,#2807,#2808,
#2809,#2810,#2811,#2812,#2813,#2814,#2815,#2816,#2817,#2818,#2819,#2820),
(#2821,#2822,#2823,#2824,#2825,#2826,#2827,#2828,#2829,#2830,#2831,#2832,
#2833,#2834,#2835,#2836,#2837,#2838,#2839,#2840,#2841,#2842,#2843,#2844,
#2845),(#2846,#2847,#2848,#2849,#2850,#2851,#2852,#2853,#2854,#2855,#2856,
#2857,#2858,#2859,#2860,#2861,#2862,#2863,#2864,#2865,#2866,#2867,#2868,
#2869,#2870),(#2871,#2872,#2873,#2874,#2875,#2876,#2877,#2878,#2879,#2880,
#2881,#2882,#2883,#2884,#2885,#2886,#2887,#2888,#2889,#2890,#2891,#2892,
#2893,#2894,#2895),(#2896,#2897,#2898,#2899,#2900,#2901,#2902,#2903,#2904,
#2905,#2906,#2907,#2908,#2909,#2910,#2911,#2912,#2913,#2914,#2915,#2916,
#2917,#2918,#2919,#2920),(#2921,#2922,#2923,#2924,#2925,#2926,#2927,#2928,
#2929,#2930,#2931,#2932,#2933,#2934,#2935,#2936,#2937,#2938,#2939,#2940,
#2941,#2942,#2943,#2944,#2945),(#2946,#2947,#2948,#2949,#2950,#2951,#2952,
#2953,#2954,#2955,#2956,#2957,#2958,#2959,#2960,#2961,#2962,#2963,#2964,
#2965,#2966,#2967,#2968,#2969,#2970),(#2971,#2972,#2973,#2974,#2975,#2976,
#2977,#2978,#2979,#2980,#2981,#2982,#2983,#2984,#2985,#2986,#2987,#2988,
#2989,#2990,#2991,#2992,#2993,#2994,#2995),(#2996,#2997,#2998,#2999,#3000,
#3001,#3002,#3003,#3004,#3005,#3006,#3007,#3008,#3009,#3010,#3011,#3012,
#3013,#3014,#3015,#3016,#3017,#3018,#3019,#3020),(#3021,#3022,#3023,#3024,
#3025,#3026,#3027,#3028,#3029,#3030,#3031,#3032,#3033,#3034,#3035,#3036,
#3037,#3038,#3039,#3040,#3041,#3042,#3043,#3044,#3045),(#3046,#3047,#3048,
#3049,#3050,#3051,#3052,#3053,#3054,#3055,#3056,#3057,#3058,#3059,#3060,
#3061,#3062,#3063,#3064,#3065,#3066,#3067,#3068,#3069,#3070),(#3071,#3072,
#3073,#3074,#3075,#3076,#3077,#3078,#3079,#3080,#3081,#3082,#3083,#3084,
#3085,#3086,#3087,#3088,#3089,#3090,#3091,#3092,#3093,#3094,#3095),(#3096,
#3097,#3098,#3099,#3100,#3101,#3102,#3103,#3104,#3105,#3106,#3107,#3108,
#3109,#3110,#3111,#3112,#3113,#3114,#3115,#3116,#3117,#3118,#3119,#3120),
(#3121,#3122,#3123,#3124,#3125,#3126,#3127,#3128,#3129,#3130,#3131,#3132,
#3133,#3134,#3135,#3136,#3137,#3138,#3139,#3140,#3141,#3142,#3143,#3144,
#3145),(#3146,#3147,#3148,#3149,#3150,#3151,#3152,#3153,#3154,#3155,#3156,
#3157,#3158,#3159,#3160,#3161,#3162,#3163,#3164,#3165,#3166,#3167,#3168,
#3169,#3170),(#3171,#3172,#3173,#3174,#3175,#3176,#3177,#3178,#3179,#3180,
#3181,#3182,#3183,#3184,#3185,#3186,#3187,#3188,#3189,#3190,#3191,#3192,
#3193,#3194,#3195),(#3196,#3197,#3198,#3199,#3200,#3201,#3202,#3203,#3204,
#3205,#3206,#3207,#3208,#3209,#3210,#3211,#3212,#3213,#3214,#3215,#3216,
#3217,#3218,#3219,#3220),(#3221,#3222,#3223,#3224,#3225,#3226,#3227,#3228,
#3229,#3230,#3231,#3232,#3233,#3234,#3235,#3236,#3237,#3238,#3239,#3240,
#3241,#3242,#3243,#3244,#3245)),.UNSPECIFIED.,.F.,.F.,.F.)
B_SPLINE_SURFACE_WITH_KNOTS((4,1,1,1,1,1,1,1,1,1,1,1,1,1,1,1,1,1,1,1,1,
1,4),(4,1,1,1,1,1,1,1,1,1,1,1,1,1,1,1,1,1,1,1,1,1,4),(0.,0.045455,0.090909,
0.136364,0.181818,0.227273,0.272727,0.318182,0.363636,0.409091,0.454545,
0.5,0.545455,0.590909,0.636364,0.681818,0.727273,0.772727,0.818182,0.863636,
0.909091,0.954545,1.),(0.,0.045455,0.090909,0.136364,0.181818,0.227273,
0.272727,0.318182,0.363636,0.409091,0.454545,0.5,0.545455,0.590909,0.636364,
0.681818,0.727273,0.772727,0.818182,0.863636,0.909091,0.954545,1.),
 .UNSPECIFIED.)
GEOMETRIC_REPRESENTATION_ITEM()
RATIONAL_B_SPLINE_SURFACE(((1.,1.,1.,1.,1.,1.,1.,1.,1.,1.,1.,1.,1.,1.,1.,
1.,1.,1.,1.,1.,1.,1.,1.,1.,1.),(1.,1.,1.,1.,1.,1.,1.,1.,1.,1.,1.,1.,1.,
1.,1.,1.,1.,1.,1.,1.,1.,1.,1.,1.,1.),(1.,1.,1.,1.,1.,1.,1.,1.,1.,1.,1.,
1.,1.,1.,1.,1.,1.,1.,1.,1.,1.,1.,1.,1.,1.),(1.,1.,1.,1.,1.,1.,1.,1.,1.,
1.,1.,1.,1.,1.,1.,1.,1.,1.,1.,1.,1.,1.,1.,1.,1.),(1.,1.,1.,1.,1.,1.,1.,
1.,1.,1.,1.,1.,1.,1.,1.,1.,1.,1.,1.,1.,1.,1.,1.,1.,1.),(1.,1.,1.,1.,1.,
1.,1.,1.,1.,1.,1.,1.,1.,1.,1.,1.,1.,1.,1.,1.,1.,1.,1.,1.,1.),(1.,1.,1.,
1.,1.,1.,1.,1.,1.,1.,1.,1.,1.,1.,1.,1.,1.,1.,1.,1.,1.,1.,1.,1.,1.),(1.,
1.,1.,1.,1.,1.,1.,1.,1.,1.,1.,1.,1.,1.,1.,1.,1.,1.,1.,1.,1.,1.,1.,1.,1.),
(1.,1.,1.,1.,1.,1.,1.,1.,1.,1.,1.,1.,1.,1.,1.,1.,1.,1.,1.,1.,1.,1.,1.,1.,
1.),(1.,1.,1.,1.,1.,1.,1.,1.,1.,1.,1.,1.,1.,1.,1.,1.,1.,1.,1.,1.,1.,1.,
1.,1.,1.),(1.,1.,1.,1.,1.,1.,1.,1.,1.,1.,1.,1.,1.,1.,1.,1.,1.,1.,1.,1.,
1.,1.,1.,1.,1.),(1.,1.,1.,1.,1.,1.,1.,1.,1.,1.,1.,1.,1.,1.,1.,1.,1.,1.,
1.,1.,1.,1.,1.,1.,1.),(1.,1.,1.,1.,1.,1.,1.,1.,1.,1.,1.,1.,1.,1.,1.,1.,
1.,1.,1.,1.,1.,1.,1.,1.,1.),(1.,1.,1.,1.,1.,1.,1.,1.,1.,1.,1.,1.,1.,1.,
1.,1.,1.,1.,1.,1.,1.,1.,1.,1.,1.),(1.,1.,1.,1.,1.,1.,1.,1.,1.,1.,1.,1.,
1.,1.,1.,1.,1.,1.,1.,1.,1.,1.,1.,1.,1.),(1.,1.,1.,1.,1.,1.,1.,1.,1.,1.,
1.,1.,1.,1.,1.,1.,1.,1.,1.,1.,1.,1.,1.,1.,1.),(1.,1.,1.,1.,1.,1.,1.,1.,
1.,1.,1.,1.,1.,1.,1.,1.,1.,1.,1.,1.,1.,1.,1.,1.,1.),(1.,1.,1.,1.,1.,1.,
1.,1.,1.,1.,1.,1.,1.,1.,1.,1.,1.,1.,1.,1.,1.,1.,1.,1.,1.),(1.,1.,1.,1.,
1.,1.,1.,1.,1.,1.,1.,1.,1.,1.,1.,1.,1.,1.,1.,1.,1.,1.,1.,1.,1.),(1.,1.,
1.,1.,1.,1.,1.,1.,1.,1.,1.,1.,1.,1.,1.,1.,1.,1.,1.,1.,1.,1.,1.,1.,1.),(1.,
1.,1.,1.,1.,1.,1.,1.,1.,1.,1.,1.,1.,1.,1.,1.,1.,1.,1.,1.,1.,1.,1.,1.,1.),
(1.,1.,1.,1.,1.,1.,1.,1.,1.,1.,1.,1.,1.,1.,1.,1.,1.,1.,1.,1.,1.,1.,1.,1.,
1.),(1.,1.,1.,1.,1.,1.,1.,1.,1.,1.,1.,1.,1.,1.,1.,1.,1.,1.,1.,1.,1.,1.,
1.,1.,1.),(1.,1.,1.,1.,1.,1.,1.,1.,1.,1.,1.,1.,1.,1.,1.,1.,1.,1.,1.,1.,
1.,1.,1.,1.,1.),(1.,1.,1.,1.,1.,1.,1.,1.,1.,1.,1.,1.,1.,1.,1.,1.,1.,1.,
1.,1.,1.,1.,1.,1.,1.)))
REPRESENTATION_ITEM('')
SURFACE()
);
#94=(
BOUNDED_SURFACE()
B_SPLINE_SURFACE(3,3,((#3246,#3247,#3248,#3249,#3250,#3251,#3252,#3253,
#3254,#3255,#3256,#3257,#3258,#3259,#3260,#3261,#3262,#3263,#3264,#3265,
#3266,#3267,#3268,#3269,#3270),(#3271,#3272,#3273,#3274,#3275,#3276,#3277,
#3278,#3279,#3280,#3281,#3282,#3283,#3284,#3285,#3286,#3287,#3288,#3289,
#3290,#3291,#3292,#3293,#3294,#3295),(#3296,#3297,#3298,#3299,#3300,#3301,
#3302,#3303,#3304,#3305,#3306,#3307,#3308,#3309,#3310,#3311,#3312,#3313,
#3314,#3315,#3316,#3317,#3318,#3319,#3320),(#3321,#3322,#3323,#3324,#3325,
#3326,#3327,#3328,#3329,#3330,#3331,#3332,#3333,#3334,#3335,#3336,#3337,
#3338,#3339,#3340,#3341,#3342,#3343,#3344,#3345),(#3346,#3347,#3348,#3349,
#3350,#3351,#3352,#3353,#3354,#3355,#3356,#3357,#3358,#3359,#3360,#3361,
#3362,#3363,#3364,#3365,#3366,#3367,#3368,#3369,#3370),(#3371,#3372,#3373,
#3374,#3375,#3376,#3377,#3378,#3379,#3380,#3381,#3382,#3383,#3384,#3385,
#3386,#3387,#3388,#3389,#3390,#3391,#3392,#3393,#3394,#3395),(#3396,#3397,
#3398,#3399,#3400,#3401,#3402,#3403,#3404,#3405,#3406,#3407,#3408,#3409,
#3410,#3411,#3412,#3413,#3414,#3415,#3416,#3417,#3418,#3419,#3420),(#3421,
#3422,#3423,#3424,#3425,#3426,#3427,#3428,#3429,#3430,#3431,#3432,#3433,
#3434,#3435,#3436,#3437,#3438,#3439,#3440,#3441,#3442,#3443,#3444,#3445),
(#3446,#3447,#3448,#3449,#3450,#3451,#3452,#3453,#3454,#3455,#3456,#3457,
#3458,#3459,#3460,#3461,#3462,#3463,#3464,#3465,#3466,#3467,#3468,#3469,
#3470),(#3471,#3472,#3473,#3474,#3475,#3476,#3477,#3478,#3479,#3480,#3481,
#3482,#3483,#3484,#3485,#3486,#3487,#3488,#3489,#3490,#3491,#3492,#3493,
#3494,#3495),(#3496,#3497,#3498,#3499,#3500,#3501,#3502,#3503,#3504,#3505,
#3506,#3507,#3508,#3509,#3510,#3511,#3512,#3513,#3514,#3515,#3516,#3517,
#3518,#3519,#3520),(#3521,#3522,#3523,#3524,#3525,#3526,#3527,#3528,#3529,
#3530,#3531,#3532,#3533,#3534,#3535,#3536,#3537,#3538,#3539,#3540,#3541,
#3542,#3543,#3544,#3545),(#3546,#3547,#3548,#3549,#3550,#3551,#3552,#3553,
#3554,#3555,#3556,#3557,#3558,#3559,#3560,#3561,#3562,#3563,#3564,#3565,
#3566,#3567,#3568,#3569,#3570),(#3571,#3572,#3573,#3574,#3575,#3576,#3577,
#3578,#3579,#3580,#3581,#3582,#3583,#3584,#3585,#3586,#3587,#3588,#3589,
#3590,#3591,#3592,#3593,#3594,#3595),(#3596,#3597,#3598,#3599,#3600,#3601,
#3602,#3603,#3604,#3605,#3606,#3607,#3608,#3609,#3610,#3611,#3612,#3613,
#3614,#3615,#3616,#3617,#3618,#3619,#3620),(#3621,#3622,#3623,#3624,#3625,
#3626,#3627,#3628,#3629,#3630,#3631,#3632,#3633,#3634,#3635,#3636,#3637,
#3638,#3639,#3640,#3641,#3642,#3643,#3644,#3645),(#3646,#3647,#3648,#3649,
#3650,#3651,#3652,#3653,#3654,#3655,#3656,#3657,#3658,#3659,#3660,#3661,
#3662,#3663,#3664,#3665,#3666,#3667,#3668,#3669,#3670),(#3671,#3672,#3673,
#3674,#3675,#3676,#3677,#3678,#3679,#3680,#3681,#3682,#3683,#3684,#3685,
#3686,#3687,#3688,#3689,#3690,#3691,#3692,#3693,#3694,#3695),(#3696,#3697,
#3698,#3699,#3700,#3701,#3702,#3703,#3704,#3705,#3706,#3707,#3708,#3709,
#3710,#3711,#3712,#3713,#3714,#3715,#3716,#3717,#3718,#3719,#3720),(#3721,
#3722,#3723,#3724,#3725,#3726,#3727,#3728,#3729,#3730,#3731,#3732,#3733,
#3734,#3735,#3736,#3737,#3738,#3739,#3740,#3741,#3742,#3743,#3744,#3745),
(#3746,#3747,#3748,#3749,#3750,#3751,#3752,#3753,#3754,#3755,#3756,#3757,
#3758,#3759,#3760,#3761,#3762,#3763,#3764,#3765,#3766,#3767,#3768,#3769,
#3770),(#3771,#3772,#3773,#3774,#3775,#3776,#3777,#3778,#3779,#3780,#3781,
#3782,#3783,#3784,#3785,#3786,#3787,#3788,#3789,#3790,#3791,#3792,#3793,
#3794,#3795),(#3796,#3797,#3798,#3799,#3800,#3801,#3802,#3803,#3804,#3805,
#3806,#3807,#3808,#3809,#3810,#3811,#3812,#3813,#3814,#3815,#3816,#3817,
#3818,#3819,#3820),(#3821,#3822,#3823,#3824,#3825,#3826,#3827,#3828,#3829,
#3830,#3831,#3832,#3833,#3834,#3835,#3836,#3837,#3838,#3839,#3840,#3841,
#3842,#3843,#3844,#3845),(#3846,#3847,#3848,#3849,#3850,#3851,#3852,#3853,
#3854,#3855,#3856,#3857,#3858,#3859,#3860,#3861,#3862,#3863,#3864,#3865,
#3866,#3867,#3868,#3869,#3870)),.UNSPECIFIED.,.F.,.F.,.F.)
B_SPLINE_SURFACE_WITH_KNOTS((4,1,1,1,1,1,1,1,1,1,1,1,1,1,1,1,1,1,1,1,1,
1,4),(4,1,1,1,1,1,1,1,1,1,1,1,1,1,1,1,1,1,1,1,1,1,4),(0.,0.045455,0.090909,
0.136364,0.181818,0.227273,0.272727,0.318182,0.363636,0.409091,0.454545,
0.5,0.545455,0.590909,0.636364,0.681818,0.727273,0.772727,0.818182,0.863636,
0.909091,0.954545,1.),(0.,0.045455,0.090909,0.136364,0.181818,0.227273,
0.272727,0.318182,0.363636,0.409091,0.454545,0.5,0.545455,0.590909,0.636364,
0.681818,0.727273,0.772727,0.818182,0.863636,0.909091,0.954545,1.),
 .UNSPECIFIED.)
GEOMETRIC_REPRESENTATION_ITEM()
RATIONAL_B_SPLINE_SURFACE(((1.,1.,1.,1.,1.,1.,1.,1.,1.,1.,1.,1.,1.,1.,1.,
1.,1.,1.,1.,1.,1.,1.,1.,1.,1.),(1.,1.,1.,1.,1.,1.,1.,1.,1.,1.,1.,1.,1.,
1.,1.,1.,1.,1.,1.,1.,1.,1.,1.,1.,1.),(1.,1.,1.,1.,1.,1.,1.,1.,1.,1.,1.,
1.,1.,1.,1.,1.,1.,1.,1.,1.,1.,1.,1.,1.,1.),(1.,1.,1.,1.,1.,1.,1.,1.,1.,
1.,1.,1.,1.,1.,1.,1.,1.,1.,1.,1.,1.,1.,1.,1.,1.),(1.,1.,1.,1.,1.,1.,1.,
1.,1.,1.,1.,1.,1.,1.,1.,1.,1.,1.,1.,1.,1.,1.,1.,1.,1.),(1.,1.,1.,1.,1.,
1.,1.,1.,1.,1.,1.,1.,1.,1.,1.,1.,1.,1.,1.,1.,1.,1.,1.,1.,1.),(1.,1.,1.,
1.,1.,1.,1.,1.,1.,1.,1.,1.,1.,1.,1.,1.,1.,1.,1.,1.,1.,1.,1.,1.,1.),(1.,
1.,1.,1.,1.,1.,1.,1.,1.,1.,1.,1.,1.,1.,1.,1.,1.,1.,1.,1.,1.,1.,1.,1.,1.),
(1.,1.,1.,1.,1.,1.,1.,1.,1.,1.,1.,1.,1.,1.,1.,1.,1.,1.,1.,1.,1.,1.,1.,1.,
1.),(1.,1.,1.,1.,1.,1.,1.,1.,1.,1.,1.,1.,1.,1.,1.,1.,1.,1.,1.,1.,1.,1.,
1.,1.,1.),(1.,1.,1.,1.,1.,1.,1.,1.,1.,1.,1.,1.,1.,1.,1.,1.,1.,1.,1.,1.,
1.,1.,1.,1.,1.),(1.,1.,1.,1.,1.,1.,1.,1.,1.,1.,1.,1.,1.,1.,1.,1.,1.,1.,
1.,1.,1.,1.,1.,1.,1.),(1.,1.,1.,1.,1.,1.,1.,1.,1.,1.,1.,1.,1.,1.,1.,1.,
1.,1.,1.,1.,1.,1.,1.,1.,1.),(1.,1.,1.,1.,1.,1.,1.,1.,1.,1.,1.,1.,1.,1.,
1.,1.,1.,1.,1.,1.,1.,1.,1.,1.,1.),(1.,1.,1.,1.,1.,1.,1.,1.,1.,1.,1.,1.,
1.,1.,1.,1.,1.,1.,1.,1.,1.,1.,1.,1.,1.),(1.,1.,1.,1.,1.,1.,1.,1.,1.,1.,
1.,1.,1.,1.,1.,1.,1.,1.,1.,1.,1.,1.,1.,1.,1.),(1.,1.,1.,1.,1.,1.,1.,1.,
1.,1.,1.,1.,1.,1.,1.,1.,1.,1.,1.,1.,1.,1.,1.,1.,1.),(1.,1.,1.,1.,1.,1.,
1.,1.,1.,1.,1.,1.,1.,1.,1.,1.,1.,1.,1.,1.,1.,1.,1.,1.,1.),(1.,1.,1.,1.,
1.,1.,1.,1.,1.,1.,1.,1.,1.,1.,1.,1.,1.,1.,1.,1.,1.,1.,1.,1.,1.),(1.,1.,
1.,1.,1.,1.,1.,1.,1.,1.,1.,1.,1.,1.,1.,1.,1.,1.,1.,1.,1.,1.,1.,1.,1.),(1.,
1.,1.,1.,1.,1.,1.,1.,1.,1.,1.,1.,1.,1.,1.,1.,1.,1.,1.,1.,1.,1.,1.,1.,1.),
(1.,1.,1.,1.,1.,1.,1.,1.,1.,1.,1.,1.,1.,1.,1.,1.,1.,1.,1.,1.,1.,1.,1.,1.,
1.),(1.,1.,1.,1.,1.,1.,1.,1.,1.,1.,1.,1.,1.,1.,1.,1.,1.,1.,1.,1.,1.,1.,
1.,1.,1.),(1.,1.,1.,1.,1.,1.,1.,1.,1.,1.,1.,1.,1.,1.,1.,1.,1.,1.,1.,1.,
1.,1.,1.,1.,1.),(1.,1.,1.,1.,1.,1.,1.,1.,1.,1.,1.,1.,1.,1.,1.,1.,1.,1.,
1.,1.,1.,1.,1.,1.,1.)))
REPRESENTATION_ITEM('')
SURFACE()
);
#95=SHAPE_DEFINITION_REPRESENTATION(#96,#113);
#96=PRODUCT_DEFINITION_SHAPE($,$,#98);
#97=PRODUCT_DEFINITION_CONTEXT('3D Mechanical Parts',#102,'design');
#98=PRODUCT_DEFINITION('A','First version',#99,#97);
#99=PRODUCT_DEFINITION_FORMATION_WITH_SPECIFIED_SOURCE('A',
'First version',#104,.MADE.);
#100=PRODUCT_RELATED_PRODUCT_CATEGORY('tool','tool',(#104));
#101=APPLICATION_PROTOCOL_DEFINITION('Draft International Standard',
'automotive_design',1999,#102);
#102=APPLICATION_CONTEXT(
'data for automotive mechanical design processes');
#103=PRODUCT_CONTEXT('3D Mechanical Parts',#102,'mechanical');
#104=PRODUCT('Document','Document','',(#103));
#105=(
LENGTH_UNIT()
NAMED_UNIT(*)
SI_UNIT(.MILLI.,.METRE.)
);
#106=(
NAMED_UNIT(*)
PLANE_ANGLE_UNIT()
SI_UNIT($,.RADIAN.)
);
#107=DIMENSIONAL_EXPONENTS(0.,0.,0.,0.,0.,0.,0.);
#108=PLANE_ANGLE_MEASURE_WITH_UNIT(PLANE_ANGLE_MEASURE(0.01745329252),#106);
#109=(
CONVERSION_BASED_UNIT('DEGREES',#108)
NAMED_UNIT(#107)
PLANE_ANGLE_UNIT()
);
#110=(
NAMED_UNIT(*)
SI_UNIT($,.STERADIAN.)
SOLID_ANGLE_UNIT()
);
#111=UNCERTAINTY_MEASURE_WITH_UNIT(LENGTH_MEASURE(0.001),#105,
'DISTANCE_ACCURACY_VALUE',
'Maximum model space distance between geometric entities at asserted c
onnectivities');
#112=(
GEOMETRIC_REPRESENTATION_CONTEXT(3)
GLOBAL_UNCERTAINTY_ASSIGNED_CONTEXT((#111))
GLOBAL_UNIT_ASSIGNED_CONTEXT((#110,#109,#105))
REPRESENTATION_CONTEXT('ID1','3D')
);
#113=SHAPE_REPRESENTATION('Document',(#114,#115),#112);
#114=AXIS2_PLACEMENT_3D($,#120,#116,#117);
#115=AXIS2_PLACEMENT_3D($,#4179,#118,#119);
#116=DIRECTION('',(0.,0.,1.));
#117=DIRECTION('',(1.,0.,0.));
#118=DIRECTION('',(0.,0.,1.));
#119=DIRECTION('',(1.,0.,0.));
#120=CARTESIAN_POINT('',(0.,0.,0.));
#121=CARTESIAN_POINT('',(-82.785,230.191,278.902));
#122=CARTESIAN_POINT('',(-82.129,236.724,274.408));
#123=CARTESIAN_POINT('',(-81.394,248.958,265.448));
#124=CARTESIAN_POINT('',(-88.317,269.128,252.435));
#125=CARTESIAN_POINT('',(-95.174,291.335,235.516));
#126=CARTESIAN_POINT('',(-104.199,310.936,216.815));
#127=CARTESIAN_POINT('',(-121.056,327.308,196.412));
#128=CARTESIAN_POINT('',(-137.907,335.889,169.425));
#129=CARTESIAN_POINT('',(-160.583,356.288,152.847));
#130=CARTESIAN_POINT('',(-172.621,391.743,147.489));
#131=CARTESIAN_POINT('',(-181.546,430.785,140.645));
#132=CARTESIAN_POINT('',(-203.935,468.792,126.225));
#133=CARTESIAN_POINT('',(-221.566,507.596,103.388));
#134=CARTESIAN_POINT('',(-227.814,548.818,79.722));
#135=CARTESIAN_POINT('',(-230.345,588.961,37.221));
#136=CARTESIAN_POINT('',(-200.315,625.345,4.761));
#137=CARTESIAN_POINT('',(-148.832,665.718,-24.411));
#138=CARTESIAN_POINT('',(-80.017,720.978,-56.391));
#139=CARTESIAN_POINT('',(-13.81,750.398,-103.96));
#140=CARTESIAN_POINT('',(41.231,782.828,-168.758));
#141=CARTESIAN_POINT('',(106.921,809.014,-221.414));
#142=CARTESIAN_POINT('',(166.241,858.234,-284.108));
#143=CARTESIAN_POINT('',(215.949,906.606,-350.29));
#144=CARTESIAN_POINT('',(232.461,946.395,-413.008));
#145=CARTESIAN_POINT('',(201.582,952.448,-420.898));
#146=CARTESIAN_POINT('',(-76.597,226.764,281.155));
#147=CARTESIAN_POINT('',(-72.996,232.473,276.141));
#148=CARTESIAN_POINT('',(-69.884,246.072,266.424));
#149=CARTESIAN_POINT('',(-78.254,265.142,251.627));
#150=CARTESIAN_POINT('',(-88.435,290.274,238.962));
#151=CARTESIAN_POINT('',(-89.413,314.175,216.501));
#152=CARTESIAN_POINT('',(-107.824,326.705,197.337));
#153=CARTESIAN_POINT('',(-129.32,338.338,176.022));
#154=CARTESIAN_POINT('',(-144.475,345.597,147.57));
#155=CARTESIAN_POINT('',(-175.116,381.239,141.07));
#156=CARTESIAN_POINT('',(-167.693,424.321,134.733));
#157=CARTESIAN_POINT('',(-199.984,453.612,123.099));
#158=CARTESIAN_POINT('',(-215.858,501.263,101.651));
#159=CARTESIAN_POINT('',(-223.691,536.674,79.462));
#160=CARTESIAN_POINT('',(-231.181,581.728,39.018));
#161=CARTESIAN_POINT('',(-204.011,616.811,4.875));
#162=CARTESIAN_POINT('',(-151.271,658.107,-24.026));
#163=CARTESIAN_POINT('',(-80.624,708.405,-53.813));
#164=CARTESIAN_POINT('',(-2.964,752.772,-86.985));
#165=CARTESIAN_POINT('',(40.507,772.153,-170.638));
#166=CARTESIAN_POINT('',(111.602,793.853,-218.841));
#167=CARTESIAN_POINT('',(168.468,852.306,-275.499));
#168=CARTESIAN_POINT('',(270.099,879.327,-344.557));
#169=CARTESIAN_POINT('',(228.661,885.519,-468.127));
#170=CARTESIAN_POINT('',(186.61,923.088,-416.172));
#171=CARTESIAN_POINT('',(-59.481,215.307,289.382));
#172=CARTESIAN_POINT('',(-54.209,219.826,286.008));
#173=CARTESIAN_POINT('',(-50.286,233.728,274.235));
#174=CARTESIAN_POINT('',(-53.019,257.215,256.918));
#175=CARTESIAN_POINT('',(-62.074,276.624,239.692));
#176=CARTESIAN_POINT('',(-77.799,300.882,227.778));
#177=CARTESIAN_POINT('',(-78.574,330.465,207.891));
#178=CARTESIAN_POINT('',(-94.827,342.686,178.623));
#179=CARTESIAN_POINT('',(-121.793,354.771,155.393));
#180=CARTESIAN_POINT('',(-143.486,349.637,126.273));
#181=CARTESIAN_POINT('',(-178.047,391.091,125.168));
#182=CARTESIAN_POINT('',(-166.025,440.001,114.64));
#183=CARTESIAN_POINT('',(-204.461,467.1,100.043));
#184=CARTESIAN_POINT('',(-215.053,519.085,77.234));
#185=CARTESIAN_POINT('',(-228.789,558.815,47.767));
#186=CARTESIAN_POINT('',(-214.01,602.29,0.858));
#187=CARTESIAN_POINT('',(-165.892,628.669,-11.949));
#188=CARTESIAN_POINT('',(-99.646,686.994,-62.113));
#189=CARTESIAN_POINT('',(-14.563,716.744,-74.728));
#190=CARTESIAN_POINT('',(72.582,759.378,-107.603));
#191=CARTESIAN_POINT('',(135.466,779.693,-177.257));
#192=CARTESIAN_POINT('',(235.515,774.878,-237.566));
#193=CARTESIAN_POINT('',(223.811,796.891,-379.967));
#194=CARTESIAN_POINT('',(166.345,868.271,-348.07));
#195=CARTESIAN_POINT('',(165.595,869.1,-358.656));
#196=CARTESIAN_POINT('',(-28.676,198.067,303.675));
#197=CARTESIAN_POINT('',(-23.476,204.684,300.863));
#198=CARTESIAN_POINT('',(-15.271,218.449,291.923));
#199=CARTESIAN_POINT('',(-16.962,240.473,273.821));
#200=CARTESIAN_POINT('',(-21.474,265.033,256.148));
#201=CARTESIAN_POINT('',(-27.862,285.771,233.275));
#202=CARTESIAN_POINT('',(-45.782,302.872,214.943));
#203=CARTESIAN_POINT('',(-58.095,330.61,197.759));
#204=CARTESIAN_POINT('',(-75.518,351.053,169.308));
#205=CARTESIAN_POINT('',(-100.289,368.761,140.548));
#206=CARTESIAN_POINT('',(-128.808,362.13,107.529));
#207=CARTESIAN_POINT('',(-167.589,386.368,102.357));
#208=CARTESIAN_POINT('',(-166.995,439.179,92.112));
#209=CARTESIAN_POINT('',(-200.003,472.333,74.111));
#210=CARTESIAN_POINT('',(-214.524,526.551,50.238));
#211=CARTESIAN_POINT('',(-225.502,570.562,15.764));
#212=CARTESIAN_POINT('',(-197.238,602.151,-18.738));
#213=CARTESIAN_POINT('',(-141.23,628.116,-36.384));
#214=CARTESIAN_POINT('',(-66.74,683.715,-88.043));
#215=CARTESIAN_POINT('',(9.566,695.928,-115.416));
#216=CARTESIAN_POINT('',(98.01,710.784,-148.783));
#217=CARTESIAN_POINT('',(121.11,731.455,-242.214));
#218=CARTESIAN_POINT('',(118.111,796.494,-268.451));
#219=CARTESIAN_POINT('',(112.586,797.727,-293.621));
#220=CARTESIAN_POINT('',(88.395,811.168,-293.572));
#221=CARTESIAN_POINT('',(5.43,179.471,322.39));
#222=CARTESIAN_POINT('',(10.944,184.979,318.801));
#223=CARTESIAN_POINT('',(20.02,199.005,311.127));
#224=CARTESIAN_POINT('',(23.924,221.413,293.437));
#225=CARTESIAN_POINT('',(21.546,244.75,272.645));
#226=CARTESIAN_POINT('',(12.131,269.018,251.069));
#227=CARTESIAN_POINT('',(3.357,291.684,226.154));
#228=CARTESIAN_POINT('',(-11.964,305.556,199.824));
#229=CARTESIAN_POINT('',(-33.6,326.834,179.141));
#230=CARTESIAN_POINT('',(-57.791,353.204,156.911));
#231=CARTESIAN_POINT('',(-83.186,377.295,125.416));
#232=CARTESIAN_POINT('',(-112.904,373.074,90.725));
#233=CARTESIAN_POINT('',(-157.413,385.862,81.201));
#234=CARTESIAN_POINT('',(-168.152,433.756,72.885));
#235=CARTESIAN_POINT('',(-198.535,476.741,51.011));
#236=CARTESIAN_POINT('',(-212.803,525.572,27.414));
#237=CARTESIAN_POINT('',(-223.214,568.135,-5.693));
#238=CARTESIAN_POINT('',(-188.068,596.507,-34.262));
#239=CARTESIAN_POINT('',(-133.039,613.801,-56.654));
#240=CARTESIAN_POINT('',(-69.623,660.404,-104.068));
#241=CARTESIAN_POINT('',(-23.101,671.939,-143.868));
#242=CARTESIAN_POINT('',(19.124,701.572,-184.192));
#243=CARTESIAN_POINT('',(35.675,716.163,-238.84));
#244=CARTESIAN_POINT('',(11.338,741.264,-244.511));
#245=CARTESIAN_POINT('',(4.298,742.905,-250.132));
#246=CARTESIAN_POINT('',(43.077,162.769,343.795));
#247=CARTESIAN_POINT('',(48.498,170.684,342.25));
#248=CARTESIAN_POINT('',(58.436,186.709,337.419));
#249=CARTESIAN_POINT('',(64.524,211.662,320.834));
#250=CARTESIAN_POINT('',(62.955,237.672,300.358));
#251=CARTESIAN_POINT('',(60.594,260.287,272.789));
#252=CARTESIAN_POINT('',(47.519,281.527,247.873));
#253=CARTESIAN_POINT('',(33.312,299.912,221.877));
#254=CARTESIAN_POINT('',(17.269,310.037,188.17));
#255=CARTESIAN_POINT('',(-7.845,324.47,161.043));
#256=CARTESIAN_POINT('',(-35.821,352.727,139.152));
#257=CARTESIAN_POINT('',(-65.42,379.333,110.903));
#258=CARTESIAN_POINT('',(-99.89,386.248,75.858));
#259=CARTESIAN_POINT('',(-147.401,383.399,59.128));
#260=CARTESIAN_POINT('',(-167.819,428.821,52.579));
#261=CARTESIAN_POINT('',(-197.311,475.162,32.797));
#262=CARTESIAN_POINT('',(-212.748,519.109,10.039));
#263=CARTESIAN_POINT('',(-223.833,561.527,-21.637));
#264=CARTESIAN_POINT('',(-195.207,588.976,-48.146));
#265=CARTESIAN_POINT('',(-159.008,591.156,-72.064));
#266=CARTESIAN_POINT('',(-116.124,620.464,-108.683));
#267=CARTESIAN_POINT('',(-96.723,635.502,-145.122));
#268=CARTESIAN_POINT('',(-87.113,666.863,-173.409));
#269=CARTESIAN_POINT('',(-88.259,672.511,-191.895));
#270=CARTESIAN_POINT('',(-98.519,677.43,-193.492));
#271=CARTESIAN_POINT('',(83.91,143.357,368.27));
#272=CARTESIAN_POINT('',(90.494,149.595,364.307));
#273=CARTESIAN_POINT('',(101.152,164.924,356.831));
#274=CARTESIAN_POINT('',(110.25,195.031,347.449));
#275=CARTESIAN_POINT('',(113.812,223.537,327.526));
#276=CARTESIAN_POINT('',(106.072,254.934,306.338));
#277=CARTESIAN_POINT('',(100.342,282.215,277.914));
#278=CARTESIAN_POINT('',(86.756,304.689,247.763));
#279=CARTESIAN_POINT('',(67.528,318.541,216.323));
#280=CARTESIAN_POINT('',(43.555,324.284,179.381));
#281=CARTESIAN_POINT('',(16.777,326.991,144.126));
#282=CARTESIAN_POINT('',(-12.095,349.978,118.988));
#283=CARTESIAN_POINT('',(-45.767,376.655,95.308));
#284=CARTESIAN_POINT('',(-87.813,393.24,62.201));
#285=CARTESIAN_POINT('',(-135.118,386.806,38.502));
#286=CARTESIAN_POINT('',(-164.874,416.865,28.725));
#287=CARTESIAN_POINT('',(-193.888,462.384,16.151));
#288=CARTESIAN_POINT('',(-209.929,506.207,-1.818));
#289=CARTESIAN_POINT('',(-225.77,541.898,-26.85));
#290=CARTESIAN_POINT('',(-212.785,576.647,-50.713));
#291=CARTESIAN_POINT('',(-200.115,578.195,-71.986));
#292=CARTESIAN_POINT('',(-175.685,591.256,-98.75));
#293=CARTESIAN_POINT('',(-171.686,597.563,-122.475));
#294=CARTESIAN_POINT('',(-175.506,607.894,-131.001));
#295=CARTESIAN_POINT('',(-178.908,610.605,-132.839));
#296=CARTESIAN_POINT('',(128.636,113.737,375.035));
#297=CARTESIAN_POINT('',(135.051,123.109,374.198));
#298=CARTESIAN_POINT('',(147.062,140.861,372.038));
#299=CARTESIAN_POINT('',(160.532,167.968,362.514));
#300=CARTESIAN_POINT('',(165.255,203.844,354.061));
#301=CARTESIAN_POINT('',(167.173,235.689,335.011));
#302=CARTESIAN_POINT('',(156.163,269.972,309.263));
#303=CARTESIAN_POINT('',(146.085,301.328,284.703));
#304=CARTESIAN_POINT('',(133.484,323.6,249.235));
#305=CARTESIAN_POINT('',(108.279,338.681,209.824));
#306=CARTESIAN_POINT('',(75.703,344.064,167.928));
#307=CARTESIAN_POINT('',(44.242,340.528,126.77));
#308=CARTESIAN_POINT('',(13.103,350.079,96.989));
#309=CARTESIAN_POINT('',(-22.618,369.725,75.694));
#310=CARTESIAN_POINT('',(-69.823,395.463,50.106));
#311=CARTESIAN_POINT('',(-118.833,393.715,24.59));
#312=CARTESIAN_POINT('',(-155.723,400.861,5.921));
#313=CARTESIAN_POINT('',(-184.901,438.466,-4.419));
#314=CARTESIAN_POINT('',(-203.949,479.082,-15.806));
#315=CARTESIAN_POINT('',(-222.498,513.682,-33.784));
#316=CARTESIAN_POINT('',(-224.527,542.367,-50.83));
#317=CARTESIAN_POINT('',(-229.206,560.428,-65.431));
#318=CARTESIAN_POINT('',(-222.336,573.621,-81.556));
#319=CARTESIAN_POINT('',(-222.685,577.177,-91.369));
#320=CARTESIAN_POINT('',(-222.808,578.738,-96.544));
#321=CARTESIAN_POINT('',(172.701,79.292,388.205));
#322=CARTESIAN_POINT('',(180.728,84.984,383.887));
#323=CARTESIAN_POINT('',(194.52,104.506,371.307));
#324=CARTESIAN_POINT('',(207.631,144.84,382.137));
#325=CARTESIAN_POINT('',(219.613,176.116,372.076));
#326=CARTESIAN_POINT('',(222.219,216.842,357.473));
#327=CARTESIAN_POINT('',(220.081,254.042,340.099));
#328=CARTESIAN_POINT('',(208.672,292.158,312.347));
#329=CARTESIAN_POINT('',(194.009,322.743,284.541));
#330=CARTESIAN_POINT('',(176.649,344.016,245.716));
#331=CARTESIAN_POINT('',(149.83,356.225,203.932));
#332=CARTESIAN_POINT('',(112.26,364.206,159.811));
#333=CARTESIAN_POINT('',(75.229,358.635,112.75));
#334=CARTESIAN_POINT('',(36.659,359.566,75.391));
#335=CARTESIAN_POINT('',(3.797,357.987,49.571));
#336=CARTESIAN_POINT('',(-45.448,386.962,30.503));
#337=CARTESIAN_POINT('',(-95.442,401.256,9.394));
#338=CARTESIAN_POINT('',(-140.842,398.076,-10.556));
#339=CARTESIAN_POINT('',(-173.688,410.628,-23.808));
#340=CARTESIAN_POINT('',(-193.93,446.895,-34.329));
#341=CARTESIAN_POINT('',(-209.094,477.921,-48.064));
#342=CARTESIAN_POINT('',(-221.402,498.89,-60.64));
#343=CARTESIAN_POINT('',(-231.029,515.373,-73.357));
#344=CARTESIAN_POINT('',(-238.201,528.934,-78.712));
#345=CARTESIAN_POINT('',(-241.383,530.896,-81.404));
#346=CARTESIAN_POINT('',(207.878,75.771,436.795));
#347=CARTESIAN_POINT('',(218.15,81.624,428.869));
#348=CARTESIAN_POINT('',(237.504,84.572,411.523));
#349=CARTESIAN_POINT('',(260.014,101.259,366.435));
#350=CARTESIAN_POINT('',(271.573,154.431,390.621));
#351=CARTESIAN_POINT('',(283.062,188.828,374.059));
#352=CARTESIAN_POINT('',(282.593,233.591,353.388));
#353=CARTESIAN_POINT('',(278.804,274.668,330.109));
#354=CARTESIAN_POINT('',(267.518,317.121,302.183));
#355=CARTESIAN_POINT('',(247.771,351.875,269.294));
#356=CARTESIAN_POINT('',(225.004,372.937,227.738));
#357=CARTESIAN_POINT('',(194.523,380.378,186.989));
#358=CARTESIAN_POINT('',(157.039,386.791,146.924));
#359=CARTESIAN_POINT('',(108.404,378.884,101.754));
#360=CARTESIAN_POINT('',(62.252,373.07,60.005));
#361=CARTESIAN_POINT('',(28.106,356.261,30.037));
#362=CARTESIAN_POINT('',(-16.202,368.322,5.78));
#363=CARTESIAN_POINT('',(-64.297,395.404,-13.822));
#364=CARTESIAN_POINT('',(-113.097,401.137,-30.605));
#365=CARTESIAN_POINT('',(-152.222,396.72,-41.079));
#366=CARTESIAN_POINT('',(-180.011,407.867,-50.231));
#367=CARTESIAN_POINT('',(-195.854,434.05,-62.108));
#368=CARTESIAN_POINT('',(-209.696,456.301,-75.354));
#369=CARTESIAN_POINT('',(-216.192,464.982,-84.909));
#370=CARTESIAN_POINT('',(-219.284,468.78,-88.587));
#371=CARTESIAN_POINT('',(246.206,59.503,471.644));
#372=CARTESIAN_POINT('',(257.191,64.031,461.67));
#373=CARTESIAN_POINT('',(276.791,87.623,453.915));
#374=CARTESIAN_POINT('',(302.156,82.371,409.846));
#375=CARTESIAN_POINT('',(321.84,108.598,370.927));
#376=CARTESIAN_POINT('',(332.199,162.806,375.931));
#377=CARTESIAN_POINT('',(343.703,208.302,373.995));
#378=CARTESIAN_POINT('',(342.383,255.559,350.337));
#379=CARTESIAN_POINT('',(334.361,299.417,319.446));
#380=CARTESIAN_POINT('',(321.457,338.338,282.034));
#381=CARTESIAN_POINT('',(300.593,373.114,242.777));
#382=CARTESIAN_POINT('',(273.738,402.502,200.611));
#383=CARTESIAN_POINT('',(243.75,410.165,155.003));
#384=CARTESIAN_POINT('',(207.484,408.708,112.441));
#385=CARTESIAN_POINT('',(148.283,395.656,72.328));
#386=CARTESIAN_POINT('',(92.426,388.172,37.388));
#387=CARTESIAN_POINT('',(50.259,364.001,11.765));
#388=CARTESIAN_POINT('',(9.78,357.268,-14.834));
#389=CARTESIAN_POINT('',(-33.424,375.719,-38.263));
#390=CARTESIAN_POINT('',(-73.649,395.946,-58.312));
#391=CARTESIAN_POINT('',(-117.093,398.989,-70.025));
#392=CARTESIAN_POINT('',(-152.819,391.162,-74.176));
#393=CARTESIAN_POINT('',(-177.029,398.758,-79.493));
#394=CARTESIAN_POINT('',(-190.117,403.751,-83.712));
#395=CARTESIAN_POINT('',(-194.487,406.018,-87.666));
#396=CARTESIAN_POINT('',(286.188,31.598,504.546));
#397=CARTESIAN_POINT('',(297.339,40.745,499.721));
#398=CARTESIAN_POINT('',(320.735,55.842,479.638));
#399=CARTESIAN_POINT('',(347.283,81.777,448.629));
#400=CARTESIAN_POINT('',(367.409,88.416,405.8));
#401=CARTESIAN_POINT('',(384.942,120.598,363.334));
#402=CARTESIAN_POINT('',(392.697,166.272,342.992));
#403=CARTESIAN_POINT('',(402.987,224.544,352.14));
#404=CARTESIAN_POINT('',(401.11,270.871,322.418));
#405=CARTESIAN_POINT('',(391.557,319.063,296.858));
#406=CARTESIAN_POINT('',(379.887,361.171,259.017));
#407=CARTESIAN_POINT('',(356.377,389.565,214.084));
#408=CARTESIAN_POINT('',(327.313,416.384,168.871));
#409=CARTESIAN_POINT('',(292.752,420.242,118.51));
#410=CARTESIAN_POINT('',(248.585,424.255,72.939));
#411=CARTESIAN_POINT('',(192.186,407.623,32.654));
#412=CARTESIAN_POINT('',(132.97,397.91,2.329));
#413=CARTESIAN_POINT('',(80.949,376.192,-19.925));
#414=CARTESIAN_POINT('',(38.871,359.034,-38.297));
#415=CARTESIAN_POINT('',(-0.546,354.94,-60.82));
#416=CARTESIAN_POINT('',(-35.788,369.797,-82.758));
#417=CARTESIAN_POINT('',(-74.926,391.557,-104.086));
#418=CARTESIAN_POINT('',(-114.457,392.631,-115.722));
#419=CARTESIAN_POINT('',(-128.891,388.963,-119.032));
#420=CARTESIAN_POINT('',(-134.29,387.144,-122.134));
#421=CARTESIAN_POINT('',(325.485,-10.29,510.269));
#422=CARTESIAN_POINT('',(337.711,-1.168,506.084));
#423=CARTESIAN_POINT('',(360.329,22.319,501.42));
#424=CARTESIAN_POINT('',(389.973,45.25,468.331));
#425=CARTESIAN_POINT('',(414.639,70.431,427.679));
#426=CARTESIAN_POINT('',(430.821,118.272,417.644));
#427=CARTESIAN_POINT('',(448.854,143.111,370.722));
#428=CARTESIAN_POINT('',(455.519,182.238,329.165));
#429=CARTESIAN_POINT('',(461.887,238.27,322.542));
#430=CARTESIAN_POINT('',(462.022,289.591,298.717));
#431=CARTESIAN_POINT('',(452.681,339.621,271.103));
#432=CARTESIAN_POINT('',(439.951,382.56,229.627));
#433=CARTESIAN_POINT('',(416.037,409.389,180.319));
#434=CARTESIAN_POINT('',(385.089,428.886,129.666));
#435=CARTESIAN_POINT('',(341.412,430.392,79.004));
#436=CARTESIAN_POINT('',(291.345,429.368,34.524));
#437=CARTESIAN_POINT('',(236.908,415.983,-4.539));
#438=CARTESIAN_POINT('',(175.832,401.6,-36.333));
#439=CARTESIAN_POINT('',(119.555,384.436,-58.405));
#440=CARTESIAN_POINT('',(74.233,365.74,-73.355));
#441=CARTESIAN_POINT('',(30.083,349.503,-90.104));
#442=CARTESIAN_POINT('',(-4.838,340.163,-102.684));
#443=CARTESIAN_POINT('',(-41.929,360.176,-123.968));
#444=CARTESIAN_POINT('',(-67.194,370.801,-138.562));
#445=CARTESIAN_POINT('',(-74.155,372.04,-145.857));
#446=CARTESIAN_POINT('',(366.572,-52.207,524.699));
#447=CARTESIAN_POINT('',(378.732,-42.543,517.957));
#448=CARTESIAN_POINT('',(402.085,-25.503,501.763));
#449=CARTESIAN_POINT('',(432.673,9.303,481.907));
#450=CARTESIAN_POINT('',(458.35,39.04,449.297));
#451=CARTESIAN_POINT('',(486.272,80.611,426.168));
#452=CARTESIAN_POINT('',(502.201,128.934,407.193));
#453=CARTESIAN_POINT('',(516.318,159.925,364.257));
#454=CARTESIAN_POINT('',(522.238,201.333,324.441));
#455=CARTESIAN_POINT('',(525.258,253.302,301.32));
#456=CARTESIAN_POINT('',(527.156,308.079,272.715));
#457=CARTESIAN_POINT('',(512.404,345.127,228.834));
#458=CARTESIAN_POINT('',(496.455,387.777,185.479));
#459=CARTESIAN_POINT('',(466.298,411.161,132.165));
#460=CARTESIAN_POINT('',(429.417,432.897,81.433));
#461=CARTESIAN_POINT('',(381.92,436.537,31.901));
#462=CARTESIAN_POINT('',(330.252,431.33,-12.094));
#463=CARTESIAN_POINT('',(275.691,419.901,-47.345));
#464=CARTESIAN_POINT('',(218.03,404.267,-78.755));
#465=CARTESIAN_POINT('',(161.39,380.508,-98.45));
#466=CARTESIAN_POINT('',(114.083,363.693,-115.221));
#467=CARTESIAN_POINT('',(66.266,353.042,-134.326));
#468=CARTESIAN_POINT('',(25.708,332.893,-140.088));
#469=CARTESIAN_POINT('',(2.536,327.853,-146.731));
#470=CARTESIAN_POINT('',(-7.222,329.368,-151.747));
#471=CARTESIAN_POINT('',(403.956,-98.884,516.714));
#472=CARTESIAN_POINT('',(418.461,-88.534,517.733));
#473=CARTESIAN_POINT('',(441.752,-67.221,507.539));
#474=CARTESIAN_POINT('',(478.039,-34.062,487.06));
#475=CARTESIAN_POINT('',(505.744,0.199,455.577));
#476=CARTESIAN_POINT('',(521.734,31.426,414.128));
#477=CARTESIAN_POINT('',(559.175,80.445,409.549));
#478=CARTESIAN_POINT('',(573.042,121.276,368.417));
#479=CARTESIAN_POINT('',(584.01,164.817,334.962));
#480=CARTESIAN_POINT('',(590.612,214.914,300.162));
#481=CARTESIAN_POINT('',(588.431,264.013,268.601));
#482=CARTESIAN_POINT('',(590.164,318.633,230.945));
#483=CARTESIAN_POINT('',(570.466,346.857,178.172));
#484=CARTESIAN_POINT('',(545.152,380.025,129.862));
#485=CARTESIAN_POINT('',(508.474,401.107,76.156));
#486=CARTESIAN_POINT('',(464.373,422.89,28.522));
#487=CARTESIAN_POINT('',(416.409,431.934,-18.542));
#488=CARTESIAN_POINT('',(364.722,426.814,-60.901));
#489=CARTESIAN_POINT('',(309.541,413.125,-94.061));
#490=CARTESIAN_POINT('',(253.112,402.638,-126.435));
#491=CARTESIAN_POINT('',(200.263,377.685,-144.279));
#492=CARTESIAN_POINT('',(156.344,345.975,-153.964));
#493=CARTESIAN_POINT('',(109.959,341.799,-176.909));
#494=CARTESIAN_POINT('',(82.105,333.349,-184.463));
#495=CARTESIAN_POINT('',(69.758,328.049,-188.93));
#496=CARTESIAN_POINT('',(436.111,-147.594,502.762));
#497=CARTESIAN_POINT('',(450.39,-137.205,498.088));
#498=CARTESIAN_POINT('',(473.468,-119.554,480.339));
#499=CARTESIAN_POINT('',(509.164,-86.242,464.926));
#500=CARTESIAN_POINT('',(538.333,-53.721,435.437));
#501=CARTESIAN_POINT('',(578.616,-10.453,428.994));
#502=CARTESIAN_POINT('',(604.017,31.124,407.206));
#503=CARTESIAN_POINT('',(624.543,71.405,366.952));
#504=CARTESIAN_POINT('',(636.832,114.184,330.187));
#505=CARTESIAN_POINT('',(651.834,168.247,300.713));
#506=CARTESIAN_POINT('',(659.006,219.131,260.831));
#507=CARTESIAN_POINT('',(652.918,260.692,218.836));
#508=CARTESIAN_POINT('',(644.394,305.848,175.417));
#509=CARTESIAN_POINT('',(619.482,337.105,120.18));
#510=CARTESIAN_POINT('',(584.1,367.776,68.36));
#511=CARTESIAN_POINT('',(541.634,385.497,17.3));
#512=CARTESIAN_POINT('',(495.176,408.231,-29.388));
#513=CARTESIAN_POINT('',(446.203,416.303,-74.796));
#514=CARTESIAN_POINT('',(394.325,413.072,-112.289));
#515=CARTESIAN_POINT('',(338.514,389.295,-139.916));
#516=CARTESIAN_POINT('',(281.332,386.822,-173.668));
#517=CARTESIAN_POINT('',(229.48,367.698,-195.256));
#518=CARTESIAN_POINT('',(188.666,324.29,-194.931));
#519=CARTESIAN_POINT('',(158.748,314.534,-205.164));
#520=CARTESIAN_POINT('',(146.181,310.051,-209.251));
#521=CARTESIAN_POINT('',(465.949,-196.957,501.046));
#522=CARTESIAN_POINT('',(479.791,-188.341,496.576));
#523=CARTESIAN_POINT('',(508.571,-167.396,497.534));
#524=CARTESIAN_POINT('',(551.31,-135.697,468.896));
#525=CARTESIAN_POINT('',(587.326,-100.93,447.048));
#526=CARTESIAN_POINT('',(614.128,-65.712,417.015));
#527=CARTESIAN_POINT('',(644.228,-29.512,385.711));
#528=CARTESIAN_POINT('',(676.117,15.022,366.236));
#529=CARTESIAN_POINT('',(693.835,59.971,324.411));
#530=CARTESIAN_POINT('',(698.004,101.602,282.584));
#531=CARTESIAN_POINT('',(705.898,149.208,246.788));
#532=CARTESIAN_POINT('',(715.458,200.892,205.249));
#533=CARTESIAN_POINT('',(709.529,242.334,157.279));
#534=CARTESIAN_POINT('',(682.799,277.182,109.123));
#535=CARTESIAN_POINT('',(653.713,314.626,60.746));
#536=CARTESIAN_POINT('',(613.603,345.179,8.333));
#537=CARTESIAN_POINT('',(569.366,368.009,-38.608));
#538=CARTESIAN_POINT('',(520.321,386.919,-88.456));
#539=CARTESIAN_POINT('',(467.106,387.508,-129.562));
#540=CARTESIAN_POINT('',(411.761,386.904,-166.217));
#541=CARTESIAN_POINT('',(351.107,356.864,-183.963));
#542=CARTESIAN_POINT('',(296.871,345.195,-207.787));
#543=CARTESIAN_POINT('',(244.933,334.569,-236.085));
#544=CARTESIAN_POINT('',(217.66,315.735,-239.886));
#545=CARTESIAN_POINT('',(204.779,309.425,-245.645));
#546=CARTESIAN_POINT('',(496.231,-248.043,475.666));
#547=CARTESIAN_POINT('',(508.004,-237.954,468.284));
#548=CARTESIAN_POINT('',(536.317,-221.304,458.795));
#549=CARTESIAN_POINT('',(573.294,-191.951,448.129));
#550=CARTESIAN_POINT('',(614.732,-160.555,421.954));
#551=CARTESIAN_POINT('',(650.039,-126.118,387.884));
#552=CARTESIAN_POINT('',(677.62,-88.691,363.57));
#553=CARTESIAN_POINT('',(717.665,-51.729,342.612));
#554=CARTESIAN_POINT('',(737.954,-11.595,308.839));
#555=CARTESIAN_POINT('',(758.325,35.047,267.677));
#556=CARTESIAN_POINT('',(760.532,77.7,224.85));
#557=CARTESIAN_POINT('',(764.768,121.171,188.016));
#558=CARTESIAN_POINT('',(757.004,164.073,142.568));
#559=CARTESIAN_POINT('',(742.284,207.339,89.308));
#560=CARTESIAN_POINT('',(711.418,246.581,40.287));
#561=CARTESIAN_POINT('',(682.945,288.499,-4.542));
#562=CARTESIAN_POINT('',(636.455,317.193,-52.595));
#563=CARTESIAN_POINT('',(587.967,340.384,-94.673));
#564=CARTESIAN_POINT('',(535.616,353.95,-139.34));
#565=CARTESIAN_POINT('',(477.107,352.848,-176.512));
#566=CARTESIAN_POINT('',(417.575,353.074,-217.587));
#567=CARTESIAN_POINT('',(359.483,325.091,-229.679));
#568=CARTESIAN_POINT('',(309.711,300.75,-242.6));
#569=CARTESIAN_POINT('',(278.916,289.546,-256.478));
#570=CARTESIAN_POINT('',(267.537,284.325,-261.785));
#571=CARTESIAN_POINT('',(511.463,-298.524,455.414));
#572=CARTESIAN_POINT('',(524.658,-289.913,445.274));
#573=CARTESIAN_POINT('',(548.099,-271.743,440.276));
#574=CARTESIAN_POINT('',(593.35,-242.954,410.446));
#575=CARTESIAN_POINT('',(618.677,-212.737,386.565));
#576=CARTESIAN_POINT('',(668.461,-186.835,375.452));
#577=CARTESIAN_POINT('',(715.08,-158.693,343.685));
#578=CARTESIAN_POINT('',(731.481,-123.979,308.083));
#579=CARTESIAN_POINT('',(761.944,-90.561,273.802));
#580=CARTESIAN_POINT('',(776.658,-58.733,238.653));
#581=CARTESIAN_POINT('',(796.804,-14.97,196.7));
#582=CARTESIAN_POINT('',(807.402,36.306,151.888));
#583=CARTESIAN_POINT('',(802.186,80.106,111.762));
#584=CARTESIAN_POINT('',(783.264,123.618,74.176));
#585=CARTESIAN_POINT('',(768.473,173.15,23.319));
#586=CARTESIAN_POINT('',(731.489,213.008,-27.946));
#587=CARTESIAN_POINT('',(703.838,258.943,-72.594));
#588=CARTESIAN_POINT('',(651.326,286.638,-117.512));
#589=CARTESIAN_POINT('',(597.53,304.928,-154.557));
#590=CARTESIAN_POINT('',(540.783,316.795,-188.336));
#591=CARTESIAN_POINT('',(481.617,320.726,-224.949));
#592=CARTESIAN_POINT('',(424.278,314.137,-262.261));
#593=CARTESIAN_POINT('',(366.826,292.096,-279.439));
#594=CARTESIAN_POINT('',(336.825,275.174,-288.34));
#595=CARTESIAN_POINT('',(323.353,264.946,-290.528));
#596=CARTESIAN_POINT('',(538.626,-347.004,430.624));
#597=CARTESIAN_POINT('',(551.606,-338.337,430.676));
#598=CARTESIAN_POINT('',(573.189,-322.638,408.067));
#599=CARTESIAN_POINT('',(602.301,-293.266,389.333));
#600=CARTESIAN_POINT('',(647.816,-267.246,360.226));
#601=CARTESIAN_POINT('',(684.105,-241.568,340.16));
#602=CARTESIAN_POINT('',(719.582,-218.487,316.419));
#603=CARTESIAN_POINT('',(760.121,-196.643,274.046));
#604=CARTESIAN_POINT('',(785.755,-168.551,247.451));
#605=CARTESIAN_POINT('',(808.181,-135.56,215.007));
#606=CARTESIAN_POINT('',(822.009,-98.986,179.826));
#607=CARTESIAN_POINT('',(827.685,-63.5,141.075));
#608=CARTESIAN_POINT('',(824.347,-13.554,86.063));
#609=CARTESIAN_POINT('',(826.069,43.34,38.841));
#610=CARTESIAN_POINT('',(802.968,91.272,2.02));
#611=CARTESIAN_POINT('',(787.106,145.819,-43.553));
#612=CARTESIAN_POINT('',(738.04,181.696,-91.219));
#613=CARTESIAN_POINT('',(703.663,227.892,-135.807));
#614=CARTESIAN_POINT('',(648.326,250.395,-174.711));
#615=CARTESIAN_POINT('',(594.564,265.269,-206.475));
#616=CARTESIAN_POINT('',(538.112,278.461,-238.658));
#617=CARTESIAN_POINT('',(476.629,275.164,-265.376));
#618=CARTESIAN_POINT('',(421.664,261.679,-289.709));
#619=CARTESIAN_POINT('',(389.877,252.002,-311.149));
#620=CARTESIAN_POINT('',(376.136,244.199,-316.949));
#621=CARTESIAN_POINT('',(564.738,-400.49,419.527));
#622=CARTESIAN_POINT('',(578.95,-392.664,410.362));
#623=CARTESIAN_POINT('',(597.621,-371.21,399.057));
#624=CARTESIAN_POINT('',(639.047,-346.191,376.388));
#625=CARTESIAN_POINT('',(667.582,-317.684,355.336));
#626=CARTESIAN_POINT('',(716.072,-296.612,327.479));
#627=CARTESIAN_POINT('',(752.232,-274.632,290.344));
#628=CARTESIAN_POINT('',(775.348,-250.643,256.471));
#629=CARTESIAN_POINT('',(790.688,-236.429,200.19));
#630=CARTESIAN_POINT('',(805.911,-220.698,159.421));
#631=CARTESIAN_POINT('',(821.487,-195.909,127.156));
#632=CARTESIAN_POINT('',(835.341,-144.51,106.192));
#633=CARTESIAN_POINT('',(840.692,-99.803,77.003));
#634=CARTESIAN_POINT('',(830.988,-51.597,27.206));
#635=CARTESIAN_POINT('',(836.112,15.476,-23.603));
#636=CARTESIAN_POINT('',(804.623,64.607,-70.553));
#637=CARTESIAN_POINT('',(782.74,116.09,-114.219));
#638=CARTESIAN_POINT('',(730.696,151.952,-152.679));
#639=CARTESIAN_POINT('',(694.355,196.014,-195.165));
#640=CARTESIAN_POINT('',(632.212,209.169,-218.87));
#641=CARTESIAN_POINT('',(581.008,226.807,-246.587));
#642=CARTESIAN_POINT('',(522.854,234.499,-272.734));
#643=CARTESIAN_POINT('',(466.758,226.999,-298.758));
#644=CARTESIAN_POINT('',(437.619,213.097,-312.197));
#645=CARTESIAN_POINT('',(423.368,204.339,-316.169));
#646=CARTESIAN_POINT('',(563.228,-439.77,384.129));
#647=CARTESIAN_POINT('',(573.704,-430.7,379.754));
#648=CARTESIAN_POINT('',(608.272,-417.433,357.821));
#649=CARTESIAN_POINT('',(644.193,-393.274,347.225));
#650=CARTESIAN_POINT('',(689.433,-369.766,329.726));
#651=CARTESIAN_POINT('',(729.45,-347.654,306.32));
#652=CARTESIAN_POINT('',(758.556,-325.569,262.924));
#653=CARTESIAN_POINT('',(776.732,-319.002,192.67));
#654=CARTESIAN_POINT('',(829.987,-296.843,181.828));
#655=CARTESIAN_POINT('',(862.005,-259.739,165.612));
#656=CARTESIAN_POINT('',(869.868,-234.768,117.464));
#657=CARTESIAN_POINT('',(845.352,-238.65,71.804));
#658=CARTESIAN_POINT('',(829.02,-184.892,40.673));
#659=CARTESIAN_POINT('',(847.178,-124.639,9.562));
#660=CARTESIAN_POINT('',(829.481,-74.535,-36.536));
#661=CARTESIAN_POINT('',(835.821,-4.171,-74.613));
#662=CARTESIAN_POINT('',(790.403,39.947,-132.776));
#663=CARTESIAN_POINT('',(764.214,89.174,-178.655));
#664=CARTESIAN_POINT('',(717.392,125.896,-218.292));
#665=CARTESIAN_POINT('',(667.364,158.611,-245.423));
#666=CARTESIAN_POINT('',(607.209,172.411,-258.004));
#667=CARTESIAN_POINT('',(556.902,186.811,-272.67));
#668=CARTESIAN_POINT('',(507.543,192.286,-291.979));
#669=CARTESIAN_POINT('',(472.738,180.511,-306.611));
#670=CARTESIAN_POINT('',(459.481,171.486,-314.432));
#671=CARTESIAN_POINT('',(568.618,-475.739,343.307));
#672=CARTESIAN_POINT('',(582.421,-471.466,342.374));
#673=CARTESIAN_POINT('',(596.73,-452.268,342.08));
#674=CARTESIAN_POINT('',(655.714,-439.48,316.991));
#675=CARTESIAN_POINT('',(694.506,-418.445,301.055));
#676=CARTESIAN_POINT('',(725.714,-390.251,271.685));
#677=CARTESIAN_POINT('',(759.77,-381.195,210.589));
#678=CARTESIAN_POINT('',(840.687,-351.34,246.848));
#679=CARTESIAN_POINT('',(894.392,-305.6,242.002));
#680=CARTESIAN_POINT('',(947.949,-262.604,193.639));
#681=CARTESIAN_POINT('',(969.385,-212.898,141.05));
#682=CARTESIAN_POINT('',(960.675,-172.169,63.715));
#683=CARTESIAN_POINT('',(880.381,-244.995,15.995));
#684=CARTESIAN_POINT('',(824.891,-200.864,-15.45));
#685=CARTESIAN_POINT('',(845.232,-138.564,-68.555));
#686=CARTESIAN_POINT('',(809.575,-87.957,-114.971));
#687=CARTESIAN_POINT('',(826.96,-23.005,-139.717));
#688=CARTESIAN_POINT('',(761.08,14.968,-187.838));
#689=CARTESIAN_POINT('',(729.436,62.934,-233.124));
#690=CARTESIAN_POINT('',(675.409,93.325,-266.641));
#691=CARTESIAN_POINT('',(627.795,124.279,-288.992));
#692=CARTESIAN_POINT('',(571.007,135.183,-294.447));
#693=CARTESIAN_POINT('',(531.469,145.784,-300.263));
#694=CARTESIAN_POINT('',(506.943,147.831,-307.455));
#695=CARTESIAN_POINT('',(492.645,141.779,-310.668));
#696=CARTESIAN_POINT('',(569.166,-509.494,350.53));
#697=CARTESIAN_POINT('',(579.443,-500.111,340.102));
#698=CARTESIAN_POINT('',(606.14,-487.927,318.014));
#699=CARTESIAN_POINT('',(642.125,-461.207,310.745));
#700=CARTESIAN_POINT('',(694.381,-444.382,281.059));
#701=CARTESIAN_POINT('',(724.643,-422.815,234.541));
#702=CARTESIAN_POINT('',(798.069,-411.382,260.492));
#703=CARTESIAN_POINT('',(852.634,-386.294,255.975));
#704=CARTESIAN_POINT('',(915.339,-363.544,209.164));
#705=CARTESIAN_POINT('',(966.371,-324.363,170.15));
#706=CARTESIAN_POINT('',(993.118,-284.785,98.581));
#707=CARTESIAN_POINT('',(973.158,-238.936,34.3));
#708=CARTESIAN_POINT('',(940.913,-196.408,-24.41));
#709=CARTESIAN_POINT('',(846.831,-242.716,-22.246));
#710=CARTESIAN_POINT('',(830.015,-173.135,-68.666));
#711=CARTESIAN_POINT('',(816.814,-127.345,-124.067));
#712=CARTESIAN_POINT('',(795.656,-73.377,-182.458));
#713=CARTESIAN_POINT('',(788.835,-23.991,-213.247));
#714=CARTESIAN_POINT('',(721.913,18.309,-244.227));
#715=CARTESIAN_POINT('',(680.869,55.918,-272.968));
#716=CARTESIAN_POINT('',(629.707,87.024,-300.338));
#717=CARTESIAN_POINT('',(584.612,111.972,-316.733));
#718=CARTESIAN_POINT('',(534.585,120.319,-324.15));
#719=CARTESIAN_POINT('',(513.642,122.477,-331.167));
#720=CARTESIAN_POINT('',(503.125,119.028,-335.196));
#721=CARTESIAN_POINT('',(573.465,-512.494,347.566));
#722=CARTESIAN_POINT('',(581.559,-510.455,343.449));
#723=CARTESIAN_POINT('',(602.004,-498.98,324.258));
#724=CARTESIAN_POINT('',(645.382,-477.088,306.301));
#725=CARTESIAN_POINT('',(686.764,-455.572,273.911));
#726=CARTESIAN_POINT('',(731.782,-440.151,237.277));
#727=CARTESIAN_POINT('',(798.159,-431.153,261.792));
#728=CARTESIAN_POINT('',(861.745,-408.519,240.656));
#729=CARTESIAN_POINT('',(924.702,-378.327,208.114));
#730=CARTESIAN_POINT('',(972.708,-340.791,156.642));
#731=CARTESIAN_POINT('',(998.537,-295.713,92.063));
#732=CARTESIAN_POINT('',(992.362,-253.738,22.469));
#733=CARTESIAN_POINT('',(943.66,-222.467,-42.51));
#734=CARTESIAN_POINT('',(859.149,-242.517,-42.871));
#735=CARTESIAN_POINT('',(823.615,-198.08,-74.048));
#736=CARTESIAN_POINT('',(816.778,-144.451,-130.887));
#737=CARTESIAN_POINT('',(793.063,-92.257,-178.326));
#738=CARTESIAN_POINT('',(778.34,-43.706,-227.975));
#739=CARTESIAN_POINT('',(727.122,-0.255,-255.575));
#740=CARTESIAN_POINT('',(680.379,36.711,-284.291));
#741=CARTESIAN_POINT('',(630.461,68.492,-305.125));
#742=CARTESIAN_POINT('',(585.658,93.765,-322.966));
#743=CARTESIAN_POINT('',(539.949,110.276,-333.079));
#744=CARTESIAN_POINT('',(514.988,110.727,-338.499));
#745=CARTESIAN_POINT('',(505.544,110.45,-337.905));
#746=CARTESIAN_POINT('',(-612.972,296.763,429.784));
#747=CARTESIAN_POINT('',(-619.159,303.293,428.048));
#748=CARTESIAN_POINT('',(-634.215,319.737,421.992));
#749=CARTESIAN_POINT('',(-655.491,346.342,401.566));
#750=CARTESIAN_POINT('',(-667.975,375.649,373.666));
#751=CARTESIAN_POINT('',(-669.075,405.641,337.586));
#752=CARTESIAN_POINT('',(-665.971,435.396,298.863));
#753=CARTESIAN_POINT('',(-659.962,464.163,254.863));
#754=CARTESIAN_POINT('',(-649.098,496.584,210.932));
#755=CARTESIAN_POINT('',(-664.159,530.568,166.033));
#756=CARTESIAN_POINT('',(-680.045,564.236,118.027));
#757=CARTESIAN_POINT('',(-673.649,596.733,60.933));
#758=CARTESIAN_POINT('',(-643.109,615.59,6.032));
#759=CARTESIAN_POINT('',(-593.926,634.919,-47.123));
#760=CARTESIAN_POINT('',(-538.01,645.632,-100.32));
#761=CARTESIAN_POINT('',(-510.961,669.566,-146.362));
#762=CARTESIAN_POINT('',(-514.296,704.63,-208.052));
#763=CARTESIAN_POINT('',(-521.31,754.955,-300.993));
#764=CARTESIAN_POINT('',(-531.079,797.317,-417.775));
#765=CARTESIAN_POINT('',(-538.373,829.685,-494.085));
#766=CARTESIAN_POINT('',(-534.014,862.476,-577.565));
#767=CARTESIAN_POINT('',(-499.268,912.037,-657.889));
#768=CARTESIAN_POINT('',(-425.674,918.416,-723.819));
#769=CARTESIAN_POINT('',(-400.873,871.882,-747.783));
#770=CARTESIAN_POINT('',(-392.481,857.257,-757.074));
#771=CARTESIAN_POINT('',(-603.461,298.904,432.91));
#772=CARTESIAN_POINT('',(-608.576,314.287,434.157));
#773=CARTESIAN_POINT('',(-626.737,324.274,425.613));
#774=CARTESIAN_POINT('',(-647.136,356.867,410.618));
#775=CARTESIAN_POINT('',(-659.775,385.052,380.659));
#776=CARTESIAN_POINT('',(-664.849,415.565,348.507));
#777=CARTESIAN_POINT('',(-662.647,445.359,306.021));
#778=CARTESIAN_POINT('',(-656.041,473.79,263.147));
#779=CARTESIAN_POINT('',(-648.69,507.739,216.853));
#780=CARTESIAN_POINT('',(-667.223,541.046,171.447));
#781=CARTESIAN_POINT('',(-675.755,575.379,122.834));
#782=CARTESIAN_POINT('',(-676.316,607.934,61.648));
#783=CARTESIAN_POINT('',(-640.649,625.808,6.978));
#784=CARTESIAN_POINT('',(-592.441,643.914,-50.105));
#785=CARTESIAN_POINT('',(-531.579,649.037,-98.567));
#786=CARTESIAN_POINT('',(-512.219,675.459,-145.596));
#787=CARTESIAN_POINT('',(-513.393,707.943,-205.196));
#788=CARTESIAN_POINT('',(-516.888,761.809,-295.537));
#789=CARTESIAN_POINT('',(-529.962,803.976,-415.14));
#790=CARTESIAN_POINT('',(-537.171,850.832,-495.463));
#791=CARTESIAN_POINT('',(-542.136,883.867,-573.038));
#792=CARTESIAN_POINT('',(-548.932,955.195,-689.152));
#793=CARTESIAN_POINT('',(-420.297,962.708,-765.677));
#794=CARTESIAN_POINT('',(-390.215,911.426,-798.085));
#795=CARTESIAN_POINT('',(-373.328,863.777,-790.225));
#796=CARTESIAN_POINT('',(-585.586,296.824,436.548));
#797=CARTESIAN_POINT('',(-587.895,309.045,439.602));
#798=CARTESIAN_POINT('',(-600.676,338.875,444.918));
#799=CARTESIAN_POINT('',(-628.254,368.687,425.198));
#800=CARTESIAN_POINT('',(-638.25,399.798,397.785));
#801=CARTESIAN_POINT('',(-653.266,432.338,365.674));
#802=CARTESIAN_POINT('',(-655.587,463.197,325.659));
#803=CARTESIAN_POINT('',(-659.903,493.693,280.934));
#804=CARTESIAN_POINT('',(-653.916,524.351,234.612));
#805=CARTESIAN_POINT('',(-671.628,558.897,188.55));
#806=CARTESIAN_POINT('',(-681.462,594.381,137.396));
#807=CARTESIAN_POINT('',(-678.578,631.723,71.502));
#808=CARTESIAN_POINT('',(-635.782,643.823,12.214));
#809=CARTESIAN_POINT('',(-579.068,653.079,-45.603));
#810=CARTESIAN_POINT('',(-535.472,658.977,-93.196));
#811=CARTESIAN_POINT('',(-506.227,680.01,-139.948));
#812=CARTESIAN_POINT('',(-509.122,715.799,-196.55));
#813=CARTESIAN_POINT('',(-507.694,767.604,-278.799));
#814=CARTESIAN_POINT('',(-519.902,817.53,-391.612));
#815=CARTESIAN_POINT('',(-511.761,865.121,-478.438));
#816=CARTESIAN_POINT('',(-513.825,904.309,-556.395));
#817=CARTESIAN_POINT('',(-481.077,980.242,-638.895));
#818=CARTESIAN_POINT('',(-377.227,1008.898,-731.565));
#819=CARTESIAN_POINT('',(-314.306,933.421,-764.265));
#820=CARTESIAN_POINT('',(-327.499,879.127,-759.385));
#821=CARTESIAN_POINT('',(-552.093,300.442,444.912));
#822=CARTESIAN_POINT('',(-557.508,313.164,445.081));
#823=CARTESIAN_POINT('',(-569.319,338.632,451.382));
#824=CARTESIAN_POINT('',(-596.839,377.067,455.435));
#825=CARTESIAN_POINT('',(-620.671,417.52,429.957));
#826=CARTESIAN_POINT('',(-627.321,450.406,394.499));
#827=CARTESIAN_POINT('',(-641.797,486.125,355.656));
#828=CARTESIAN_POINT('',(-649.886,518.799,311.857));
#829=CARTESIAN_POINT('',(-649.954,549.147,262.782));
#830=CARTESIAN_POINT('',(-656.614,581.525,214.818));
#831=CARTESIAN_POINT('',(-670.189,619.687,164.602));
#832=CARTESIAN_POINT('',(-660.618,653.688,95.958));
#833=CARTESIAN_POINT('',(-622.772,662.308,31.183));
#834=CARTESIAN_POINT('',(-574.056,664.515,-31.058));
#835=CARTESIAN_POINT('',(-527.617,668.383,-80.113));
#836=CARTESIAN_POINT('',(-504.152,684.627,-125.366));
#837=CARTESIAN_POINT('',(-498.688,719.226,-177.018));
#838=CARTESIAN_POINT('',(-493.072,765.847,-248.29));
#839=CARTESIAN_POINT('',(-491.315,818.616,-339.896));
#840=CARTESIAN_POINT('',(-485.848,860.844,-432.742));
#841=CARTESIAN_POINT('',(-463.476,888.813,-507.56));
#842=CARTESIAN_POINT('',(-444.725,895.896,-583.073));
#843=CARTESIAN_POINT('',(-395.501,892.737,-640.316));
#844=CARTESIAN_POINT('',(-373.476,862.496,-654.353));
#845=CARTESIAN_POINT('',(-364.043,845.206,-655.293));
#846=CARTESIAN_POINT('',(-526.603,296.574,464.326));
#847=CARTESIAN_POINT('',(-528.572,312.055,465.124));
#848=CARTESIAN_POINT('',(-539.435,340.356,466.285));
#849=CARTESIAN_POINT('',(-568.016,383.795,477.224));
#850=CARTESIAN_POINT('',(-588.604,429.592,457.364));
#851=CARTESIAN_POINT('',(-604.13,467.337,419.39));
#852=CARTESIAN_POINT('',(-612.437,503.544,379.384));
#853=CARTESIAN_POINT('',(-626.883,538.248,335.78));
#854=CARTESIAN_POINT('',(-633.414,571.281,289.287));
#855=CARTESIAN_POINT('',(-636.171,601.071,239.557));
#856=CARTESIAN_POINT('',(-642.243,634.355,187.613));
#857=CARTESIAN_POINT('',(-635.039,665.171,122.53));
#858=CARTESIAN_POINT('',(-607.035,673.638,54.22));
#859=CARTESIAN_POINT('',(-565.719,676.081,-10.563));
#860=CARTESIAN_POINT('',(-525.557,673.952,-61.529));
#861=CARTESIAN_POINT('',(-499.793,687.176,-108.074));
#862=CARTESIAN_POINT('',(-487.346,715.733,-152.994));
#863=CARTESIAN_POINT('',(-478.483,751.966,-211.455));
#864=CARTESIAN_POINT('',(-468.225,800.577,-284.755));
#865=CARTESIAN_POINT('',(-453.673,839.254,-366.61));
#866=CARTESIAN_POINT('',(-433.197,861.568,-442.432));
#867=CARTESIAN_POINT('',(-413.519,867.279,-502.766));
#868=CARTESIAN_POINT('',(-383.76,854.618,-552.924));
#869=CARTESIAN_POINT('',(-362.785,829.091,-572.36));
#870=CARTESIAN_POINT('',(-360.457,813.789,-573.961));
#871=CARTESIAN_POINT('',(-495.616,293.312,480.07));
#872=CARTESIAN_POINT('',(-502.077,308.559,484.396));
#873=CARTESIAN_POINT('',(-507.537,342.629,472.836));
#874=CARTESIAN_POINT('',(-531.891,388.706,487.276));
#875=CARTESIAN_POINT('',(-555.607,440.068,473.421));
#876=CARTESIAN_POINT('',(-570.559,480.134,435.089));
#877=CARTESIAN_POINT('',(-585.911,519.79,398.968));
#878=CARTESIAN_POINT('',(-594.987,553.211,354.49));
#879=CARTESIAN_POINT('',(-605.245,586.805,310.48));
#880=CARTESIAN_POINT('',(-611.655,617.491,262.703));
#881=CARTESIAN_POINT('',(-613.076,645.665,209.57));
#882=CARTESIAN_POINT('',(-609.542,670.545,148.305));
#883=CARTESIAN_POINT('',(-587.931,683.872,79.964));
#884=CARTESIAN_POINT('',(-557.046,683.603,15.86));
#885=CARTESIAN_POINT('',(-521.662,683.642,-41.204));
#886=CARTESIAN_POINT('',(-494.144,686.897,-84.793));
#887=CARTESIAN_POINT('',(-480.433,708.821,-129.979));
#888=CARTESIAN_POINT('',(-467.066,737.027,-174.221));
#889=CARTESIAN_POINT('',(-449.465,772.308,-235.295));
#890=CARTESIAN_POINT('',(-435.457,801.504,-300.794));
#891=CARTESIAN_POINT('',(-413.195,821.557,-365.445));
#892=CARTESIAN_POINT('',(-391.387,823.39,-427.137));
#893=CARTESIAN_POINT('',(-376.019,815.491,-469.997));
#894=CARTESIAN_POINT('',(-364.564,795.435,-486.297));
#895=CARTESIAN_POINT('',(-358.842,782.351,-491.769));
#896=CARTESIAN_POINT('',(-461.442,292.462,481.24));
#897=CARTESIAN_POINT('',(-464.731,309.652,487.4));
#898=CARTESIAN_POINT('',(-476.426,343.31,485.181));
#899=CARTESIAN_POINT('',(-497.643,392.998,479.954));
#900=CARTESIAN_POINT('',(-516.607,444.77,475.783));
#901=CARTESIAN_POINT('',(-538.306,491.24,447.779));
#902=CARTESIAN_POINT('',(-551.261,530.464,411.805));
#903=CARTESIAN_POINT('',(-564.256,565.753,370.463));
#904=CARTESIAN_POINT('',(-573.04,598.339,327.845));
#905=CARTESIAN_POINT('',(-579.179,626.995,280.592));
#906=CARTESIAN_POINT('',(-582.422,654.149,230.34));
#907=CARTESIAN_POINT('',(-580.651,675.231,172.3));
#908=CARTESIAN_POINT('',(-566.628,688.342,107.882));
#909=CARTESIAN_POINT('',(-544.519,691.993,42.671));
#910=CARTESIAN_POINT('',(-515.087,689.979,-12.516));
#911=CARTESIAN_POINT('',(-491.813,687.75,-60.001));
#912=CARTESIAN_POINT('',(-472.475,703.725,-101.471));
#913=CARTESIAN_POINT('',(-458.699,719.878,-142.8));
#914=CARTESIAN_POINT('',(-442.039,744.995,-185.976));
#915=CARTESIAN_POINT('',(-420.903,768.173,-242.221));
#916=CARTESIAN_POINT('',(-405.087,783.35,-294.261));
#917=CARTESIAN_POINT('',(-384.97,786.688,-341.535));
#918=CARTESIAN_POINT('',(-364.937,777.393,-381.807));
#919=CARTESIAN_POINT('',(-357.057,767.562,-398.197));
#920=CARTESIAN_POINT('',(-352.997,758.124,-402.052));
#921=CARTESIAN_POINT('',(-424.196,289.133,477.219));
#922=CARTESIAN_POINT('',(-430.612,307.734,482.441));
#923=CARTESIAN_POINT('',(-440.993,345.678,482.483));
#924=CARTESIAN_POINT('',(-463.388,393.22,471.65));
#925=CARTESIAN_POINT('',(-483.402,443.049,463.375));
#926=CARTESIAN_POINT('',(-499.263,493.249,449.195));
#927=CARTESIAN_POINT('',(-516.848,536.902,419.4));
#928=CARTESIAN_POINT('',(-529.534,574.471,383.899));
#929=CARTESIAN_POINT('',(-539.303,607.059,341.788));
#930=CARTESIAN_POINT('',(-546.335,635.933,297.545));
#931=CARTESIAN_POINT('',(-550.265,660.147,248.309));
#932=CARTESIAN_POINT('',(-549.924,678.377,194.45));
#933=CARTESIAN_POINT('',(-542.714,693.657,135.259));
#934=CARTESIAN_POINT('',(-526.85,695.794,74.118));
#935=CARTESIAN_POINT('',(-507.804,696.824,14.479));
#936=CARTESIAN_POINT('',(-483.045,694.711,-28.446));
#937=CARTESIAN_POINT('',(-467.183,692.428,-72.097));
#938=CARTESIAN_POINT('',(-451.475,710.508,-111.617));
#939=CARTESIAN_POINT('',(-437.952,717.689,-150.331));
#940=CARTESIAN_POINT('',(-422.064,733.775,-189.512));
#941=CARTESIAN_POINT('',(-402.015,744.791,-236.385));
#942=CARTESIAN_POINT('',(-385.181,750.186,-274.317));
#943=CARTESIAN_POINT('',(-370.336,745.29,-305.694));
#944=CARTESIAN_POINT('',(-359.003,735.013,-320.424));
#945=CARTESIAN_POINT('',(-356.444,729.222,-324.978));
#946=CARTESIAN_POINT('',(-395.834,286.149,449.934));
#947=CARTESIAN_POINT('',(-396.062,303.533,462.195));
#948=CARTESIAN_POINT('',(-408.35,342.426,470.204));
#949=CARTESIAN_POINT('',(-434.774,390.486,457.271));
#950=CARTESIAN_POINT('',(-450.584,438.535,447.479));
#951=CARTESIAN_POINT('',(-464.943,488.578,439.454));
#952=CARTESIAN_POINT('',(-478.68,535.187,418.927));
#953=CARTESIAN_POINT('',(-493.854,575.647,388.275));
#954=CARTESIAN_POINT('',(-503.156,611.42,351.584));
#955=CARTESIAN_POINT('',(-510.97,638.727,308.666));
#956=CARTESIAN_POINT('',(-516.728,663.398,263.695));
#957=CARTESIAN_POINT('',(-517.281,681.87,213.427));
#958=CARTESIAN_POINT('',(-515.794,693.465,159.315));
#959=CARTESIAN_POINT('',(-505.504,701.224,102.5));
#960=CARTESIAN_POINT('',(-492.022,698.622,47.97));
#961=CARTESIAN_POINT('',(-476.222,698.29,0.982));
#962=CARTESIAN_POINT('',(-457.214,696.3,-38.226));
#963=CARTESIAN_POINT('',(-446.061,696.125,-78.625));
#964=CARTESIAN_POINT('',(-432.154,705.863,-115.191));
#965=CARTESIAN_POINT('',(-419.61,709.705,-148.117));
#966=CARTESIAN_POINT('',(-406.608,715.31,-181.034));
#967=CARTESIAN_POINT('',(-390.345,717.845,-217.375));
#968=CARTESIAN_POINT('',(-371.484,716.922,-247.03));
#969=CARTESIAN_POINT('',(-367.249,708.224,-259.986));
#970=CARTESIAN_POINT('',(-363.059,704.204,-264.023));
#971=CARTESIAN_POINT('',(-378.758,282.48,416.202));
#972=CARTESIAN_POINT('',(-378.709,297.003,427.844));
#973=CARTESIAN_POINT('',(-382.63,335.218,443.479));
#974=CARTESIAN_POINT('',(-406.562,384.767,439.16));
#975=CARTESIAN_POINT('',(-425.696,430.549,428.924));
#976=CARTESIAN_POINT('',(-434.939,479.086,421.352));
#977=CARTESIAN_POINT('',(-443.751,527.847,410.594));
#978=CARTESIAN_POINT('',(-456.192,573.094,388.494));
#979=CARTESIAN_POINT('',(-467.421,609.583,354.472));
#980=CARTESIAN_POINT('',(-475.265,640.867,316.735));
#981=CARTESIAN_POINT('',(-481.12,662.131,273.504));
#982=CARTESIAN_POINT('',(-485.439,682.095,228.889));
#983=CARTESIAN_POINT('',(-484.537,694.65,178.566));
#984=CARTESIAN_POINT('',(-481.576,701.643,126.501));
#985=CARTESIAN_POINT('',(-472.72,702.326,76.036));
#986=CARTESIAN_POINT('',(-461.156,701.411,31.676));
#987=CARTESIAN_POINT('',(-447.136,697.388,-7.011));
#988=CARTESIAN_POINT('',(-434.941,693.59,-42.995));
#989=CARTESIAN_POINT('',(-426.592,691.959,-79.815));
#990=CARTESIAN_POINT('',(-417.11,692.102,-112.373));
#991=CARTESIAN_POINT('',(-404.872,695.441,-143.136));
#992=CARTESIAN_POINT('',(-393.196,695.605,-169.345));
#993=CARTESIAN_POINT('',(-383.402,692.259,-195.348));
#994=CARTESIAN_POINT('',(-373.175,688.357,-209.721));
#995=CARTESIAN_POINT('',(-370.957,683.695,-215.382));
#996=CARTESIAN_POINT('',(-365.645,280.771,384.667));
#997=CARTESIAN_POINT('',(-366.484,294.546,395.324));
#998=CARTESIAN_POINT('',(-365.502,325.812,415.043));
#999=CARTESIAN_POINT('',(-383.48,375.906,415.943));
#1000=CARTESIAN_POINT('',(-402.225,420.605,407.302));
#1001=CARTESIAN_POINT('',(-412.826,467.185,399.222));
#1002=CARTESIAN_POINT('',(-414.705,515.348,393.92));
#1003=CARTESIAN_POINT('',(-422.591,562.166,377.744));
#1004=CARTESIAN_POINT('',(-432.163,607.007,354.518));
#1005=CARTESIAN_POINT('',(-439.671,639.346,318.528));
#1006=CARTESIAN_POINT('',(-446.375,664.045,279.996));
#1007=CARTESIAN_POINT('',(-450.847,682.145,238.582));
#1008=CARTESIAN_POINT('',(-454.016,695.047,193.312));
#1009=CARTESIAN_POINT('',(-453.107,702.73,145.225));
#1010=CARTESIAN_POINT('',(-449.531,703.197,98.526));
#1011=CARTESIAN_POINT('',(-441.689,702.46,57.152));
#1012=CARTESIAN_POINT('',(-431.176,699.013,21.076));
#1013=CARTESIAN_POINT('',(-420.413,696.453,-12.033));
#1014=CARTESIAN_POINT('',(-411.902,691.832,-42.332));
#1015=CARTESIAN_POINT('',(-405.41,685.798,-74.612));
#1016=CARTESIAN_POINT('',(-401.592,679.724,-103.654));
#1017=CARTESIAN_POINT('',(-393.05,676.4,-131.524));
#1018=CARTESIAN_POINT('',(-383.024,674.037,-154.618));
#1019=CARTESIAN_POINT('',(-376.263,670.538,-167.131));
#1020=CARTESIAN_POINT('',(-374.053,668.553,-174.042));
#1021=CARTESIAN_POINT('',(-353.398,280.346,355.405));
#1022=CARTESIAN_POINT('',(-353.195,292.131,365.629));
#1023=CARTESIAN_POINT('',(-353.433,316.784,382.897));
#1024=CARTESIAN_POINT('',(-360.058,364.63,393.946));
#1025=CARTESIAN_POINT('',(-381.62,407.887,384.251));
#1026=CARTESIAN_POINT('',(-396.381,452.521,373.492));
#1027=CARTESIAN_POINT('',(-397.282,500.327,368.589));
#1028=CARTESIAN_POINT('',(-396.158,548.44,361.55));
#1029=CARTESIAN_POINT('',(-399.044,594.04,344.614));
#1030=CARTESIAN_POINT('',(-404.1,637.456,319.564));
#1031=CARTESIAN_POINT('',(-410.107,662.517,282.491));
#1032=CARTESIAN_POINT('',(-416.688,681.617,242.308));
#1033=CARTESIAN_POINT('',(-420.737,695.002,200.528));
#1034=CARTESIAN_POINT('',(-423.395,700.696,157.167));
#1035=CARTESIAN_POINT('',(-421.655,705.001,115.38));
#1036=CARTESIAN_POINT('',(-418.436,702.945,77.83));
#1037=CARTESIAN_POINT('',(-410.242,701.68,43.676));
#1038=CARTESIAN_POINT('',(-401.609,698.204,13.744));
#1039=CARTESIAN_POINT('',(-393.403,695.523,-13.854));
#1040=CARTESIAN_POINT('',(-387.308,690.807,-40.368));
#1041=CARTESIAN_POINT('',(-380.988,683.503,-68.108));
#1042=CARTESIAN_POINT('',(-382.121,671.391,-90.037));
#1043=CARTESIAN_POINT('',(-377.688,664.161,-114.303));
#1044=CARTESIAN_POINT('',(-375.57,658.623,-128.107));
#1045=CARTESIAN_POINT('',(-373.705,655.3,-134.3));
#1046=CARTESIAN_POINT('',(-334.594,274.976,329.72));
#1047=CARTESIAN_POINT('',(-334.599,286.805,341.075));
#1048=CARTESIAN_POINT('',(-334.404,310.634,356.426));
#1049=CARTESIAN_POINT('',(-342.014,352.061,367.78));
#1050=CARTESIAN_POINT('',(-355.352,395.419,365.481));
#1051=CARTESIAN_POINT('',(-377.27,436.621,351.168));
#1052=CARTESIAN_POINT('',(-382.554,484.804,343.572));
#1053=CARTESIAN_POINT('',(-379.596,531.178,337.365));
#1054=CARTESIAN_POINT('',(-376.507,579.9,327.782));
#1055=CARTESIAN_POINT('',(-370.425,625.344,314.247));
#1056=CARTESIAN_POINT('',(-374.793,663.204,284.5));
#1057=CARTESIAN_POINT('',(-380.956,679.429,243.335));
#1058=CARTESIAN_POINT('',(-387.961,691.836,202.008));
#1059=CARTESIAN_POINT('',(-391.67,701.981,161.016));
#1060=CARTESIAN_POINT('',(-392.745,701.767,122.249));
#1061=CARTESIAN_POINT('',(-389.373,702.713,87.595));
#1062=CARTESIAN_POINT('',(-385.117,699.618,54.876));
#1063=CARTESIAN_POINT('',(-377.177,700.615,26.443));
#1064=CARTESIAN_POINT('',(-369.436,694.692,-1.259));
#1065=CARTESIAN_POINT('',(-361.701,694.965,-22.966));
#1066=CARTESIAN_POINT('',(-359.177,688.978,-44.228));
#1067=CARTESIAN_POINT('',(-352.798,685.455,-66.889));
#1068=CARTESIAN_POINT('',(-353.658,670.522,-81.502));
#1069=CARTESIAN_POINT('',(-353.787,661.902,-93.19));
#1070=CARTESIAN_POINT('',(-356.463,655.373,-98.641));
#1071=CARTESIAN_POINT('',(-313.099,264.156,313.603));
#1072=CARTESIAN_POINT('',(-314.375,277.829,321.578));
#1073=CARTESIAN_POINT('',(-312.611,302.068,338.32));
#1074=CARTESIAN_POINT('',(-315.582,341.919,350.64));
#1075=CARTESIAN_POINT('',(-329.853,383.761,347.703));
#1076=CARTESIAN_POINT('',(-347.442,423.474,337.124));
#1077=CARTESIAN_POINT('',(-368.144,464.445,318.505));
#1078=CARTESIAN_POINT('',(-368.322,514.125,311.848));
#1079=CARTESIAN_POINT('',(-353.562,561.054,311.632));
#1080=CARTESIAN_POINT('',(-339.683,608.944,307.446));
#1081=CARTESIAN_POINT('',(-338.478,656.824,284.529));
#1082=CARTESIAN_POINT('',(-348.49,678.177,240.515));
#1083=CARTESIAN_POINT('',(-354.535,689.632,200.342));
#1084=CARTESIAN_POINT('',(-361.511,697.347,159.127));
#1085=CARTESIAN_POINT('',(-360.004,701.702,124.661));
#1086=CARTESIAN_POINT('',(-363.102,700.861,87.541));
#1087=CARTESIAN_POINT('',(-354.703,701.044,61.827));
#1088=CARTESIAN_POINT('',(-352.19,699.258,30.955));
#1089=CARTESIAN_POINT('',(-343.248,699.099,7.414));
#1090=CARTESIAN_POINT('',(-335.279,699.231,-19.724));
#1091=CARTESIAN_POINT('',(-329.912,702.157,-39.782));
#1092=CARTESIAN_POINT('',(-329.694,699.407,-57.959));
#1093=CARTESIAN_POINT('',(-322.326,694.198,-75.986));
#1094=CARTESIAN_POINT('',(-324.228,685.238,-84.941));
#1095=CARTESIAN_POINT('',(-322.835,679.454,-88.699));
#1096=CARTESIAN_POINT('',(-293.108,254.584,298.807));
#1097=CARTESIAN_POINT('',(-291.606,266.425,308.168));
#1098=CARTESIAN_POINT('',(-292.947,290.157,317.474));
#1099=CARTESIAN_POINT('',(-292.002,330.253,334.869));
#1100=CARTESIAN_POINT('',(-300.525,372.489,336.663));
#1101=CARTESIAN_POINT('',(-318.135,413.083,325.225));
#1102=CARTESIAN_POINT('',(-332.614,451.865,313.161));
#1103=CARTESIAN_POINT('',(-354.799,491.692,286.112));
#1104=CARTESIAN_POINT('',(-340.105,543.279,290.506));
#1105=CARTESIAN_POINT('',(-323.464,587.415,288.509));
#1106=CARTESIAN_POINT('',(-308.262,637.995,274.842));
#1107=CARTESIAN_POINT('',(-313.057,675.817,238.573));
#1108=CARTESIAN_POINT('',(-325.819,685.804,193.129));
#1109=CARTESIAN_POINT('',(-329.094,693.412,156.716));
#1110=CARTESIAN_POINT('',(-334.489,697.543,117.755));
#1111=CARTESIAN_POINT('',(-329.85,697.5,88.41));
#1112=CARTESIAN_POINT('',(-328.548,698.587,56.786));
#1113=CARTESIAN_POINT('',(-324.822,697.72,30.725));
#1114=CARTESIAN_POINT('',(-316.648,702.458,2.089));
#1115=CARTESIAN_POINT('',(-308.255,715.204,-22.115));
#1116=CARTESIAN_POINT('',(-303.909,727.605,-43.61));
#1117=CARTESIAN_POINT('',(-301.833,729.963,-65.318));
#1118=CARTESIAN_POINT('',(-301.426,722.459,-82.349));
#1119=CARTESIAN_POINT('',(-298.551,712.062,-92.25));
#1120=CARTESIAN_POINT('',(-299.2,706.127,-95.138));
#1121=CARTESIAN_POINT('',(-269.965,235.088,285.808));
#1122=CARTESIAN_POINT('',(-277.051,252.451,282.027));
#1123=CARTESIAN_POINT('',(-274.012,277.692,297.484));
#1124=CARTESIAN_POINT('',(-273.666,316.449,312.571));
#1125=CARTESIAN_POINT('',(-275.907,359.415,321.727));
#1126=CARTESIAN_POINT('',(-290.105,400.171,314.363));
#1127=CARTESIAN_POINT('',(-302.883,439.921,304.356));
#1128=CARTESIAN_POINT('',(-320.556,476.056,283.424));
#1129=CARTESIAN_POINT('',(-329.445,519.135,265.122));
#1130=CARTESIAN_POINT('',(-311.168,569.967,269.128));
#1131=CARTESIAN_POINT('',(-305.789,611.092,248.641));
#1132=CARTESIAN_POINT('',(-280.455,659.698,231.87));
#1133=CARTESIAN_POINT('',(-297.05,680.822,185.362));
#1134=CARTESIAN_POINT('',(-301.508,688.916,146.408));
#1135=CARTESIAN_POINT('',(-307.02,690.989,111.093));
#1136=CARTESIAN_POINT('',(-304.368,694.346,78.32));
#1137=CARTESIAN_POINT('',(-304.704,693.313,47.618));
#1138=CARTESIAN_POINT('',(-293.432,701.346,11.205));
#1139=CARTESIAN_POINT('',(-279.582,723.868,-12.719));
#1140=CARTESIAN_POINT('',(-273.472,745.243,-35.651));
#1141=CARTESIAN_POINT('',(-266.958,757.215,-60.279));
#1142=CARTESIAN_POINT('',(-266.496,763.339,-82.108));
#1143=CARTESIAN_POINT('',(-265.327,755.855,-99.928));
#1144=CARTESIAN_POINT('',(-272.605,745.498,-108.602));
#1145=CARTESIAN_POINT('',(-271.476,735.786,-111.388));
#1146=CARTESIAN_POINT('',(-240.949,222.669,290.84));
#1147=CARTESIAN_POINT('',(-248.278,231.475,279.491));
#1148=CARTESIAN_POINT('',(-261.36,266.701,274.568));
#1149=CARTESIAN_POINT('',(-255.755,303.815,293.301));
#1150=CARTESIAN_POINT('',(-257.548,344.978,301.445));
#1151=CARTESIAN_POINT('',(-266.708,385.483,298.651));
#1152=CARTESIAN_POINT('',(-276.759,425.25,290.913));
#1153=CARTESIAN_POINT('',(-290.612,461.638,276.477));
#1154=CARTESIAN_POINT('',(-305.053,499.874,255.985));
#1155=CARTESIAN_POINT('',(-299.304,546.722,248.266));
#1156=CARTESIAN_POINT('',(-285.556,592.207,238.842));
#1157=CARTESIAN_POINT('',(-280.394,631.454,209.829));
#1158=CARTESIAN_POINT('',(-267.79,666.319,177.474));
#1159=CARTESIAN_POINT('',(-281.673,676.71,135.525));
#1160=CARTESIAN_POINT('',(-281.074,683.201,98.954));
#1161=CARTESIAN_POINT('',(-284.946,686.458,67.066));
#1162=CARTESIAN_POINT('',(-278.057,691.048,24.774));
#1163=CARTESIAN_POINT('',(-260.47,720.943,-1.429));
#1164=CARTESIAN_POINT('',(-247.726,748.615,-23.341));
#1165=CARTESIAN_POINT('',(-233.981,775.977,-50.539));
#1166=CARTESIAN_POINT('',(-224.703,797.95,-75.201));
#1167=CARTESIAN_POINT('',(-218.217,805.876,-97.946));
#1168=CARTESIAN_POINT('',(-227.156,800.714,-119.516));
#1169=CARTESIAN_POINT('',(-228.936,783.636,-129.818));
#1170=CARTESIAN_POINT('',(-235.926,775.142,-132.214));
#1171=CARTESIAN_POINT('',(-216.499,220.753,294.389));
#1172=CARTESIAN_POINT('',(-219.862,232.219,289.957));
#1173=CARTESIAN_POINT('',(-240.779,247.751,259.831));
#1174=CARTESIAN_POINT('',(-242.269,293.603,271.706));
#1175=CARTESIAN_POINT('',(-238.776,331.262,283.36));
#1176=CARTESIAN_POINT('',(-244.171,371.486,282.471));
#1177=CARTESIAN_POINT('',(-254.6,408.829,275.739));
#1178=CARTESIAN_POINT('',(-263.846,447.678,265.883));
#1179=CARTESIAN_POINT('',(-277.799,482.677,248.918));
#1180=CARTESIAN_POINT('',(-287.742,523.631,230.301));
#1181=CARTESIAN_POINT('',(-273.809,569.794,222.187));
#1182=CARTESIAN_POINT('',(-270.079,609.813,196.459));
#1183=CARTESIAN_POINT('',(-258.791,644.406,164.32));
#1184=CARTESIAN_POINT('',(-262.687,661.444,122.663));
#1185=CARTESIAN_POINT('',(-265.625,672.99,87.643));
#1186=CARTESIAN_POINT('',(-268.742,675.185,44.782));
#1187=CARTESIAN_POINT('',(-249.091,704.158,10.961));
#1188=CARTESIAN_POINT('',(-228.521,737.568,-9.674));
#1189=CARTESIAN_POINT('',(-202.955,774.88,-39.235));
#1190=CARTESIAN_POINT('',(-184.542,811.733,-59.968));
#1191=CARTESIAN_POINT('',(-167.982,831.484,-83.252));
#1192=CARTESIAN_POINT('',(-174.188,851.473,-113.711));
#1193=CARTESIAN_POINT('',(-174.128,845.354,-142.928));
#1194=CARTESIAN_POINT('',(-188.294,831.528,-153.233));
#1195=CARTESIAN_POINT('',(-190.88,817.534,-157.991));
#1196=CARTESIAN_POINT('',(-190.37,215.991,296.666));
#1197=CARTESIAN_POINT('',(-197.681,226.382,287.509));
#1198=CARTESIAN_POINT('',(-206.729,243.946,272.073));
#1199=CARTESIAN_POINT('',(-230.961,277.944,247.623));
#1200=CARTESIAN_POINT('',(-222.348,319.318,264.468));
#1201=CARTESIAN_POINT('',(-227.875,353.848,261.384));
#1202=CARTESIAN_POINT('',(-228.89,394.672,262.745));
#1203=CARTESIAN_POINT('',(-243.064,430.026,250.905));
#1204=CARTESIAN_POINT('',(-252.472,466.492,238.11));
#1205=CARTESIAN_POINT('',(-265.375,503.731,221.149));
#1206=CARTESIAN_POINT('',(-264.487,545.989,204.582));
#1207=CARTESIAN_POINT('',(-265.957,587.387,181.761));
#1208=CARTESIAN_POINT('',(-255.057,621.986,150.446));
#1209=CARTESIAN_POINT('',(-251.58,645.576,111.918));
#1210=CARTESIAN_POINT('',(-255.457,658.753,72.224));
#1211=CARTESIAN_POINT('',(-247.961,675.813,28.023));
#1212=CARTESIAN_POINT('',(-221.641,711.911,2.617));
#1213=CARTESIAN_POINT('',(-189.239,753.627,-21.297));
#1214=CARTESIAN_POINT('',(-152.62,800.483,-48.549));
#1215=CARTESIAN_POINT('',(-117.462,835.44,-67.417));
#1216=CARTESIAN_POINT('',(-111.34,877.653,-104.103));
#1217=CARTESIAN_POINT('',(-93.784,891.567,-136.716));
#1218=CARTESIAN_POINT('',(-119.668,899.351,-168.831));
#1219=CARTESIAN_POINT('',(-125.532,873.226,-188.848));
#1220=CARTESIAN_POINT('',(-136.93,862.991,-189.751));
#1221=CARTESIAN_POINT('',(-167.796,219.844,294.754));
#1222=CARTESIAN_POINT('',(-175.822,227.652,285.588));
#1223=CARTESIAN_POINT('',(-185.638,246.684,270.757));
#1224=CARTESIAN_POINT('',(-201.032,268.813,247.085));
#1225=CARTESIAN_POINT('',(-213.563,303.338,238.372));
#1226=CARTESIAN_POINT('',(-208.291,338.964,244.938));
#1227=CARTESIAN_POINT('',(-215.065,374.805,240.42));
#1228=CARTESIAN_POINT('',(-218.443,413.406,237.926));
#1229=CARTESIAN_POINT('',(-230.186,449.508,226.508));
#1230=CARTESIAN_POINT('',(-247.981,482.351,207.39));
#1231=CARTESIAN_POINT('',(-257.582,521.174,189.199));
#1232=CARTESIAN_POINT('',(-255.187,565.028,168.99));
#1233=CARTESIAN_POINT('',(-255.531,601.623,137.135));
#1234=CARTESIAN_POINT('',(-243.384,629.23,101.474));
#1235=CARTESIAN_POINT('',(-247.542,648.125,56.919));
#1236=CARTESIAN_POINT('',(-229.77,672.926,16.334));
#1237=CARTESIAN_POINT('',(-192.932,716.242,-0.476));
#1238=CARTESIAN_POINT('',(-154.959,760.54,-40.779));
#1239=CARTESIAN_POINT('',(-103.257,799.609,-63.16));
#1240=CARTESIAN_POINT('',(-69.64,850.008,-94.243));
#1241=CARTESIAN_POINT('',(-19.283,902.877,-118.391));
#1242=CARTESIAN_POINT('',(-36.464,945.462,-162.024));
#1243=CARTESIAN_POINT('',(-36.493,936.945,-208.121));
#1244=CARTESIAN_POINT('',(-64.348,920.804,-222.197));
#1245=CARTESIAN_POINT('',(-68.253,900.895,-229.545));
#1246=CARTESIAN_POINT('',(-148.298,225.081,288.912));
#1247=CARTESIAN_POINT('',(-152.475,233.54,281.858));
#1248=CARTESIAN_POINT('',(-166.402,250.676,268.396));
#1249=CARTESIAN_POINT('',(-174.672,270.562,245.358));
#1250=CARTESIAN_POINT('',(-190.855,286.867,222.352));
#1251=CARTESIAN_POINT('',(-203.603,319.522,214.205));
#1252=CARTESIAN_POINT('',(-195.351,358.124,225.328));
#1253=CARTESIAN_POINT('',(-203.944,391.836,217.75));
#1254=CARTESIAN_POINT('',(-210.929,428.657,211.097));
#1255=CARTESIAN_POINT('',(-225.46,464.372,196.786));
#1256=CARTESIAN_POINT('',(-242.935,498.854,176.536));
#1257=CARTESIAN_POINT('',(-249.82,539.907,155.913));
#1258=CARTESIAN_POINT('',(-253.362,581.316,125.934));
#1259=CARTESIAN_POINT('',(-239.056,613.185,92.331));
#1260=CARTESIAN_POINT('',(-238.682,637.999,45.039));
#1261=CARTESIAN_POINT('',(-209.727,670.479,15.129));
#1262=CARTESIAN_POINT('',(-176.84,712.482,-18.716));
#1263=CARTESIAN_POINT('',(-128.827,753.208,-55.161));
#1264=CARTESIAN_POINT('',(-92.639,796.491,-93.693));
#1265=CARTESIAN_POINT('',(-32.214,845.579,-146.176));
#1266=CARTESIAN_POINT('',(7.894,897.879,-182.708));
#1267=CARTESIAN_POINT('',(48.956,975.201,-161.583));
#1268=CARTESIAN_POINT('',(-1.442,987.27,-241.239));
#1269=CARTESIAN_POINT('',(17.485,941.841,-257.743));
#1270=CARTESIAN_POINT('',(-4.421,935.408,-260.427));
#1271=CARTESIAN_POINT('',(-125.011,228.412,285.675));
#1272=CARTESIAN_POINT('',(-132.475,237.757,279.909));
#1273=CARTESIAN_POINT('',(-138.454,252.529,265.479));
#1274=CARTESIAN_POINT('',(-151.113,273.668,250.028));
#1275=CARTESIAN_POINT('',(-153.443,290.484,230.188));
#1276=CARTESIAN_POINT('',(-176.95,300.353,200.972));
#1277=CARTESIAN_POINT('',(-191.37,334.81,192.1));
#1278=CARTESIAN_POINT('',(-183.859,372.269,201.857));
#1279=CARTESIAN_POINT('',(-195.076,405.885,193.015));
#1280=CARTESIAN_POINT('',(-203.999,443.882,185.638));
#1281=CARTESIAN_POINT('',(-226.691,478.158,165.597));
#1282=CARTESIAN_POINT('',(-236.898,516.792,145.769));
#1283=CARTESIAN_POINT('',(-247.963,558.552,117.13));
#1284=CARTESIAN_POINT('',(-240.861,596.072,83.31));
#1285=CARTESIAN_POINT('',(-229.394,626.611,39.325));
#1286=CARTESIAN_POINT('',(-203.131,659.764,8.6));
#1287=CARTESIAN_POINT('',(-155.227,705.364,-22.198));
#1288=CARTESIAN_POINT('',(-118.421,746.332,-73.085));
#1289=CARTESIAN_POINT('',(-61.339,779.444,-126.83));
#1290=CARTESIAN_POINT('',(-10.395,835.407,-180.875));
#1291=CARTESIAN_POINT('',(35.591,897.935,-216.273));
#1292=CARTESIAN_POINT('',(72.904,936.726,-251.571));
#1293=CARTESIAN_POINT('',(136.882,1074.136,-231.981));
#1294=CARTESIAN_POINT('',(57.434,1006.257,-309.042));
#1295=CARTESIAN_POINT('',(68.581,977.633,-306.008));
#1296=CARTESIAN_POINT('',(-101.948,229.616,282.348));
#1297=CARTESIAN_POINT('',(-105.539,238.633,278.137));
#1298=CARTESIAN_POINT('',(-112.559,251.586,267.343));
#1299=CARTESIAN_POINT('',(-115.367,271.57,249.088));
#1300=CARTESIAN_POINT('',(-131.175,293.973,231.585));
#1301=CARTESIAN_POINT('',(-131.154,310.209,214.298));
#1302=CARTESIAN_POINT('',(-159.598,318.181,181.849));
#1303=CARTESIAN_POINT('',(-179.81,346.825,170.903));
#1304=CARTESIAN_POINT('',(-177.323,381.982,173.976));
#1305=CARTESIAN_POINT('',(-187.01,420.342,167.706));
#1306=CARTESIAN_POINT('',(-203.876,456.876,155.174));
#1307=CARTESIAN_POINT('',(-226.054,495.35,135.124));
#1308=CARTESIAN_POINT('',(-233.24,534.669,110.931));
#1309=CARTESIAN_POINT('',(-238.962,578.082,79.201));
#1310=CARTESIAN_POINT('',(-227.222,609.849,34.736));
#1311=CARTESIAN_POINT('',(-195.644,646.562,6.718));
#1312=CARTESIAN_POINT('',(-146.834,691.245,-24.877));
#1313=CARTESIAN_POINT('',(-92.503,732.513,-70.134));
#1314=CARTESIAN_POINT('',(-30.053,764.602,-120.599));
#1315=CARTESIAN_POINT('',(18.039,807.989,-189.976));
#1316=CARTESIAN_POINT('',(74.848,851.896,-237.792));
#1317=CARTESIAN_POINT('',(113.693,919.578,-293.493));
#1318=CARTESIAN_POINT('',(159.441,971.046,-336.315));
#1319=CARTESIAN_POINT('',(176.535,1096.746,-382.367));
#1320=CARTESIAN_POINT('',(135.23,1004.657,-374.605));
#1321=CARTESIAN_POINT('',(-90.512,229.899,279.936));
#1322=CARTESIAN_POINT('',(-92.644,239.254,272.838));
#1323=CARTESIAN_POINT('',(-93.451,255.23,264.496));
#1324=CARTESIAN_POINT('',(-99.658,274.328,250.308));
#1325=CARTESIAN_POINT('',(-103.903,293.389,232.875));
#1326=CARTESIAN_POINT('',(-119.246,310.974,214.648));
#1327=CARTESIAN_POINT('',(-128.624,326.444,195.365));
#1328=CARTESIAN_POINT('',(-151.792,333.652,165.982));
#1329=CARTESIAN_POINT('',(-172.183,363.412,156.773));
#1330=CARTESIAN_POINT('',(-174.665,402.696,155.596));
#1331=CARTESIAN_POINT('',(-189.04,441.534,145.927));
#1332=CARTESIAN_POINT('',(-211.273,479.176,128.649));
#1333=CARTESIAN_POINT('',(-227.379,517.73,105.853));
#1334=CARTESIAN_POINT('',(-231.634,559.673,78.682));
#1335=CARTESIAN_POINT('',(-230.813,597.874,35.641));
#1336=CARTESIAN_POINT('',(-195.586,632.373,6.135));
#1337=CARTESIAN_POINT('',(-146.932,675.426,-26.597));
#1338=CARTESIAN_POINT('',(-80.366,731.789,-54.125));
#1339=CARTESIAN_POINT('',(-21.248,756.055,-117.756));
#1340=CARTESIAN_POINT('',(38.464,794.776,-174.206));
#1341=CARTESIAN_POINT('',(95.269,821.429,-232.789));
#1342=CARTESIAN_POINT('',(158.113,873.948,-287.732));
#1343=CARTESIAN_POINT('',(193.37,937.87,-350.711));
#1344=CARTESIAN_POINT('',(215.731,974.847,-389.277));
#1345=CARTESIAN_POINT('',(186.303,977.837,-421.95));
#1346=CARTESIAN_POINT('',(-82.785,230.191,278.902));
#1347=CARTESIAN_POINT('',(-82.129,236.724,274.408));
#1348=CARTESIAN_POINT('',(-81.394,248.958,265.448));
#1349=CARTESIAN_POINT('',(-88.317,269.128,252.435));
#1350=CARTESIAN_POINT('',(-95.174,291.335,235.516));
#1351=CARTESIAN_POINT('',(-104.199,310.936,216.815));
#1352=CARTESIAN_POINT('',(-121.056,327.308,196.412));
#1353=CARTESIAN_POINT('',(-137.907,335.889,169.425));
#1354=CARTESIAN_POINT('',(-160.583,356.288,152.847));
#1355=CARTESIAN_POINT('',(-172.621,391.743,147.489));
#1356=CARTESIAN_POINT('',(-181.546,430.785,140.645));
#1357=CARTESIAN_POINT('',(-203.935,468.792,126.225));
#1358=CARTESIAN_POINT('',(-221.566,507.596,103.388));
#1359=CARTESIAN_POINT('',(-227.814,548.818,79.722));
#1360=CARTESIAN_POINT('',(-230.345,588.961,37.221));
#1361=CARTESIAN_POINT('',(-200.315,625.345,4.761));
#1362=CARTESIAN_POINT('',(-148.832,665.718,-24.411));
#1363=CARTESIAN_POINT('',(-80.017,720.978,-56.391));
#1364=CARTESIAN_POINT('',(-13.81,750.398,-103.96));
#1365=CARTESIAN_POINT('',(41.231,782.828,-168.758));
#1366=CARTESIAN_POINT('',(106.921,809.014,-221.414));
#1367=CARTESIAN_POINT('',(166.241,858.234,-284.108));
#1368=CARTESIAN_POINT('',(215.949,906.606,-350.29));
#1369=CARTESIAN_POINT('',(232.461,946.395,-413.008));
#1370=CARTESIAN_POINT('',(201.582,952.448,-420.898));
#1371=CARTESIAN_POINT('',(-377.176,-557.056,316.43));
#1372=CARTESIAN_POINT('',(-376.397,-563.4,326.019));
#1373=CARTESIAN_POINT('',(-369.356,-573.325,348.419));
#1374=CARTESIAN_POINT('',(-349.935,-600.991,391.591));
#1375=CARTESIAN_POINT('',(-292.756,-624.043,408.455));
#1376=CARTESIAN_POINT('',(-237.727,-627.991,388.714));
#1377=CARTESIAN_POINT('',(-187.043,-630.036,374.633));
#1378=CARTESIAN_POINT('',(-135.036,-628.146,353.26));
#1379=CARTESIAN_POINT('',(-77.103,-633.234,352.));
#1380=CARTESIAN_POINT('',(-26.479,-634.971,372.321));
#1381=CARTESIAN_POINT('',(21.197,-632.296,389.078));
#1382=CARTESIAN_POINT('',(74.306,-632.768,398.083));
#1383=CARTESIAN_POINT('',(127.112,-631.274,399.074));
#1384=CARTESIAN_POINT('',(180.741,-633.224,391.402));
#1385=CARTESIAN_POINT('',(236.234,-634.057,386.533));
#1386=CARTESIAN_POINT('',(289.999,-634.337,380.085));
#1387=CARTESIAN_POINT('',(343.766,-633.411,381.176));
#1388=CARTESIAN_POINT('',(391.338,-630.061,383.318));
#1389=CARTESIAN_POINT('',(438.542,-622.001,383.233));
#1390=CARTESIAN_POINT('',(484.402,-611.181,381.26));
#1391=CARTESIAN_POINT('',(520.841,-589.886,373.151));
#1392=CARTESIAN_POINT('',(549.663,-566.982,364.632));
#1393=CARTESIAN_POINT('',(570.971,-537.636,351.524));
#1394=CARTESIAN_POINT('',(571.52,-523.091,349.503));
#1395=CARTESIAN_POINT('',(573.465,-512.494,347.566));
#1396=CARTESIAN_POINT('',(-385.938,-560.34,307.805));
#1397=CARTESIAN_POINT('',(-381.245,-580.456,318.996));
#1398=CARTESIAN_POINT('',(-381.244,-583.071,346.252));
#1399=CARTESIAN_POINT('',(-358.857,-631.667,391.226));
#1400=CARTESIAN_POINT('',(-291.921,-635.261,388.735));
#1401=CARTESIAN_POINT('',(-242.498,-636.413,373.956));
#1402=CARTESIAN_POINT('',(-185.311,-633.93,365.133));
#1403=CARTESIAN_POINT('',(-133.709,-635.071,339.986));
#1404=CARTESIAN_POINT('',(-73.241,-631.113,344.796));
#1405=CARTESIAN_POINT('',(-21.341,-635.394,357.037));
#1406=CARTESIAN_POINT('',(32.232,-639.82,367.703));
#1407=CARTESIAN_POINT('',(82.167,-630.452,378.706));
#1408=CARTESIAN_POINT('',(132.031,-629.644,379.178));
#1409=CARTESIAN_POINT('',(186.077,-635.38,368.289));
#1410=CARTESIAN_POINT('',(240.326,-640.155,363.98));
#1411=CARTESIAN_POINT('',(294.671,-637.375,362.733));
#1412=CARTESIAN_POINT('',(357.528,-628.958,369.055));
#1413=CARTESIAN_POINT('',(398.005,-634.737,365.029));
#1414=CARTESIAN_POINT('',(448.413,-633.842,367.966));
#1415=CARTESIAN_POINT('',(497.575,-625.282,369.204));
#1416=CARTESIAN_POINT('',(534.656,-601.298,363.502));
#1417=CARTESIAN_POINT('',(563.875,-576.797,356.836));
#1418=CARTESIAN_POINT('',(584.776,-545.775,342.139));
#1419=CARTESIAN_POINT('',(588.172,-519.358,341.425));
#1420=CARTESIAN_POINT('',(581.559,-510.455,343.449));
#1421=CARTESIAN_POINT('',(-393.025,-575.709,286.849));
#1422=CARTESIAN_POINT('',(-399.326,-579.161,297.722));
#1423=CARTESIAN_POINT('',(-414.081,-637.968,329.339));
#1424=CARTESIAN_POINT('',(-338.859,-639.495,345.202));
#1425=CARTESIAN_POINT('',(-295.776,-635.994,346.243));
#1426=CARTESIAN_POINT('',(-236.751,-635.171,350.379));
#1427=CARTESIAN_POINT('',(-185.361,-638.714,329.714));
#1428=CARTESIAN_POINT('',(-121.836,-631.234,316.745));
#1429=CARTESIAN_POINT('',(-57.345,-646.071,316.299));
#1430=CARTESIAN_POINT('',(-3.559,-638.983,326.758));
#1431=CARTESIAN_POINT('',(38.286,-597.558,349.536));
#1432=CARTESIAN_POINT('',(95.054,-601.106,354.061));
#1433=CARTESIAN_POINT('',(148.971,-587.86,356.761));
#1434=CARTESIAN_POINT('',(205.172,-601.914,351.149));
#1435=CARTESIAN_POINT('',(260.422,-606.615,333.093));
#1436=CARTESIAN_POINT('',(322.512,-624.401,322.932));
#1437=CARTESIAN_POINT('',(362.706,-652.142,319.604));
#1438=CARTESIAN_POINT('',(419.364,-635.806,329.632));
#1439=CARTESIAN_POINT('',(467.573,-634.505,332.8));
#1440=CARTESIAN_POINT('',(515.976,-630.302,331.662));
#1441=CARTESIAN_POINT('',(555.082,-613.418,328.318));
#1442=CARTESIAN_POINT('',(580.403,-582.122,320.017));
#1443=CARTESIAN_POINT('',(602.673,-543.241,317.325));
#1444=CARTESIAN_POINT('',(598.648,-511.738,326.647));
#1445=CARTESIAN_POINT('',(602.004,-498.98,324.258));
#1446=CARTESIAN_POINT('',(-400.855,-594.072,246.204));
#1447=CARTESIAN_POINT('',(-421.526,-618.729,253.009));
#1448=CARTESIAN_POINT('',(-374.933,-641.476,271.357));
#1449=CARTESIAN_POINT('',(-331.73,-634.892,290.955));
#1450=CARTESIAN_POINT('',(-272.165,-639.524,302.114));
#1451=CARTESIAN_POINT('',(-221.437,-636.276,291.734));
#1452=CARTESIAN_POINT('',(-154.8,-633.165,276.846));
#1453=CARTESIAN_POINT('',(-89.776,-640.531,273.565));
#1454=CARTESIAN_POINT('',(-35.778,-633.385,279.836));
#1455=CARTESIAN_POINT('',(2.06,-579.764,293.701));
#1456=CARTESIAN_POINT('',(65.529,-584.21,300.677));
#1457=CARTESIAN_POINT('',(120.964,-582.486,298.987));
#1458=CARTESIAN_POINT('',(175.764,-583.142,297.115));
#1459=CARTESIAN_POINT('',(238.612,-576.681,288.8));
#1460=CARTESIAN_POINT('',(303.541,-583.382,289.766));
#1461=CARTESIAN_POINT('',(361.001,-590.381,292.416));
#1462=CARTESIAN_POINT('',(416.602,-589.34,283.104));
#1463=CARTESIAN_POINT('',(450.313,-633.578,279.218));
#1464=CARTESIAN_POINT('',(500.876,-634.423,278.052));
#1465=CARTESIAN_POINT('',(553.515,-628.661,274.711));
#1466=CARTESIAN_POINT('',(588.434,-591.221,276.237));
#1467=CARTESIAN_POINT('',(618.803,-564.111,277.807));
#1468=CARTESIAN_POINT('',(637.706,-515.81,303.142));
#1469=CARTESIAN_POINT('',(643.499,-492.163,301.083));
#1470=CARTESIAN_POINT('',(645.382,-477.088,306.301));
#1471=CARTESIAN_POINT('',(-394.327,-612.03,200.52));
#1472=CARTESIAN_POINT('',(-392.262,-636.596,204.246));
#1473=CARTESIAN_POINT('',(-360.482,-638.82,228.723));
#1474=CARTESIAN_POINT('',(-304.449,-640.917,246.882));
#1475=CARTESIAN_POINT('',(-252.781,-633.591,243.696));
#1476=CARTESIAN_POINT('',(-184.613,-641.321,234.812));
#1477=CARTESIAN_POINT('',(-120.561,-637.907,230.927));
#1478=CARTESIAN_POINT('',(-59.97,-646.558,234.199));
#1479=CARTESIAN_POINT('',(-22.099,-597.251,239.763));
#1480=CARTESIAN_POINT('',(35.249,-591.301,242.273));
#1481=CARTESIAN_POINT('',(94.312,-597.015,243.493));
#1482=CARTESIAN_POINT('',(153.724,-590.42,238.141));
#1483=CARTESIAN_POINT('',(221.635,-591.518,232.919));
#1484=CARTESIAN_POINT('',(284.126,-595.389,235.125));
#1485=CARTESIAN_POINT('',(343.546,-583.748,224.945));
#1486=CARTESIAN_POINT('',(405.517,-560.353,221.202));
#1487=CARTESIAN_POINT('',(441.319,-612.411,232.842));
#1488=CARTESIAN_POINT('',(479.324,-639.755,228.015));
#1489=CARTESIAN_POINT('',(545.57,-632.877,228.728));
#1490=CARTESIAN_POINT('',(593.321,-601.357,232.116));
#1491=CARTESIAN_POINT('',(631.441,-572.059,227.966));
#1492=CARTESIAN_POINT('',(658.984,-528.006,236.307));
#1493=CARTESIAN_POINT('',(672.859,-489.101,242.784));
#1494=CARTESIAN_POINT('',(682.794,-468.486,264.432));
#1495=CARTESIAN_POINT('',(686.764,-455.572,273.911));
#1496=CARTESIAN_POINT('',(-370.613,-625.451,164.9));
#1497=CARTESIAN_POINT('',(-364.327,-639.722,172.823));
#1498=CARTESIAN_POINT('',(-328.819,-642.061,190.043));
#1499=CARTESIAN_POINT('',(-279.545,-637.442,195.915));
#1500=CARTESIAN_POINT('',(-216.807,-646.023,192.775));
#1501=CARTESIAN_POINT('',(-148.898,-646.392,191.273));
#1502=CARTESIAN_POINT('',(-94.51,-630.941,186.701));
#1503=CARTESIAN_POINT('',(-34.891,-644.835,193.009));
#1504=CARTESIAN_POINT('',(5.575,-600.244,188.09));
#1505=CARTESIAN_POINT('',(65.823,-596.157,193.225));
#1506=CARTESIAN_POINT('',(131.429,-590.578,183.969));
#1507=CARTESIAN_POINT('',(212.207,-592.265,174.772));
#1508=CARTESIAN_POINT('',(274.716,-590.839,173.078));
#1509=CARTESIAN_POINT('',(336.484,-574.522,166.216));
#1510=CARTESIAN_POINT('',(378.292,-594.084,168.682));
#1511=CARTESIAN_POINT('',(415.428,-644.202,184.072));
#1512=CARTESIAN_POINT('',(464.854,-645.627,181.603));
#1513=CARTESIAN_POINT('',(527.792,-633.099,181.317));
#1514=CARTESIAN_POINT('',(586.429,-620.332,186.725));
#1515=CARTESIAN_POINT('',(636.472,-592.973,181.583));
#1516=CARTESIAN_POINT('',(686.942,-568.74,196.505));
#1517=CARTESIAN_POINT('',(719.692,-532.376,218.382));
#1518=CARTESIAN_POINT('',(738.873,-495.403,244.138));
#1519=CARTESIAN_POINT('',(734.773,-454.03,238.926));
#1520=CARTESIAN_POINT('',(731.782,-440.151,237.277));
#1521=CARTESIAN_POINT('',(-348.158,-634.971,134.431));
#1522=CARTESIAN_POINT('',(-334.478,-644.347,141.983));
#1523=CARTESIAN_POINT('',(-306.39,-639.747,146.293));
#1524=CARTESIAN_POINT('',(-250.966,-648.724,150.45));
#1525=CARTESIAN_POINT('',(-187.023,-646.658,149.341));
#1526=CARTESIAN_POINT('',(-127.565,-631.67,143.421));
#1527=CARTESIAN_POINT('',(-70.751,-631.426,142.525));
#1528=CARTESIAN_POINT('',(-15.166,-645.55,143.132));
#1529=CARTESIAN_POINT('',(26.842,-587.155,142.879));
#1530=CARTESIAN_POINT('',(97.809,-598.511,140.602));
#1531=CARTESIAN_POINT('',(181.99,-594.189,126.267));
#1532=CARTESIAN_POINT('',(259.521,-595.569,120.871));
#1533=CARTESIAN_POINT('',(319.988,-582.191,113.244));
#1534=CARTESIAN_POINT('',(355.022,-636.755,122.773));
#1535=CARTESIAN_POINT('',(397.825,-655.367,126.48));
#1536=CARTESIAN_POINT('',(460.103,-633.664,123.743));
#1537=CARTESIAN_POINT('',(515.724,-625.988,126.939));
#1538=CARTESIAN_POINT('',(575.155,-634.104,132.133));
#1539=CARTESIAN_POINT('',(633.814,-618.285,133.471));
#1540=CARTESIAN_POINT('',(699.832,-599.322,145.294));
#1541=CARTESIAN_POINT('',(754.934,-572.925,173.371));
#1542=CARTESIAN_POINT('',(790.727,-537.491,205.879));
#1543=CARTESIAN_POINT('',(810.976,-492.882,254.688));
#1544=CARTESIAN_POINT('',(803.805,-451.012,267.694));
#1545=CARTESIAN_POINT('',(798.159,-431.153,261.792));
#1546=CARTESIAN_POINT('',(-343.5,-639.53,101.888));
#1547=CARTESIAN_POINT('',(-326.662,-641.215,100.491));
#1548=CARTESIAN_POINT('',(-291.526,-650.13,103.397));
#1549=CARTESIAN_POINT('',(-232.205,-642.429,106.416));
#1550=CARTESIAN_POINT('',(-170.535,-631.905,101.934));
#1551=CARTESIAN_POINT('',(-111.898,-625.538,97.661));
#1552=CARTESIAN_POINT('',(-52.925,-638.361,98.47));
#1553=CARTESIAN_POINT('',(4.431,-641.096,101.178));
#1554=CARTESIAN_POINT('',(50.295,-587.772,98.309));
#1555=CARTESIAN_POINT('',(131.28,-600.493,94.419));
#1556=CARTESIAN_POINT('',(219.042,-594.43,76.344));
#1557=CARTESIAN_POINT('',(297.848,-583.353,70.777));
#1558=CARTESIAN_POINT('',(328.931,-641.475,66.748));
#1559=CARTESIAN_POINT('',(383.788,-650.552,67.991));
#1560=CARTESIAN_POINT('',(442.953,-619.285,64.707));
#1561=CARTESIAN_POINT('',(497.687,-631.498,73.266));
#1562=CARTESIAN_POINT('',(562.237,-609.285,76.72));
#1563=CARTESIAN_POINT('',(621.245,-642.255,79.764));
#1564=CARTESIAN_POINT('',(691.383,-615.396,86.185));
#1565=CARTESIAN_POINT('',(758.854,-591.457,102.325));
#1566=CARTESIAN_POINT('',(811.424,-554.187,130.014));
#1567=CARTESIAN_POINT('',(853.314,-518.428,170.127));
#1568=CARTESIAN_POINT('',(869.775,-463.021,205.352));
#1569=CARTESIAN_POINT('',(869.376,-428.885,233.256));
#1570=CARTESIAN_POINT('',(861.745,-408.519,240.656));
#1571=CARTESIAN_POINT('',(-351.74,-643.967,65.654));
#1572=CARTESIAN_POINT('',(-331.294,-640.882,61.806));
#1573=CARTESIAN_POINT('',(-287.974,-656.892,63.788));
#1574=CARTESIAN_POINT('',(-223.009,-631.4,61.49));
#1575=CARTESIAN_POINT('',(-161.124,-637.491,60.588));
#1576=CARTESIAN_POINT('',(-95.838,-603.917,54.304));
#1577=CARTESIAN_POINT('',(-37.842,-652.312,58.121));
#1578=CARTESIAN_POINT('',(14.606,-625.817,55.528));
#1579=CARTESIAN_POINT('',(68.298,-585.594,59.492));
#1580=CARTESIAN_POINT('',(159.892,-603.488,42.624));
#1581=CARTESIAN_POINT('',(254.436,-584.787,27.465));
#1582=CARTESIAN_POINT('',(308.893,-609.457,15.554));
#1583=CARTESIAN_POINT('',(357.935,-656.033,15.223));
#1584=CARTESIAN_POINT('',(419.366,-623.874,16.028));
#1585=CARTESIAN_POINT('',(469.93,-644.082,20.404));
#1586=CARTESIAN_POINT('',(540.799,-606.445,21.05));
#1587=CARTESIAN_POINT('',(598.922,-637.579,26.151));
#1588=CARTESIAN_POINT('',(668.967,-638.582,23.251));
#1589=CARTESIAN_POINT('',(741.948,-606.428,37.065));
#1590=CARTESIAN_POINT('',(806.356,-572.585,53.633));
#1591=CARTESIAN_POINT('',(867.654,-542.575,89.644));
#1592=CARTESIAN_POINT('',(912.416,-500.211,127.071));
#1593=CARTESIAN_POINT('',(934.753,-441.09,175.878));
#1594=CARTESIAN_POINT('',(930.766,-399.449,198.49));
#1595=CARTESIAN_POINT('',(924.702,-378.327,208.114));
#1596=CARTESIAN_POINT('',(-364.91,-643.91,28.652));
#1597=CARTESIAN_POINT('',(-343.389,-639.94,22.958));
#1598=CARTESIAN_POINT('',(-286.344,-659.993,21.739));
#1599=CARTESIAN_POINT('',(-223.286,-625.154,22.385));
#1600=CARTESIAN_POINT('',(-150.133,-615.251,14.57));
#1601=CARTESIAN_POINT('',(-90.248,-620.743,16.394));
#1602=CARTESIAN_POINT('',(-23.688,-670.907,17.729));
#1603=CARTESIAN_POINT('',(21.976,-592.123,21.232));
#1604=CARTESIAN_POINT('',(94.532,-595.607,14.775));
#1605=CARTESIAN_POINT('',(187.511,-599.525,-2.773));
#1606=CARTESIAN_POINT('',(282.197,-579.536,-22.551));
#1607=CARTESIAN_POINT('',(330.263,-633.765,-31.926));
#1608=CARTESIAN_POINT('',(385.11,-640.9,-33.712));
#1609=CARTESIAN_POINT('',(438.994,-616.939,-33.563));
#1610=CARTESIAN_POINT('',(505.567,-608.282,-34.316));
#1611=CARTESIAN_POINT('',(564.722,-632.821,-25.767));
#1612=CARTESIAN_POINT('',(633.878,-646.493,-32.84));
#1613=CARTESIAN_POINT('',(706.212,-612.463,-27.574));
#1614=CARTESIAN_POINT('',(776.495,-591.381,-15.545));
#1615=CARTESIAN_POINT('',(845.705,-557.299,3.51));
#1616=CARTESIAN_POINT('',(904.594,-515.363,33.164));
#1617=CARTESIAN_POINT('',(956.824,-469.153,71.081));
#1618=CARTESIAN_POINT('',(985.225,-410.072,115.581));
#1619=CARTESIAN_POINT('',(977.304,-362.618,143.002));
#1620=CARTESIAN_POINT('',(972.708,-340.791,156.642));
#1621=CARTESIAN_POINT('',(-381.489,-644.877,-14.606));
#1622=CARTESIAN_POINT('',(-353.945,-644.987,-18.473));
#1623=CARTESIAN_POINT('',(-294.954,-651.991,-15.461));
#1624=CARTESIAN_POINT('',(-215.011,-641.37,-19.165));
#1625=CARTESIAN_POINT('',(-145.108,-624.693,-17.463));
#1626=CARTESIAN_POINT('',(-75.762,-666.648,-18.239));
#1627=CARTESIAN_POINT('',(-13.578,-624.791,-19.882));
#1628=CARTESIAN_POINT('',(34.02,-587.884,-19.687));
#1629=CARTESIAN_POINT('',(119.779,-598.613,-29.528));
#1630=CARTESIAN_POINT('',(219.668,-591.692,-52.78));
#1631=CARTESIAN_POINT('',(306.663,-586.224,-68.708));
#1632=CARTESIAN_POINT('',(354.21,-627.686,-79.445));
#1633=CARTESIAN_POINT('',(409.419,-646.231,-81.05));
#1634=CARTESIAN_POINT('',(467.183,-636.603,-80.473));
#1635=CARTESIAN_POINT('',(523.403,-640.389,-77.247));
#1636=CARTESIAN_POINT('',(591.493,-645.822,-80.776));
#1637=CARTESIAN_POINT('',(655.779,-607.77,-81.694));
#1638=CARTESIAN_POINT('',(727.019,-600.168,-81.914));
#1639=CARTESIAN_POINT('',(799.35,-568.437,-71.688));
#1640=CARTESIAN_POINT('',(865.2,-532.274,-55.99));
#1641=CARTESIAN_POINT('',(929.821,-489.11,-30.817));
#1642=CARTESIAN_POINT('',(977.328,-432.597,4.267));
#1643=CARTESIAN_POINT('',(998.184,-361.747,49.858));
#1644=CARTESIAN_POINT('',(1004.228,-318.742,78.44));
#1645=CARTESIAN_POINT('',(998.537,-295.713,92.063));
#1646=CARTESIAN_POINT('',(-389.922,-646.439,-62.07));
#1647=CARTESIAN_POINT('',(-359.473,-648.233,-63.432));
#1648=CARTESIAN_POINT('',(-298.353,-645.454,-58.211));
#1649=CARTESIAN_POINT('',(-209.028,-650.848,-53.035));
#1650=CARTESIAN_POINT('',(-132.034,-647.188,-45.983));
#1651=CARTESIAN_POINT('',(-54.182,-650.859,-59.472));
#1652=CARTESIAN_POINT('',(-12.983,-593.777,-46.194));
#1653=CARTESIAN_POINT('',(56.399,-595.828,-64.953));
#1654=CARTESIAN_POINT('',(152.193,-591.877,-72.065));
#1655=CARTESIAN_POINT('',(249.846,-593.751,-107.701));
#1656=CARTESIAN_POINT('',(325.589,-579.364,-115.827));
#1657=CARTESIAN_POINT('',(377.531,-614.903,-126.304));
#1658=CARTESIAN_POINT('',(425.178,-644.975,-134.623));
#1659=CARTESIAN_POINT('',(485.349,-635.516,-127.411));
#1660=CARTESIAN_POINT('',(546.144,-642.781,-130.365));
#1661=CARTESIAN_POINT('',(600.405,-599.482,-124.313));
#1662=CARTESIAN_POINT('',(661.285,-589.569,-132.363));
#1663=CARTESIAN_POINT('',(733.342,-567.881,-127.78));
#1664=CARTESIAN_POINT('',(797.424,-534.315,-116.769));
#1665=CARTESIAN_POINT('',(866.423,-500.958,-107.898));
#1666=CARTESIAN_POINT('',(933.834,-454.103,-88.802));
#1667=CARTESIAN_POINT('',(970.323,-389.532,-52.959));
#1668=CARTESIAN_POINT('',(1009.94,-326.805,-18.301));
#1669=CARTESIAN_POINT('',(996.279,-277.649,13.167));
#1670=CARTESIAN_POINT('',(992.362,-253.738,22.469));
#1671=CARTESIAN_POINT('',(-378.17,-648.504,-112.73));
#1672=CARTESIAN_POINT('',(-352.068,-645.412,-103.353));
#1673=CARTESIAN_POINT('',(-292.231,-653.022,-94.113));
#1674=CARTESIAN_POINT('',(-197.19,-640.199,-81.56));
#1675=CARTESIAN_POINT('',(-104.789,-656.854,-85.86));
#1676=CARTESIAN_POINT('',(-53.143,-616.511,-83.033));
#1677=CARTESIAN_POINT('',(-0.028,-584.741,-92.427));
#1678=CARTESIAN_POINT('',(81.752,-599.443,-107.618));
#1679=CARTESIAN_POINT('',(179.893,-589.202,-128.452));
#1680=CARTESIAN_POINT('',(268.996,-586.921,-158.578));
#1681=CARTESIAN_POINT('',(333.491,-587.355,-169.531));
#1682=CARTESIAN_POINT('',(401.202,-587.99,-172.499));
#1683=CARTESIAN_POINT('',(439.958,-638.918,-180.885));
#1684=CARTESIAN_POINT('',(503.827,-641.17,-180.454));
#1685=CARTESIAN_POINT('',(553.858,-615.636,-174.795));
#1686=CARTESIAN_POINT('',(591.228,-566.039,-160.867));
#1687=CARTESIAN_POINT('',(655.768,-546.352,-155.61));
#1688=CARTESIAN_POINT('',(718.903,-526.334,-163.068));
#1689=CARTESIAN_POINT('',(784.264,-501.04,-170.007));
#1690=CARTESIAN_POINT('',(850.198,-461.879,-166.288));
#1691=CARTESIAN_POINT('',(902.312,-408.511,-150.219));
#1692=CARTESIAN_POINT('',(944.931,-347.591,-124.953));
#1693=CARTESIAN_POINT('',(958.335,-277.573,-86.139));
#1694=CARTESIAN_POINT('',(959.549,-232.433,-65.361));
#1695=CARTESIAN_POINT('',(943.66,-222.467,-42.51));
#1696=CARTESIAN_POINT('',(-355.847,-648.414,-154.579));
#1697=CARTESIAN_POINT('',(-330.893,-650.614,-142.915));
#1698=CARTESIAN_POINT('',(-274.134,-644.384,-132.237));
#1699=CARTESIAN_POINT('',(-166.922,-651.582,-107.286));
#1700=CARTESIAN_POINT('',(-90.53,-642.877,-121.507));
#1701=CARTESIAN_POINT('',(-50.43,-580.183,-118.834));
#1702=CARTESIAN_POINT('',(17.867,-601.449,-145.382));
#1703=CARTESIAN_POINT('',(107.269,-589.823,-153.017));
#1704=CARTESIAN_POINT('',(199.149,-588.465,-182.413));
#1705=CARTESIAN_POINT('',(273.854,-591.169,-199.602));
#1706=CARTESIAN_POINT('',(347.071,-575.667,-219.11));
#1707=CARTESIAN_POINT('',(410.685,-591.583,-234.195));
#1708=CARTESIAN_POINT('',(448.988,-646.208,-227.911));
#1709=CARTESIAN_POINT('',(520.523,-638.855,-234.168));
#1710=CARTESIAN_POINT('',(555.579,-592.262,-222.657));
#1711=CARTESIAN_POINT('',(587.875,-538.951,-205.377));
#1712=CARTESIAN_POINT('',(638.031,-505.596,-191.562));
#1713=CARTESIAN_POINT('',(686.699,-474.688,-166.575));
#1714=CARTESIAN_POINT('',(746.241,-451.214,-171.743));
#1715=CARTESIAN_POINT('',(797.616,-413.122,-176.684));
#1716=CARTESIAN_POINT('',(845.149,-367.414,-164.418));
#1717=CARTESIAN_POINT('',(873.677,-314.041,-139.338));
#1718=CARTESIAN_POINT('',(885.374,-270.398,-89.737));
#1719=CARTESIAN_POINT('',(869.071,-250.532,-56.766));
#1720=CARTESIAN_POINT('',(859.149,-242.517,-42.871));
#1721=CARTESIAN_POINT('',(-312.253,-647.814,-190.482));
#1722=CARTESIAN_POINT('',(-292.169,-654.413,-183.952));
#1723=CARTESIAN_POINT('',(-245.197,-637.767,-146.015));
#1724=CARTESIAN_POINT('',(-131.341,-662.447,-140.623));
#1725=CARTESIAN_POINT('',(-89.847,-594.676,-152.865));
#1726=CARTESIAN_POINT('',(-32.914,-591.185,-172.111));
#1727=CARTESIAN_POINT('',(37.424,-593.419,-186.165));
#1728=CARTESIAN_POINT('',(127.389,-590.459,-201.645));
#1729=CARTESIAN_POINT('',(202.234,-590.61,-218.21));
#1730=CARTESIAN_POINT('',(277.134,-576.459,-254.571));
#1731=CARTESIAN_POINT('',(345.272,-598.996,-265.823));
#1732=CARTESIAN_POINT('',(397.319,-646.232,-260.951));
#1733=CARTESIAN_POINT('',(461.522,-642.52,-279.928));
#1734=CARTESIAN_POINT('',(526.847,-629.4,-287.645));
#1735=CARTESIAN_POINT('',(552.25,-563.971,-265.319));
#1736=CARTESIAN_POINT('',(593.969,-526.043,-255.568));
#1737=CARTESIAN_POINT('',(646.148,-492.585,-242.181));
#1738=CARTESIAN_POINT('',(675.024,-443.849,-218.524));
#1739=CARTESIAN_POINT('',(716.074,-405.396,-191.9));
#1740=CARTESIAN_POINT('',(747.257,-372.166,-158.512));
#1741=CARTESIAN_POINT('',(772.098,-336.799,-129.695));
#1742=CARTESIAN_POINT('',(791.011,-300.56,-97.905));
#1743=CARTESIAN_POINT('',(806.596,-253.52,-80.46));
#1744=CARTESIAN_POINT('',(816.084,-219.426,-76.36));
#1745=CARTESIAN_POINT('',(823.615,-198.08,-74.048));
#1746=CARTESIAN_POINT('',(-277.865,-644.499,-208.31));
#1747=CARTESIAN_POINT('',(-261.524,-646.466,-188.496));
#1748=CARTESIAN_POINT('',(-188.682,-651.938,-162.046));
#1749=CARTESIAN_POINT('',(-121.177,-639.489,-181.31));
#1750=CARTESIAN_POINT('',(-74.98,-583.698,-199.707));
#1751=CARTESIAN_POINT('',(-10.987,-598.633,-216.482));
#1752=CARTESIAN_POINT('',(53.944,-592.756,-223.076));
#1753=CARTESIAN_POINT('',(130.18,-589.799,-239.442));
#1754=CARTESIAN_POINT('',(201.394,-579.68,-280.037));
#1755=CARTESIAN_POINT('',(269.429,-621.176,-282.445));
#1756=CARTESIAN_POINT('',(331.788,-650.045,-289.384));
#1757=CARTESIAN_POINT('',(397.053,-645.625,-321.827));
#1758=CARTESIAN_POINT('',(463.039,-636.973,-346.796));
#1759=CARTESIAN_POINT('',(510.515,-588.491,-334.122));
#1760=CARTESIAN_POINT('',(559.3,-549.858,-325.459));
#1761=CARTESIAN_POINT('',(587.128,-498.594,-303.141));
#1762=CARTESIAN_POINT('',(653.646,-472.398,-305.567));
#1763=CARTESIAN_POINT('',(668.2,-416.149,-265.432));
#1764=CARTESIAN_POINT('',(708.878,-377.721,-251.183));
#1765=CARTESIAN_POINT('',(745.481,-333.614,-230.772));
#1766=CARTESIAN_POINT('',(774.501,-289.664,-206.099));
#1767=CARTESIAN_POINT('',(796.139,-241.891,-182.682));
#1768=CARTESIAN_POINT('',(813.67,-194.06,-149.687));
#1769=CARTESIAN_POINT('',(817.681,-161.909,-138.768));
#1770=CARTESIAN_POINT('',(816.778,-144.451,-130.887));
#1771=CARTESIAN_POINT('',(-225.873,-649.49,-218.278));
#1772=CARTESIAN_POINT('',(-201.587,-646.554,-206.258));
#1773=CARTESIAN_POINT('',(-177.324,-650.886,-206.365));
#1774=CARTESIAN_POINT('',(-104.4,-634.32,-234.28));
#1775=CARTESIAN_POINT('',(-64.534,-597.184,-255.553));
#1776=CARTESIAN_POINT('',(0.5,-586.379,-269.633));
#1777=CARTESIAN_POINT('',(63.99,-584.78,-272.859));
#1778=CARTESIAN_POINT('',(133.455,-587.031,-296.398));
#1779=CARTESIAN_POINT('',(197.096,-629.616,-291.63));
#1780=CARTESIAN_POINT('',(262.327,-651.278,-311.33));
#1781=CARTESIAN_POINT('',(326.845,-646.288,-356.975));
#1782=CARTESIAN_POINT('',(388.039,-623.231,-378.935));
#1783=CARTESIAN_POINT('',(434.237,-576.64,-358.475));
#1784=CARTESIAN_POINT('',(488.833,-549.163,-368.394));
#1785=CARTESIAN_POINT('',(525.698,-501.846,-352.442));
#1786=CARTESIAN_POINT('',(575.719,-468.344,-349.854));
#1787=CARTESIAN_POINT('',(616.487,-428.579,-337.77));
#1788=CARTESIAN_POINT('',(645.068,-380.238,-309.788));
#1789=CARTESIAN_POINT('',(691.234,-338.232,-294.469));
#1790=CARTESIAN_POINT('',(716.533,-294.037,-264.297));
#1791=CARTESIAN_POINT('',(745.921,-250.1,-247.552));
#1792=CARTESIAN_POINT('',(764.783,-198.517,-207.589));
#1793=CARTESIAN_POINT('',(774.422,-146.818,-184.563));
#1794=CARTESIAN_POINT('',(786.748,-113.653,-185.619));
#1795=CARTESIAN_POINT('',(793.063,-92.257,-178.326));
#1796=CARTESIAN_POINT('',(-199.725,-637.862,-246.298));
#1797=CARTESIAN_POINT('',(-199.794,-645.452,-244.795));
#1798=CARTESIAN_POINT('',(-156.482,-648.902,-260.33));
#1799=CARTESIAN_POINT('',(-92.43,-641.504,-269.487));
#1800=CARTESIAN_POINT('',(-48.496,-618.327,-295.755));
#1801=CARTESIAN_POINT('',(8.616,-605.491,-311.161));
#1802=CARTESIAN_POINT('',(71.642,-617.689,-315.442));
#1803=CARTESIAN_POINT('',(130.729,-643.39,-309.623));
#1804=CARTESIAN_POINT('',(194.039,-653.031,-335.549));
#1805=CARTESIAN_POINT('',(258.754,-646.886,-375.021));
#1806=CARTESIAN_POINT('',(315.26,-608.134,-387.333));
#1807=CARTESIAN_POINT('',(360.81,-561.438,-362.743));
#1808=CARTESIAN_POINT('',(410.316,-529.506,-365.345));
#1809=CARTESIAN_POINT('',(459.639,-504.222,-393.897));
#1810=CARTESIAN_POINT('',(502.58,-464.034,-379.541));
#1811=CARTESIAN_POINT('',(556.903,-435.602,-403.437));
#1812=CARTESIAN_POINT('',(597.132,-389.305,-379.876));
#1813=CARTESIAN_POINT('',(627.607,-343.568,-352.161));
#1814=CARTESIAN_POINT('',(650.105,-297.555,-320.02));
#1815=CARTESIAN_POINT('',(687.275,-253.635,-310.894));
#1816=CARTESIAN_POINT('',(706.248,-202.573,-275.931));
#1817=CARTESIAN_POINT('',(731.651,-150.195,-250.612));
#1818=CARTESIAN_POINT('',(769.064,-102.676,-253.403));
#1819=CARTESIAN_POINT('',(775.539,-62.411,-237.872));
#1820=CARTESIAN_POINT('',(778.34,-43.706,-227.975));
#1821=CARTESIAN_POINT('',(-188.956,-622.111,-274.305));
#1822=CARTESIAN_POINT('',(-185.61,-643.082,-286.544));
#1823=CARTESIAN_POINT('',(-150.769,-647.015,-296.907));
#1824=CARTESIAN_POINT('',(-95.13,-646.732,-322.823));
#1825=CARTESIAN_POINT('',(-39.518,-648.759,-336.67));
#1826=CARTESIAN_POINT('',(18.468,-647.641,-336.872));
#1827=CARTESIAN_POINT('',(72.909,-650.57,-340.587));
#1828=CARTESIAN_POINT('',(134.913,-653.445,-366.735));
#1829=CARTESIAN_POINT('',(193.692,-639.172,-387.613));
#1830=CARTESIAN_POINT('',(246.196,-595.412,-392.599));
#1831=CARTESIAN_POINT('',(291.217,-551.763,-368.091));
#1832=CARTESIAN_POINT('',(340.865,-522.586,-387.183));
#1833=CARTESIAN_POINT('',(390.327,-498.702,-414.618));
#1834=CARTESIAN_POINT('',(433.143,-460.949,-413.93));
#1835=CARTESIAN_POINT('',(479.904,-428.7,-426.847));
#1836=CARTESIAN_POINT('',(519.242,-386.458,-412.986));
#1837=CARTESIAN_POINT('',(556.091,-346.013,-397.792));
#1838=CARTESIAN_POINT('',(586.465,-301.868,-374.704));
#1839=CARTESIAN_POINT('',(622.768,-257.888,-358.906));
#1840=CARTESIAN_POINT('',(655.941,-211.999,-341.93));
#1841=CARTESIAN_POINT('',(682.511,-162.911,-316.241));
#1842=CARTESIAN_POINT('',(716.179,-113.394,-305.838));
#1843=CARTESIAN_POINT('',(730.053,-57.894,-291.355));
#1844=CARTESIAN_POINT('',(729.858,-17.258,-269.017));
#1845=CARTESIAN_POINT('',(727.122,-0.255,-255.575));
#1846=CARTESIAN_POINT('',(-178.058,-609.485,-305.161));
#1847=CARTESIAN_POINT('',(-184.649,-626.162,-321.052));
#1848=CARTESIAN_POINT('',(-150.867,-656.585,-341.794));
#1849=CARTESIAN_POINT('',(-90.809,-639.506,-358.187));
#1850=CARTESIAN_POINT('',(-41.209,-645.458,-377.766));
#1851=CARTESIAN_POINT('',(18.872,-647.866,-384.156));
#1852=CARTESIAN_POINT('',(77.668,-651.857,-406.099));
#1853=CARTESIAN_POINT('',(134.609,-628.327,-404.845));
#1854=CARTESIAN_POINT('',(182.532,-586.275,-402.528));
#1855=CARTESIAN_POINT('',(226.89,-547.519,-379.142));
#1856=CARTESIAN_POINT('',(275.468,-521.363,-409.232));
#1857=CARTESIAN_POINT('',(322.426,-497.114,-436.75));
#1858=CARTESIAN_POINT('',(362.812,-455.511,-429.949));
#1859=CARTESIAN_POINT('',(405.667,-419.788,-438.308));
#1860=CARTESIAN_POINT('',(443.76,-380.651,-431.819));
#1861=CARTESIAN_POINT('',(481.517,-341.691,-419.004));
#1862=CARTESIAN_POINT('',(521.851,-303.203,-421.884));
#1863=CARTESIAN_POINT('',(564.149,-260.276,-413.933));
#1864=CARTESIAN_POINT('',(590.878,-216.55,-390.532));
#1865=CARTESIAN_POINT('',(620.053,-170.623,-371.79));
#1866=CARTESIAN_POINT('',(641.456,-123.101,-342.488));
#1867=CARTESIAN_POINT('',(659.22,-72.487,-324.332));
#1868=CARTESIAN_POINT('',(680.617,-17.722,-311.367));
#1869=CARTESIAN_POINT('',(678.376,16.533,-289.155));
#1870=CARTESIAN_POINT('',(680.379,36.711,-284.291));
#1871=CARTESIAN_POINT('',(-168.264,-594.552,-336.811));
#1872=CARTESIAN_POINT('',(-162.34,-605.087,-349.307));
#1873=CARTESIAN_POINT('',(-164.927,-643.527,-387.029));
#1874=CARTESIAN_POINT('',(-100.927,-655.844,-419.54));
#1875=CARTESIAN_POINT('',(-38.253,-653.941,-434.114));
#1876=CARTESIAN_POINT('',(24.535,-642.191,-435.787));
#1877=CARTESIAN_POINT('',(74.365,-607.156,-417.776));
#1878=CARTESIAN_POINT('',(124.386,-579.141,-417.226));
#1879=CARTESIAN_POINT('',(166.204,-542.728,-389.935));
#1880=CARTESIAN_POINT('',(211.713,-512.802,-415.794));
#1881=CARTESIAN_POINT('',(254.585,-489.696,-443.285));
#1882=CARTESIAN_POINT('',(294.3,-448.228,-443.211));
#1883=CARTESIAN_POINT('',(333.038,-411.854,-449.25));
#1884=CARTESIAN_POINT('',(372.392,-374.101,-448.293));
#1885=CARTESIAN_POINT('',(409.802,-335.324,-442.672));
#1886=CARTESIAN_POINT('',(449.861,-297.943,-447.338));
#1887=CARTESIAN_POINT('',(486.885,-257.208,-440.879));
#1888=CARTESIAN_POINT('',(520.88,-216.33,-425.549));
#1889=CARTESIAN_POINT('',(546.873,-174.356,-403.124));
#1890=CARTESIAN_POINT('',(578.631,-130.323,-390.826));
#1891=CARTESIAN_POINT('',(601.92,-84.926,-373.225));
#1892=CARTESIAN_POINT('',(624.696,-35.786,-351.564));
#1893=CARTESIAN_POINT('',(633.634,16.562,-326.566));
#1894=CARTESIAN_POINT('',(631.787,51.362,-314.124));
#1895=CARTESIAN_POINT('',(630.461,68.492,-305.125));
#1896=CARTESIAN_POINT('',(-148.29,-576.45,-351.79));
#1897=CARTESIAN_POINT('',(-148.565,-591.053,-370.167));
#1898=CARTESIAN_POINT('',(-132.694,-602.025,-407.784));
#1899=CARTESIAN_POINT('',(-89.714,-615.162,-435.743));
#1900=CARTESIAN_POINT('',(-33.954,-601.031,-449.939));
#1901=CARTESIAN_POINT('',(15.211,-580.973,-423.732));
#1902=CARTESIAN_POINT('',(67.163,-564.22,-426.238));
#1903=CARTESIAN_POINT('',(112.256,-539.169,-409.018));
#1904=CARTESIAN_POINT('',(154.694,-503.407,-413.608));
#1905=CARTESIAN_POINT('',(191.636,-481.982,-448.479));
#1906=CARTESIAN_POINT('',(229.947,-443.297,-452.869));
#1907=CARTESIAN_POINT('',(269.656,-409.634,-470.414));
#1908=CARTESIAN_POINT('',(304.69,-368.126,-465.364));
#1909=CARTESIAN_POINT('',(343.661,-331.805,-481.033));
#1910=CARTESIAN_POINT('',(376.617,-290.77,-470.142));
#1911=CARTESIAN_POINT('',(409.485,-250.623,-457.154));
#1912=CARTESIAN_POINT('',(447.496,-213.323,-458.859));
#1913=CARTESIAN_POINT('',(475.874,-172.728,-438.193));
#1914=CARTESIAN_POINT('',(507.241,-132.74,-426.612));
#1915=CARTESIAN_POINT('',(535.183,-90.235,-407.826));
#1916=CARTESIAN_POINT('',(558.702,-48.252,-384.629));
#1917=CARTESIAN_POINT('',(575.094,-2.544,-357.784));
#1918=CARTESIAN_POINT('',(583.753,42.236,-341.863));
#1919=CARTESIAN_POINT('',(586.426,75.824,-324.421));
#1920=CARTESIAN_POINT('',(585.658,93.765,-322.966));
#1921=CARTESIAN_POINT('',(-126.359,-559.194,-364.801));
#1922=CARTESIAN_POINT('',(-119.905,-564.895,-377.114));
#1923=CARTESIAN_POINT('',(-109.118,-566.454,-392.756));
#1924=CARTESIAN_POINT('',(-78.082,-555.633,-408.809));
#1925=CARTESIAN_POINT('',(-38.468,-551.289,-425.773));
#1926=CARTESIAN_POINT('',(16.872,-543.886,-426.776));
#1927=CARTESIAN_POINT('',(58.373,-524.372,-414.784));
#1928=CARTESIAN_POINT('',(103.018,-494.692,-400.118));
#1929=CARTESIAN_POINT('',(132.405,-470.085,-445.453));
#1930=CARTESIAN_POINT('',(163.803,-436.935,-453.466));
#1931=CARTESIAN_POINT('',(200.361,-406.654,-488.376));
#1932=CARTESIAN_POINT('',(229.746,-361.005,-471.606));
#1933=CARTESIAN_POINT('',(267.329,-327.201,-501.281));
#1934=CARTESIAN_POINT('',(300.088,-283.386,-481.558));
#1935=CARTESIAN_POINT('',(333.435,-242.21,-471.199));
#1936=CARTESIAN_POINT('',(375.645,-207.616,-495.535));
#1937=CARTESIAN_POINT('',(407.089,-166.125,-481.926));
#1938=CARTESIAN_POINT('',(436.99,-127.065,-460.394));
#1939=CARTESIAN_POINT('',(466.468,-87.513,-440.505));
#1940=CARTESIAN_POINT('',(500.149,-46.259,-432.167));
#1941=CARTESIAN_POINT('',(513.158,-11.77,-393.34));
#1942=CARTESIAN_POINT('',(527.771,22.788,-367.464));
#1943=CARTESIAN_POINT('',(544.816,71.108,-346.431));
#1944=CARTESIAN_POINT('',(547.134,102.024,-343.646));
#1945=CARTESIAN_POINT('',(539.949,110.276,-333.079));
#1946=CARTESIAN_POINT('',(-113.122,-538.096,-358.169));
#1947=CARTESIAN_POINT('',(-106.465,-536.941,-366.103));
#1948=CARTESIAN_POINT('',(-98.229,-543.208,-379.557));
#1949=CARTESIAN_POINT('',(-67.776,-537.096,-413.236));
#1950=CARTESIAN_POINT('',(-22.093,-524.098,-412.757));
#1951=CARTESIAN_POINT('',(17.078,-513.423,-408.437));
#1952=CARTESIAN_POINT('',(63.511,-497.454,-390.066));
#1953=CARTESIAN_POINT('',(90.52,-464.508,-423.374));
#1954=CARTESIAN_POINT('',(113.801,-437.827,-440.737));
#1955=CARTESIAN_POINT('',(143.694,-408.676,-474.407));
#1956=CARTESIAN_POINT('',(174.487,-372.107,-483.98));
#1957=CARTESIAN_POINT('',(211.246,-335.061,-503.119));
#1958=CARTESIAN_POINT('',(244.548,-289.919,-490.129));
#1959=CARTESIAN_POINT('',(277.431,-250.173,-494.452));
#1960=CARTESIAN_POINT('',(313.115,-212.696,-502.324));
#1961=CARTESIAN_POINT('',(344.457,-171.507,-489.075));
#1962=CARTESIAN_POINT('',(378.928,-132.855,-479.395));
#1963=CARTESIAN_POINT('',(410.219,-94.389,-465.403));
#1964=CARTESIAN_POINT('',(439.756,-57.093,-450.064));
#1965=CARTESIAN_POINT('',(467.482,-17.049,-434.553));
#1966=CARTESIAN_POINT('',(481.929,10.931,-396.993));
#1967=CARTESIAN_POINT('',(496.748,41.919,-359.796));
#1968=CARTESIAN_POINT('',(514.585,80.584,-350.12));
#1969=CARTESIAN_POINT('',(508.231,91.507,-347.586));
#1970=CARTESIAN_POINT('',(514.988,110.727,-338.499));
#1971=CARTESIAN_POINT('',(-107.406,-528.725,-356.497));
#1972=CARTESIAN_POINT('',(-98.273,-529.16,-364.66));
#1973=CARTESIAN_POINT('',(-90.372,-527.924,-378.829));
#1974=CARTESIAN_POINT('',(-57.091,-521.348,-393.05));
#1975=CARTESIAN_POINT('',(-19.415,-510.426,-399.54));
#1976=CARTESIAN_POINT('',(25.25,-505.367,-391.759));
#1977=CARTESIAN_POINT('',(60.502,-476.882,-393.609));
#1978=CARTESIAN_POINT('',(82.217,-448.641,-422.494));
#1979=CARTESIAN_POINT('',(107.062,-420.581,-445.36));
#1980=CARTESIAN_POINT('',(133.244,-391.934,-476.234));
#1981=CARTESIAN_POINT('',(166.072,-356.474,-495.128));
#1982=CARTESIAN_POINT('',(200.464,-315.768,-503.837));
#1983=CARTESIAN_POINT('',(231.876,-273.47,-500.321));
#1984=CARTESIAN_POINT('',(265.324,-233.379,-500.792));
#1985=CARTESIAN_POINT('',(299.007,-194.359,-500.711));
#1986=CARTESIAN_POINT('',(333.335,-154.61,-496.795));
#1987=CARTESIAN_POINT('',(366.169,-116.087,-485.339));
#1988=CARTESIAN_POINT('',(394.333,-79.319,-466.991));
#1989=CARTESIAN_POINT('',(425.97,-40.781,-455.493));
#1990=CARTESIAN_POINT('',(451.414,-4.298,-431.64));
#1991=CARTESIAN_POINT('',(466.881,23.41,-397.425));
#1992=CARTESIAN_POINT('',(482.969,49.61,-356.861));
#1993=CARTESIAN_POINT('',(496.622,86.937,-352.664));
#1994=CARTESIAN_POINT('',(497.833,104.156,-341.823));
#1995=CARTESIAN_POINT('',(505.544,110.45,-337.905));
#1996=CARTESIAN_POINT('',(-612.972,296.763,429.784));
#1997=CARTESIAN_POINT('',(-603.461,298.904,432.91));
#1998=CARTESIAN_POINT('',(-585.586,296.824,436.548));
#1999=CARTESIAN_POINT('',(-552.093,300.442,444.912));
#2000=CARTESIAN_POINT('',(-526.603,296.574,464.326));
#2001=CARTESIAN_POINT('',(-495.616,293.312,480.07));
#2002=CARTESIAN_POINT('',(-461.442,292.462,481.24));
#2003=CARTESIAN_POINT('',(-424.196,289.133,477.219));
#2004=CARTESIAN_POINT('',(-395.834,286.149,449.934));
#2005=CARTESIAN_POINT('',(-378.758,282.48,416.202));
#2006=CARTESIAN_POINT('',(-365.645,280.771,384.667));
#2007=CARTESIAN_POINT('',(-353.398,280.346,355.405));
#2008=CARTESIAN_POINT('',(-334.594,274.976,329.72));
#2009=CARTESIAN_POINT('',(-313.099,264.156,313.603));
#2010=CARTESIAN_POINT('',(-293.108,254.584,298.807));
#2011=CARTESIAN_POINT('',(-269.965,235.088,285.808));
#2012=CARTESIAN_POINT('',(-240.949,222.669,290.84));
#2013=CARTESIAN_POINT('',(-216.499,220.753,294.389));
#2014=CARTESIAN_POINT('',(-190.37,215.991,296.666));
#2015=CARTESIAN_POINT('',(-167.796,219.844,294.754));
#2016=CARTESIAN_POINT('',(-148.298,225.081,288.912));
#2017=CARTESIAN_POINT('',(-125.011,228.412,285.675));
#2018=CARTESIAN_POINT('',(-101.948,229.616,282.348));
#2019=CARTESIAN_POINT('',(-90.512,229.899,279.936));
#2020=CARTESIAN_POINT('',(-82.785,230.191,278.902));
#2021=CARTESIAN_POINT('',(-614.291,288.26,428.919));
#2022=CARTESIAN_POINT('',(-604.53,286.498,431.738));
#2023=CARTESIAN_POINT('',(-577.563,284.811,432.882));
#2024=CARTESIAN_POINT('',(-550.673,286.49,442.886));
#2025=CARTESIAN_POINT('',(-521.939,281.48,463.449));
#2026=CARTESIAN_POINT('',(-494.039,276.146,475.852));
#2027=CARTESIAN_POINT('',(-457.3,274.31,478.683));
#2028=CARTESIAN_POINT('',(-421.898,269.32,472.847));
#2029=CARTESIAN_POINT('',(-396.497,270.226,441.649));
#2030=CARTESIAN_POINT('',(-382.067,269.743,401.224));
#2031=CARTESIAN_POINT('',(-367.083,264.131,370.984));
#2032=CARTESIAN_POINT('',(-351.665,266.265,349.726));
#2033=CARTESIAN_POINT('',(-335.271,263.431,323.498));
#2034=CARTESIAN_POINT('',(-315.223,255.967,301.519));
#2035=CARTESIAN_POINT('',(-292.662,237.365,288.985));
#2036=CARTESIAN_POINT('',(-264.855,220.238,289.54));
#2037=CARTESIAN_POINT('',(-234.724,211.585,299.556));
#2038=CARTESIAN_POINT('',(-210.292,209.642,303.052));
#2039=CARTESIAN_POINT('',(-184.167,206.911,306.129));
#2040=CARTESIAN_POINT('',(-161.892,209.934,301.814));
#2041=CARTESIAN_POINT('',(-142.673,214.723,294.085));
#2042=CARTESIAN_POINT('',(-118.554,220.731,294.057));
#2043=CARTESIAN_POINT('',(-99.237,218.127,288.339));
#2044=CARTESIAN_POINT('',(-81.1,219.235,285.993));
#2045=CARTESIAN_POINT('',(-76.597,226.764,281.155));
#2046=CARTESIAN_POINT('',(-624.162,273.538,419.743));
#2047=CARTESIAN_POINT('',(-612.664,269.202,426.83));
#2048=CARTESIAN_POINT('',(-585.09,263.742,433.421));
#2049=CARTESIAN_POINT('',(-546.374,263.445,433.495));
#2050=CARTESIAN_POINT('',(-519.646,252.164,455.945));
#2051=CARTESIAN_POINT('',(-488.838,248.481,462.122));
#2052=CARTESIAN_POINT('',(-453.427,241.105,460.422));
#2053=CARTESIAN_POINT('',(-423.403,238.178,436.854));
#2054=CARTESIAN_POINT('',(-399.,234.852,405.983));
#2055=CARTESIAN_POINT('',(-383.451,235.132,382.316));
#2056=CARTESIAN_POINT('',(-373.137,248.364,352.847));
#2057=CARTESIAN_POINT('',(-361.134,251.869,313.142));
#2058=CARTESIAN_POINT('',(-335.802,235.927,290.554));
#2059=CARTESIAN_POINT('',(-309.427,216.139,289.114));
#2060=CARTESIAN_POINT('',(-283.409,207.799,299.343));
#2061=CARTESIAN_POINT('',(-252.028,199.839,311.262));
#2062=CARTESIAN_POINT('',(-223.754,192.514,318.989));
#2063=CARTESIAN_POINT('',(-197.645,185.419,318.421));
#2064=CARTESIAN_POINT('',(-170.081,188.837,322.132));
#2065=CARTESIAN_POINT('',(-146.192,192.335,318.254));
#2066=CARTESIAN_POINT('',(-124.268,197.01,312.779));
#2067=CARTESIAN_POINT('',(-103.896,196.557,303.206));
#2068=CARTESIAN_POINT('',(-77.262,199.855,296.669));
#2069=CARTESIAN_POINT('',(-63.952,211.581,293.922));
#2070=CARTESIAN_POINT('',(-59.481,215.307,289.382));
#2071=CARTESIAN_POINT('',(-625.494,232.494,392.238));
#2072=CARTESIAN_POINT('',(-615.517,230.17,396.122));
#2073=CARTESIAN_POINT('',(-589.856,224.068,405.467));
#2074=CARTESIAN_POINT('',(-552.147,226.24,408.055));
#2075=CARTESIAN_POINT('',(-520.226,217.091,414.699));
#2076=CARTESIAN_POINT('',(-486.083,206.549,417.344));
#2077=CARTESIAN_POINT('',(-456.273,203.72,406.178));
#2078=CARTESIAN_POINT('',(-430.736,207.616,388.8));
#2079=CARTESIAN_POINT('',(-414.474,219.079,359.457));
#2080=CARTESIAN_POINT('',(-397.482,224.043,322.671));
#2081=CARTESIAN_POINT('',(-374.969,215.105,295.396));
#2082=CARTESIAN_POINT('',(-344.902,195.982,300.015));
#2083=CARTESIAN_POINT('',(-319.248,186.346,312.09));
#2084=CARTESIAN_POINT('',(-291.024,179.874,327.373));
#2085=CARTESIAN_POINT('',(-259.964,171.287,331.304));
#2086=CARTESIAN_POINT('',(-231.808,157.974,331.126));
#2087=CARTESIAN_POINT('',(-202.607,153.168,334.87));
#2088=CARTESIAN_POINT('',(-171.363,157.864,344.031));
#2089=CARTESIAN_POINT('',(-142.775,158.608,341.258));
#2090=CARTESIAN_POINT('',(-119.062,157.613,328.524));
#2091=CARTESIAN_POINT('',(-95.487,159.328,317.64));
#2092=CARTESIAN_POINT('',(-70.247,167.982,313.118));
#2093=CARTESIAN_POINT('',(-46.776,182.555,313.236));
#2094=CARTESIAN_POINT('',(-34.168,190.732,306.083));
#2095=CARTESIAN_POINT('',(-28.676,198.067,303.675));
#2096=CARTESIAN_POINT('',(-606.25,202.835,345.185));
#2097=CARTESIAN_POINT('',(-595.993,199.278,349.748));
#2098=CARTESIAN_POINT('',(-574.368,196.807,357.158));
#2099=CARTESIAN_POINT('',(-545.835,186.119,367.307));
#2100=CARTESIAN_POINT('',(-512.541,186.17,366.685));
#2101=CARTESIAN_POINT('',(-483.454,193.495,355.938));
#2102=CARTESIAN_POINT('',(-458.327,200.179,338.857));
#2103=CARTESIAN_POINT('',(-435.929,203.648,312.563));
#2104=CARTESIAN_POINT('',(-408.963,188.395,297.572));
#2105=CARTESIAN_POINT('',(-381.099,173.507,307.198));
#2106=CARTESIAN_POINT('',(-354.423,161.835,330.99));
#2107=CARTESIAN_POINT('',(-329.794,156.219,339.707));
#2108=CARTESIAN_POINT('',(-299.333,147.99,352.951));
#2109=CARTESIAN_POINT('',(-266.975,134.886,347.696));
#2110=CARTESIAN_POINT('',(-238.535,122.834,346.676));
#2111=CARTESIAN_POINT('',(-206.328,120.086,350.319));
#2112=CARTESIAN_POINT('',(-172.535,122.587,357.366));
#2113=CARTESIAN_POINT('',(-144.389,120.741,353.387));
#2114=CARTESIAN_POINT('',(-116.19,118.681,340.867));
#2115=CARTESIAN_POINT('',(-87.809,123.055,334.753));
#2116=CARTESIAN_POINT('',(-60.381,133.622,334.464));
#2117=CARTESIAN_POINT('',(-36.782,147.842,336.208));
#2118=CARTESIAN_POINT('',(-14.111,162.687,332.724));
#2119=CARTESIAN_POINT('',(-0.338,174.09,326.681));
#2120=CARTESIAN_POINT('',(5.43,179.471,322.39));
#2121=CARTESIAN_POINT('',(-575.385,196.737,302.332));
#2122=CARTESIAN_POINT('',(-566.518,195.479,304.741));
#2123=CARTESIAN_POINT('',(-545.372,191.152,309.02));
#2124=CARTESIAN_POINT('',(-516.169,188.62,306.56));
#2125=CARTESIAN_POINT('',(-491.861,181.52,305.193));
#2126=CARTESIAN_POINT('',(-467.516,170.138,298.771));
#2127=CARTESIAN_POINT('',(-443.132,158.293,296.497));
#2128=CARTESIAN_POINT('',(-417.072,141.49,313.967));
#2129=CARTESIAN_POINT('',(-394.624,135.625,340.804));
#2130=CARTESIAN_POINT('',(-369.868,128.998,357.145));
#2131=CARTESIAN_POINT('',(-341.123,119.167,356.36));
#2132=CARTESIAN_POINT('',(-307.261,108.799,367.495));
#2133=CARTESIAN_POINT('',(-274.948,94.098,357.668));
#2134=CARTESIAN_POINT('',(-243.225,88.099,363.835));
#2135=CARTESIAN_POINT('',(-209.209,86.776,369.293));
#2136=CARTESIAN_POINT('',(-175.216,84.765,368.239));
#2137=CARTESIAN_POINT('',(-146.531,81.67,363.622));
#2138=CARTESIAN_POINT('',(-114.481,80.483,349.886));
#2139=CARTESIAN_POINT('',(-81.841,88.533,351.823));
#2140=CARTESIAN_POINT('',(-51.199,98.234,355.033));
#2141=CARTESIAN_POINT('',(-25.012,112.713,360.393));
#2142=CARTESIAN_POINT('',(1.435,125.713,352.593));
#2143=CARTESIAN_POINT('',(24.838,141.369,347.793));
#2144=CARTESIAN_POINT('',(37.499,155.374,345.137));
#2145=CARTESIAN_POINT('',(43.077,162.769,343.795));
#2146=CARTESIAN_POINT('',(-529.355,176.529,254.541));
#2147=CARTESIAN_POINT('',(-522.902,169.231,257.444));
#2148=CARTESIAN_POINT('',(-514.651,154.737,267.525));
#2149=CARTESIAN_POINT('',(-500.862,131.902,284.346));
#2150=CARTESIAN_POINT('',(-482.773,116.212,303.032));
#2151=CARTESIAN_POINT('',(-460.146,107.466,319.248));
#2152=CARTESIAN_POINT('',(-436.344,100.325,342.379));
#2153=CARTESIAN_POINT('',(-413.371,96.653,357.315));
#2154=CARTESIAN_POINT('',(-382.513,86.902,358.885));
#2155=CARTESIAN_POINT('',(-350.973,74.82,360.219));
#2156=CARTESIAN_POINT('',(-316.265,66.684,374.49));
#2157=CARTESIAN_POINT('',(-283.652,56.605,373.847));
#2158=CARTESIAN_POINT('',(-248.523,50.656,379.647));
#2159=CARTESIAN_POINT('',(-213.255,51.147,388.223));
#2160=CARTESIAN_POINT('',(-179.355,45.538,378.289));
#2161=CARTESIAN_POINT('',(-148.232,41.738,365.447));
#2162=CARTESIAN_POINT('',(-113.014,43.47,356.493));
#2163=CARTESIAN_POINT('',(-77.564,53.147,367.606));
#2164=CARTESIAN_POINT('',(-46.404,61.908,377.879));
#2165=CARTESIAN_POINT('',(-17.361,75.99,385.581));
#2166=CARTESIAN_POINT('',(13.083,88.076,377.219));
#2167=CARTESIAN_POINT('',(39.856,103.619,376.662));
#2168=CARTESIAN_POINT('',(63.075,124.486,377.882));
#2169=CARTESIAN_POINT('',(77.598,136.061,371.372));
#2170=CARTESIAN_POINT('',(83.91,143.357,368.27));
#2171=CARTESIAN_POINT('',(-543.81,107.006,259.265));
#2172=CARTESIAN_POINT('',(-540.457,101.703,267.323));
#2173=CARTESIAN_POINT('',(-529.261,90.165,285.342));
#2174=CARTESIAN_POINT('',(-506.763,76.109,306.122));
#2175=CARTESIAN_POINT('',(-482.011,66.861,327.597));
#2176=CARTESIAN_POINT('',(-457.893,58.313,350.962));
#2177=CARTESIAN_POINT('',(-426.392,46.626,356.967));
#2178=CARTESIAN_POINT('',(-390.24,35.726,362.118));
#2179=CARTESIAN_POINT('',(-360.244,28.794,374.435));
#2180=CARTESIAN_POINT('',(-325.478,26.55,399.159));
#2181=CARTESIAN_POINT('',(-291.121,17.273,387.653));
#2182=CARTESIAN_POINT('',(-255.437,9.868,389.331));
#2183=CARTESIAN_POINT('',(-219.968,8.817,381.444));
#2184=CARTESIAN_POINT('',(-183.907,5.375,383.395));
#2185=CARTESIAN_POINT('',(-150.344,2.926,364.574));
#2186=CARTESIAN_POINT('',(-113.376,6.534,361.164));
#2187=CARTESIAN_POINT('',(-76.713,14.312,381.707));
#2188=CARTESIAN_POINT('',(-46.573,21.724,392.946));
#2189=CARTESIAN_POINT('',(-12.792,35.676,393.454));
#2190=CARTESIAN_POINT('',(23.749,43.797,381.679));
#2191=CARTESIAN_POINT('',(54.928,54.506,375.623));
#2192=CARTESIAN_POINT('',(80.41,74.91,390.53));
#2193=CARTESIAN_POINT('',(107.749,88.438,376.181));
#2194=CARTESIAN_POINT('',(121.859,105.253,375.631));
#2195=CARTESIAN_POINT('',(128.636,113.737,375.035));
#2196=CARTESIAN_POINT('',(-550.549,50.236,276.175));
#2197=CARTESIAN_POINT('',(-542.547,44.626,283.349));
#2198=CARTESIAN_POINT('',(-525.743,34.018,295.692));
#2199=CARTESIAN_POINT('',(-502.444,20.235,322.273));
#2200=CARTESIAN_POINT('',(-478.486,9.013,348.381));
#2201=CARTESIAN_POINT('',(-442.501,-1.357,361.35));
#2202=CARTESIAN_POINT('',(-406.543,-8.664,370.235));
#2203=CARTESIAN_POINT('',(-377.707,-12.435,396.356));
#2204=CARTESIAN_POINT('',(-337.076,-18.212,409.842));
#2205=CARTESIAN_POINT('',(-298.315,-25.807,385.807));
#2206=CARTESIAN_POINT('',(-261.218,-32.059,395.34));
#2207=CARTESIAN_POINT('',(-224.421,-33.122,387.559));
#2208=CARTESIAN_POINT('',(-185.43,-34.619,396.493));
#2209=CARTESIAN_POINT('',(-153.349,-34.774,366.203));
#2210=CARTESIAN_POINT('',(-115.275,-31.284,364.106));
#2211=CARTESIAN_POINT('',(-76.652,-26.735,385.04));
#2212=CARTESIAN_POINT('',(-46.086,-19.584,389.432));
#2213=CARTESIAN_POINT('',(-1.637,-7.754,375.121));
#2214=CARTESIAN_POINT('',(32.157,-1.242,385.144));
#2215=CARTESIAN_POINT('',(60.897,10.609,398.764));
#2216=CARTESIAN_POINT('',(87.007,30.8,417.205));
#2217=CARTESIAN_POINT('',(118.71,43.735,409.739));
#2218=CARTESIAN_POINT('',(146.704,61.68,404.703));
#2219=CARTESIAN_POINT('',(165.768,70.422,391.309));
#2220=CARTESIAN_POINT('',(172.701,79.292,388.205));
#2221=CARTESIAN_POINT('',(-545.217,-16.412,284.795));
#2222=CARTESIAN_POINT('',(-538.636,-19.679,292.84));
#2223=CARTESIAN_POINT('',(-524.778,-25.978,314.605));
#2224=CARTESIAN_POINT('',(-495.864,-35.773,335.644));
#2225=CARTESIAN_POINT('',(-460.173,-44.251,355.158));
#2226=CARTESIAN_POINT('',(-424.527,-51.349,368.445));
#2227=CARTESIAN_POINT('',(-393.309,-59.643,396.198));
#2228=CARTESIAN_POINT('',(-347.771,-64.068,395.066));
#2229=CARTESIAN_POINT('',(-307.845,-66.66,372.867));
#2230=CARTESIAN_POINT('',(-270.729,-72.706,399.555));
#2231=CARTESIAN_POINT('',(-230.248,-73.734,396.381));
#2232=CARTESIAN_POINT('',(-188.859,-76.057,406.905));
#2233=CARTESIAN_POINT('',(-156.809,-72.552,364.278));
#2234=CARTESIAN_POINT('',(-118.479,-70.031,364.002));
#2235=CARTESIAN_POINT('',(-77.451,-66.79,391.787));
#2236=CARTESIAN_POINT('',(-45.409,-56.942,363.523));
#2237=CARTESIAN_POINT('',(4.817,-48.685,369.111));
#2238=CARTESIAN_POINT('',(26.531,-42.282,403.661));
#2239=CARTESIAN_POINT('',(46.001,-25.138,439.184));
#2240=CARTESIAN_POINT('',(72.435,-0.963,459.514));
#2241=CARTESIAN_POINT('',(104.563,21.406,465.483));
#2242=CARTESIAN_POINT('',(140.299,43.4,467.146));
#2243=CARTESIAN_POINT('',(175.923,59.969,456.271));
#2244=CARTESIAN_POINT('',(196.895,72.024,445.199));
#2245=CARTESIAN_POINT('',(207.878,75.771,436.795));
#2246=CARTESIAN_POINT('',(-538.819,-76.37,295.846));
#2247=CARTESIAN_POINT('',(-529.936,-79.167,303.879));
#2248=CARTESIAN_POINT('',(-507.465,-83.143,315.945));
#2249=CARTESIAN_POINT('',(-472.613,-90.293,337.007));
#2250=CARTESIAN_POINT('',(-438.347,-97.956,356.162));
#2251=CARTESIAN_POINT('',(-404.234,-106.677,379.261));
#2252=CARTESIAN_POINT('',(-359.05,-106.89,379.23));
#2253=CARTESIAN_POINT('',(-319.539,-107.691,370.173));
#2254=CARTESIAN_POINT('',(-281.691,-114.406,401.927));
#2255=CARTESIAN_POINT('',(-239.365,-113.152,386.437));
#2256=CARTESIAN_POINT('',(-199.16,-114.744,391.295));
#2257=CARTESIAN_POINT('',(-163.624,-109.969,356.273));
#2258=CARTESIAN_POINT('',(-123.545,-108.611,362.611));
#2259=CARTESIAN_POINT('',(-80.498,-107.766,396.142));
#2260=CARTESIAN_POINT('',(-47.802,-96.179,355.148));
#2261=CARTESIAN_POINT('',(3.214,-87.061,358.099));
#2262=CARTESIAN_POINT('',(17.299,-85.843,415.16));
#2263=CARTESIAN_POINT('',(35.199,-71.029,446.532));
#2264=CARTESIAN_POINT('',(60.71,-51.448,477.787));
#2265=CARTESIAN_POINT('',(95.81,-30.819,495.021));
#2266=CARTESIAN_POINT('',(134.998,-7.765,507.24));
#2267=CARTESIAN_POINT('',(173.568,16.216,504.72));
#2268=CARTESIAN_POINT('',(212.387,36.168,488.715));
#2269=CARTESIAN_POINT('',(235.582,52.899,479.035));
#2270=CARTESIAN_POINT('',(246.206,59.503,471.644));
#2271=CARTESIAN_POINT('',(-509.26,-134.73,289.422));
#2272=CARTESIAN_POINT('',(-499.906,-136.063,296.992));
#2273=CARTESIAN_POINT('',(-479.568,-138.716,312.699));
#2274=CARTESIAN_POINT('',(-445.834,-144.034,333.069));
#2275=CARTESIAN_POINT('',(-408.728,-148.751,351.037));
#2276=CARTESIAN_POINT('',(-367.485,-148.915,361.264));
#2277=CARTESIAN_POINT('',(-330.011,-151.771,367.619));
#2278=CARTESIAN_POINT('',(-290.269,-156.353,388.176));
#2279=CARTESIAN_POINT('',(-247.141,-152.947,373.575));
#2280=CARTESIAN_POINT('',(-207.095,-153.241,382.138));
#2281=CARTESIAN_POINT('',(-168.757,-148.01,356.244));
#2282=CARTESIAN_POINT('',(-127.922,-147.915,372.95));
#2283=CARTESIAN_POINT('',(-85.526,-146.506,380.064));
#2284=CARTESIAN_POINT('',(-51.761,-138.602,354.92));
#2285=CARTESIAN_POINT('',(-0.044,-125.917,344.879));
#2286=CARTESIAN_POINT('',(13.81,-129.481,406.918));
#2287=CARTESIAN_POINT('',(30.382,-119.601,435.709));
#2288=CARTESIAN_POINT('',(51.329,-109.123,482.465));
#2289=CARTESIAN_POINT('',(81.717,-88.917,516.282));
#2290=CARTESIAN_POINT('',(127.606,-67.352,528.624));
#2291=CARTESIAN_POINT('',(169.617,-45.559,522.587));
#2292=CARTESIAN_POINT('',(210.208,-21.586,522.634));
#2293=CARTESIAN_POINT('',(249.384,5.878,521.894));
#2294=CARTESIAN_POINT('',(272.987,22.845,511.419));
#2295=CARTESIAN_POINT('',(286.188,31.598,504.546));
#2296=CARTESIAN_POINT('',(-477.84,-189.606,282.938));
#2297=CARTESIAN_POINT('',(-468.977,-191.956,292.124));
#2298=CARTESIAN_POINT('',(-445.207,-192.928,305.76));
#2299=CARTESIAN_POINT('',(-408.92,-194.694,325.425));
#2300=CARTESIAN_POINT('',(-371.262,-194.249,338.681));
#2301=CARTESIAN_POINT('',(-336.012,-197.962,355.151));
#2302=CARTESIAN_POINT('',(-294.441,-195.79,364.256));
#2303=CARTESIAN_POINT('',(-252.964,-190.831,356.895));
#2304=CARTESIAN_POINT('',(-212.889,-190.229,368.031));
#2305=CARTESIAN_POINT('',(-172.625,-186.874,358.943));
#2306=CARTESIAN_POINT('',(-132.32,-186.909,375.158));
#2307=CARTESIAN_POINT('',(-92.027,-184.144,361.614));
#2308=CARTESIAN_POINT('',(-54.056,-181.547,357.497));
#2309=CARTESIAN_POINT('',(-6.858,-170.082,338.32));
#2310=CARTESIAN_POINT('',(20.008,-170.502,383.365));
#2311=CARTESIAN_POINT('',(37.953,-166.036,415.578));
#2312=CARTESIAN_POINT('',(54.033,-163.299,465.348));
#2313=CARTESIAN_POINT('',(77.456,-151.282,502.937));
#2314=CARTESIAN_POINT('',(120.969,-132.604,531.803));
#2315=CARTESIAN_POINT('',(163.919,-110.656,527.638));
#2316=CARTESIAN_POINT('',(207.737,-88.015,530.673));
#2317=CARTESIAN_POINT('',(249.468,-64.303,528.339));
#2318=CARTESIAN_POINT('',(288.549,-38.398,519.574));
#2319=CARTESIAN_POINT('',(314.348,-19.931,513.785));
#2320=CARTESIAN_POINT('',(325.485,-10.29,510.269));
#2321=CARTESIAN_POINT('',(-436.237,-239.663,272.009));
#2322=CARTESIAN_POINT('',(-425.702,-239.916,279.069));
#2323=CARTESIAN_POINT('',(-403.975,-238.917,293.31));
#2324=CARTESIAN_POINT('',(-367.608,-235.93,308.842));
#2325=CARTESIAN_POINT('',(-331.807,-236.117,323.671));
#2326=CARTESIAN_POINT('',(-292.617,-232.467,333.225));
#2327=CARTESIAN_POINT('',(-254.384,-225.416,332.98));
#2328=CARTESIAN_POINT('',(-214.881,-225.036,344.576));
#2329=CARTESIAN_POINT('',(-176.459,-226.67,351.572));
#2330=CARTESIAN_POINT('',(-137.061,-227.821,365.105));
#2331=CARTESIAN_POINT('',(-97.78,-226.373,352.365));
#2332=CARTESIAN_POINT('',(-52.454,-226.551,363.947));
#2333=CARTESIAN_POINT('',(-14.366,-217.267,336.118));
#2334=CARTESIAN_POINT('',(27.4,-210.575,350.52));
#2335=CARTESIAN_POINT('',(44.558,-212.731,395.675));
#2336=CARTESIAN_POINT('',(63.41,-209.816,433.575));
#2337=CARTESIAN_POINT('',(86.059,-202.773,471.9));
#2338=CARTESIAN_POINT('',(124.065,-188.39,499.542));
#2339=CARTESIAN_POINT('',(161.773,-171.805,513.761));
#2340=CARTESIAN_POINT('',(204.516,-151.72,528.835));
#2341=CARTESIAN_POINT('',(245.388,-131.025,534.47));
#2342=CARTESIAN_POINT('',(285.919,-107.848,523.1));
#2343=CARTESIAN_POINT('',(328.218,-80.829,538.427));
#2344=CARTESIAN_POINT('',(353.517,-62.325,526.606));
#2345=CARTESIAN_POINT('',(366.572,-52.207,524.699));
#2346=CARTESIAN_POINT('',(-385.078,-277.52,252.383));
#2347=CARTESIAN_POINT('',(-375.432,-277.503,259.311));
#2348=CARTESIAN_POINT('',(-353.269,-275.673,271.762));
#2349=CARTESIAN_POINT('',(-322.812,-276.065,290.618));
#2350=CARTESIAN_POINT('',(-288.879,-270.672,303.968));
#2351=CARTESIAN_POINT('',(-253.475,-264.086,312.438));
#2352=CARTESIAN_POINT('',(-213.476,-258.738,318.059));
#2353=CARTESIAN_POINT('',(-178.401,-264.632,334.168));
#2354=CARTESIAN_POINT('',(-142.93,-269.28,353.481));
#2355=CARTESIAN_POINT('',(-104.979,-270.474,355.528));
#2356=CARTESIAN_POINT('',(-57.113,-271.42,363.776));
#2357=CARTESIAN_POINT('',(-24.751,-267.923,334.322));
#2358=CARTESIAN_POINT('',(23.876,-257.779,320.015));
#2359=CARTESIAN_POINT('',(48.497,-262.531,371.212));
#2360=CARTESIAN_POINT('',(65.364,-258.624,402.977));
#2361=CARTESIAN_POINT('',(88.765,-254.682,443.206));
#2362=CARTESIAN_POINT('',(111.842,-248.211,482.419));
#2363=CARTESIAN_POINT('',(150.127,-235.24,508.03));
#2364=CARTESIAN_POINT('',(195.556,-216.277,515.444));
#2365=CARTESIAN_POINT('',(234.674,-200.346,534.987));
#2366=CARTESIAN_POINT('',(279.728,-177.938,545.062));
#2367=CARTESIAN_POINT('',(325.283,-153.583,545.083));
#2368=CARTESIAN_POINT('',(362.198,-127.913,515.033));
#2369=CARTESIAN_POINT('',(391.607,-108.497,520.718));
#2370=CARTESIAN_POINT('',(403.956,-98.884,516.714));
#2371=CARTESIAN_POINT('',(-334.046,-314.473,234.518));
#2372=CARTESIAN_POINT('',(-324.936,-312.328,241.279));
#2373=CARTESIAN_POINT('',(-310.295,-311.19,256.418));
#2374=CARTESIAN_POINT('',(-278.946,-300.258,268.352));
#2375=CARTESIAN_POINT('',(-246.75,-296.653,285.013));
#2376=CARTESIAN_POINT('',(-208.782,-292.535,292.397));
#2377=CARTESIAN_POINT('',(-182.488,-303.357,319.66));
#2378=CARTESIAN_POINT('',(-152.199,-309.508,342.106));
#2379=CARTESIAN_POINT('',(-115.537,-314.45,356.294));
#2380=CARTESIAN_POINT('',(-68.799,-318.881,353.094));
#2381=CARTESIAN_POINT('',(-32.461,-321.608,330.859));
#2382=CARTESIAN_POINT('',(13.639,-310.985,301.439));
#2383=CARTESIAN_POINT('',(52.311,-312.746,343.149));
#2384=CARTESIAN_POINT('',(65.85,-308.023,377.249));
#2385=CARTESIAN_POINT('',(93.078,-304.559,414.616));
#2386=CARTESIAN_POINT('',(110.529,-299.055,452.046));
#2387=CARTESIAN_POINT('',(143.594,-290.79,488.987));
#2388=CARTESIAN_POINT('',(190.077,-273.757,488.637));
#2389=CARTESIAN_POINT('',(229.961,-258.419,503.604));
#2390=CARTESIAN_POINT('',(269.329,-244.344,527.987));
#2391=CARTESIAN_POINT('',(314.083,-225.718,542.754));
#2392=CARTESIAN_POINT('',(352.78,-200.751,520.863));
#2393=CARTESIAN_POINT('',(394.993,-175.226,516.658));
#2394=CARTESIAN_POINT('',(422.507,-157.493,510.621));
#2395=CARTESIAN_POINT('',(436.111,-147.594,502.762));
#2396=CARTESIAN_POINT('',(-280.52,-327.396,210.666));
#2397=CARTESIAN_POINT('',(-273.824,-326.654,218.149));
#2398=CARTESIAN_POINT('',(-253.316,-320.02,226.995));
#2399=CARTESIAN_POINT('',(-231.567,-325.803,251.862));
#2400=CARTESIAN_POINT('',(-209.015,-331.69,273.497));
#2401=CARTESIAN_POINT('',(-191.029,-342.608,306.544));
#2402=CARTESIAN_POINT('',(-164.754,-348.537,329.243));
#2403=CARTESIAN_POINT('',(-129.464,-356.426,347.43));
#2404=CARTESIAN_POINT('',(-87.869,-363.257,344.168));
#2405=CARTESIAN_POINT('',(-47.699,-367.268,332.289));
#2406=CARTESIAN_POINT('',(-9.868,-361.294,303.972));
#2407=CARTESIAN_POINT('',(39.279,-366.641,311.583));
#2408=CARTESIAN_POINT('',(56.509,-364.403,356.161));
#2409=CARTESIAN_POINT('',(88.518,-359.981,383.394));
#2410=CARTESIAN_POINT('',(107.558,-351.157,424.408));
#2411=CARTESIAN_POINT('',(132.786,-346.937,464.308));
#2412=CARTESIAN_POINT('',(171.79,-336.336,484.233));
#2413=CARTESIAN_POINT('',(208.889,-325.413,512.157));
#2414=CARTESIAN_POINT('',(253.667,-312.04,525.7));
#2415=CARTESIAN_POINT('',(299.141,-291.321,516.949));
#2416=CARTESIAN_POINT('',(340.4,-270.98,509.154));
#2417=CARTESIAN_POINT('',(382.841,-248.601,506.233));
#2418=CARTESIAN_POINT('',(427.633,-225.256,519.956));
#2419=CARTESIAN_POINT('',(451.136,-206.102,499.404));
#2420=CARTESIAN_POINT('',(465.949,-196.957,501.046));
#2421=CARTESIAN_POINT('',(-239.696,-364.316,205.724));
#2422=CARTESIAN_POINT('',(-236.053,-366.071,214.402));
#2423=CARTESIAN_POINT('',(-232.933,-371.342,235.205));
#2424=CARTESIAN_POINT('',(-221.406,-376.706,262.374));
#2425=CARTESIAN_POINT('',(-205.712,-382.279,292.112));
#2426=CARTESIAN_POINT('',(-180.845,-386.72,313.647));
#2427=CARTESIAN_POINT('',(-150.053,-396.09,333.304));
#2428=CARTESIAN_POINT('',(-114.57,-403.667,336.62));
#2429=CARTESIAN_POINT('',(-74.041,-410.723,328.883));
#2430=CARTESIAN_POINT('',(-40.755,-416.369,305.583));
#2431=CARTESIAN_POINT('',(20.207,-440.472,277.782));
#2432=CARTESIAN_POINT('',(53.868,-426.826,329.515));
#2433=CARTESIAN_POINT('',(75.831,-414.253,362.215));
#2434=CARTESIAN_POINT('',(93.76,-401.791,408.001));
#2435=CARTESIAN_POINT('',(119.428,-402.503,439.105));
#2436=CARTESIAN_POINT('',(157.815,-391.245,463.122));
#2437=CARTESIAN_POINT('',(198.655,-379.444,477.68));
#2438=CARTESIAN_POINT('',(237.803,-373.704,506.32));
#2439=CARTESIAN_POINT('',(283.64,-351.538,490.371));
#2440=CARTESIAN_POINT('',(325.77,-343.546,524.277));
#2441=CARTESIAN_POINT('',(372.671,-324.457,530.035));
#2442=CARTESIAN_POINT('',(416.712,-300.59,514.318));
#2443=CARTESIAN_POINT('',(454.466,-274.487,488.067));
#2444=CARTESIAN_POINT('',(485.35,-257.492,485.348));
#2445=CARTESIAN_POINT('',(496.231,-248.043,475.666));
#2446=CARTESIAN_POINT('',(-237.414,-417.526,217.904));
#2447=CARTESIAN_POINT('',(-236.906,-417.125,227.53));
#2448=CARTESIAN_POINT('',(-229.649,-417.369,244.504));
#2449=CARTESIAN_POINT('',(-214.481,-420.686,271.681));
#2450=CARTESIAN_POINT('',(-194.849,-425.565,295.736));
#2451=CARTESIAN_POINT('',(-171.017,-434.534,318.101));
#2452=CARTESIAN_POINT('',(-142.215,-442.211,329.095));
#2453=CARTESIAN_POINT('',(-107.16,-450.112,331.383));
#2454=CARTESIAN_POINT('',(-72.092,-457.661,318.996));
#2455=CARTESIAN_POINT('',(-25.057,-474.873,317.481));
#2456=CARTESIAN_POINT('',(2.544,-453.293,366.199));
#2457=CARTESIAN_POINT('',(43.073,-462.244,372.053));
#2458=CARTESIAN_POINT('',(80.196,-464.458,394.472));
#2459=CARTESIAN_POINT('',(118.472,-458.373,395.902));
#2460=CARTESIAN_POINT('',(146.017,-442.362,440.294));
#2461=CARTESIAN_POINT('',(185.683,-436.799,457.184));
#2462=CARTESIAN_POINT('',(225.972,-425.575,471.422));
#2463=CARTESIAN_POINT('',(266.791,-415.24,484.57));
#2464=CARTESIAN_POINT('',(311.906,-406.268,502.639));
#2465=CARTESIAN_POINT('',(353.978,-385.882,486.969));
#2466=CARTESIAN_POINT('',(396.809,-369.866,492.789));
#2467=CARTESIAN_POINT('',(434.671,-347.464,482.563));
#2468=CARTESIAN_POINT('',(472.562,-323.525,471.562));
#2469=CARTESIAN_POINT('',(498.552,-307.823,461.73));
#2470=CARTESIAN_POINT('',(511.463,-298.524,455.414));
#2471=CARTESIAN_POINT('',(-244.55,-465.845,231.538));
#2472=CARTESIAN_POINT('',(-243.565,-466.1,241.035));
#2473=CARTESIAN_POINT('',(-236.181,-469.157,260.648));
#2474=CARTESIAN_POINT('',(-227.364,-468.48,288.741));
#2475=CARTESIAN_POINT('',(-207.579,-473.145,313.718));
#2476=CARTESIAN_POINT('',(-180.73,-481.771,323.957));
#2477=CARTESIAN_POINT('',(-148.085,-488.159,333.784));
#2478=CARTESIAN_POINT('',(-112.404,-491.762,340.166));
#2479=CARTESIAN_POINT('',(-65.8,-506.941,334.183));
#2480=CARTESIAN_POINT('',(-40.035,-489.732,379.094));
#2481=CARTESIAN_POINT('',(-3.587,-494.207,396.802));
#2482=CARTESIAN_POINT('',(28.73,-479.591,438.442));
#2483=CARTESIAN_POINT('',(75.23,-478.466,449.349));
#2484=CARTESIAN_POINT('',(120.937,-490.63,448.701));
#2485=CARTESIAN_POINT('',(169.376,-491.206,409.328));
#2486=CARTESIAN_POINT('',(204.047,-474.572,439.822));
#2487=CARTESIAN_POINT('',(248.493,-473.409,461.839));
#2488=CARTESIAN_POINT('',(289.695,-465.637,476.644));
#2489=CARTESIAN_POINT('',(333.412,-456.197,488.817));
#2490=CARTESIAN_POINT('',(379.605,-437.469,484.597));
#2491=CARTESIAN_POINT('',(421.763,-417.852,474.717));
#2492=CARTESIAN_POINT('',(468.798,-397.567,470.828));
#2493=CARTESIAN_POINT('',(497.875,-369.986,436.48));
#2494=CARTESIAN_POINT('',(527.133,-355.127,436.017));
#2495=CARTESIAN_POINT('',(538.626,-347.004,430.624));
#2496=CARTESIAN_POINT('',(-288.41,-487.334,258.352));
#2497=CARTESIAN_POINT('',(-285.439,-485.7,270.777));
#2498=CARTESIAN_POINT('',(-282.375,-479.847,293.749));
#2499=CARTESIAN_POINT('',(-259.273,-482.426,328.513));
#2500=CARTESIAN_POINT('',(-230.524,-499.868,347.395));
#2501=CARTESIAN_POINT('',(-199.077,-512.941,358.348));
#2502=CARTESIAN_POINT('',(-163.531,-519.469,364.436));
#2503=CARTESIAN_POINT('',(-122.076,-530.458,353.113));
#2504=CARTESIAN_POINT('',(-79.862,-534.006,361.833));
#2505=CARTESIAN_POINT('',(-48.895,-531.235,403.061));
#2506=CARTESIAN_POINT('',(-14.486,-527.239,446.039));
#2507=CARTESIAN_POINT('',(32.009,-530.493,464.529));
#2508=CARTESIAN_POINT('',(82.936,-525.209,492.538));
#2509=CARTESIAN_POINT('',(137.166,-526.123,472.489));
#2510=CARTESIAN_POINT('',(181.223,-529.039,461.653));
#2511=CARTESIAN_POINT('',(228.95,-520.479,419.498));
#2512=CARTESIAN_POINT('',(269.935,-499.83,412.438));
#2513=CARTESIAN_POINT('',(316.586,-495.322,433.044));
#2514=CARTESIAN_POINT('',(357.797,-492.662,447.656));
#2515=CARTESIAN_POINT('',(401.988,-487.185,460.672));
#2516=CARTESIAN_POINT('',(443.594,-467.582,455.039));
#2517=CARTESIAN_POINT('',(473.774,-443.162,439.542));
#2518=CARTESIAN_POINT('',(517.209,-419.917,426.49));
#2519=CARTESIAN_POINT('',(549.547,-409.402,426.401));
#2520=CARTESIAN_POINT('',(564.738,-400.49,419.527));
#2521=CARTESIAN_POINT('',(-326.704,-495.723,280.296));
#2522=CARTESIAN_POINT('',(-325.651,-492.411,294.572));
#2523=CARTESIAN_POINT('',(-313.533,-492.179,326.975));
#2524=CARTESIAN_POINT('',(-287.783,-502.628,366.989));
#2525=CARTESIAN_POINT('',(-254.104,-525.386,388.394));
#2526=CARTESIAN_POINT('',(-215.296,-544.81,388.898));
#2527=CARTESIAN_POINT('',(-174.533,-562.451,383.96));
#2528=CARTESIAN_POINT('',(-133.747,-566.583,366.401));
#2529=CARTESIAN_POINT('',(-83.068,-575.565,366.765));
#2530=CARTESIAN_POINT('',(-59.44,-566.075,429.665));
#2531=CARTESIAN_POINT('',(-24.433,-583.26,469.757));
#2532=CARTESIAN_POINT('',(31.686,-591.215,517.789));
#2533=CARTESIAN_POINT('',(101.509,-587.12,494.801));
#2534=CARTESIAN_POINT('',(148.495,-579.734,471.217));
#2535=CARTESIAN_POINT('',(204.17,-567.374,446.823));
#2536=CARTESIAN_POINT('',(250.268,-559.613,441.572));
#2537=CARTESIAN_POINT('',(294.304,-552.738,419.052));
#2538=CARTESIAN_POINT('',(336.001,-532.952,398.224));
#2539=CARTESIAN_POINT('',(380.142,-526.814,409.796));
#2540=CARTESIAN_POINT('',(420.34,-515.698,407.07));
#2541=CARTESIAN_POINT('',(454.948,-496.148,396.644));
#2542=CARTESIAN_POINT('',(492.461,-479.064,392.173));
#2543=CARTESIAN_POINT('',(521.79,-459.393,391.569));
#2544=CARTESIAN_POINT('',(551.075,-448.855,390.194));
#2545=CARTESIAN_POINT('',(563.228,-439.77,384.129));
#2546=CARTESIAN_POINT('',(-364.546,-520.15,303.063));
#2547=CARTESIAN_POINT('',(-358.502,-521.543,316.34));
#2548=CARTESIAN_POINT('',(-352.633,-518.2,354.19));
#2549=CARTESIAN_POINT('',(-323.287,-544.362,391.813));
#2550=CARTESIAN_POINT('',(-280.175,-563.094,422.532));
#2551=CARTESIAN_POINT('',(-232.888,-587.974,409.591));
#2552=CARTESIAN_POINT('',(-182.177,-597.097,398.864));
#2553=CARTESIAN_POINT('',(-136.154,-603.463,376.375));
#2554=CARTESIAN_POINT('',(-87.459,-607.799,372.86));
#2555=CARTESIAN_POINT('',(-60.856,-632.045,425.093));
#2556=CARTESIAN_POINT('',(-8.688,-646.193,452.07));
#2557=CARTESIAN_POINT('',(53.156,-648.737,458.215));
#2558=CARTESIAN_POINT('',(112.555,-643.396,466.473));
#2559=CARTESIAN_POINT('',(171.278,-633.228,458.018));
#2560=CARTESIAN_POINT('',(221.355,-625.128,450.724));
#2561=CARTESIAN_POINT('',(274.892,-612.48,430.225));
#2562=CARTESIAN_POINT('',(321.23,-596.041,421.406));
#2563=CARTESIAN_POINT('',(362.689,-590.08,410.51));
#2564=CARTESIAN_POINT('',(404.673,-573.806,391.841));
#2565=CARTESIAN_POINT('',(441.898,-561.748,387.003));
#2566=CARTESIAN_POINT('',(477.63,-547.817,377.924));
#2567=CARTESIAN_POINT('',(507.012,-526.656,375.703));
#2568=CARTESIAN_POINT('',(538.654,-498.91,350.8));
#2569=CARTESIAN_POINT('',(558.257,-481.795,345.218));
#2570=CARTESIAN_POINT('',(568.618,-475.739,343.307));
#2571=CARTESIAN_POINT('',(-373.308,-547.129,314.07));
#2572=CARTESIAN_POINT('',(-368.376,-546.439,330.986));
#2573=CARTESIAN_POINT('',(-359.104,-560.738,353.898));
#2574=CARTESIAN_POINT('',(-340.45,-579.665,391.181));
#2575=CARTESIAN_POINT('',(-293.237,-610.788,426.39));
#2576=CARTESIAN_POINT('',(-233.921,-616.264,402.44));
#2577=CARTESIAN_POINT('',(-187.342,-629.039,388.449));
#2578=CARTESIAN_POINT('',(-135.806,-625.594,366.378));
#2579=CARTESIAN_POINT('',(-83.694,-629.338,364.313));
#2580=CARTESIAN_POINT('',(-30.471,-639.243,387.044));
#2581=CARTESIAN_POINT('',(15.933,-626.354,401.645));
#2582=CARTESIAN_POINT('',(68.104,-627.054,415.474));
#2583=CARTESIAN_POINT('',(119.595,-630.951,412.745));
#2584=CARTESIAN_POINT('',(173.017,-634.478,406.981));
#2585=CARTESIAN_POINT('',(229.442,-639.423,402.42));
#2586=CARTESIAN_POINT('',(283.978,-636.244,405.039));
#2587=CARTESIAN_POINT('',(335.145,-633.702,401.806));
#2588=CARTESIAN_POINT('',(384.608,-618.54,399.991));
#2589=CARTESIAN_POINT('',(428.456,-609.984,400.344));
#2590=CARTESIAN_POINT('',(472.482,-597.197,393.104));
#2591=CARTESIAN_POINT('',(506.464,-580.249,390.409));
#2592=CARTESIAN_POINT('',(537.084,-559.448,380.518));
#2593=CARTESIAN_POINT('',(543.347,-542.515,376.664));
#2594=CARTESIAN_POINT('',(557.713,-521.394,361.408));
#2595=CARTESIAN_POINT('',(569.166,-509.494,350.53));
#2596=CARTESIAN_POINT('',(-377.176,-557.056,316.43));
#2597=CARTESIAN_POINT('',(-376.397,-563.4,326.019));
#2598=CARTESIAN_POINT('',(-369.356,-573.325,348.419));
#2599=CARTESIAN_POINT('',(-349.935,-600.991,391.591));
#2600=CARTESIAN_POINT('',(-292.756,-624.043,408.455));
#2601=CARTESIAN_POINT('',(-237.727,-627.991,388.714));
#2602=CARTESIAN_POINT('',(-187.043,-630.036,374.633));
#2603=CARTESIAN_POINT('',(-135.036,-628.146,353.26));
#2604=CARTESIAN_POINT('',(-77.103,-633.234,352.));
#2605=CARTESIAN_POINT('',(-26.479,-634.971,372.321));
#2606=CARTESIAN_POINT('',(21.197,-632.296,389.078));
#2607=CARTESIAN_POINT('',(74.306,-632.768,398.083));
#2608=CARTESIAN_POINT('',(127.112,-631.274,399.074));
#2609=CARTESIAN_POINT('',(180.741,-633.224,391.402));
#2610=CARTESIAN_POINT('',(236.234,-634.057,386.533));
#2611=CARTESIAN_POINT('',(289.999,-634.337,380.085));
#2612=CARTESIAN_POINT('',(343.766,-633.411,381.176));
#2613=CARTESIAN_POINT('',(391.338,-630.061,383.318));
#2614=CARTESIAN_POINT('',(438.542,-622.001,383.233));
#2615=CARTESIAN_POINT('',(484.402,-611.181,381.26));
#2616=CARTESIAN_POINT('',(520.841,-589.886,373.151));
#2617=CARTESIAN_POINT('',(549.663,-566.982,364.632));
#2618=CARTESIAN_POINT('',(570.971,-537.636,351.524));
#2619=CARTESIAN_POINT('',(571.52,-523.091,349.503));
#2620=CARTESIAN_POINT('',(573.465,-512.494,347.566));
#2621=CARTESIAN_POINT('',(-392.481,857.257,-757.074));
#2622=CARTESIAN_POINT('',(-395.679,836.296,-749.311));
#2623=CARTESIAN_POINT('',(-417.209,775.791,-714.));
#2624=CARTESIAN_POINT('',(-441.679,699.233,-639.434));
#2625=CARTESIAN_POINT('',(-469.298,629.998,-541.404));
#2626=CARTESIAN_POINT('',(-450.559,612.073,-426.211));
#2627=CARTESIAN_POINT('',(-450.424,582.958,-308.8));
#2628=CARTESIAN_POINT('',(-452.822,561.295,-206.79));
#2629=CARTESIAN_POINT('',(-464.689,517.473,-174.022));
#2630=CARTESIAN_POINT('',(-494.116,418.228,-189.398));
#2631=CARTESIAN_POINT('',(-486.829,319.837,-189.936));
#2632=CARTESIAN_POINT('',(-457.83,231.263,-181.523));
#2633=CARTESIAN_POINT('',(-452.773,157.095,-240.614));
#2634=CARTESIAN_POINT('',(-419.914,53.389,-281.929));
#2635=CARTESIAN_POINT('',(-387.05,-20.773,-303.875));
#2636=CARTESIAN_POINT('',(-336.808,-100.341,-325.753));
#2637=CARTESIAN_POINT('',(-277.788,-169.579,-323.243));
#2638=CARTESIAN_POINT('',(-215.62,-210.832,-271.774));
#2639=CARTESIAN_POINT('',(-152.848,-280.768,-276.076));
#2640=CARTESIAN_POINT('',(-102.484,-337.695,-243.383));
#2641=CARTESIAN_POINT('',(-50.709,-412.007,-203.73));
#2642=CARTESIAN_POINT('',(-46.606,-488.762,-248.45));
#2643=CARTESIAN_POINT('',(-99.963,-493.271,-336.453));
#2644=CARTESIAN_POINT('',(-103.945,-529.992,-350.934));
#2645=CARTESIAN_POINT('',(-107.406,-528.725,-356.497));
#2646=CARTESIAN_POINT('',(-373.328,863.777,-790.225));
#2647=CARTESIAN_POINT('',(-376.411,812.629,-786.951));
#2648=CARTESIAN_POINT('',(-413.864,755.808,-746.912));
#2649=CARTESIAN_POINT('',(-439.037,671.746,-660.37));
#2650=CARTESIAN_POINT('',(-455.953,620.202,-545.027));
#2651=CARTESIAN_POINT('',(-440.578,613.629,-431.293));
#2652=CARTESIAN_POINT('',(-444.779,578.752,-306.73));
#2653=CARTESIAN_POINT('',(-449.314,558.247,-209.546));
#2654=CARTESIAN_POINT('',(-459.466,518.634,-175.154));
#2655=CARTESIAN_POINT('',(-488.285,419.475,-191.534));
#2656=CARTESIAN_POINT('',(-481.613,323.967,-192.457));
#2657=CARTESIAN_POINT('',(-452.949,237.247,-183.113));
#2658=CARTESIAN_POINT('',(-445.746,159.468,-242.028));
#2659=CARTESIAN_POINT('',(-412.461,58.212,-285.458));
#2660=CARTESIAN_POINT('',(-378.083,-16.495,-304.68));
#2661=CARTESIAN_POINT('',(-328.589,-95.337,-330.211));
#2662=CARTESIAN_POINT('',(-268.998,-163.384,-325.514));
#2663=CARTESIAN_POINT('',(-208.864,-205.102,-276.686));
#2664=CARTESIAN_POINT('',(-144.875,-274.325,-279.775));
#2665=CARTESIAN_POINT('',(-94.608,-334.674,-246.332));
#2666=CARTESIAN_POINT('',(-34.511,-404.382,-201.737));
#2667=CARTESIAN_POINT('',(-30.201,-485.765,-249.391));
#2668=CARTESIAN_POINT('',(-95.724,-489.776,-339.502));
#2669=CARTESIAN_POINT('',(-88.809,-523.694,-354.016));
#2670=CARTESIAN_POINT('',(-98.273,-529.16,-364.66));
#2671=CARTESIAN_POINT('',(-327.499,879.127,-759.385));
#2672=CARTESIAN_POINT('',(-318.575,837.202,-752.702));
#2673=CARTESIAN_POINT('',(-356.215,741.574,-741.034));
#2674=CARTESIAN_POINT('',(-392.957,674.11,-642.428));
#2675=CARTESIAN_POINT('',(-418.226,630.497,-544.23));
#2676=CARTESIAN_POINT('',(-422.647,608.778,-422.72));
#2677=CARTESIAN_POINT('',(-431.407,571.854,-300.778));
#2678=CARTESIAN_POINT('',(-441.228,560.589,-209.321));
#2679=CARTESIAN_POINT('',(-451.407,511.633,-175.082));
#2680=CARTESIAN_POINT('',(-476.016,422.64,-196.791));
#2681=CARTESIAN_POINT('',(-470.171,327.088,-195.644));
#2682=CARTESIAN_POINT('',(-444.18,248.91,-185.702));
#2683=CARTESIAN_POINT('',(-430.367,161.262,-247.476));
#2684=CARTESIAN_POINT('',(-398.873,69.74,-291.397));
#2685=CARTESIAN_POINT('',(-360.147,-8.354,-308.068));
#2686=CARTESIAN_POINT('',(-313.323,-82.652,-337.472));
#2687=CARTESIAN_POINT('',(-254.625,-148.787,-327.995));
#2688=CARTESIAN_POINT('',(-193.518,-194.028,-284.836));
#2689=CARTESIAN_POINT('',(-127.482,-266.444,-289.28));
#2690=CARTESIAN_POINT('',(-68.424,-323.9,-237.759));
#2691=CARTESIAN_POINT('',(-15.775,-386.073,-230.015));
#2692=CARTESIAN_POINT('',(-9.163,-472.34,-263.133));
#2693=CARTESIAN_POINT('',(-67.79,-490.638,-335.093));
#2694=CARTESIAN_POINT('',(-74.196,-515.794,-375.647));
#2695=CARTESIAN_POINT('',(-90.372,-527.924,-378.829));
#2696=CARTESIAN_POINT('',(-364.043,845.206,-655.293));
#2697=CARTESIAN_POINT('',(-362.109,823.791,-659.498));
#2698=CARTESIAN_POINT('',(-357.457,773.085,-645.442));
#2699=CARTESIAN_POINT('',(-388.539,699.125,-595.278));
#2700=CARTESIAN_POINT('',(-389.628,646.364,-499.2));
#2701=CARTESIAN_POINT('',(-395.094,603.658,-387.366));
#2702=CARTESIAN_POINT('',(-417.53,572.412,-282.862));
#2703=CARTESIAN_POINT('',(-427.864,551.802,-206.243));
#2704=CARTESIAN_POINT('',(-440.838,508.753,-179.788));
#2705=CARTESIAN_POINT('',(-459.643,420.542,-201.141));
#2706=CARTESIAN_POINT('',(-451.637,328.384,-195.904));
#2707=CARTESIAN_POINT('',(-428.03,254.03,-193.161));
#2708=CARTESIAN_POINT('',(-409.053,167.452,-255.189));
#2709=CARTESIAN_POINT('',(-377.513,85.784,-297.168));
#2710=CARTESIAN_POINT('',(-337.131,7.7,-314.695));
#2711=CARTESIAN_POINT('',(-291.307,-63.1,-347.293));
#2712=CARTESIAN_POINT('',(-232.387,-125.634,-331.92));
#2713=CARTESIAN_POINT('',(-166.1,-181.171,-302.595));
#2714=CARTESIAN_POINT('',(-104.135,-248.134,-288.517));
#2715=CARTESIAN_POINT('',(-38.291,-304.376,-257.673));
#2716=CARTESIAN_POINT('',(-21.088,-373.937,-275.106));
#2717=CARTESIAN_POINT('',(9.353,-439.915,-289.589));
#2718=CARTESIAN_POINT('',(-30.568,-495.444,-344.841));
#2719=CARTESIAN_POINT('',(-50.137,-501.61,-379.637));
#2720=CARTESIAN_POINT('',(-57.091,-521.348,-393.05));
#2721=CARTESIAN_POINT('',(-360.457,813.789,-573.961));
#2722=CARTESIAN_POINT('',(-354.224,797.92,-572.642));
#2723=CARTESIAN_POINT('',(-355.864,754.819,-581.386));
#2724=CARTESIAN_POINT('',(-363.149,702.666,-523.851));
#2725=CARTESIAN_POINT('',(-361.377,651.395,-438.102));
#2726=CARTESIAN_POINT('',(-381.567,604.853,-348.616));
#2727=CARTESIAN_POINT('',(-402.856,566.525,-264.048));
#2728=CARTESIAN_POINT('',(-417.642,550.013,-197.295));
#2729=CARTESIAN_POINT('',(-430.633,495.534,-182.633));
#2730=CARTESIAN_POINT('',(-443.478,415.981,-202.626));
#2731=CARTESIAN_POINT('',(-432.944,326.463,-198.429));
#2732=CARTESIAN_POINT('',(-410.564,255.69,-196.435));
#2733=CARTESIAN_POINT('',(-388.345,175.007,-266.162));
#2734=CARTESIAN_POINT('',(-356.136,99.658,-300.612));
#2735=CARTESIAN_POINT('',(-315.111,27.205,-325.035));
#2736=CARTESIAN_POINT('',(-270.968,-41.392,-351.565));
#2737=CARTESIAN_POINT('',(-206.351,-104.043,-333.213));
#2738=CARTESIAN_POINT('',(-145.102,-163.425,-313.869));
#2739=CARTESIAN_POINT('',(-77.216,-220.497,-287.255));
#2740=CARTESIAN_POINT('',(-31.338,-286.934,-300.073));
#2741=CARTESIAN_POINT('',(-11.896,-355.647,-306.635));
#2742=CARTESIAN_POINT('',(3.215,-414.36,-325.833));
#2743=CARTESIAN_POINT('',(15.958,-484.264,-346.637));
#2744=CARTESIAN_POINT('',(-20.443,-499.997,-387.555));
#2745=CARTESIAN_POINT('',(-19.415,-510.426,-399.54));
#2746=CARTESIAN_POINT('',(-358.842,782.351,-491.769));
#2747=CARTESIAN_POINT('',(-354.725,770.882,-494.553));
#2748=CARTESIAN_POINT('',(-350.987,746.312,-492.785));
#2749=CARTESIAN_POINT('',(-350.142,701.109,-445.797));
#2750=CARTESIAN_POINT('',(-355.798,649.646,-378.623));
#2751=CARTESIAN_POINT('',(-376.651,602.045,-305.347));
#2752=CARTESIAN_POINT('',(-390.284,564.353,-243.032));
#2753=CARTESIAN_POINT('',(-410.252,543.88,-188.716));
#2754=CARTESIAN_POINT('',(-419.165,483.849,-190.198));
#2755=CARTESIAN_POINT('',(-427.597,408.966,-201.867));
#2756=CARTESIAN_POINT('',(-414.956,324.032,-197.061));
#2757=CARTESIAN_POINT('',(-391.855,257.065,-203.771));
#2758=CARTESIAN_POINT('',(-369.642,185.884,-274.407));
#2759=CARTESIAN_POINT('',(-332.608,112.599,-303.618));
#2760=CARTESIAN_POINT('',(-294.833,45.828,-335.226));
#2761=CARTESIAN_POINT('',(-244.78,-20.347,-347.911));
#2762=CARTESIAN_POINT('',(-183.927,-87.581,-339.448));
#2763=CARTESIAN_POINT('',(-121.938,-141.345,-317.518));
#2764=CARTESIAN_POINT('',(-59.532,-192.911,-303.598));
#2765=CARTESIAN_POINT('',(-29.06,-264.398,-333.557));
#2766=CARTESIAN_POINT('',(-2.549,-330.301,-340.827));
#2767=CARTESIAN_POINT('',(12.789,-393.994,-357.151));
#2768=CARTESIAN_POINT('',(27.059,-448.82,-370.32));
#2769=CARTESIAN_POINT('',(36.594,-494.274,-371.703));
#2770=CARTESIAN_POINT('',(25.25,-505.367,-391.759));
#2771=CARTESIAN_POINT('',(-352.997,758.124,-402.052));
#2772=CARTESIAN_POINT('',(-348.541,749.357,-406.189));
#2773=CARTESIAN_POINT('',(-346.552,726.086,-403.98));
#2774=CARTESIAN_POINT('',(-347.571,688.183,-372.862));
#2775=CARTESIAN_POINT('',(-358.71,643.474,-322.476));
#2776=CARTESIAN_POINT('',(-369.271,595.544,-271.836));
#2777=CARTESIAN_POINT('',(-381.824,561.964,-219.276));
#2778=CARTESIAN_POINT('',(-403.017,532.336,-185.72));
#2779=CARTESIAN_POINT('',(-406.655,471.541,-191.4));
#2780=CARTESIAN_POINT('',(-411.755,401.627,-204.381));
#2781=CARTESIAN_POINT('',(-396.238,321.325,-196.536));
#2782=CARTESIAN_POINT('',(-375.328,261.384,-212.814));
#2783=CARTESIAN_POINT('',(-349.119,196.209,-279.86));
#2784=CARTESIAN_POINT('',(-310.163,123.487,-303.625));
#2785=CARTESIAN_POINT('',(-271.713,62.842,-346.206));
#2786=CARTESIAN_POINT('',(-217.039,-5.415,-342.161));
#2787=CARTESIAN_POINT('',(-159.061,-70.223,-344.463));
#2788=CARTESIAN_POINT('',(-100.699,-117.905,-322.849));
#2789=CARTESIAN_POINT('',(-47.439,-170.233,-332.595));
#2790=CARTESIAN_POINT('',(-31.067,-240.071,-365.379));
#2791=CARTESIAN_POINT('',(1.058,-307.259,-378.04));
#2792=CARTESIAN_POINT('',(20.455,-368.19,-391.256));
#2793=CARTESIAN_POINT('',(42.189,-426.252,-395.841));
#2794=CARTESIAN_POINT('',(51.991,-456.423,-399.929));
#2795=CARTESIAN_POINT('',(60.502,-476.882,-393.609));
#2796=CARTESIAN_POINT('',(-356.444,729.222,-324.978));
#2797=CARTESIAN_POINT('',(-354.873,722.11,-329.831));
#2798=CARTESIAN_POINT('',(-347.323,707.287,-332.428));
#2799=CARTESIAN_POINT('',(-353.606,674.648,-311.74));
#2800=CARTESIAN_POINT('',(-357.953,633.615,-282.02));
#2801=CARTESIAN_POINT('',(-362.481,591.307,-240.879));
#2802=CARTESIAN_POINT('',(-378.526,560.758,-204.11));
#2803=CARTESIAN_POINT('',(-391.569,520.468,-184.461));
#2804=CARTESIAN_POINT('',(-394.947,463.471,-191.54));
#2805=CARTESIAN_POINT('',(-394.721,392.655,-200.856));
#2806=CARTESIAN_POINT('',(-379.018,320.879,-195.848));
#2807=CARTESIAN_POINT('',(-355.921,264.931,-218.722));
#2808=CARTESIAN_POINT('',(-331.425,207.504,-285.348));
#2809=CARTESIAN_POINT('',(-286.293,134.642,-306.112));
#2810=CARTESIAN_POINT('',(-248.262,77.657,-346.399));
#2811=CARTESIAN_POINT('',(-189.257,9.003,-345.01));
#2812=CARTESIAN_POINT('',(-135.518,-50.932,-346.257));
#2813=CARTESIAN_POINT('',(-77.113,-97.451,-334.686));
#2814=CARTESIAN_POINT('',(-47.29,-152.73,-365.784));
#2815=CARTESIAN_POINT('',(-29.107,-217.012,-397.958));
#2816=CARTESIAN_POINT('',(7.494,-281.867,-413.474));
#2817=CARTESIAN_POINT('',(27.824,-344.857,-429.139));
#2818=CARTESIAN_POINT('',(61.03,-398.559,-428.917));
#2819=CARTESIAN_POINT('',(74.161,-432.743,-418.697));
#2820=CARTESIAN_POINT('',(82.217,-448.641,-422.494));
#2821=CARTESIAN_POINT('',(-363.059,704.204,-264.023));
#2822=CARTESIAN_POINT('',(-357.851,700.149,-268.789));
#2823=CARTESIAN_POINT('',(-359.606,687.862,-271.852));
#2824=CARTESIAN_POINT('',(-351.4,658.483,-266.732));
#2825=CARTESIAN_POINT('',(-357.675,624.548,-246.726));
#2826=CARTESIAN_POINT('',(-361.045,590.196,-216.155));
#2827=CARTESIAN_POINT('',(-374.267,554.274,-189.761));
#2828=CARTESIAN_POINT('',(-381.232,511.478,-181.858));
#2829=CARTESIAN_POINT('',(-381.28,452.551,-193.544));
#2830=CARTESIAN_POINT('',(-378.258,387.237,-199.052));
#2831=CARTESIAN_POINT('',(-361.106,320.069,-197.104));
#2832=CARTESIAN_POINT('',(-338.426,270.724,-224.392));
#2833=CARTESIAN_POINT('',(-310.083,216.649,-289.307));
#2834=CARTESIAN_POINT('',(-265.144,147.886,-307.18));
#2835=CARTESIAN_POINT('',(-222.734,91.872,-348.116));
#2836=CARTESIAN_POINT('',(-163.033,23.405,-341.187));
#2837=CARTESIAN_POINT('',(-111.952,-33.436,-359.548));
#2838=CARTESIAN_POINT('',(-58.309,-79.505,-350.103));
#2839=CARTESIAN_POINT('',(-37.706,-132.386,-395.306));
#2840=CARTESIAN_POINT('',(-24.467,-194.136,-431.149));
#2841=CARTESIAN_POINT('',(17.32,-255.591,-447.411));
#2842=CARTESIAN_POINT('',(50.318,-314.08,-458.374));
#2843=CARTESIAN_POINT('',(81.527,-371.064,-459.849));
#2844=CARTESIAN_POINT('',(97.233,-404.574,-450.232));
#2845=CARTESIAN_POINT('',(107.062,-420.581,-445.36));
#2846=CARTESIAN_POINT('',(-370.957,683.695,-215.382));
#2847=CARTESIAN_POINT('',(-367.734,680.147,-220.725));
#2848=CARTESIAN_POINT('',(-357.259,669.471,-228.091));
#2849=CARTESIAN_POINT('',(-359.085,647.745,-231.801));
#2850=CARTESIAN_POINT('',(-355.094,621.642,-216.986));
#2851=CARTESIAN_POINT('',(-360.453,586.837,-196.857));
#2852=CARTESIAN_POINT('',(-366.81,548.161,-180.258));
#2853=CARTESIAN_POINT('',(-368.802,500.954,-182.878));
#2854=CARTESIAN_POINT('',(-368.711,448.453,-188.079));
#2855=CARTESIAN_POINT('',(-361.644,381.344,-196.749));
#2856=CARTESIAN_POINT('',(-344.526,322.233,-193.462));
#2857=CARTESIAN_POINT('',(-320.276,276.623,-232.691));
#2858=CARTESIAN_POINT('',(-288.517,223.82,-285.789));
#2859=CARTESIAN_POINT('',(-243.372,162.873,-312.966));
#2860=CARTESIAN_POINT('',(-197.965,103.787,-337.278));
#2861=CARTESIAN_POINT('',(-138.318,41.086,-345.337));
#2862=CARTESIAN_POINT('',(-87.813,-14.581,-365.496));
#2863=CARTESIAN_POINT('',(-39.74,-64.434,-370.585));
#2864=CARTESIAN_POINT('',(-24.89,-109.223,-421.049));
#2865=CARTESIAN_POINT('',(-19.569,-167.756,-468.158));
#2866=CARTESIAN_POINT('',(29.043,-227.183,-485.143));
#2867=CARTESIAN_POINT('',(67.279,-284.017,-488.833));
#2868=CARTESIAN_POINT('',(107.812,-338.845,-486.448));
#2869=CARTESIAN_POINT('',(122.619,-375.973,-480.383));
#2870=CARTESIAN_POINT('',(133.244,-391.934,-476.234));
#2871=CARTESIAN_POINT('',(-374.053,668.553,-174.042));
#2872=CARTESIAN_POINT('',(-370.831,666.907,-180.973));
#2873=CARTESIAN_POINT('',(-366.824,658.213,-190.827));
#2874=CARTESIAN_POINT('',(-358.74,641.987,-198.256));
#2875=CARTESIAN_POINT('',(-357.052,616.686,-192.282));
#2876=CARTESIAN_POINT('',(-357.522,584.767,-179.713));
#2877=CARTESIAN_POINT('',(-357.958,540.123,-173.688));
#2878=CARTESIAN_POINT('',(-357.066,495.405,-181.409));
#2879=CARTESIAN_POINT('',(-354.544,439.683,-185.973));
#2880=CARTESIAN_POINT('',(-346.83,382.144,-192.918));
#2881=CARTESIAN_POINT('',(-328.202,324.247,-193.128));
#2882=CARTESIAN_POINT('',(-303.895,284.931,-234.676));
#2883=CARTESIAN_POINT('',(-268.238,234.154,-286.032));
#2884=CARTESIAN_POINT('',(-221.737,175.036,-311.151));
#2885=CARTESIAN_POINT('',(-174.048,120.463,-334.516));
#2886=CARTESIAN_POINT('',(-115.883,59.733,-344.06));
#2887=CARTESIAN_POINT('',(-61.958,3.084,-364.41));
#2888=CARTESIAN_POINT('',(-12.921,-47.432,-377.173));
#2889=CARTESIAN_POINT('',(-13.307,-82.003,-448.743));
#2890=CARTESIAN_POINT('',(9.777,-134.935,-488.624));
#2891=CARTESIAN_POINT('',(47.958,-192.491,-512.757));
#2892=CARTESIAN_POINT('',(91.75,-250.407,-521.158));
#2893=CARTESIAN_POINT('',(134.538,-303.804,-511.119));
#2894=CARTESIAN_POINT('',(157.661,-339.859,-501.974));
#2895=CARTESIAN_POINT('',(166.072,-356.474,-495.128));
#2896=CARTESIAN_POINT('',(-373.705,655.3,-134.3));
#2897=CARTESIAN_POINT('',(-373.317,651.97,-139.689));
#2898=CARTESIAN_POINT('',(-364.689,651.124,-156.447));
#2899=CARTESIAN_POINT('',(-362.757,633.74,-166.384));
#2900=CARTESIAN_POINT('',(-353.403,615.185,-171.535));
#2901=CARTESIAN_POINT('',(-353.279,580.197,-165.869));
#2902=CARTESIAN_POINT('',(-346.978,538.841,-169.726));
#2903=CARTESIAN_POINT('',(-345.612,492.384,-177.699));
#2904=CARTESIAN_POINT('',(-340.307,443.943,-182.571));
#2905=CARTESIAN_POINT('',(-332.517,386.147,-187.839));
#2906=CARTESIAN_POINT('',(-314.,330.686,-191.126));
#2907=CARTESIAN_POINT('',(-286.379,292.48,-234.761));
#2908=CARTESIAN_POINT('',(-249.961,245.128,-281.638));
#2909=CARTESIAN_POINT('',(-200.694,187.031,-305.726));
#2910=CARTESIAN_POINT('',(-151.664,136.863,-330.835));
#2911=CARTESIAN_POINT('',(-95.394,80.982,-342.551));
#2912=CARTESIAN_POINT('',(-35.796,21.113,-361.966));
#2913=CARTESIAN_POINT('',(7.581,-27.458,-388.379));
#2914=CARTESIAN_POINT('',(3.782,-47.596,-466.71));
#2915=CARTESIAN_POINT('',(33.702,-98.424,-508.68));
#2916=CARTESIAN_POINT('',(77.372,-153.762,-530.732));
#2917=CARTESIAN_POINT('',(123.304,-209.179,-535.));
#2918=CARTESIAN_POINT('',(165.266,-264.462,-522.519));
#2919=CARTESIAN_POINT('',(189.102,-297.384,-507.04));
#2920=CARTESIAN_POINT('',(200.464,-315.768,-503.837));
#2921=CARTESIAN_POINT('',(-356.463,655.373,-98.641));
#2922=CARTESIAN_POINT('',(-357.493,649.976,-105.466));
#2923=CARTESIAN_POINT('',(-360.371,640.018,-115.527));
#2924=CARTESIAN_POINT('',(-358.038,630.499,-139.532));
#2925=CARTESIAN_POINT('',(-351.23,612.127,-153.515));
#2926=CARTESIAN_POINT('',(-344.913,581.68,-154.437));
#2927=CARTESIAN_POINT('',(-339.515,538.154,-162.386));
#2928=CARTESIAN_POINT('',(-332.836,496.917,-173.602));
#2929=CARTESIAN_POINT('',(-328.77,446.418,-177.848));
#2930=CARTESIAN_POINT('',(-318.328,389.778,-181.016));
#2931=CARTESIAN_POINT('',(-299.651,337.406,-186.163));
#2932=CARTESIAN_POINT('',(-269.7,302.79,-233.247));
#2933=CARTESIAN_POINT('',(-230.586,257.021,-275.948));
#2934=CARTESIAN_POINT('',(-181.504,199.898,-300.919));
#2935=CARTESIAN_POINT('',(-129.185,153.303,-325.57));
#2936=CARTESIAN_POINT('',(-75.809,102.345,-340.072));
#2937=CARTESIAN_POINT('',(-12.611,42.01,-359.415));
#2938=CARTESIAN_POINT('',(27.715,-0.201,-394.203));
#2939=CARTESIAN_POINT('',(31.902,-13.047,-472.124));
#2940=CARTESIAN_POINT('',(67.289,-59.576,-513.881));
#2941=CARTESIAN_POINT('',(108.689,-113.788,-535.276));
#2942=CARTESIAN_POINT('',(155.332,-167.651,-525.722));
#2943=CARTESIAN_POINT('',(197.231,-223.099,-527.234));
#2944=CARTESIAN_POINT('',(219.364,-256.683,-504.994));
#2945=CARTESIAN_POINT('',(231.876,-273.47,-500.321));
#2946=CARTESIAN_POINT('',(-322.835,679.454,-88.699));
#2947=CARTESIAN_POINT('',(-323.639,674.276,-93.497));
#2948=CARTESIAN_POINT('',(-326.995,660.226,-99.016));
#2949=CARTESIAN_POINT('',(-338.146,633.256,-106.748));
#2950=CARTESIAN_POINT('',(-342.344,615.623,-133.037));
#2951=CARTESIAN_POINT('',(-337.382,586.716,-144.894));
#2952=CARTESIAN_POINT('',(-330.413,542.121,-154.083));
#2953=CARTESIAN_POINT('',(-321.353,501.761,-169.034));
#2954=CARTESIAN_POINT('',(-316.44,451.098,-172.174));
#2955=CARTESIAN_POINT('',(-306.165,398.232,-176.218));
#2956=CARTESIAN_POINT('',(-285.235,342.672,-179.846));
#2957=CARTESIAN_POINT('',(-254.543,313.445,-230.967));
#2958=CARTESIAN_POINT('',(-213.074,269.792,-269.833));
#2959=CARTESIAN_POINT('',(-160.753,215.554,-291.938));
#2960=CARTESIAN_POINT('',(-109.048,171.433,-320.006));
#2961=CARTESIAN_POINT('',(-55.407,121.622,-336.911));
#2962=CARTESIAN_POINT('',(5.063,70.499,-361.012));
#2963=CARTESIAN_POINT('',(53.146,17.097,-382.306));
#2964=CARTESIAN_POINT('',(65.922,19.647,-466.355));
#2965=CARTESIAN_POINT('',(102.035,-23.224,-503.168));
#2966=CARTESIAN_POINT('',(143.464,-72.318,-537.615));
#2967=CARTESIAN_POINT('',(186.063,-128.152,-530.933));
#2968=CARTESIAN_POINT('',(230.065,-180.4,-517.943));
#2969=CARTESIAN_POINT('',(251.684,-217.336,-508.062));
#2970=CARTESIAN_POINT('',(265.324,-233.379,-500.792));
#2971=CARTESIAN_POINT('',(-299.2,706.127,-95.138));
#2972=CARTESIAN_POINT('',(-300.563,700.178,-99.126));
#2973=CARTESIAN_POINT('',(-300.407,684.906,-104.19));
#2974=CARTESIAN_POINT('',(-308.581,656.291,-109.033));
#2975=CARTESIAN_POINT('',(-323.482,622.133,-112.565));
#2976=CARTESIAN_POINT('',(-330.599,592.46,-132.688));
#2977=CARTESIAN_POINT('',(-322.068,550.552,-145.472));
#2978=CARTESIAN_POINT('',(-311.066,507.078,-162.242));
#2979=CARTESIAN_POINT('',(-304.842,457.482,-167.22));
#2980=CARTESIAN_POINT('',(-293.564,404.214,-170.051));
#2981=CARTESIAN_POINT('',(-272.426,352.212,-175.355));
#2982=CARTESIAN_POINT('',(-239.155,323.267,-225.727));
#2983=CARTESIAN_POINT('',(-196.77,283.39,-264.695));
#2984=CARTESIAN_POINT('',(-143.392,229.875,-283.166));
#2985=CARTESIAN_POINT('',(-88.385,190.975,-315.639));
#2986=CARTESIAN_POINT('',(-34.79,140.656,-329.554));
#2987=CARTESIAN_POINT('',(20.233,101.325,-364.326));
#2988=CARTESIAN_POINT('',(77.096,38.737,-366.211));
#2989=CARTESIAN_POINT('',(100.537,34.846,-440.526));
#2990=CARTESIAN_POINT('',(134.832,12.116,-490.392));
#2991=CARTESIAN_POINT('',(177.288,-35.633,-519.489));
#2992=CARTESIAN_POINT('',(220.947,-87.319,-527.303));
#2993=CARTESIAN_POINT('',(260.182,-142.239,-513.073));
#2994=CARTESIAN_POINT('',(285.556,-178.427,-507.548));
#2995=CARTESIAN_POINT('',(299.007,-194.359,-500.711));
#2996=CARTESIAN_POINT('',(-271.476,735.786,-111.388));
#2997=CARTESIAN_POINT('',(-271.785,727.213,-114.228));
#2998=CARTESIAN_POINT('',(-276.463,709.503,-118.144));
#2999=CARTESIAN_POINT('',(-286.538,676.429,-115.353));
#3000=CARTESIAN_POINT('',(-297.781,640.09,-118.818));
#3001=CARTESIAN_POINT('',(-316.085,602.274,-118.149));
#3002=CARTESIAN_POINT('',(-315.312,560.607,-137.036));
#3003=CARTESIAN_POINT('',(-302.562,515.606,-152.737));
#3004=CARTESIAN_POINT('',(-294.232,464.858,-160.613));
#3005=CARTESIAN_POINT('',(-281.511,412.114,-164.026));
#3006=CARTESIAN_POINT('',(-260.355,359.943,-170.583));
#3007=CARTESIAN_POINT('',(-224.742,334.252,-218.417));
#3008=CARTESIAN_POINT('',(-180.367,295.916,-258.464));
#3009=CARTESIAN_POINT('',(-127.149,248.353,-274.518));
#3010=CARTESIAN_POINT('',(-69.606,206.282,-306.684));
#3011=CARTESIAN_POINT('',(-14.186,161.984,-321.829));
#3012=CARTESIAN_POINT('',(36.005,132.174,-369.));
#3013=CARTESIAN_POINT('',(92.417,69.418,-356.427));
#3014=CARTESIAN_POINT('',(131.944,42.883,-407.418));
#3015=CARTESIAN_POINT('',(164.657,38.335,-463.649));
#3016=CARTESIAN_POINT('',(209.081,-3.346,-501.008));
#3017=CARTESIAN_POINT('',(250.806,-50.864,-506.508));
#3018=CARTESIAN_POINT('',(299.782,-100.631,-524.781));
#3019=CARTESIAN_POINT('',(319.153,-137.894,-496.321));
#3020=CARTESIAN_POINT('',(333.335,-154.61,-496.795));
#3021=CARTESIAN_POINT('',(-235.926,775.142,-132.214));
#3022=CARTESIAN_POINT('',(-239.586,764.475,-133.889));
#3023=CARTESIAN_POINT('',(-248.384,737.826,-139.812));
#3024=CARTESIAN_POINT('',(-263.132,697.561,-131.484));
#3025=CARTESIAN_POINT('',(-276.417,655.539,-123.341));
#3026=CARTESIAN_POINT('',(-294.879,614.656,-119.04));
#3027=CARTESIAN_POINT('',(-306.789,572.127,-123.556));
#3028=CARTESIAN_POINT('',(-294.754,526.339,-145.484));
#3029=CARTESIAN_POINT('',(-286.321,474.282,-149.888));
#3030=CARTESIAN_POINT('',(-270.203,420.222,-159.231));
#3031=CARTESIAN_POINT('',(-249.724,368.625,-161.768));
#3032=CARTESIAN_POINT('',(-211.577,345.681,-210.704));
#3033=CARTESIAN_POINT('',(-164.91,309.738,-251.034));
#3034=CARTESIAN_POINT('',(-113.084,264.194,-264.548));
#3035=CARTESIAN_POINT('',(-53.026,224.555,-294.359));
#3036=CARTESIAN_POINT('',(3.254,182.489,-309.43));
#3037=CARTESIAN_POINT('',(55.942,155.289,-355.083));
#3038=CARTESIAN_POINT('',(107.849,109.618,-361.77));
#3039=CARTESIAN_POINT('',(156.763,55.874,-370.414));
#3040=CARTESIAN_POINT('',(191.959,58.317,-437.977));
#3041=CARTESIAN_POINT('',(237.807,27.663,-472.349));
#3042=CARTESIAN_POINT('',(281.031,-14.951,-498.452));
#3043=CARTESIAN_POINT('',(324.654,-67.299,-489.352));
#3044=CARTESIAN_POINT('',(353.549,-98.291,-493.362));
#3045=CARTESIAN_POINT('',(366.169,-116.087,-485.339));
#3046=CARTESIAN_POINT('',(-190.88,817.534,-157.991));
#3047=CARTESIAN_POINT('',(-196.756,806.378,-161.677));
#3048=CARTESIAN_POINT('',(-208.286,777.038,-162.45));
#3049=CARTESIAN_POINT('',(-232.694,722.28,-154.476));
#3050=CARTESIAN_POINT('',(-256.149,671.889,-136.941));
#3051=CARTESIAN_POINT('',(-271.799,627.046,-124.269));
#3052=CARTESIAN_POINT('',(-292.904,584.642,-116.677));
#3053=CARTESIAN_POINT('',(-289.9,537.118,-132.326));
#3054=CARTESIAN_POINT('',(-277.492,485.208,-141.974));
#3055=CARTESIAN_POINT('',(-260.455,430.317,-151.438));
#3056=CARTESIAN_POINT('',(-240.051,376.659,-154.349));
#3057=CARTESIAN_POINT('',(-199.017,356.193,-200.193));
#3058=CARTESIAN_POINT('',(-153.06,322.137,-238.813));
#3059=CARTESIAN_POINT('',(-99.333,278.85,-253.074));
#3060=CARTESIAN_POINT('',(-39.12,243.54,-280.02));
#3061=CARTESIAN_POINT('',(20.197,205.145,-300.04));
#3062=CARTESIAN_POINT('',(73.764,178.949,-337.142));
#3063=CARTESIAN_POINT('',(127.475,139.827,-357.234));
#3064=CARTESIAN_POINT('',(175.256,90.112,-355.842));
#3065=CARTESIAN_POINT('',(219.871,62.721,-397.618));
#3066=CARTESIAN_POINT('',(261.223,54.796,-443.593));
#3067=CARTESIAN_POINT('',(310.662,18.659,-475.024));
#3068=CARTESIAN_POINT('',(354.025,-28.095,-479.624));
#3069=CARTESIAN_POINT('',(379.892,-64.349,-468.268));
#3070=CARTESIAN_POINT('',(394.333,-79.319,-466.991));
#3071=CARTESIAN_POINT('',(-136.93,862.991,-189.751));
#3072=CARTESIAN_POINT('',(-144.842,849.563,-193.552));
#3073=CARTESIAN_POINT('',(-160.968,814.41,-195.183));
#3074=CARTESIAN_POINT('',(-194.703,755.494,-180.995));
#3075=CARTESIAN_POINT('',(-227.365,688.631,-155.015));
#3076=CARTESIAN_POINT('',(-253.748,638.716,-133.597));
#3077=CARTESIAN_POINT('',(-273.605,595.257,-115.833));
#3078=CARTESIAN_POINT('',(-282.686,548.823,-122.209));
#3079=CARTESIAN_POINT('',(-270.858,496.673,-132.694));
#3080=CARTESIAN_POINT('',(-251.239,439.664,-143.587));
#3081=CARTESIAN_POINT('',(-231.698,384.602,-143.838));
#3082=CARTESIAN_POINT('',(-188.403,366.283,-187.652));
#3083=CARTESIAN_POINT('',(-142.108,337.447,-229.907));
#3084=CARTESIAN_POINT('',(-86.139,289.453,-236.399));
#3085=CARTESIAN_POINT('',(-25.753,261.846,-266.47));
#3086=CARTESIAN_POINT('',(36.128,225.977,-285.804));
#3087=CARTESIAN_POINT('',(91.682,203.778,-325.525));
#3088=CARTESIAN_POINT('',(146.792,163.062,-338.696));
#3089=CARTESIAN_POINT('',(194.604,133.355,-366.476));
#3090=CARTESIAN_POINT('',(239.906,80.572,-361.106));
#3091=CARTESIAN_POINT('',(286.023,68.235,-409.9));
#3092=CARTESIAN_POINT('',(332.832,46.735,-439.032));
#3093=CARTESIAN_POINT('',(382.415,6.193,-460.828));
#3094=CARTESIAN_POINT('',(412.797,-24.308,-460.443));
#3095=CARTESIAN_POINT('',(425.97,-40.781,-455.493));
#3096=CARTESIAN_POINT('',(-68.253,900.895,-229.545));
#3097=CARTESIAN_POINT('',(-77.776,887.709,-230.426));
#3098=CARTESIAN_POINT('',(-101.151,848.045,-234.681));
#3099=CARTESIAN_POINT('',(-143.927,786.7,-213.428));
#3100=CARTESIAN_POINT('',(-192.595,714.243,-182.958));
#3101=CARTESIAN_POINT('',(-227.402,649.758,-144.111));
#3102=CARTESIAN_POINT('',(-257.493,604.219,-120.558));
#3103=CARTESIAN_POINT('',(-270.624,558.478,-113.983));
#3104=CARTESIAN_POINT('',(-266.484,506.749,-122.134));
#3105=CARTESIAN_POINT('',(-243.809,448.431,-132.267));
#3106=CARTESIAN_POINT('',(-222.926,393.009,-136.561));
#3107=CARTESIAN_POINT('',(-179.72,374.141,-173.039));
#3108=CARTESIAN_POINT('',(-130.737,347.451,-216.91));
#3109=CARTESIAN_POINT('',(-73.37,302.92,-221.858));
#3110=CARTESIAN_POINT('',(-12.243,276.108,-249.227));
#3111=CARTESIAN_POINT('',(52.592,246.075,-271.693));
#3112=CARTESIAN_POINT('',(111.228,226.708,-310.406));
#3113=CARTESIAN_POINT('',(166.823,190.371,-322.87));
#3114=CARTESIAN_POINT('',(216.154,160.161,-352.152));
#3115=CARTESIAN_POINT('',(260.845,123.017,-357.931));
#3116=CARTESIAN_POINT('',(303.204,74.075,-357.864));
#3117=CARTESIAN_POINT('',(352.857,63.266,-405.809));
#3118=CARTESIAN_POINT('',(403.003,36.346,-421.778));
#3119=CARTESIAN_POINT('',(435.83,9.612,-432.02));
#3120=CARTESIAN_POINT('',(451.414,-4.298,-431.64));
#3121=CARTESIAN_POINT('',(-4.421,935.408,-260.427));
#3122=CARTESIAN_POINT('',(-13.461,916.306,-269.157));
#3123=CARTESIAN_POINT('',(-35.766,877.671,-268.372));
#3124=CARTESIAN_POINT('',(-86.666,809.547,-251.683));
#3125=CARTESIAN_POINT('',(-145.787,738.799,-209.304));
#3126=CARTESIAN_POINT('',(-199.429,661.691,-161.655));
#3127=CARTESIAN_POINT('',(-238.274,609.335,-123.879));
#3128=CARTESIAN_POINT('',(-258.659,570.099,-108.786));
#3129=CARTESIAN_POINT('',(-261.321,513.676,-110.54));
#3130=CARTESIAN_POINT('',(-235.665,458.607,-123.564));
#3131=CARTESIAN_POINT('',(-216.359,396.92,-123.523));
#3132=CARTESIAN_POINT('',(-168.654,380.725,-159.747));
#3133=CARTESIAN_POINT('',(-117.842,357.216,-205.512));
#3134=CARTESIAN_POINT('',(-60.197,312.186,-204.392));
#3135=CARTESIAN_POINT('',(1.781,289.914,-232.269));
#3136=CARTESIAN_POINT('',(70.589,266.718,-258.246));
#3137=CARTESIAN_POINT('',(130.122,247.873,-293.58));
#3138=CARTESIAN_POINT('',(188.168,214.71,-307.885));
#3139=CARTESIAN_POINT('',(236.118,195.095,-346.571));
#3140=CARTESIAN_POINT('',(285.494,155.803,-355.232));
#3141=CARTESIAN_POINT('',(326.091,113.65,-345.73));
#3142=CARTESIAN_POINT('',(369.47,68.642,-353.341));
#3143=CARTESIAN_POINT('',(418.398,52.815,-387.582));
#3144=CARTESIAN_POINT('',(450.968,34.523,-393.69));
#3145=CARTESIAN_POINT('',(466.881,23.41,-397.425));
#3146=CARTESIAN_POINT('',(68.581,977.633,-306.008));
#3147=CARTESIAN_POINT('',(56.536,951.833,-311.13));
#3148=CARTESIAN_POINT('',(28.255,894.932,-304.744));
#3149=CARTESIAN_POINT('',(-23.902,821.957,-280.51));
#3150=CARTESIAN_POINT('',(-96.427,748.835,-241.095));
#3151=CARTESIAN_POINT('',(-164.912,675.716,-177.071));
#3152=CARTESIAN_POINT('',(-216.95,612.623,-132.99));
#3153=CARTESIAN_POINT('',(-246.376,575.792,-103.549));
#3154=CARTESIAN_POINT('',(-254.884,522.539,-101.749));
#3155=CARTESIAN_POINT('',(-229.906,462.332,-110.972));
#3156=CARTESIAN_POINT('',(-209.423,403.134,-113.602));
#3157=CARTESIAN_POINT('',(-157.466,383.321,-143.417));
#3158=CARTESIAN_POINT('',(-106.717,361.875,-193.705));
#3159=CARTESIAN_POINT('',(-44.395,321.437,-185.771));
#3160=CARTESIAN_POINT('',(18.481,302.687,-216.733));
#3161=CARTESIAN_POINT('',(89.121,283.229,-240.973));
#3162=CARTESIAN_POINT('',(150.542,269.989,-277.877));
#3163=CARTESIAN_POINT('',(209.797,237.329,-288.748));
#3164=CARTESIAN_POINT('',(261.414,223.565,-331.074));
#3165=CARTESIAN_POINT('',(308.89,185.213,-335.426));
#3166=CARTESIAN_POINT('',(353.26,147.212,-341.767));
#3167=CARTESIAN_POINT('',(393.753,109.795,-338.27));
#3168=CARTESIAN_POINT('',(437.128,72.565,-342.968));
#3169=CARTESIAN_POINT('',(469.161,59.574,-358.906));
#3170=CARTESIAN_POINT('',(482.969,49.61,-356.861));
#3171=CARTESIAN_POINT('',(135.23,1004.657,-374.605));
#3172=CARTESIAN_POINT('',(129.583,967.613,-368.458));
#3173=CARTESIAN_POINT('',(99.604,900.098,-345.44));
#3174=CARTESIAN_POINT('',(39.674,822.389,-294.117));
#3175=CARTESIAN_POINT('',(-39.734,755.363,-254.619));
#3176=CARTESIAN_POINT('',(-130.32,680.18,-194.106));
#3177=CARTESIAN_POINT('',(-197.281,611.193,-133.215));
#3178=CARTESIAN_POINT('',(-234.53,579.159,-100.784));
#3179=CARTESIAN_POINT('',(-246.416,528.23,-92.906));
#3180=CARTESIAN_POINT('',(-225.621,467.148,-100.248));
#3181=CARTESIAN_POINT('',(-199.348,404.851,-100.285));
#3182=CARTESIAN_POINT('',(-150.508,387.117,-133.905));
#3183=CARTESIAN_POINT('',(-86.581,368.98,-165.473));
#3184=CARTESIAN_POINT('',(-30.241,329.122,-169.564));
#3185=CARTESIAN_POINT('',(39.357,314.123,-201.682));
#3186=CARTESIAN_POINT('',(111.175,299.078,-225.899));
#3187=CARTESIAN_POINT('',(172.774,288.426,-257.909));
#3188=CARTESIAN_POINT('',(234.153,265.067,-281.779));
#3189=CARTESIAN_POINT('',(288.247,239.07,-298.992));
#3190=CARTESIAN_POINT('',(337.657,213.409,-325.975));
#3191=CARTESIAN_POINT('',(382.485,176.192,-319.783));
#3192=CARTESIAN_POINT('',(422.856,141.379,-330.84));
#3193=CARTESIAN_POINT('',(458.616,112.489,-335.481));
#3194=CARTESIAN_POINT('',(479.294,97.789,-351.786));
#3195=CARTESIAN_POINT('',(496.622,86.937,-352.664));
#3196=CARTESIAN_POINT('',(186.303,977.837,-421.95));
#3197=CARTESIAN_POINT('',(163.268,945.678,-407.089));
#3198=CARTESIAN_POINT('',(147.083,884.905,-356.306));
#3199=CARTESIAN_POINT('',(75.778,816.247,-295.271));
#3200=CARTESIAN_POINT('',(-8.426,748.306,-255.513));
#3201=CARTESIAN_POINT('',(-106.552,680.674,-193.58));
#3202=CARTESIAN_POINT('',(-184.97,611.772,-135.253));
#3203=CARTESIAN_POINT('',(-223.832,580.145,-99.121));
#3204=CARTESIAN_POINT('',(-246.22,530.573,-83.332));
#3205=CARTESIAN_POINT('',(-219.139,469.72,-93.659));
#3206=CARTESIAN_POINT('',(-199.371,407.005,-91.342));
#3207=CARTESIAN_POINT('',(-140.367,385.477,-123.811));
#3208=CARTESIAN_POINT('',(-80.413,373.375,-155.689));
#3209=CARTESIAN_POINT('',(-17.669,328.579,-155.487));
#3210=CARTESIAN_POINT('',(57.736,322.489,-192.859));
#3211=CARTESIAN_POINT('',(133.049,306.594,-214.9));
#3212=CARTESIAN_POINT('',(192.697,300.995,-249.054));
#3213=CARTESIAN_POINT('',(254.96,278.766,-268.171));
#3214=CARTESIAN_POINT('',(310.863,255.601,-291.644));
#3215=CARTESIAN_POINT('',(362.107,234.808,-325.505));
#3216=CARTESIAN_POINT('',(409.185,197.832,-323.031));
#3217=CARTESIAN_POINT('',(446.225,160.367,-318.726));
#3218=CARTESIAN_POINT('',(478.15,138.316,-316.673));
#3219=CARTESIAN_POINT('',(487.455,114.904,-336.384));
#3220=CARTESIAN_POINT('',(497.833,104.156,-341.823));
#3221=CARTESIAN_POINT('',(201.582,952.448,-420.898));
#3222=CARTESIAN_POINT('',(186.61,923.088,-416.172));
#3223=CARTESIAN_POINT('',(165.595,869.1,-358.656));
#3224=CARTESIAN_POINT('',(88.395,811.168,-293.572));
#3225=CARTESIAN_POINT('',(4.298,742.905,-250.132));
#3226=CARTESIAN_POINT('',(-98.519,677.43,-193.492));
#3227=CARTESIAN_POINT('',(-178.908,610.605,-132.839));
#3228=CARTESIAN_POINT('',(-222.808,578.738,-96.544));
#3229=CARTESIAN_POINT('',(-241.383,530.896,-81.404));
#3230=CARTESIAN_POINT('',(-219.284,468.78,-88.587));
#3231=CARTESIAN_POINT('',(-194.487,406.018,-87.666));
#3232=CARTESIAN_POINT('',(-134.29,387.144,-122.134));
#3233=CARTESIAN_POINT('',(-74.155,372.04,-145.857));
#3234=CARTESIAN_POINT('',(-7.222,329.368,-151.747));
#3235=CARTESIAN_POINT('',(69.758,328.049,-188.93));
#3236=CARTESIAN_POINT('',(146.181,310.051,-209.251));
#3237=CARTESIAN_POINT('',(204.779,309.425,-245.645));
#3238=CARTESIAN_POINT('',(267.537,284.325,-261.785));
#3239=CARTESIAN_POINT('',(323.353,264.946,-290.528));
#3240=CARTESIAN_POINT('',(376.136,244.199,-316.949));
#3241=CARTESIAN_POINT('',(423.368,204.339,-316.169));
#3242=CARTESIAN_POINT('',(459.481,171.486,-314.432));
#3243=CARTESIAN_POINT('',(492.645,141.779,-310.668));
#3244=CARTESIAN_POINT('',(503.125,119.028,-335.196));
#3245=CARTESIAN_POINT('',(505.544,110.45,-337.905));
#3246=CARTESIAN_POINT('',(-612.972,296.763,429.784));
#3247=CARTESIAN_POINT('',(-614.291,288.26,428.919));
#3248=CARTESIAN_POINT('',(-624.162,273.538,419.743));
#3249=CARTESIAN_POINT('',(-625.494,232.494,392.238));
#3250=CARTESIAN_POINT('',(-606.25,202.835,345.185));
#3251=CARTESIAN_POINT('',(-575.385,196.737,302.332));
#3252=CARTESIAN_POINT('',(-529.355,176.529,254.541));
#3253=CARTESIAN_POINT('',(-543.81,107.006,259.265));
#3254=CARTESIAN_POINT('',(-550.549,50.236,276.175));
#3255=CARTESIAN_POINT('',(-545.217,-16.412,284.795));
#3256=CARTESIAN_POINT('',(-538.819,-76.37,295.846));
#3257=CARTESIAN_POINT('',(-509.26,-134.73,289.422));
#3258=CARTESIAN_POINT('',(-477.84,-189.606,282.938));
#3259=CARTESIAN_POINT('',(-436.237,-239.663,272.009));
#3260=CARTESIAN_POINT('',(-385.078,-277.52,252.383));
#3261=CARTESIAN_POINT('',(-334.046,-314.473,234.518));
#3262=CARTESIAN_POINT('',(-280.52,-327.396,210.666));
#3263=CARTESIAN_POINT('',(-239.696,-364.316,205.724));
#3264=CARTESIAN_POINT('',(-237.414,-417.526,217.904));
#3265=CARTESIAN_POINT('',(-244.55,-465.845,231.538));
#3266=CARTESIAN_POINT('',(-288.41,-487.334,258.352));
#3267=CARTESIAN_POINT('',(-326.704,-495.723,280.296));
#3268=CARTESIAN_POINT('',(-364.546,-520.15,303.063));
#3269=CARTESIAN_POINT('',(-373.308,-547.129,314.07));
#3270=CARTESIAN_POINT('',(-377.176,-557.056,316.43));
#3271=CARTESIAN_POINT('',(-619.159,303.293,428.048));
#3272=CARTESIAN_POINT('',(-628.776,295.37,422.84));
#3273=CARTESIAN_POINT('',(-635.512,276.316,411.983));
#3274=CARTESIAN_POINT('',(-637.863,236.033,386.779));
#3275=CARTESIAN_POINT('',(-617.165,205.778,341.132));
#3276=CARTESIAN_POINT('',(-585.363,198.616,298.522));
#3277=CARTESIAN_POINT('',(-535.297,183.958,251.591));
#3278=CARTESIAN_POINT('',(-548.612,112.394,250.472));
#3279=CARTESIAN_POINT('',(-557.5,55.534,268.401));
#3280=CARTESIAN_POINT('',(-552.885,-13.101,276.332));
#3281=CARTESIAN_POINT('',(-546.36,-73.714,286.326));
#3282=CARTESIAN_POINT('',(-521.145,-134.264,283.563));
#3283=CARTESIAN_POINT('',(-486.609,-187.714,273.548));
#3284=CARTESIAN_POINT('',(-447.381,-240.05,264.57));
#3285=CARTESIAN_POINT('',(-394.324,-276.355,244.372));
#3286=CARTESIAN_POINT('',(-342.709,-316.836,228.406));
#3287=CARTESIAN_POINT('',(-288.297,-328.995,204.363));
#3288=CARTESIAN_POINT('',(-241.089,-361.789,197.042));
#3289=CARTESIAN_POINT('',(-241.047,-417.969,208.419));
#3290=CARTESIAN_POINT('',(-246.046,-465.251,221.995));
#3291=CARTESIAN_POINT('',(-289.99,-490.329,246.704));
#3292=CARTESIAN_POINT('',(-329.081,-497.679,265.246));
#3293=CARTESIAN_POINT('',(-369.738,-521.888,289.273));
#3294=CARTESIAN_POINT('',(-381.168,-545.37,299.279));
#3295=CARTESIAN_POINT('',(-385.938,-560.34,307.805));
#3296=CARTESIAN_POINT('',(-634.215,319.737,421.992));
#3297=CARTESIAN_POINT('',(-645.076,312.026,417.409));
#3298=CARTESIAN_POINT('',(-657.368,288.253,399.029));
#3299=CARTESIAN_POINT('',(-661.806,247.254,372.788));
#3300=CARTESIAN_POINT('',(-638.554,212.968,329.694));
#3301=CARTESIAN_POINT('',(-606.84,201.727,291.642));
#3302=CARTESIAN_POINT('',(-546.44,195.103,242.063));
#3303=CARTESIAN_POINT('',(-556.166,126.141,234.745));
#3304=CARTESIAN_POINT('',(-573.883,64.866,254.164));
#3305=CARTESIAN_POINT('',(-564.763,-5.052,257.739));
#3306=CARTESIAN_POINT('',(-563.605,-70.185,269.923));
#3307=CARTESIAN_POINT('',(-538.137,-130.449,266.65));
#3308=CARTESIAN_POINT('',(-506.925,-186.342,257.155));
#3309=CARTESIAN_POINT('',(-465.9,-237.694,247.607));
#3310=CARTESIAN_POINT('',(-415.725,-280.07,231.264));
#3311=CARTESIAN_POINT('',(-356.987,-313.846,211.639));
#3312=CARTESIAN_POINT('',(-305.1,-337.071,191.376));
#3313=CARTESIAN_POINT('',(-246.03,-359.098,177.725));
#3314=CARTESIAN_POINT('',(-242.714,-416.858,191.076));
#3315=CARTESIAN_POINT('',(-244.132,-467.228,202.25));
#3316=CARTESIAN_POINT('',(-290.179,-495.399,222.166));
#3317=CARTESIAN_POINT('',(-334.748,-505.265,237.845));
#3318=CARTESIAN_POINT('',(-375.255,-529.802,260.948));
#3319=CARTESIAN_POINT('',(-388.682,-560.29,276.915));
#3320=CARTESIAN_POINT('',(-393.025,-575.709,286.849));
#3321=CARTESIAN_POINT('',(-655.491,346.342,401.566));
#3322=CARTESIAN_POINT('',(-663.668,337.864,393.507));
#3323=CARTESIAN_POINT('',(-682.343,315.167,378.043));
#3324=CARTESIAN_POINT('',(-688.793,269.604,348.009));
#3325=CARTESIAN_POINT('',(-665.688,235.598,310.221));
#3326=CARTESIAN_POINT('',(-635.123,210.309,273.509));
#3327=CARTESIAN_POINT('',(-570.821,211.492,232.444));
#3328=CARTESIAN_POINT('',(-562.307,145.268,210.541));
#3329=CARTESIAN_POINT('',(-592.787,80.999,229.881));
#3330=CARTESIAN_POINT('',(-588.869,9.013,234.157));
#3331=CARTESIAN_POINT('',(-580.763,-59.128,239.277));
#3332=CARTESIAN_POINT('',(-569.029,-126.768,242.107));
#3333=CARTESIAN_POINT('',(-528.388,-178.438,228.037));
#3334=CARTESIAN_POINT('',(-492.174,-235.537,221.81));
#3335=CARTESIAN_POINT('',(-439.434,-276.572,204.895));
#3336=CARTESIAN_POINT('',(-382.546,-318.063,189.148));
#3337=CARTESIAN_POINT('',(-322.709,-342.327,169.294));
#3338=CARTESIAN_POINT('',(-258.942,-362.617,153.562));
#3339=CARTESIAN_POINT('',(-237.213,-413.899,160.952));
#3340=CARTESIAN_POINT('',(-245.552,-468.48,173.588));
#3341=CARTESIAN_POINT('',(-279.381,-506.964,190.447));
#3342=CARTESIAN_POINT('',(-332.216,-522.826,202.135));
#3343=CARTESIAN_POINT('',(-380.389,-543.018,220.881));
#3344=CARTESIAN_POINT('',(-391.452,-579.985,237.033));
#3345=CARTESIAN_POINT('',(-400.855,-594.072,246.204));
#3346=CARTESIAN_POINT('',(-667.975,375.649,373.666));
#3347=CARTESIAN_POINT('',(-676.941,367.274,363.927));
#3348=CARTESIAN_POINT('',(-689.977,345.626,346.085));
#3349=CARTESIAN_POINT('',(-699.909,304.797,316.537));
#3350=CARTESIAN_POINT('',(-686.123,262.905,286.023));
#3351=CARTESIAN_POINT('',(-655.696,229.08,254.153));
#3352=CARTESIAN_POINT('',(-597.893,221.701,218.461));
#3353=CARTESIAN_POINT('',(-573.626,163.209,191.762));
#3354=CARTESIAN_POINT('',(-606.612,97.481,204.964));
#3355=CARTESIAN_POINT('',(-610.493,25.717,209.282));
#3356=CARTESIAN_POINT('',(-601.201,-45.042,210.469));
#3357=CARTESIAN_POINT('',(-589.37,-115.028,210.921));
#3358=CARTESIAN_POINT('',(-553.015,-172.428,201.614));
#3359=CARTESIAN_POINT('',(-513.259,-229.636,191.996));
#3360=CARTESIAN_POINT('',(-461.277,-277.008,179.081));
#3361=CARTESIAN_POINT('',(-405.257,-319.04,164.742));
#3362=CARTESIAN_POINT('',(-338.234,-349.432,146.228));
#3363=CARTESIAN_POINT('',(-273.588,-368.514,130.077));
#3364=CARTESIAN_POINT('',(-229.332,-410.72,131.875));
#3365=CARTESIAN_POINT('',(-237.822,-472.706,142.452));
#3366=CARTESIAN_POINT('',(-268.6,-514.828,159.574));
#3367=CARTESIAN_POINT('',(-325.69,-536.029,169.544));
#3368=CARTESIAN_POINT('',(-368.932,-563.604,185.187));
#3369=CARTESIAN_POINT('',(-392.545,-594.26,193.668));
#3370=CARTESIAN_POINT('',(-394.327,-612.03,200.52));
#3371=CARTESIAN_POINT('',(-669.075,405.641,337.586));
#3372=CARTESIAN_POINT('',(-676.458,394.869,330.447));
#3373=CARTESIAN_POINT('',(-684.463,375.17,309.112));
#3374=CARTESIAN_POINT('',(-692.72,333.497,286.372));
#3375=CARTESIAN_POINT('',(-693.237,296.789,257.225));
#3376=CARTESIAN_POINT('',(-672.52,251.6,231.82));
#3377=CARTESIAN_POINT('',(-622.451,232.636,200.742));
#3378=CARTESIAN_POINT('',(-584.058,180.169,171.484));
#3379=CARTESIAN_POINT('',(-613.354,110.621,178.318));
#3380=CARTESIAN_POINT('',(-630.703,43.451,184.92));
#3381=CARTESIAN_POINT('',(-622.468,-29.89,181.905));
#3382=CARTESIAN_POINT('',(-603.861,-98.853,177.708));
#3383=CARTESIAN_POINT('',(-572.745,-162.075,172.023));
#3384=CARTESIAN_POINT('',(-529.903,-222.818,162.436));
#3385=CARTESIAN_POINT('',(-478.934,-273.686,149.584));
#3386=CARTESIAN_POINT('',(-424.807,-322.793,139.606));
#3387=CARTESIAN_POINT('',(-355.109,-354.047,123.715));
#3388=CARTESIAN_POINT('',(-283.447,-377.136,106.857));
#3389=CARTESIAN_POINT('',(-224.725,-408.301,103.462));
#3390=CARTESIAN_POINT('',(-224.716,-475.248,112.219));
#3391=CARTESIAN_POINT('',(-252.032,-529.555,129.855));
#3392=CARTESIAN_POINT('',(-314.21,-550.437,138.797));
#3393=CARTESIAN_POINT('',(-346.654,-582.351,159.214));
#3394=CARTESIAN_POINT('',(-368.62,-610.248,160.92));
#3395=CARTESIAN_POINT('',(-370.613,-625.451,164.9));
#3396=CARTESIAN_POINT('',(-665.971,435.396,298.863));
#3397=CARTESIAN_POINT('',(-665.625,425.376,289.066));
#3398=CARTESIAN_POINT('',(-676.104,400.386,275.537));
#3399=CARTESIAN_POINT('',(-687.387,364.676,251.453));
#3400=CARTESIAN_POINT('',(-687.511,323.586,228.663));
#3401=CARTESIAN_POINT('',(-680.121,281.872,203.846));
#3402=CARTESIAN_POINT('',(-651.245,237.795,182.805));
#3403=CARTESIAN_POINT('',(-593.705,197.781,150.085));
#3404=CARTESIAN_POINT('',(-618.408,123.495,152.647));
#3405=CARTESIAN_POINT('',(-641.537,60.404,155.019));
#3406=CARTESIAN_POINT('',(-644.429,-16.147,155.028));
#3407=CARTESIAN_POINT('',(-618.497,-82.954,146.056));
#3408=CARTESIAN_POINT('',(-587.623,-150.156,139.083));
#3409=CARTESIAN_POINT('',(-548.248,-214.587,131.69));
#3410=CARTESIAN_POINT('',(-493.989,-270.322,120.651));
#3411=CARTESIAN_POINT('',(-442.997,-325.95,113.423));
#3412=CARTESIAN_POINT('',(-369.685,-356.23,99.043));
#3413=CARTESIAN_POINT('',(-295.811,-380.468,83.65));
#3414=CARTESIAN_POINT('',(-218.506,-400.36,72.753));
#3415=CARTESIAN_POINT('',(-212.827,-479.894,76.919));
#3416=CARTESIAN_POINT('',(-257.827,-532.253,90.091));
#3417=CARTESIAN_POINT('',(-308.996,-561.45,108.849));
#3418=CARTESIAN_POINT('',(-331.112,-601.276,122.63));
#3419=CARTESIAN_POINT('',(-356.937,-615.404,129.353));
#3420=CARTESIAN_POINT('',(-348.158,-634.971,134.431));
#3421=CARTESIAN_POINT('',(-659.962,464.163,254.863));
#3422=CARTESIAN_POINT('',(-663.801,452.544,247.833));
#3423=CARTESIAN_POINT('',(-671.892,431.565,234.65));
#3424=CARTESIAN_POINT('',(-685.53,393.012,214.727));
#3425=CARTESIAN_POINT('',(-700.172,353.069,197.391));
#3426=CARTESIAN_POINT('',(-698.641,303.173,177.276));
#3427=CARTESIAN_POINT('',(-677.961,247.757,160.317));
#3428=CARTESIAN_POINT('',(-613.081,212.218,131.316));
#3429=CARTESIAN_POINT('',(-614.067,140.344,124.808));
#3430=CARTESIAN_POINT('',(-649.753,76.364,127.184));
#3431=CARTESIAN_POINT('',(-656.738,-1.93,123.683));
#3432=CARTESIAN_POINT('',(-631.624,-69.583,115.441));
#3433=CARTESIAN_POINT('',(-607.659,-142.042,107.76));
#3434=CARTESIAN_POINT('',(-562.04,-204.446,98.708));
#3435=CARTESIAN_POINT('',(-511.514,-264.314,90.947));
#3436=CARTESIAN_POINT('',(-454.867,-323.134,83.731));
#3437=CARTESIAN_POINT('',(-387.295,-359.164,73.045));
#3438=CARTESIAN_POINT('',(-307.189,-381.117,63.722));
#3439=CARTESIAN_POINT('',(-233.027,-399.041,43.203));
#3440=CARTESIAN_POINT('',(-237.065,-480.085,46.693));
#3441=CARTESIAN_POINT('',(-280.346,-519.263,64.973));
#3442=CARTESIAN_POINT('',(-331.069,-555.288,80.653));
#3443=CARTESIAN_POINT('',(-359.864,-594.453,88.667));
#3444=CARTESIAN_POINT('',(-369.054,-634.549,106.082));
#3445=CARTESIAN_POINT('',(-343.5,-639.53,101.888));
#3446=CARTESIAN_POINT('',(-649.098,496.584,210.932));
#3447=CARTESIAN_POINT('',(-648.109,484.217,202.789));
#3448=CARTESIAN_POINT('',(-660.761,459.608,191.809));
#3449=CARTESIAN_POINT('',(-688.938,428.384,178.274));
#3450=CARTESIAN_POINT('',(-703.986,381.567,160.784));
#3451=CARTESIAN_POINT('',(-710.332,334.396,147.376));
#3452=CARTESIAN_POINT('',(-701.414,259.075,135.385));
#3453=CARTESIAN_POINT('',(-640.247,222.28,113.791));
#3454=CARTESIAN_POINT('',(-611.508,160.909,98.989));
#3455=CARTESIAN_POINT('',(-651.668,93.512,99.433));
#3456=CARTESIAN_POINT('',(-660.375,15.727,91.451));
#3457=CARTESIAN_POINT('',(-643.791,-56.9,84.957));
#3458=CARTESIAN_POINT('',(-616.035,-128.206,74.264));
#3459=CARTESIAN_POINT('',(-578.711,-195.743,67.58));
#3460=CARTESIAN_POINT('',(-527.438,-257.047,59.621));
#3461=CARTESIAN_POINT('',(-464.928,-313.053,53.509));
#3462=CARTESIAN_POINT('',(-401.972,-362.61,46.211));
#3463=CARTESIAN_POINT('',(-317.647,-371.679,39.461));
#3464=CARTESIAN_POINT('',(-250.979,-403.188,21.309));
#3465=CARTESIAN_POINT('',(-258.363,-476.572,27.365));
#3466=CARTESIAN_POINT('',(-303.746,-519.609,41.243));
#3467=CARTESIAN_POINT('',(-358.381,-548.755,54.738));
#3468=CARTESIAN_POINT('',(-400.633,-599.108,78.628));
#3469=CARTESIAN_POINT('',(-376.847,-645.605,71.695));
#3470=CARTESIAN_POINT('',(-351.74,-643.967,65.654));
#3471=CARTESIAN_POINT('',(-664.159,530.568,166.033));
#3472=CARTESIAN_POINT('',(-659.463,520.347,159.263));
#3473=CARTESIAN_POINT('',(-650.722,494.292,149.2));
#3474=CARTESIAN_POINT('',(-671.666,453.884,136.632));
#3475=CARTESIAN_POINT('',(-700.029,414.539,124.794));
#3476=CARTESIAN_POINT('',(-712.07,359.931,111.765));
#3477=CARTESIAN_POINT('',(-708.492,286.361,102.369));
#3478=CARTESIAN_POINT('',(-675.774,225.414,91.045));
#3479=CARTESIAN_POINT('',(-604.182,183.866,77.002));
#3480=CARTESIAN_POINT('',(-653.529,110.894,72.76));
#3481=CARTESIAN_POINT('',(-654.465,36.381,61.974));
#3482=CARTESIAN_POINT('',(-652.909,-40.871,52.845));
#3483=CARTESIAN_POINT('',(-621.352,-114.403,43.48));
#3484=CARTESIAN_POINT('',(-585.648,-180.865,34.475));
#3485=CARTESIAN_POINT('',(-539.503,-247.498,27.882));
#3486=CARTESIAN_POINT('',(-476.122,-303.761,22.488));
#3487=CARTESIAN_POINT('',(-412.991,-356.355,18.571));
#3488=CARTESIAN_POINT('',(-325.541,-371.187,15.012));
#3489=CARTESIAN_POINT('',(-264.364,-401.139,1.072));
#3490=CARTESIAN_POINT('',(-280.342,-481.076,5.096));
#3491=CARTESIAN_POINT('',(-332.608,-512.281,14.749));
#3492=CARTESIAN_POINT('',(-387.148,-545.058,24.223));
#3493=CARTESIAN_POINT('',(-426.074,-610.843,44.869));
#3494=CARTESIAN_POINT('',(-395.564,-650.533,40.485));
#3495=CARTESIAN_POINT('',(-364.91,-643.91,28.652));
#3496=CARTESIAN_POINT('',(-680.045,564.236,118.027));
#3497=CARTESIAN_POINT('',(-684.211,549.875,113.441));
#3498=CARTESIAN_POINT('',(-681.498,530.305,103.925));
#3499=CARTESIAN_POINT('',(-665.973,487.136,98.703));
#3500=CARTESIAN_POINT('',(-681.119,442.189,85.564));
#3501=CARTESIAN_POINT('',(-705.674,387.643,80.23));
#3502=CARTESIAN_POINT('',(-705.266,315.541,69.487));
#3503=CARTESIAN_POINT('',(-697.332,240.133,59.946));
#3504=CARTESIAN_POINT('',(-615.476,200.689,53.999));
#3505=CARTESIAN_POINT('',(-638.721,130.944,46.314));
#3506=CARTESIAN_POINT('',(-656.554,58.086,35.085));
#3507=CARTESIAN_POINT('',(-656.219,-26.524,22.038));
#3508=CARTESIAN_POINT('',(-627.222,-97.004,12.871));
#3509=CARTESIAN_POINT('',(-598.184,-172.347,3.663));
#3510=CARTESIAN_POINT('',(-545.292,-234.852,-3.147));
#3511=CARTESIAN_POINT('',(-486.498,-294.598,-8.474));
#3512=CARTESIAN_POINT('',(-422.495,-351.644,-10.138));
#3513=CARTESIAN_POINT('',(-328.075,-363.626,-9.413));
#3514=CARTESIAN_POINT('',(-275.443,-406.061,-19.729));
#3515=CARTESIAN_POINT('',(-294.541,-483.243,-19.997));
#3516=CARTESIAN_POINT('',(-358.982,-509.833,-12.746));
#3517=CARTESIAN_POINT('',(-419.855,-534.873,-3.671));
#3518=CARTESIAN_POINT('',(-479.76,-625.328,15.278));
#3519=CARTESIAN_POINT('',(-408.677,-653.971,-10.408));
#3520=CARTESIAN_POINT('',(-381.489,-644.877,-14.606));
#3521=CARTESIAN_POINT('',(-673.649,596.733,60.933));
#3522=CARTESIAN_POINT('',(-669.619,584.682,59.234));
#3523=CARTESIAN_POINT('',(-667.362,559.038,57.628));
#3524=CARTESIAN_POINT('',(-659.999,516.924,55.451));
#3525=CARTESIAN_POINT('',(-662.997,473.205,51.643));
#3526=CARTESIAN_POINT('',(-694.833,415.925,43.826));
#3527=CARTESIAN_POINT('',(-696.929,346.337,40.943));
#3528=CARTESIAN_POINT('',(-704.764,264.136,27.855));
#3529=CARTESIAN_POINT('',(-636.928,214.292,28.606));
#3530=CARTESIAN_POINT('',(-615.717,155.273,21.565));
#3531=CARTESIAN_POINT('',(-656.407,77.354,7.995));
#3532=CARTESIAN_POINT('',(-649.53,-8.141,-7.675));
#3533=CARTESIAN_POINT('',(-633.65,-82.562,-19.161));
#3534=CARTESIAN_POINT('',(-599.514,-158.241,-28.78));
#3535=CARTESIAN_POINT('',(-554.485,-225.626,-33.));
#3536=CARTESIAN_POINT('',(-489.185,-282.049,-37.211));
#3537=CARTESIAN_POINT('',(-428.192,-343.276,-39.724));
#3538=CARTESIAN_POINT('',(-330.828,-360.334,-32.465));
#3539=CARTESIAN_POINT('',(-283.37,-405.638,-42.747));
#3540=CARTESIAN_POINT('',(-303.185,-485.577,-43.087));
#3541=CARTESIAN_POINT('',(-378.076,-502.63,-49.516));
#3542=CARTESIAN_POINT('',(-438.08,-536.12,-53.092));
#3543=CARTESIAN_POINT('',(-500.567,-628.211,-71.976));
#3544=CARTESIAN_POINT('',(-420.033,-654.74,-61.085));
#3545=CARTESIAN_POINT('',(-389.922,-646.439,-62.07));
#3546=CARTESIAN_POINT('',(-643.109,615.59,6.032));
#3547=CARTESIAN_POINT('',(-649.159,604.076,4.452));
#3548=CARTESIAN_POINT('',(-640.764,583.472,10.781));
#3549=CARTESIAN_POINT('',(-640.723,550.283,15.611));
#3550=CARTESIAN_POINT('',(-644.17,500.491,15.328));
#3551=CARTESIAN_POINT('',(-676.092,448.589,11.721));
#3552=CARTESIAN_POINT('',(-688.568,377.759,8.538));
#3553=CARTESIAN_POINT('',(-694.147,297.334,0.268));
#3554=CARTESIAN_POINT('',(-664.895,229.098,-3.694));
#3555=CARTESIAN_POINT('',(-599.2,179.415,0.914));
#3556=CARTESIAN_POINT('',(-648.226,99.138,-19.01));
#3557=CARTESIAN_POINT('',(-638.223,12.518,-35.199));
#3558=CARTESIAN_POINT('',(-641.171,-69.702,-53.88));
#3559=CARTESIAN_POINT('',(-592.311,-141.332,-60.256));
#3560=CARTESIAN_POINT('',(-559.993,-214.228,-68.7));
#3561=CARTESIAN_POINT('',(-489.196,-268.79,-68.01));
#3562=CARTESIAN_POINT('',(-431.965,-334.599,-70.441));
#3563=CARTESIAN_POINT('',(-333.146,-352.757,-58.592));
#3564=CARTESIAN_POINT('',(-288.435,-399.672,-64.352));
#3565=CARTESIAN_POINT('',(-302.813,-481.968,-70.133));
#3566=CARTESIAN_POINT('',(-371.264,-512.482,-89.185));
#3567=CARTESIAN_POINT('',(-417.103,-544.747,-110.552));
#3568=CARTESIAN_POINT('',(-460.538,-629.505,-134.262));
#3569=CARTESIAN_POINT('',(-412.425,-659.184,-120.831));
#3570=CARTESIAN_POINT('',(-378.17,-648.504,-112.73));
#3571=CARTESIAN_POINT('',(-593.926,634.919,-47.123));
#3572=CARTESIAN_POINT('',(-597.436,627.938,-44.628));
#3573=CARTESIAN_POINT('',(-608.629,607.662,-42.708));
#3574=CARTESIAN_POINT('',(-608.475,574.664,-29.432));
#3575=CARTESIAN_POINT('',(-621.441,535.186,-19.861));
#3576=CARTESIAN_POINT('',(-649.349,480.812,-21.294));
#3577=CARTESIAN_POINT('',(-675.005,413.503,-21.671));
#3578=CARTESIAN_POINT('',(-671.773,335.704,-25.254));
#3579=CARTESIAN_POINT('',(-678.007,252.983,-36.284));
#3580=CARTESIAN_POINT('',(-599.988,201.488,-22.961));
#3581=CARTESIAN_POINT('',(-624.555,125.977,-41.109));
#3582=CARTESIAN_POINT('',(-628.338,36.085,-58.508));
#3583=CARTESIAN_POINT('',(-631.173,-52.571,-84.589));
#3584=CARTESIAN_POINT('',(-591.884,-123.977,-91.071));
#3585=CARTESIAN_POINT('',(-555.472,-202.456,-102.654));
#3586=CARTESIAN_POINT('',(-488.259,-250.562,-96.708));
#3587=CARTESIAN_POINT('',(-432.093,-327.459,-99.797));
#3588=CARTESIAN_POINT('',(-338.753,-345.168,-83.929));
#3589=CARTESIAN_POINT('',(-288.531,-391.882,-86.793));
#3590=CARTESIAN_POINT('',(-297.408,-473.08,-94.136));
#3591=CARTESIAN_POINT('',(-345.618,-518.099,-120.217));
#3592=CARTESIAN_POINT('',(-391.383,-547.607,-145.157));
#3593=CARTESIAN_POINT('',(-422.533,-610.625,-197.225));
#3594=CARTESIAN_POINT('',(-383.964,-656.765,-170.102));
#3595=CARTESIAN_POINT('',(-355.847,-648.414,-154.579));
#3596=CARTESIAN_POINT('',(-538.01,645.632,-100.32));
#3597=CARTESIAN_POINT('',(-543.876,640.773,-101.166));
#3598=CARTESIAN_POINT('',(-553.679,628.39,-93.384));
#3599=CARTESIAN_POINT('',(-577.577,607.813,-87.134));
#3600=CARTESIAN_POINT('',(-591.249,564.356,-62.628));
#3601=CARTESIAN_POINT('',(-620.374,518.19,-51.433));
#3602=CARTESIAN_POINT('',(-654.706,451.508,-54.819));
#3603=CARTESIAN_POINT('',(-654.085,373.642,-49.212));
#3604=CARTESIAN_POINT('',(-667.669,290.075,-64.554));
#3605=CARTESIAN_POINT('',(-614.341,222.052,-49.132));
#3606=CARTESIAN_POINT('',(-600.919,153.147,-61.934));
#3607=CARTESIAN_POINT('',(-623.801,63.27,-84.354));
#3608=CARTESIAN_POINT('',(-617.704,-28.901,-110.306));
#3609=CARTESIAN_POINT('',(-593.842,-104.733,-125.456));
#3610=CARTESIAN_POINT('',(-552.782,-193.19,-135.917));
#3611=CARTESIAN_POINT('',(-490.406,-239.012,-129.816));
#3612=CARTESIAN_POINT('',(-423.1,-311.015,-127.136));
#3613=CARTESIAN_POINT('',(-347.495,-344.809,-112.813));
#3614=CARTESIAN_POINT('',(-281.851,-374.999,-105.209));
#3615=CARTESIAN_POINT('',(-289.788,-464.513,-121.189));
#3616=CARTESIAN_POINT('',(-316.296,-514.229,-137.486));
#3617=CARTESIAN_POINT('',(-353.462,-552.345,-181.116));
#3618=CARTESIAN_POINT('',(-347.936,-604.412,-192.659));
#3619=CARTESIAN_POINT('',(-341.088,-648.295,-206.153));
#3620=CARTESIAN_POINT('',(-312.253,-647.814,-190.482));
#3621=CARTESIAN_POINT('',(-510.961,669.566,-146.362));
#3622=CARTESIAN_POINT('',(-509.891,663.899,-144.554));
#3623=CARTESIAN_POINT('',(-520.497,649.097,-141.619));
#3624=CARTESIAN_POINT('',(-524.36,623.563,-127.408));
#3625=CARTESIAN_POINT('',(-556.486,599.195,-115.633));
#3626=CARTESIAN_POINT('',(-577.949,549.188,-84.323));
#3627=CARTESIAN_POINT('',(-621.232,488.598,-78.447));
#3628=CARTESIAN_POINT('',(-642.828,407.908,-78.67));
#3629=CARTESIAN_POINT('',(-650.789,327.192,-89.37));
#3630=CARTESIAN_POINT('',(-620.726,248.162,-78.171));
#3631=CARTESIAN_POINT('',(-580.255,178.561,-74.545));
#3632=CARTESIAN_POINT('',(-610.576,90.229,-109.536));
#3633=CARTESIAN_POINT('',(-607.844,0.466,-134.281));
#3634=CARTESIAN_POINT('',(-585.528,-78.632,-153.53));
#3635=CARTESIAN_POINT('',(-545.783,-172.132,-168.218));
#3636=CARTESIAN_POINT('',(-488.056,-232.039,-163.266));
#3637=CARTESIAN_POINT('',(-413.415,-290.992,-151.505));
#3638=CARTESIAN_POINT('',(-345.235,-337.753,-140.511));
#3639=CARTESIAN_POINT('',(-278.648,-361.153,-124.764));
#3640=CARTESIAN_POINT('',(-276.425,-447.325,-142.253));
#3641=CARTESIAN_POINT('',(-288.,-509.989,-156.842));
#3642=CARTESIAN_POINT('',(-305.717,-551.645,-194.348));
#3643=CARTESIAN_POINT('',(-310.557,-601.39,-208.322));
#3644=CARTESIAN_POINT('',(-288.186,-629.081,-232.768));
#3645=CARTESIAN_POINT('',(-277.865,-644.499,-208.31));
#3646=CARTESIAN_POINT('',(-514.296,704.63,-208.052));
#3647=CARTESIAN_POINT('',(-517.368,699.196,-212.148));
#3648=CARTESIAN_POINT('',(-511.105,684.936,-201.679));
#3649=CARTESIAN_POINT('',(-509.373,658.166,-183.132));
#3650=CARTESIAN_POINT('',(-511.207,618.774,-148.705));
#3651=CARTESIAN_POINT('',(-542.356,585.696,-132.124));
#3652=CARTESIAN_POINT('',(-576.82,525.172,-101.306));
#3653=CARTESIAN_POINT('',(-616.261,442.814,-97.78));
#3654=CARTESIAN_POINT('',(-638.317,359.637,-115.098));
#3655=CARTESIAN_POINT('',(-619.333,275.527,-107.976));
#3656=CARTESIAN_POINT('',(-566.595,199.866,-86.714));
#3657=CARTESIAN_POINT('',(-592.866,117.146,-130.934));
#3658=CARTESIAN_POINT('',(-594.973,28.686,-155.435));
#3659=CARTESIAN_POINT('',(-573.671,-54.648,-179.077));
#3660=CARTESIAN_POINT('',(-532.221,-143.034,-192.224));
#3661=CARTESIAN_POINT('',(-480.13,-219.057,-194.212));
#3662=CARTESIAN_POINT('',(-404.982,-274.985,-177.608));
#3663=CARTESIAN_POINT('',(-337.335,-320.005,-162.703));
#3664=CARTESIAN_POINT('',(-275.557,-353.253,-146.735));
#3665=CARTESIAN_POINT('',(-266.419,-431.162,-164.718));
#3666=CARTESIAN_POINT('',(-256.166,-496.085,-169.593));
#3667=CARTESIAN_POINT('',(-272.863,-553.761,-206.249));
#3668=CARTESIAN_POINT('',(-251.757,-586.117,-223.944));
#3669=CARTESIAN_POINT('',(-265.336,-647.286,-239.745));
#3670=CARTESIAN_POINT('',(-225.873,-649.49,-218.278));
#3671=CARTESIAN_POINT('',(-521.31,754.955,-300.993));
#3672=CARTESIAN_POINT('',(-522.086,747.762,-301.759));
#3673=CARTESIAN_POINT('',(-533.657,721.856,-294.594));
#3674=CARTESIAN_POINT('',(-513.244,683.187,-255.168));
#3675=CARTESIAN_POINT('',(-508.742,650.106,-212.637));
#3676=CARTESIAN_POINT('',(-503.012,602.962,-154.267));
#3677=CARTESIAN_POINT('',(-542.971,561.416,-139.991));
#3678=CARTESIAN_POINT('',(-579.843,479.142,-110.212));
#3679=CARTESIAN_POINT('',(-614.709,392.724,-131.981));
#3680=CARTESIAN_POINT('',(-613.501,299.986,-136.117));
#3681=CARTESIAN_POINT('',(-554.741,221.476,-100.716));
#3682=CARTESIAN_POINT('',(-571.425,142.112,-143.713));
#3683=CARTESIAN_POINT('',(-574.119,50.393,-174.729));
#3684=CARTESIAN_POINT('',(-558.234,-32.249,-201.156));
#3685=CARTESIAN_POINT('',(-521.87,-121.345,-219.585));
#3686=CARTESIAN_POINT('',(-465.66,-199.049,-220.237));
#3687=CARTESIAN_POINT('',(-398.647,-261.705,-206.917));
#3688=CARTESIAN_POINT('',(-326.992,-302.425,-184.386));
#3689=CARTESIAN_POINT('',(-271.116,-342.085,-168.638));
#3690=CARTESIAN_POINT('',(-248.773,-416.358,-184.496));
#3691=CARTESIAN_POINT('',(-234.338,-484.145,-182.349));
#3692=CARTESIAN_POINT('',(-228.984,-543.328,-212.845));
#3693=CARTESIAN_POINT('',(-238.823,-596.319,-232.218));
#3694=CARTESIAN_POINT('',(-203.185,-632.407,-242.051));
#3695=CARTESIAN_POINT('',(-199.725,-637.862,-246.298));
#3696=CARTESIAN_POINT('',(-531.079,797.317,-417.775));
#3697=CARTESIAN_POINT('',(-535.202,786.462,-420.187));
#3698=CARTESIAN_POINT('',(-523.641,757.069,-406.61));
#3699=CARTESIAN_POINT('',(-512.975,715.581,-345.116));
#3700=CARTESIAN_POINT('',(-502.278,663.006,-274.967));
#3701=CARTESIAN_POINT('',(-508.856,622.923,-211.462));
#3702=CARTESIAN_POINT('',(-499.787,580.07,-153.401));
#3703=CARTESIAN_POINT('',(-554.04,517.14,-142.627));
#3704=CARTESIAN_POINT('',(-580.727,422.871,-130.939));
#3705=CARTESIAN_POINT('',(-600.348,326.647,-159.769));
#3706=CARTESIAN_POINT('',(-546.336,239.802,-116.945));
#3707=CARTESIAN_POINT('',(-548.192,164.828,-151.214));
#3708=CARTESIAN_POINT('',(-554.745,70.277,-192.763));
#3709=CARTESIAN_POINT('',(-536.701,-16.205,-220.549));
#3710=CARTESIAN_POINT('',(-510.295,-101.365,-246.862));
#3711=CARTESIAN_POINT('',(-451.963,-180.436,-245.539));
#3712=CARTESIAN_POINT('',(-389.412,-248.103,-236.96));
#3713=CARTESIAN_POINT('',(-316.734,-284.531,-206.558));
#3714=CARTESIAN_POINT('',(-259.656,-327.419,-186.325));
#3715=CARTESIAN_POINT('',(-234.486,-402.886,-204.498));
#3716=CARTESIAN_POINT('',(-204.251,-471.175,-192.298));
#3717=CARTESIAN_POINT('',(-208.466,-534.149,-223.003));
#3718=CARTESIAN_POINT('',(-189.199,-589.086,-229.389));
#3719=CARTESIAN_POINT('',(-190.841,-611.466,-260.624));
#3720=CARTESIAN_POINT('',(-188.956,-622.111,-274.305));
#3721=CARTESIAN_POINT('',(-538.373,829.685,-494.085));
#3722=CARTESIAN_POINT('',(-538.488,812.225,-498.767));
#3723=CARTESIAN_POINT('',(-507.716,779.313,-477.363));
#3724=CARTESIAN_POINT('',(-488.292,742.685,-427.784));
#3725=CARTESIAN_POINT('',(-485.523,679.502,-338.142));
#3726=CARTESIAN_POINT('',(-514.549,627.387,-266.825));
#3727=CARTESIAN_POINT('',(-486.949,595.709,-186.529));
#3728=CARTESIAN_POINT('',(-516.276,541.406,-154.775));
#3729=CARTESIAN_POINT('',(-558.688,451.442,-146.413));
#3730=CARTESIAN_POINT('',(-576.026,348.97,-164.814));
#3731=CARTESIAN_POINT('',(-539.706,259.097,-139.511));
#3732=CARTESIAN_POINT('',(-526.315,181.79,-154.912));
#3733=CARTESIAN_POINT('',(-535.087,90.345,-210.829));
#3734=CARTESIAN_POINT('',(-518.835,-0.88,-241.852));
#3735=CARTESIAN_POINT('',(-490.818,-84.969,-271.2));
#3736=CARTESIAN_POINT('',(-438.609,-162.998,-271.11));
#3737=CARTESIAN_POINT('',(-375.786,-233.019,-265.693));
#3738=CARTESIAN_POINT('',(-306.505,-271.513,-230.06));
#3739=CARTESIAN_POINT('',(-246.897,-311.851,-203.601));
#3740=CARTESIAN_POINT('',(-212.63,-391.318,-222.003));
#3741=CARTESIAN_POINT('',(-181.391,-459.144,-201.648));
#3742=CARTESIAN_POINT('',(-169.639,-529.328,-220.276));
#3743=CARTESIAN_POINT('',(-179.156,-572.426,-263.687));
#3744=CARTESIAN_POINT('',(-181.637,-595.487,-293.698));
#3745=CARTESIAN_POINT('',(-178.058,-609.485,-305.161));
#3746=CARTESIAN_POINT('',(-534.014,862.476,-577.565));
#3747=CARTESIAN_POINT('',(-517.517,845.904,-573.048));
#3748=CARTESIAN_POINT('',(-491.04,815.746,-535.879));
#3749=CARTESIAN_POINT('',(-474.879,746.087,-492.731));
#3750=CARTESIAN_POINT('',(-477.846,682.687,-404.779));
#3751=CARTESIAN_POINT('',(-507.621,630.024,-316.892));
#3752=CARTESIAN_POINT('',(-486.166,596.573,-225.374));
#3753=CARTESIAN_POINT('',(-488.628,561.07,-168.053));
#3754=CARTESIAN_POINT('',(-531.384,476.678,-157.3));
#3755=CARTESIAN_POINT('',(-556.031,371.873,-171.327));
#3756=CARTESIAN_POINT('',(-529.132,271.723,-159.649));
#3757=CARTESIAN_POINT('',(-507.513,198.709,-160.356));
#3758=CARTESIAN_POINT('',(-514.098,107.348,-222.585));
#3759=CARTESIAN_POINT('',(-494.002,16.426,-255.976));
#3760=CARTESIAN_POINT('',(-465.188,-66.28,-283.533));
#3761=CARTESIAN_POINT('',(-417.425,-145.736,-291.211));
#3762=CARTESIAN_POINT('',(-356.385,-215.307,-285.047));
#3763=CARTESIAN_POINT('',(-288.677,-259.317,-253.566));
#3764=CARTESIAN_POINT('',(-230.379,-299.596,-216.994));
#3765=CARTESIAN_POINT('',(-189.749,-380.443,-236.644));
#3766=CARTESIAN_POINT('',(-152.646,-447.615,-211.391));
#3767=CARTESIAN_POINT('',(-146.257,-519.252,-233.662));
#3768=CARTESIAN_POINT('',(-162.406,-551.781,-288.814));
#3769=CARTESIAN_POINT('',(-162.825,-584.738,-316.276));
#3770=CARTESIAN_POINT('',(-168.264,-594.552,-336.811));
#3771=CARTESIAN_POINT('',(-499.268,912.037,-657.889));
#3772=CARTESIAN_POINT('',(-481.79,888.593,-636.528));
#3773=CARTESIAN_POINT('',(-463.587,826.112,-607.571));
#3774=CARTESIAN_POINT('',(-456.819,748.052,-543.901));
#3775=CARTESIAN_POINT('',(-478.17,678.557,-462.437));
#3776=CARTESIAN_POINT('',(-494.698,626.592,-364.402));
#3777=CARTESIAN_POINT('',(-479.437,594.626,-265.124));
#3778=CARTESIAN_POINT('',(-474.714,566.809,-182.683));
#3779=CARTESIAN_POINT('',(-501.867,498.253,-162.78));
#3780=CARTESIAN_POINT('',(-536.425,391.992,-180.392));
#3781=CARTESIAN_POINT('',(-515.418,284.738,-173.247));
#3782=CARTESIAN_POINT('',(-491.38,212.148,-168.27));
#3783=CARTESIAN_POINT('',(-492.751,124.259,-230.627));
#3784=CARTESIAN_POINT('',(-470.241,31.432,-267.104));
#3785=CARTESIAN_POINT('',(-437.752,-49.681,-290.369));
#3786=CARTESIAN_POINT('',(-393.52,-128.512,-304.922));
#3787=CARTESIAN_POINT('',(-329.846,-200.376,-300.48));
#3788=CARTESIAN_POINT('',(-266.826,-244.801,-263.294));
#3789=CARTESIAN_POINT('',(-208.976,-292.944,-236.6));
#3790=CARTESIAN_POINT('',(-162.616,-366.773,-246.918));
#3791=CARTESIAN_POINT('',(-121.172,-439.76,-210.368));
#3792=CARTESIAN_POINT('',(-122.845,-502.5,-247.692));
#3793=CARTESIAN_POINT('',(-145.872,-531.393,-309.286));
#3794=CARTESIAN_POINT('',(-154.321,-564.374,-336.422));
#3795=CARTESIAN_POINT('',(-148.29,-576.45,-351.79));
#3796=CARTESIAN_POINT('',(-425.674,918.416,-723.819));
#3797=CARTESIAN_POINT('',(-431.89,882.108,-695.722));
#3798=CARTESIAN_POINT('',(-442.921,815.095,-658.254));
#3799=CARTESIAN_POINT('',(-441.663,729.05,-598.663));
#3800=CARTESIAN_POINT('',(-478.168,660.464,-508.374));
#3801=CARTESIAN_POINT('',(-484.256,619.361,-408.994));
#3802=CARTESIAN_POINT('',(-463.106,587.496,-298.685));
#3803=CARTESIAN_POINT('',(-467.003,570.035,-200.183));
#3804=CARTESIAN_POINT('',(-480.353,507.483,-169.908));
#3805=CARTESIAN_POINT('',(-516.641,409.293,-185.59));
#3806=CARTESIAN_POINT('',(-500.064,300.467,-182.183));
#3807=CARTESIAN_POINT('',(-474.49,221.438,-175.582));
#3808=CARTESIAN_POINT('',(-472.024,143.179,-236.075));
#3809=CARTESIAN_POINT('',(-444.773,42.635,-273.572));
#3810=CARTESIAN_POINT('',(-412.385,-36.168,-299.644));
#3811=CARTESIAN_POINT('',(-365.775,-112.416,-312.578));
#3812=CARTESIAN_POINT('',(-301.633,-188.417,-318.578));
#3813=CARTESIAN_POINT('',(-242.007,-226.778,-261.584));
#3814=CARTESIAN_POINT('',(-180.864,-288.475,-264.289));
#3815=CARTESIAN_POINT('',(-131.152,-355.523,-243.53));
#3816=CARTESIAN_POINT('',(-90.066,-425.006,-207.669));
#3817=CARTESIAN_POINT('',(-86.738,-500.147,-249.415));
#3818=CARTESIAN_POINT('',(-127.261,-500.218,-322.613));
#3819=CARTESIAN_POINT('',(-131.102,-552.933,-344.255));
#3820=CARTESIAN_POINT('',(-126.359,-559.194,-364.801));
#3821=CARTESIAN_POINT('',(-400.873,871.882,-747.783));
#3822=CARTESIAN_POINT('',(-408.008,850.334,-729.293));
#3823=CARTESIAN_POINT('',(-419.538,785.575,-703.231));
#3824=CARTESIAN_POINT('',(-442.654,713.552,-623.838));
#3825=CARTESIAN_POINT('',(-478.116,636.959,-537.524));
#3826=CARTESIAN_POINT('',(-461.94,611.952,-423.018));
#3827=CARTESIAN_POINT('',(-454.645,587.581,-310.286));
#3828=CARTESIAN_POINT('',(-457.521,561.878,-205.656));
#3829=CARTESIAN_POINT('',(-468.807,517.503,-172.778));
#3830=CARTESIAN_POINT('',(-500.689,414.979,-186.611));
#3831=CARTESIAN_POINT('',(-492.229,315.293,-188.652));
#3832=CARTESIAN_POINT('',(-462.314,225.506,-179.903));
#3833=CARTESIAN_POINT('',(-460.173,154.174,-239.389));
#3834=CARTESIAN_POINT('',(-427.123,48.708,-278.199));
#3835=CARTESIAN_POINT('',(-395.602,-25.475,-302.671));
#3836=CARTESIAN_POINT('',(-345.165,-104.966,-320.848));
#3837=CARTESIAN_POINT('',(-285.385,-176.077,-321.405));
#3838=CARTESIAN_POINT('',(-223.256,-216.27,-266.541));
#3839=CARTESIAN_POINT('',(-160.27,-287.535,-273.697));
#3840=CARTESIAN_POINT('',(-112.37,-341.629,-240.023));
#3841=CARTESIAN_POINT('',(-64.003,-417.901,-206.002));
#3842=CARTESIAN_POINT('',(-61.869,-492.817,-247.485));
#3843=CARTESIAN_POINT('',(-106.066,-495.802,-332.802));
#3844=CARTESIAN_POINT('',(-121.779,-540.793,-349.322));
#3845=CARTESIAN_POINT('',(-113.122,-538.096,-358.169));
#3846=CARTESIAN_POINT('',(-392.481,857.257,-757.074));
#3847=CARTESIAN_POINT('',(-395.679,836.296,-749.311));
#3848=CARTESIAN_POINT('',(-417.209,775.791,-714.));
#3849=CARTESIAN_POINT('',(-441.679,699.233,-639.434));
#3850=CARTESIAN_POINT('',(-469.298,629.998,-541.404));
#3851=CARTESIAN_POINT('',(-450.559,612.073,-426.211));
#3852=CARTESIAN_POINT('',(-450.424,582.958,-308.8));
#3853=CARTESIAN_POINT('',(-452.822,561.295,-206.79));
#3854=CARTESIAN_POINT('',(-464.689,517.473,-174.022));
#3855=CARTESIAN_POINT('',(-494.116,418.228,-189.398));
#3856=CARTESIAN_POINT('',(-486.829,319.837,-189.936));
#3857=CARTESIAN_POINT('',(-457.83,231.263,-181.523));
#3858=CARTESIAN_POINT('',(-452.773,157.095,-240.614));
#3859=CARTESIAN_POINT('',(-419.914,53.389,-281.929));
#3860=CARTESIAN_POINT('',(-387.05,-20.773,-303.875));
#3861=CARTESIAN_POINT('',(-336.808,-100.341,-325.753));
#3862=CARTESIAN_POINT('',(-277.788,-169.579,-323.243));
#3863=CARTESIAN_POINT('',(-215.62,-210.832,-271.774));
#3864=CARTESIAN_POINT('',(-152.848,-280.768,-276.076));
#3865=CARTESIAN_POINT('',(-102.484,-337.695,-243.383));
#3866=CARTESIAN_POINT('',(-50.709,-412.007,-203.73));
#3867=CARTESIAN_POINT('',(-46.606,-488.762,-248.45));
#3868=CARTESIAN_POINT('',(-99.963,-493.271,-336.453));
#3869=CARTESIAN_POINT('',(-103.945,-529.992,-350.934));
#3870=CARTESIAN_POINT('',(-107.406,-528.725,-356.497));
#3871=CARTESIAN_POINT('',(-82.785,230.191,278.902));
#3872=CARTESIAN_POINT('',(573.465,-512.494,347.566));
#3873=CARTESIAN_POINT('',(505.544,110.45,-337.905));
#3874=CARTESIAN_POINT('',(201.582,952.448,-420.898));
#3875=CARTESIAN_POINT('',(-612.972,296.763,429.784));
#3876=CARTESIAN_POINT('',(-392.481,857.257,-757.074));
#3877=CARTESIAN_POINT('',(-377.176,-557.056,316.43));
#3878=CARTESIAN_POINT('',(-107.406,-528.725,-356.497));
#3879=CARTESIAN_POINT('',(-82.785,230.191,278.902));
#3880=CARTESIAN_POINT('',(-76.597,226.764,281.155));
#3881=CARTESIAN_POINT('',(-59.481,215.307,289.382));
#3882=CARTESIAN_POINT('',(-28.676,198.067,303.675));
#3883=CARTESIAN_POINT('',(5.42999999999999,179.471,322.39));
#3884=CARTESIAN_POINT('',(43.077,162.769,343.795));
#3885=CARTESIAN_POINT('',(83.91,143.357,368.27));
#3886=CARTESIAN_POINT('',(128.636,113.737,375.035));
#3887=CARTESIAN_POINT('',(172.701,79.292,388.205));
#3888=CARTESIAN_POINT('',(207.878,75.771,436.795));
#3889=CARTESIAN_POINT('',(246.206,59.503,471.644));
#3890=CARTESIAN_POINT('',(286.188,31.598,504.546));
#3891=CARTESIAN_POINT('',(325.485,-10.29,510.269));
#3892=CARTESIAN_POINT('',(366.572,-52.207,524.699));
#3893=CARTESIAN_POINT('',(403.956,-98.8839999999999,516.714));
#3894=CARTESIAN_POINT('',(436.111,-147.594,502.762));
#3895=CARTESIAN_POINT('',(465.949,-196.957,501.046));
#3896=CARTESIAN_POINT('',(496.231,-248.043,475.666));
#3897=CARTESIAN_POINT('',(511.463,-298.524,455.414));
#3898=CARTESIAN_POINT('',(538.626,-347.004,430.624));
#3899=CARTESIAN_POINT('',(564.738,-400.49,419.527));
#3900=CARTESIAN_POINT('',(563.228,-439.77,384.129));
#3901=CARTESIAN_POINT('',(568.618,-475.739,343.307));
#3902=CARTESIAN_POINT('',(569.166,-509.494,350.53));
#3903=CARTESIAN_POINT('',(573.465,-512.494,347.566));
#3904=CARTESIAN_POINT('',(573.465,-512.494,347.566));
#3905=CARTESIAN_POINT('',(581.559,-510.455,343.449));
#3906=CARTESIAN_POINT('',(602.004,-498.98,324.258));
#3907=CARTESIAN_POINT('',(645.382,-477.088,306.301));
#3908=CARTESIAN_POINT('',(686.764,-455.572,273.911));
#3909=CARTESIAN_POINT('',(731.782,-440.151,237.277));
#3910=CARTESIAN_POINT('',(798.159,-431.153,261.792));
#3911=CARTESIAN_POINT('',(861.745,-408.519,240.656));
#3912=CARTESIAN_POINT('',(924.702,-378.327,208.114));
#3913=CARTESIAN_POINT('',(972.708,-340.791,156.642));
#3914=CARTESIAN_POINT('',(998.537,-295.713,92.063));
#3915=CARTESIAN_POINT('',(992.362,-253.738,22.469));
#3916=CARTESIAN_POINT('',(943.66,-222.467,-42.51));
#3917=CARTESIAN_POINT('',(859.149,-242.517,-42.871));
#3918=CARTESIAN_POINT('',(823.615,-198.08,-74.048));
#3919=CARTESIAN_POINT('',(816.778,-144.451,-130.887));
#3920=CARTESIAN_POINT('',(793.063,-92.257,-178.326));
#3921=CARTESIAN_POINT('',(778.34,-43.706,-227.975));
#3922=CARTESIAN_POINT('',(727.122,-0.254999999999982,-255.575));
#3923=CARTESIAN_POINT('',(680.379,36.711,-284.291));
#3924=CARTESIAN_POINT('',(630.461,68.492,-305.125));
#3925=CARTESIAN_POINT('',(585.658,93.765,-322.966));
#3926=CARTESIAN_POINT('',(539.949,110.276,-333.079));
#3927=CARTESIAN_POINT('',(514.988,110.727,-338.499));
#3928=CARTESIAN_POINT('',(505.544,110.45,-337.905));
#3929=CARTESIAN_POINT('',(505.544,110.45,-337.905));
#3930=CARTESIAN_POINT('',(503.125,119.028,-335.196));
#3931=CARTESIAN_POINT('',(492.645,141.779,-310.668));
#3932=CARTESIAN_POINT('',(459.481,171.486,-314.432));
#3933=CARTESIAN_POINT('',(423.368,204.339,-316.169));
#3934=CARTESIAN_POINT('',(376.136,244.199,-316.949));
#3935=CARTESIAN_POINT('',(323.353,264.946,-290.528));
#3936=CARTESIAN_POINT('',(267.537,284.325,-261.785));
#3937=CARTESIAN_POINT('',(204.779,309.425,-245.645));
#3938=CARTESIAN_POINT('',(146.181,310.051,-209.251));
#3939=CARTESIAN_POINT('',(69.758,328.049,-188.93));
#3940=CARTESIAN_POINT('',(-7.222,329.368,-151.747));
#3941=CARTESIAN_POINT('',(-74.155,372.04,-145.857));
#3942=CARTESIAN_POINT('',(-134.29,387.144,-122.134));
#3943=CARTESIAN_POINT('',(-194.487,406.018,-87.666));
#3944=CARTESIAN_POINT('',(-219.284,468.78,-88.587));
#3945=CARTESIAN_POINT('',(-241.383,530.896,-81.404));
#3946=CARTESIAN_POINT('',(-222.808,578.738,-96.544));
#3947=CARTESIAN_POINT('',(-178.908,610.605,-132.839));
#3948=CARTESIAN_POINT('',(-98.519,677.43,-193.492));
#3949=CARTESIAN_POINT('',(4.298,742.905,-250.132));
#3950=CARTESIAN_POINT('',(88.395,811.168,-293.572));
#3951=CARTESIAN_POINT('',(165.595,869.1,-358.656));
#3952=CARTESIAN_POINT('',(186.61,923.088,-416.172));
#3953=CARTESIAN_POINT('',(201.582,952.448,-420.898));
#3954=CARTESIAN_POINT('',(201.582,952.448,-420.898));
#3955=CARTESIAN_POINT('',(232.461,946.395,-413.008));
#3956=CARTESIAN_POINT('',(215.949,906.606,-350.29));
#3957=CARTESIAN_POINT('',(166.241,858.234,-284.108));
#3958=CARTESIAN_POINT('',(106.921,809.014,-221.414));
#3959=CARTESIAN_POINT('',(41.231,782.828,-168.758));
#3960=CARTESIAN_POINT('',(-13.81,750.398,-103.96));
#3961=CARTESIAN_POINT('',(-80.017,720.978,-56.391));
#3962=CARTESIAN_POINT('',(-148.832,665.718,-24.411));
#3963=CARTESIAN_POINT('',(-200.315,625.345,4.76099999999997));
#3964=CARTESIAN_POINT('',(-230.345,588.961,37.221));
#3965=CARTESIAN_POINT('',(-227.814,548.818,79.722));
#3966=CARTESIAN_POINT('',(-221.566,507.596,103.388));
#3967=CARTESIAN_POINT('',(-203.935,468.792,126.225));
#3968=CARTESIAN_POINT('',(-181.546,430.785,140.645));
#3969=CARTESIAN_POINT('',(-172.621,391.743,147.489));
#3970=CARTESIAN_POINT('',(-160.583,356.288,152.847));
#3971=CARTESIAN_POINT('',(-137.907,335.889,169.425));
#3972=CARTESIAN_POINT('',(-121.056,327.308,196.412));
#3973=CARTESIAN_POINT('',(-104.199,310.936,216.815));
#3974=CARTESIAN_POINT('',(-95.174,291.335,235.516));
#3975=CARTESIAN_POINT('',(-88.317,269.128,252.435));
#3976=CARTESIAN_POINT('',(-81.394,248.958,265.448));
#3977=CARTESIAN_POINT('',(-82.129,236.724,274.408));
#3978=CARTESIAN_POINT('',(-82.785,230.191,278.902));
#3979=CARTESIAN_POINT('',(-612.972,296.763,429.784));
#3980=CARTESIAN_POINT('',(-603.461,298.904,432.91));
#3981=CARTESIAN_POINT('',(-585.586,296.824,436.548));
#3982=CARTESIAN_POINT('',(-552.093,300.442,444.912));
#3983=CARTESIAN_POINT('',(-526.603,296.574,464.326));
#3984=CARTESIAN_POINT('',(-495.616,293.312,480.07));
#3985=CARTESIAN_POINT('',(-461.442,292.462,481.24));
#3986=CARTESIAN_POINT('',(-424.196,289.133,477.219));
#3987=CARTESIAN_POINT('',(-395.834,286.149,449.934));
#3988=CARTESIAN_POINT('',(-378.758,282.48,416.202));
#3989=CARTESIAN_POINT('',(-365.645,280.771,384.667));
#3990=CARTESIAN_POINT('',(-353.398,280.346,355.405));
#3991=CARTESIAN_POINT('',(-334.594,274.976,329.72));
#3992=CARTESIAN_POINT('',(-313.099,264.156,313.603));
#3993=CARTESIAN_POINT('',(-293.108,254.584,298.807));
#3994=CARTESIAN_POINT('',(-269.965,235.088,285.808));
#3995=CARTESIAN_POINT('',(-240.949,222.669,290.84));
#3996=CARTESIAN_POINT('',(-216.499,220.753,294.389));
#3997=CARTESIAN_POINT('',(-190.37,215.991,296.666));
#3998=CARTESIAN_POINT('',(-167.796,219.844,294.754));
#3999=CARTESIAN_POINT('',(-148.298,225.081,288.912));
#4000=CARTESIAN_POINT('',(-125.011,228.412,285.675));
#4001=CARTESIAN_POINT('',(-101.948,229.616,282.348));
#4002=CARTESIAN_POINT('',(-90.512,229.899,279.936));
#4003=CARTESIAN_POINT('',(-82.785,230.191,278.902));
#4004=CARTESIAN_POINT('',(201.582,952.448,-420.898));
#4005=CARTESIAN_POINT('',(186.303,977.837,-421.95));
#4006=CARTESIAN_POINT('',(135.23,1004.657,-374.605));
#4007=CARTESIAN_POINT('',(68.581,977.633,-306.008));
#4008=CARTESIAN_POINT('',(-4.421,935.408,-260.427));
#4009=CARTESIAN_POINT('',(-68.253,900.895,-229.545));
#4010=CARTESIAN_POINT('',(-136.93,862.991,-189.751));
#4011=CARTESIAN_POINT('',(-190.88,817.534,-157.991));
#4012=CARTESIAN_POINT('',(-235.926,775.142,-132.214));
#4013=CARTESIAN_POINT('',(-271.476,735.786,-111.388));
#4014=CARTESIAN_POINT('',(-299.2,706.127,-95.138));
#4015=CARTESIAN_POINT('',(-322.835,679.454,-88.699));
#4016=CARTESIAN_POINT('',(-356.463,655.373,-98.641));
#4017=CARTESIAN_POINT('',(-373.705,655.3,-134.3));
#4018=CARTESIAN_POINT('',(-374.053,668.553,-174.042));
#4019=CARTESIAN_POINT('',(-370.957,683.695,-215.382));
#4020=CARTESIAN_POINT('',(-363.059,704.204,-264.023));
#4021=CARTESIAN_POINT('',(-356.444,729.222,-324.978));
#4022=CARTESIAN_POINT('',(-352.997,758.124,-402.052));
#4023=CARTESIAN_POINT('',(-358.842,782.351,-491.769));
#4024=CARTESIAN_POINT('',(-360.457,813.789,-573.961));
#4025=CARTESIAN_POINT('',(-364.043,845.206,-655.293));
#4026=CARTESIAN_POINT('',(-327.499,879.127,-759.385));
#4027=CARTESIAN_POINT('',(-373.328,863.777,-790.225));
#4028=CARTESIAN_POINT('',(-392.481,857.257,-757.074));
#4029=CARTESIAN_POINT('',(-392.481,857.257,-757.074));
#4030=CARTESIAN_POINT('',(-400.873,871.882,-747.783));
#4031=CARTESIAN_POINT('',(-425.674,918.416,-723.819));
#4032=CARTESIAN_POINT('',(-499.268,912.037,-657.889));
#4033=CARTESIAN_POINT('',(-534.014,862.476,-577.565));
#4034=CARTESIAN_POINT('',(-538.373,829.685,-494.085));
#4035=CARTESIAN_POINT('',(-531.079,797.317,-417.775));
#4036=CARTESIAN_POINT('',(-521.31,754.955,-300.993));
#4037=CARTESIAN_POINT('',(-514.296,704.63,-208.052));
#4038=CARTESIAN_POINT('',(-510.961,669.566,-146.362));
#4039=CARTESIAN_POINT('',(-538.01,645.632,-100.32));
#4040=CARTESIAN_POINT('',(-593.926,634.919,-47.123));
#4041=CARTESIAN_POINT('',(-643.109,615.59,6.03199999999996));
#4042=CARTESIAN_POINT('',(-673.649,596.733,60.933));
#4043=CARTESIAN_POINT('',(-680.045,564.236,118.027));
#4044=CARTESIAN_POINT('',(-664.159,530.568,166.033));
#4045=CARTESIAN_POINT('',(-649.098,496.584,210.932));
#4046=CARTESIAN_POINT('',(-659.962,464.163,254.863));
#4047=CARTESIAN_POINT('',(-665.971,435.396,298.863));
#4048=CARTESIAN_POINT('',(-669.075,405.641,337.586));
#4049=CARTESIAN_POINT('',(-667.975,375.649,373.666));
#4050=CARTESIAN_POINT('',(-655.491,346.342,401.566));
#4051=CARTESIAN_POINT('',(-634.215,319.737,421.992));
#4052=CARTESIAN_POINT('',(-619.159,303.293,428.048));
#4053=CARTESIAN_POINT('',(-612.972,296.763,429.784));
#4054=CARTESIAN_POINT('',(-377.176,-557.056,316.43));
#4055=CARTESIAN_POINT('',(-376.397,-563.4,326.019));
#4056=CARTESIAN_POINT('',(-369.356,-573.325,348.419));
#4057=CARTESIAN_POINT('',(-349.935,-600.991,391.591));
#4058=CARTESIAN_POINT('',(-292.756,-624.043,408.455));
#4059=CARTESIAN_POINT('',(-237.727,-627.991,388.714));
#4060=CARTESIAN_POINT('',(-187.043,-630.036,374.633));
#4061=CARTESIAN_POINT('',(-135.036,-628.146,353.26));
#4062=CARTESIAN_POINT('',(-77.103,-633.234,352.));
#4063=CARTESIAN_POINT('',(-26.479,-634.971,372.321));
#4064=CARTESIAN_POINT('',(21.197,-632.296,389.078));
#4065=CARTESIAN_POINT('',(74.3059999999999,-632.768,398.083));
#4066=CARTESIAN_POINT('',(127.112,-631.274,399.074));
#4067=CARTESIAN_POINT('',(180.741,-633.224,391.402));
#4068=CARTESIAN_POINT('',(236.234,-634.057,386.533));
#4069=CARTESIAN_POINT('',(289.999,-634.337,380.085));
#4070=CARTESIAN_POINT('',(343.766,-633.411,381.176));
#4071=CARTESIAN_POINT('',(391.338,-630.061,383.318));
#4072=CARTESIAN_POINT('',(438.542,-622.001,383.233));
#4073=CARTESIAN_POINT('',(484.402,-611.181,381.26));
#4074=CARTESIAN_POINT('',(520.841,-589.886,373.151));
#4075=CARTESIAN_POINT('',(549.663,-566.982,364.632));
#4076=CARTESIAN_POINT('',(570.971,-537.636,351.524));
#4077=CARTESIAN_POINT('',(571.52,-523.091,349.503));
#4078=CARTESIAN_POINT('',(573.465,-512.494,347.566));
#4079=CARTESIAN_POINT('',(505.544,110.45,-337.905));
#4080=CARTESIAN_POINT('',(497.833,104.156,-341.823));
#4081=CARTESIAN_POINT('',(496.622,86.937,-352.664));
#4082=CARTESIAN_POINT('',(482.969,49.61,-356.861));
#4083=CARTESIAN_POINT('',(466.881,23.41,-397.425));
#4084=CARTESIAN_POINT('',(451.414,-4.298,-431.64));
#4085=CARTESIAN_POINT('',(425.97,-40.781,-455.493));
#4086=CARTESIAN_POINT('',(394.333,-79.319,-466.991));
#4087=CARTESIAN_POINT('',(366.169,-116.087,-485.339));
#4088=CARTESIAN_POINT('',(333.335,-154.61,-496.795));
#4089=CARTESIAN_POINT('',(299.007,-194.359,-500.711));
#4090=CARTESIAN_POINT('',(265.324,-233.379,-500.792));
#4091=CARTESIAN_POINT('',(231.876,-273.47,-500.321));
#4092=CARTESIAN_POINT('',(200.464,-315.768,-503.837));
#4093=CARTESIAN_POINT('',(166.072,-356.474,-495.128));
#4094=CARTESIAN_POINT('',(133.244,-391.934,-476.234));
#4095=CARTESIAN_POINT('',(107.062,-420.581,-445.36));
#4096=CARTESIAN_POINT('',(82.217,-448.641,-422.494));
#4097=CARTESIAN_POINT('',(60.502,-476.882,-393.609));
#4098=CARTESIAN_POINT('',(25.25,-505.367,-391.759));
#4099=CARTESIAN_POINT('',(-19.415,-510.426,-399.54));
#4100=CARTESIAN_POINT('',(-57.091,-521.348,-393.05));
#4101=CARTESIAN_POINT('',(-90.372,-527.924,-378.829));
#4102=CARTESIAN_POINT('',(-98.273,-529.16,-364.66));
#4103=CARTESIAN_POINT('',(-107.406,-528.725,-356.497));
#4104=CARTESIAN_POINT('',(-107.406,-528.725,-356.497));
#4105=CARTESIAN_POINT('',(-113.122,-538.096,-358.169));
#4106=CARTESIAN_POINT('',(-126.359,-559.194,-364.801));
#4107=CARTESIAN_POINT('',(-148.29,-576.45,-351.79));
#4108=CARTESIAN_POINT('',(-168.264,-594.552,-336.811));
#4109=CARTESIAN_POINT('',(-178.058,-609.485,-305.161));
#4110=CARTESIAN_POINT('',(-188.956,-622.111,-274.305));
#4111=CARTESIAN_POINT('',(-199.725,-637.862,-246.298));
#4112=CARTESIAN_POINT('',(-225.873,-649.49,-218.278));
#4113=CARTESIAN_POINT('',(-277.865,-644.499,-208.31));
#4114=CARTESIAN_POINT('',(-312.253,-647.814,-190.482));
#4115=CARTESIAN_POINT('',(-355.847,-648.414,-154.579));
#4116=CARTESIAN_POINT('',(-378.17,-648.504,-112.73));
#4117=CARTESIAN_POINT('',(-389.922,-646.439,-62.07));
#4118=CARTESIAN_POINT('',(-381.489,-644.877,-14.606));
#4119=CARTESIAN_POINT('',(-364.91,-643.91,28.652));
#4120=CARTESIAN_POINT('',(-351.74,-643.967,65.654));
#4121=CARTESIAN_POINT('',(-343.5,-639.53,101.888));
#4122=CARTESIAN_POINT('',(-348.158,-634.971,134.431));
#4123=CARTESIAN_POINT('',(-370.613,-625.451,164.9));
#4124=CARTESIAN_POINT('',(-394.327,-612.03,200.52));
#4125=CARTESIAN_POINT('',(-400.855,-594.072,246.204));
#4126=CARTESIAN_POINT('',(-393.025,-575.709,286.849));
#4127=CARTESIAN_POINT('',(-385.938,-560.34,307.805));
#4128=CARTESIAN_POINT('',(-377.176,-557.056,316.43));
#4129=CARTESIAN_POINT('',(-612.972,296.763,429.784));
#4130=CARTESIAN_POINT('',(-614.291,288.26,428.919));
#4131=CARTESIAN_POINT('',(-624.162,273.538,419.743));
#4132=CARTESIAN_POINT('',(-625.494,232.494,392.238));
#4133=CARTESIAN_POINT('',(-606.25,202.835,345.185));
#4134=CARTESIAN_POINT('',(-575.385,196.737,302.332));
#4135=CARTESIAN_POINT('',(-529.355,176.529,254.541));
#4136=CARTESIAN_POINT('',(-543.81,107.006,259.265));
#4137=CARTESIAN_POINT('',(-550.549,50.236,276.175));
#4138=CARTESIAN_POINT('',(-545.217,-16.412,284.795));
#4139=CARTESIAN_POINT('',(-538.819,-76.37,295.846));
#4140=CARTESIAN_POINT('',(-509.26,-134.73,289.422));
#4141=CARTESIAN_POINT('',(-477.84,-189.606,282.938));
#4142=CARTESIAN_POINT('',(-436.237,-239.663,272.009));
#4143=CARTESIAN_POINT('',(-385.078,-277.52,252.383));
#4144=CARTESIAN_POINT('',(-334.046,-314.473,234.518));
#4145=CARTESIAN_POINT('',(-280.52,-327.396,210.666));
#4146=CARTESIAN_POINT('',(-239.696,-364.316,205.724));
#4147=CARTESIAN_POINT('',(-237.414,-417.526,217.904));
#4148=CARTESIAN_POINT('',(-244.55,-465.845,231.538));
#4149=CARTESIAN_POINT('',(-288.41,-487.334,258.352));
#4150=CARTESIAN_POINT('',(-326.704,-495.723,280.296));
#4151=CARTESIAN_POINT('',(-364.546,-520.15,303.063));
#4152=CARTESIAN_POINT('',(-373.308,-547.129,314.07));
#4153=CARTESIAN_POINT('',(-377.176,-557.056,316.43));
#4154=CARTESIAN_POINT('',(-392.481,857.257,-757.074));
#4155=CARTESIAN_POINT('',(-395.679,836.296,-749.311));
#4156=CARTESIAN_POINT('',(-417.209,775.791,-714.));
#4157=CARTESIAN_POINT('',(-441.679,699.233,-639.434));
#4158=CARTESIAN_POINT('',(-469.298,629.998,-541.404));
#4159=CARTESIAN_POINT('',(-450.559,612.073,-426.211));
#4160=CARTESIAN_POINT('',(-450.424,582.958,-308.8));
#4161=CARTESIAN_POINT('',(-452.822,561.295,-206.79));
#4162=CARTESIAN_POINT('',(-464.689,517.473,-174.022));
#4163=CARTESIAN_POINT('',(-494.116,418.228,-189.398));
#4164=CARTESIAN_POINT('',(-486.829,319.837,-189.936));
#4165=CARTESIAN_POINT('',(-457.83,231.263,-181.523));
#4166=CARTESIAN_POINT('',(-452.773,157.095,-240.614));
#4167=CARTESIAN_POINT('',(-419.914,53.389,-281.929));
#4168=CARTESIAN_POINT('',(-387.05,-20.773,-303.875));
#4169=CARTESIAN_POINT('',(-336.808,-100.341,-325.753));
#4170=CARTESIAN_POINT('',(-277.788,-169.579,-323.243));
#4171=CARTESIAN_POINT('',(-215.62,-210.832,-271.774));
#4172=CARTESIAN_POINT('',(-152.848,-280.768,-276.076));
#4173=CARTESIAN_POINT('',(-102.484,-337.695,-243.383));
#4174=CARTESIAN_POINT('',(-50.709,-412.007,-203.73));
#4175=CARTESIAN_POINT('',(-46.606,-488.762,-248.45));
#4176=CARTESIAN_POINT('',(-99.963,-493.271,-336.453));
#4177=CARTESIAN_POINT('',(-103.945,-529.992,-350.934));
#4178=CARTESIAN_POINT('',(-107.406,-528.725,-356.497));
#4179=CARTESIAN_POINT('',(0.,0.,0.));
ENDSEC;
END-ISO-10303-21;
