ISO-10303-21;
HEADER;
/* Generated by software containing ST-Developer
 * from STEP Tools, Inc. (www.steptools.com) 
 */
/* OPTION: using custom schema-name function */

FILE_DESCRIPTION(
/* description */ (''),
/* implementation_level */ '2;1');

FILE_NAME(
/* name */ 'duck',
/* time_stamp */ '2026-06-12T19:39:33+08:00',
/* author */ (''),
/* organization */ (''),
/* preprocessor_version */ 'ST-DEVELOPER v19.2',
/* originating_system */ 'Rhino 8.4',
/* authorisation */ '');

FILE_SCHEMA (('AUTOMOTIVE_DESIGN'));
ENDSEC;

DATA;
#10=SHAPE_REPRESENTATION_RELATIONSHIP('','',#113,#13);
#11=PRESENTATION_LAYER_ASSIGNMENT('IGES level 0','',(#12));
#12=MANIFOLD_SOLID_BREP('brep_1',#14);
#13=ADVANCED_BREP_SHAPE_REPRESENTATION('brep_rep_0',(#12,#115),#112);
#14=CLOSED_SHELL('',(#15,#16,#17,#18,#19,#20));
#15=ADVANCED_FACE('',(#21),#89,.T.);
#16=ADVANCED_FACE('',(#22),#90,.T.);
#17=ADVANCED_FACE('',(#23),#91,.T.);
#18=ADVANCED_FACE('',(#24),#92,.T.);
#19=ADVANCED_FACE('',(#25),#93,.T.);
#20=ADVANCED_FACE('',(#26),#94,.T.);
#21=FACE_OUTER_BOUND('',#27,.T.);
#22=FACE_OUTER_BOUND('',#28,.T.);
#23=FACE_OUTER_BOUND('',#29,.T.);
#24=FACE_OUTER_BOUND('',#30,.T.);
#25=FACE_OUTER_BOUND('',#31,.T.);
#26=FACE_OUTER_BOUND('',#32,.T.);
#27=EDGE_LOOP('',(#33,#34,#35,#36));
#28=EDGE_LOOP('',(#37,#38,#39,#40));
#29=EDGE_LOOP('',(#41,#42,#43,#44));
#30=EDGE_LOOP('',(#45,#46,#47,#48));
#31=EDGE_LOOP('',(#49,#50,#51,#52));
#32=EDGE_LOOP('',(#53,#54,#55,#56));
#33=ORIENTED_EDGE('',*,*,#57,.T.);
#34=ORIENTED_EDGE('',*,*,#58,.T.);
#35=ORIENTED_EDGE('',*,*,#59,.T.);
#36=ORIENTED_EDGE('',*,*,#60,.T.);
#37=ORIENTED_EDGE('',*,*,#64,.F.);
#38=ORIENTED_EDGE('',*,*,#63,.F.);
#39=ORIENTED_EDGE('',*,*,#62,.F.);
#40=ORIENTED_EDGE('',*,*,#61,.F.);
#41=ORIENTED_EDGE('',*,*,#65,.T.);
#42=ORIENTED_EDGE('',*,*,#61,.T.);
#43=ORIENTED_EDGE('',*,*,#66,.T.);
#44=ORIENTED_EDGE('',*,*,#57,.F.);
#45=ORIENTED_EDGE('',*,*,#59,.F.);
#46=ORIENTED_EDGE('',*,*,#68,.F.);
#47=ORIENTED_EDGE('',*,*,#63,.T.);
#48=ORIENTED_EDGE('',*,*,#67,.F.);
#49=ORIENTED_EDGE('',*,*,#60,.F.);
#50=ORIENTED_EDGE('',*,*,#67,.T.);
#51=ORIENTED_EDGE('',*,*,#64,.T.);
#52=ORIENTED_EDGE('',*,*,#65,.F.);
#53=ORIENTED_EDGE('',*,*,#66,.F.);
#54=ORIENTED_EDGE('',*,*,#62,.T.);
#55=ORIENTED_EDGE('',*,*,#68,.T.);
#56=ORIENTED_EDGE('',*,*,#58,.F.);
#57=EDGE_CURVE('',#81,#82,#69,.T.);
#58=EDGE_CURVE('',#82,#83,#70,.T.);
#59=EDGE_CURVE('',#83,#84,#71,.T.);
#60=EDGE_CURVE('',#84,#81,#72,.T.);
#61=EDGE_CURVE('',#85,#86,#73,.T.);
#62=EDGE_CURVE('',#86,#87,#74,.T.);
#63=EDGE_CURVE('',#87,#88,#75,.T.);
#64=EDGE_CURVE('',#88,#85,#76,.T.);
#65=EDGE_CURVE('',#81,#85,#77,.T.);
#66=EDGE_CURVE('',#86,#82,#78,.T.);
#67=EDGE_CURVE('',#84,#88,#79,.T.);
#68=EDGE_CURVE('',#87,#83,#80,.T.);
#69=(
BOUNDED_CURVE()
B_SPLINE_CURVE(3,(#3879,#3880,#3881,#3882,#3883,#3884,#3885,#3886,#3887,
#3888,#3889,#3890,#3891,#3892,#3893,#3894,#3895,#3896,#3897,#3898,#3899,
#3900,#3901,#3902,#3903),.UNSPECIFIED.,.F.,.F.)
B_SPLINE_CURVE_WITH_KNOTS((4,1,1,1,1,1,1,1,1,1,1,1,1,1,1,1,1,1,1,1,1,1,
4),(0.,0.045455,0.090909,0.136364,0.181818,0.227273,0.272727,0.318182,0.363636,
0.409091,0.454545,0.5,0.545455,0.590909,0.636364,0.681818,0.727273,0.772727,
0.818182,0.863636,0.909091,0.954545,1.),.UNSPECIFIED.)
CURVE()
GEOMETRIC_REPRESENTATION_ITEM()
RATIONAL_B_SPLINE_CURVE((1.,1.,1.,1.,1.,1.,1.,1.,1.,1.,1.,1.,1.,1.,1.,1.,
1.,1.,1.,1.,1.,1.,1.,1.,1.))
REPRESENTATION_ITEM('')
);
#70=(
BOUNDED_CURVE()
B_SPLINE_CURVE(3,(#3904,#3905,#3906,#3907,#3908,#3909,#3910,#3911,#3912,
#3913,#3914,#3915,#3916,#3917,#3918,#3919,#3920,#3921,#3922,#3923,#3924,
#3925,#3926,#3927,#3928),.UNSPECIFIED.,.F.,.F.)
B_SPLINE_CURVE_WITH_KNOTS((4,1,1,1,1,1,1,1,1,1,1,1,1,1,1,1,1,1,1,1,1,1,
4),(0.,0.045455,0.090909,0.136364,0.181818,0.227273,0.272727,0.318182,0.363636,
0.409091,0.454545,0.5,0.545455,0.590909,0.636364,0.681818,0.727273,0.772727,
0.818182,0.863636,0.909091,0.954545,1.),.UNSPECIFIED.)
CURVE()
GEOMETRIC_REPRESENTATION_ITEM()
RATIONAL_B_SPLINE_CURVE((1.,1.,1.,1.,1.,1.,1.,1.,1.,1.,1.,1.,1.,1.,1.,1.,
1.,1.,1.,1.,1.,1.,1.,1.,1.))
REPRESENTATION_ITEM('')
);
#71=(
BOUNDED_CURVE()
B_SPLINE_CURVE(3,(#3929,#3930,#3931,#3932,#3933,#3934,#3935,#3936,#3937,
#3938,#3939,#3940,#3941,#3942,#3943,#3944,#3945,#3946,#3947,#3948,#3949,
#3950,#3951,#3952,#3953),.UNSPECIFIED.,.F.,.F.)
B_SPLINE_CURVE_WITH_KNOTS((4,1,1,1,1,1,1,1,1,1,1,1,1,1,1,1,1,1,1,1,1,1,
4),(-1.,-0.954545,-0.909091,-0.863636,-0.818182,-0.772727,-0.727273,-0.681818,
-0.636364,-0.590909,-0.545455,-0.5,-0.454545,-0.409091,-0.363636,-0.318182,
-0.272727,-0.227273,-0.181818,-0.136364,-0.090909,-0.045455,0.),
 .UNSPECIFIED.)
CURVE()
GEOMETRIC_REPRESENTATION_ITEM()
RATIONAL_B_SPLINE_CURVE((1.,1.,1.,1.,1.,1.,1.,1.,1.,1.,1.,1.,1.,1.,1.,1.,
1.,1.,1.,1.,1.,1.,1.,1.,1.))
REPRESENTATION_ITEM('')
);
#72=(
BOUNDED_CURVE()
B_SPLINE_CURVE(3,(#3954,#3955,#3956,#3957,#3958,#3959,#3960,#3961,#3962,
#3963,#3964,#3965,#3966,#3967,#3968,#3969,#3970,#3971,#3972,#3973,#3974,
#3975,#3976,#3977,#3978),.UNSPECIFIED.,.F.,.F.)
B_SPLINE_CURVE_WITH_KNOTS((4,1,1,1,1,1,1,1,1,1,1,1,1,1,1,1,1,1,1,1,1,1,
4),(-1.,-0.954545,-0.909091,-0.863636,-0.818182,-0.772727,-0.727273,-0.681818,
-0.636364,-0.590909,-0.545455,-0.5,-0.454545,-0.409091,-0.363636,-0.318182,
-0.272727,-0.227273,-0.181818,-0.136364,-0.090909,-0.045455,0.),
 .UNSPECIFIED.)
CURVE()
GEOMETRIC_REPRESENTATION_ITEM()
RATIONAL_B_SPLINE_CURVE((1.,1.,1.,1.,1.,1.,1.,1.,1.,1.,1.,1.,1.,1.,1.,1.,
1.,1.,1.,1.,1.,1.,1.,1.,1.))
REPRESENTATION_ITEM('')
);
#73=(
BOUNDED_CURVE()
B_SPLINE_CURVE(3,(#3979,#3980,#3981,#3982,#3983,#3984,#3985,#3986,#3987,
#3988,#3989,#3990,#3991,#3992,#3993,#3994,#3995,#3996,#3997,#3998,#3999,
#4000,#4001,#4002,#4003),.UNSPECIFIED.,.F.,.F.)
B_SPLINE_CURVE_WITH_KNOTS((4,1,1,1,1,1,1,1,1,1,1,1,1,1,1,1,1,1,1,1,1,1,
4),(0.,0.045455,0.090909,0.136364,0.181818,0.227273,0.272727,0.318182,0.363636,
0.409091,0.454545,0.5,0.545455,0.590909,0.636364,0.681818,0.727273,0.772727,
0.818182,0.863636,0.909091,0.954545,1.),.UNSPECIFIED.)
CURVE()
GEOMETRIC_REPRESENTATION_ITEM()
RATIONAL_B_SPLINE_CURVE((1.,1.,1.,1.,1.,1.,1.,1.,1.,1.,1.,1.,1.,1.,1.,1.,
1.,1.,1.,1.,1.,1.,1.,1.,1.))
REPRESENTATION_ITEM('')
);
#74=(
BOUNDED_CURVE()
B_SPLINE_CURVE(3,(#4004,#4005,#4006,#4007,#4008,#4009,#4010,#4011,#4012,
#4013,#4014,#4015,#4016,#4017,#4018,#4019,#4020,#4021,#4022,#4023,#4024,
#4025,#4026,#4027,#4028),.UNSPECIFIED.,.F.,.F.)
B_SPLINE_CURVE_WITH_KNOTS((4,1,1,1,1,1,1,1,1,1,1,1,1,1,1,1,1,1,1,1,1,1,
4),(0.,0.045455,0.090909,0.136364,0.181818,0.227273,0.272727,0.318182,0.363636,
0.409091,0.454545,0.5,0.545455,0.590909,0.636364,0.681818,0.727273,0.772727,
0.818182,0.863636,0.909091,0.954545,1.),.UNSPECIFIED.)
CURVE()
GEOMETRIC_REPRESENTATION_ITEM()
RATIONAL_B_SPLINE_CURVE((1.,1.,1.,1.,1.,1.,1.,1.,1.,1.,1.,1.,1.,1.,1.,1.,
1.,1.,1.,1.,1.,1.,1.,1.,1.))
REPRESENTATION_ITEM('')
);
#75=(
BOUNDED_CURVE()
B_SPLINE_CURVE(3,(#4029,#4030,#4031,#4032,#4033,#4034,#4035,#4036,#4037,
#4038,#4039,#4040,#4041,#4042,#4043,#4044,#4045,#4046,#4047,#4048,#4049,
#4050,#4051,#4052,#4053),.UNSPECIFIED.,.F.,.F.)
B_SPLINE_CURVE_WITH_KNOTS((4,1,1,1,1,1,1,1,1,1,1,1,1,1,1,1,1,1,1,1,1,1,
4),(-1.,-0.954545,-0.909091,-0.863636,-0.818182,-0.772727,-0.727273,-0.681818,
-0.636364,-0.590909,-0.545455,-0.5,-0.454545,-0.409091,-0.363636,-0.318182,
-0.272727,-0.227273,-0.181818,-0.136364,-0.090909,-0.045455,0.),
 .UNSPECIFIED.)
CURVE()
GEOMETRIC_REPRESENTATION_ITEM()
RATIONAL_B_SPLINE_CURVE((1.,1.,1.,1.,1.,1.,1.,1.,1.,1.,1.,1.,1.,1.,1.,1.,
1.,1.,1.,1.,1.,1.,1.,1.,1.))
REPRESENTATION_ITEM('')
);
#76=(
BOUNDED_CURVE()
B_SPLINE_CURVE(3,(#4054,#4055,#4056,#4057,#4058,#4059,#4060,#4061,#4062,
#4063,#4064,#4065,#4066,#4067,#4068,#4069,#4070,#4071,#4072,#4073,#4074,
#4075,#4076,#4077,#4078),.UNSPECIFIED.,.F.,.F.)
B_SPLINE_CURVE_WITH_KNOTS((4,1,1,1,1,1,1,1,1,1,1,1,1,1,1,1,1,1,1,1,1,1,
4),(-1.,-0.954545,-0.909091,-0.863636,-0.818182,-0.772727,-0.727273,-0.681818,
-0.636364,-0.590909,-0.545455,-0.5,-0.454545,-0.409091,-0.363636,-0.318182,
-0.272727,-0.227273,-0.181818,-0.136364,-0.090909,-0.045455,0.),
 .UNSPECIFIED.)
CURVE()
GEOMETRIC_REPRESENTATION_ITEM()
RATIONAL_B_SPLINE_CURVE((1.,1.,1.,1.,1.,1.,1.,1.,1.,1.,1.,1.,1.,1.,1.,1.,
1.,1.,1.,1.,1.,1.,1.,1.,1.))
REPRESENTATION_ITEM('')
);
#77=(
BOUNDED_CURVE()
B_SPLINE_CURVE(3,(#4079,#4080,#4081,#4082,#4083,#4084,#4085,#4086,#4087,
#4088,#4089,#4090,#4091,#4092,#4093,#4094,#4095,#4096,#4097,#4098,#4099,
#4100,#4101,#4102,#4103),.UNSPECIFIED.,.F.,.F.)
B_SPLINE_CURVE_WITH_KNOTS((4,1,1,1,1,1,1,1,1,1,1,1,1,1,1,1,1,1,1,1,1,1,
4),(0.,0.045455,0.090909,0.136364,0.181818,0.227273,0.272727,0.318182,0.363636,
0.409091,0.454545,0.5,0.545455,0.590909,0.636364,0.681818,0.727273,0.772727,
0.818182,0.863636,0.909091,0.954545,1.),.UNSPECIFIED.)
CURVE()
GEOMETRIC_REPRESENTATION_ITEM()
RATIONAL_B_SPLINE_CURVE((1.,1.,1.,1.,1.,1.,1.,1.,1.,1.,1.,1.,1.,1.,1.,1.,
1.,1.,1.,1.,1.,1.,1.,1.,1.))
REPRESENTATION_ITEM('')
);
#78=(
BOUNDED_CURVE()
B_SPLINE_CURVE(3,(#4104,#4105,#4106,#4107,#4108,#4109,#4110,#4111,#4112,
#4113,#4114,#4115,#4116,#4117,#4118,#4119,#4120,#4121,#4122,#4123,#4124,
#4125,#4126,#4127,#4128),.UNSPECIFIED.,.F.,.F.)
B_SPLINE_CURVE_WITH_KNOTS((4,1,1,1,1,1,1,1,1,1,1,1,1,1,1,1,1,1,1,1,1,1,
4),(-1.,-0.954545,-0.909091,-0.863636,-0.818182,-0.772727,-0.727273,-0.681818,
-0.636364,-0.590909,-0.545455,-0.5,-0.454545,-0.409091,-0.363636,-0.318182,
-0.272727,-0.227273,-0.181818,-0.136364,-0.090909,-0.045455,0.),
 .UNSPECIFIED.)
CURVE()
GEOMETRIC_REPRESENTATION_ITEM()
RATIONAL_B_SPLINE_CURVE((1.,1.,1.,1.,1.,1.,1.,1.,1.,1.,1.,1.,1.,1.,1.,1.,
1.,1.,1.,1.,1.,1.,1.,1.,1.))
REPRESENTATION_ITEM('')
);
#79=(
BOUNDED_CURVE()
B_SPLINE_CURVE(3,(#4129,#4130,#4131,#4132,#4133,#4134,#4135,#4136,#4137,
#4138,#4139,#4140,#4141,#4142,#4143,#4144,#4145,#4146,#4147,#4148,#4149,
#4150,#4151,#4152,#4153),.UNSPECIFIED.,.F.,.F.)
B_SPLINE_CURVE_WITH_KNOTS((4,1,1,1,1,1,1,1,1,1,1,1,1,1,1,1,1,1,1,1,1,1,
4),(0.,0.045455,0.090909,0.136364,0.181818,0.227273,0.272727,0.318182,0.363636,
0.409091,0.454545,0.5,0.545455,0.590909,0.636364,0.681818,0.727273,0.772727,
0.818182,0.863636,0.909091,0.954545,1.),.UNSPECIFIED.)
CURVE()
GEOMETRIC_REPRESENTATION_ITEM()
RATIONAL_B_SPLINE_CURVE((1.,1.,1.,1.,1.,1.,1.,1.,1.,1.,1.,1.,1.,1.,1.,1.,
1.,1.,1.,1.,1.,1.,1.,1.,1.))
REPRESENTATION_ITEM('')
);
#80=(
BOUNDED_CURVE()
B_SPLINE_CURVE(3,(#4154,#4155,#4156,#4157,#4158,#4159,#4160,#4161,#4162,
#4163,#4164,#4165,#4166,#4167,#4168,#4169,#4170,#4171,#4172,#4173,#4174,
#4175,#4176,#4177,#4178),.UNSPECIFIED.,.F.,.F.)
B_SPLINE_CURVE_WITH_KNOTS((4,1,1,1,1,1,1,1,1,1,1,1,1,1,1,1,1,1,1,1,1,1,
4),(-1.,-0.954545,-0.909091,-0.863636,-0.818182,-0.772727,-0.727273,-0.681818,
-0.636364,-0.590909,-0.545455,-0.5,-0.454545,-0.409091,-0.363636,-0.318182,
-0.272727,-0.227273,-0.181818,-0.136364,-0.090909,-0.045455,0.),
 .UNSPECIFIED.)
CURVE()
GEOMETRIC_REPRESENTATION_ITEM()
RATIONAL_B_SPLINE_CURVE((1.,1.,1.,1.,1.,1.,1.,1.,1.,1.,1.,1.,1.,1.,1.,1.,
1.,1.,1.,1.,1.,1.,1.,1.,1.))
REPRESENTATION_ITEM('')
);
#81=VERTEX_POINT('',#3871);
#82=VERTEX_POINT('',#3872);
#83=VERTEX_POINT('',#3873);
#84=VERTEX_POINT('',#3874);
#85=VERTEX_POINT('',#3875);
#86=VERTEX_POINT('',#3876);
#87=VERTEX_POINT('',#3877);
#88=VERTEX_POINT('',#3878);
#89=(
BOUNDED_SURFACE()
B_SPLINE_SURFACE(3,3,((#121,#122,#123,#124,#125,#126,#127,#128,#129,#130,
#131,#132,#133,#134,#135,#136,#137,#138,#139,#140,#141,#142,#143,#144,#145),
(#146,#147,#148,#149,#150,#151,#152,#153,#154,#155,#156,#157,#158,#159,
#160,#161,#162,#163,#164,#165,#166,#167,#168,#169,#170),(#171,#172,#173,
#174,#175,#176,#177,#178,#179,#180,#181,#182,#183,#184,#185,#186,#187,#188,
#189,#190,#191,#192,#193,#194,#195),(#196,#197,#198,#199,#200,#201,#202,
#203,#204,#205,#206,#207,#208,#209,#210,#211,#212,#213,#214,#215,#216,#217,
#218,#219,#220),(#221,#222,#223,#224,#225,#226,#227,#228,#229,#230,#231,
#232,#233,#234,#235,#236,#237,#238,#239,#240,#241,#242,#243,#244,#245),
(#246,#247,#248,#249,#250,#251,#252,#253,#254,#255,#256,#257,#258,#259,
#260,#261,#262,#263,#264,#265,#266,#267,#268,#269,#270),(#271,#272,#273,
#274,#275,#276,#277,#278,#279,#280,#281,#282,#283,#284,#285,#286,#287,#288,
#289,#290,#291,#292,#293,#294,#295),(#296,#297,#298,#299,#300,#301,#302,
#303,#304,#305,#306,#307,#308,#309,#310,#311,#312,#313,#314,#315,#316,#317,
#318,#319,#320),(#321,#322,#323,#324,#325,#326,#327,#328,#329,#330,#331,
#332,#333,#334,#335,#336,#337,#338,#339,#340,#341,#342,#343,#344,#345),
(#346,#347,#348,#349,#350,#351,#352,#353,#354,#355,#356,#357,#358,#359,
#360,#361,#362,#363,#364,#365,#366,#367,#368,#369,#370),(#371,#372,#373,
#374,#375,#376,#377,#378,#379,#380,#381,#382,#383,#384,#385,#386,#387,#388,
#389,#390,#391,#392,#393,#394,#395),(#396,#397,#398,#399,#400,#401,#402,
#403,#404,#405,#406,#407,#408,#409,#410,#411,#412,#413,#414,#415,#416,#417,
#418,#419,#420),(#421,#422,#423,#424,#425,#426,#427,#428,#429,#430,#431,
#432,#433,#434,#435,#436,#437,#438,#439,#440,#441,#442,#443,#444,#445),
(#446,#447,#448,#449,#450,#451,#452,#453,#454,#455,#456,#457,#458,#459,
#460,#461,#462,#463,#464,#465,#466,#467,#468,#469,#470),(#471,#472,#473,
#474,#475,#476,#477,#478,#479,#480,#481,#482,#483,#484,#485,#486,#487,#488,
#489,#490,#491,#492,#493,#494,#495),(#496,#497,#498,#499,#500,#501,#502,
#503,#504,#505,#506,#507,#508,#509,#510,#511,#512,#513,#514,#515,#516,#517,
#518,#519,#520),(#521,#522,#523,#524,#525,#526,#527,#528,#529,#530,#531,
#532,#533,#534,#535,#536,#537,#538,#539,#540,#541,#542,#543,#544,#545),
(#546,#547,#548,#549,#550,#551,#552,#553,#554,#555,#556,#557,#558,#559,
#560,#561,#562,#563,#564,#565,#566,#567,#568,#569,#570),(#571,#572,#573,
#574,#575,#576,#577,#578,#579,#580,#581,#582,#583,#584,#585,#586,#587,#588,
#589,#590,#591,#592,#593,#594,#595),(#596,#597,#598,#599,#600,#601,#602,
#603,#604,#605,#606,#607,#608,#609,#610,#611,#612,#613,#614,#615,#616,#617,
#618,#619,#620),(#621,#622,#623,#624,#625,#626,#627,#628,#629,#630,#631,
#632,#633,#634,#635,#636,#637,#638,#639,#640,#641,#642,#643,#644,#645),
(#646,#647,#648,#649,#650,#651,#652,#653,#654,#655,#656,#657,#658,#659,
#660,#661,#662,#663,#664,#665,#666,#667,#668,#669,#670),(#671,#672,#673,
#674,#675,#676,#677,#678,#679,#680,#681,#682,#683,#684,#685,#686,#687,#688,
#689,#690,#691,#692,#693,#694,#695),(#696,#697,#698,#699,#700,#701,#702,
#703,#704,#705,#706,#707,#708,#709,#710,#711,#712,#713,#714,#715,#716,#717,
#718,#719,#720),(#721,#722,#723,#724,#725,#726,#727,#728,#729,#730,#731,
#732,#733,#734,#735,#736,#737,#738,#739,#740,#741,#742,#743,#744,#745)),
 .UNSPECIFIED.,.F.,.F.,.F.)
B_SPLINE_SURFACE_WITH_KNOTS((4,1,1,1,1,1,1,1,1,1,1,1,1,1,1,1,1,1,1,1,1,
1,4),(4,1,1,1,1,1,1,1,1,1,1,1,1,1,1,1,1,1,1,1,1,1,4),(0.,0.045455,0.090909,
0.136364,0.181818,0.227273,0.272727,0.318182,0.363636,0.409091,0.454545,
0.5,0.545455,0.590909,0.636364,0.681818,0.727273,0.772727,0.818182,0.863636,
0.909091,0.954545,1.),(0.,0.045455,0.090909,0.136364,0.181818,0.227273,
0.272727,0.318182,0.363636,0.409091,0.454545,0.5,0.545455,0.590909,0.636364,
0.681818,0.727273,0.772727,0.818182,0.863636,0.909091,0.954545,1.),
 .UNSPECIFIED.)
GEOMETRIC_REPRESENTATION_ITEM()
RATIONAL_B_SPLINE_SURFACE(((1.,1.,1.,1.,1.,1.,1.,1.,1.,1.,1.,1.,1.,1.,1.,
1.,1.,1.,1.,1.,1.,1.,1.,1.,1.),(1.,1.,1.,1.,1.,1.,1.,1.,1.,1.,1.,1.,1.,
1.,1.,1.,1.,1.,1.,1.,1.,1.,1.,1.,1.),(1.,1.,1.,1.,1.,1.,1.,1.,1.,1.,1.,
1.,1.,1.,1.,1.,1.,1.,1.,1.,1.,1.,1.,1.,1.),(1.,1.,1.,1.,1.,1.,1.,1.,1.,
1.,1.,1.,1.,1.,1.,1.,1.,1.,1.,1.,1.,1.,1.,1.,1.),(1.,1.,1.,1.,1.,1.,1.,
1.,1.,1.,1.,1.,1.,1.,1.,1.,1.,1.,1.,1.,1.,1.,1.,1.,1.),(1.,1.,1.,1.,1.,
1.,1.,1.,1.,1.,1.,1.,1.,1.,1.,1.,1.,1.,1.,1.,1.,1.,1.,1.,1.),(1.,1.,1.,
1.,1.,1.,1.,1.,1.,1.,1.,1.,1.,1.,1.,1.,1.,1.,1.,1.,1.,1.,1.,1.,1.),(1.,
1.,1.,1.,1.,1.,1.,1.,1.,1.,1.,1.,1.,1.,1.,1.,1.,1.,1.,1.,1.,1.,1.,1.,1.),
(1.,1.,1.,1.,1.,1.,1.,1.,1.,1.,1.,1.,1.,1.,1.,1.,1.,1.,1.,1.,1.,1.,1.,1.,
1.),(1.,1.,1.,1.,1.,1.,1.,1.,1.,1.,1.,1.,1.,1.,1.,1.,1.,1.,1.,1.,1.,1.,
1.,1.,1.),(1.,1.,1.,1.,1.,1.,1.,1.,1.,1.,1.,1.,1.,1.,1.,1.,1.,1.,1.,1.,
1.,1.,1.,1.,1.),(1.,1.,1.,1.,1.,1.,1.,1.,1.,1.,1.,1.,1.,1.,1.,1.,1.,1.,
1.,1.,1.,1.,1.,1.,1.),(1.,1.,1.,1.,1.,1.,1.,1.,1.,1.,1.,1.,1.,1.,1.,1.,
1.,1.,1.,1.,1.,1.,1.,1.,1.),(1.,1.,1.,1.,1.,1.,1.,1.,1.,1.,1.,1.,1.,1.,
1.,1.,1.,1.,1.,1.,1.,1.,1.,1.,1.),(1.,1.,1.,1.,1.,1.,1.,1.,1.,1.,1.,1.,
1.,1.,1.,1.,1.,1.,1.,1.,1.,1.,1.,1.,1.),(1.,1.,1.,1.,1.,1.,1.,1.,1.,1.,
1.,1.,1.,1.,1.,1.,1.,1.,1.,1.,1.,1.,1.,1.,1.),(1.,1.,1.,1.,1.,1.,1.,1.,
1.,1.,1.,1.,1.,1.,1.,1.,1.,1.,1.,1.,1.,1.,1.,1.,1.),(1.,1.,1.,1.,1.,1.,
1.,1.,1.,1.,1.,1.,1.,1.,1.,1.,1.,1.,1.,1.,1.,1.,1.,1.,1.),(1.,1.,1.,1.,
1.,1.,1.,1.,1.,1.,1.,1.,1.,1.,1.,1.,1.,1.,1.,1.,1.,1.,1.,1.,1.),(1.,1.,
1.,1.,1.,1.,1.,1.,1.,1.,1.,1.,1.,1.,1.,1.,1.,1.,1.,1.,1.,1.,1.,1.,1.),(1.,
1.,1.,1.,1.,1.,1.,1.,1.,1.,1.,1.,1.,1.,1.,1.,1.,1.,1.,1.,1.,1.,1.,1.,1.),
(1.,1.,1.,1.,1.,1.,1.,1.,1.,1.,1.,1.,1.,1.,1.,1.,1.,1.,1.,1.,1.,1.,1.,1.,
1.),(1.,1.,1.,1.,1.,1.,1.,1.,1.,1.,1.,1.,1.,1.,1.,1.,1.,1.,1.,1.,1.,1.,
1.,1.,1.),(1.,1.,1.,1.,1.,1.,1.,1.,1.,1.,1.,1.,1.,1.,1.,1.,1.,1.,1.,1.,
1.,1.,1.,1.,1.),(1.,1.,1.,1.,1.,1.,1.,1.,1.,1.,1.,1.,1.,1.,1.,1.,1.,1.,
1.,1.,1.,1.,1.,1.,1.)))
REPRESENTATION_ITEM('')
SURFACE()
);
#90=(
BOUNDED_SURFACE()
B_SPLINE_SURFACE(3,3,((#746,#747,#748,#749,#750,#751,#752,#753,#754,#755,
#756,#757,#758,#759,#760,#761,#762,#763,#764,#765,#766,#767,#768,#769,#770),
(#771,#772,#773,#774,#775,#776,#777,#778,#779,#780,#781,#782,#783,#784,
#785,#786,#787,#788,#789,#790,#791,#792,#793,#794,#795),(#796,#797,#798,
#799,#800,#801,#802,#803,#804,#805,#806,#807,#808,#809,#810,#811,#812,#813,
#814,#815,#816,#817,#818,#819,#820),(#821,#822,#823,#824,#825,#826,#827,
#828,#829,#830,#831,#832,#833,#834,#835,#836,#837,#838,#839,#840,#841,#842,
#843,#844,#845),(#846,#847,#848,#849,#850,#851,#852,#853,#854,#855,#856,
#857,#858,#859,#860,#861,#862,#863,#864,#865,#866,#867,#868,#869,#870),
(#871,#872,#873,#874,#875,#876,#877,#878,#879,#880,#881,#882,#883,#884,
#885,#886,#887,#888,#889,#890,#891,#892,#893,#894,#895),(#896,#897,#898,
#899,#900,#901,#902,#903,#904,#905,#906,#907,#908,#909,#910,#911,#912,#913,
#914,#915,#916,#917,#918,#919,#920),(#921,#922,#923,#924,#925,#926,#927,
#928,#929,#930,#931,#932,#933,#934,#935,#936,#937,#938,#939,#940,#941,#942,
#943,#944,#945),(#946,#947,#948,#949,#950,#951,#952,#953,#954,#955,#956,
#957,#958,#959,#960,#961,#962,#963,#964,#965,#966,#967,#968,#969,#970),
(#971,#972,#973,#974,#975,#976,#977,#978,#979,#980,#981,#982,#983,#984,
#985,#986,#987,#988,#989,#990,#991,#992,#993,#994,#995),(#996,#997,#998,
#999,#1000,#1001,#1002,#1003,#1004,#1005,#1006,#1007,#1008,#1009,#1010,
#1011,#1012,#1013,#1014,#1015,#1016,#1017,#1018,#1019,#1020),(#1021,#1022,
#1023,#1024,#1025,#1026,#1027,#1028,#1029,#1030,#1031,#1032,#1033,#1034,
#1035,#1036,#1037,#1038,#1039,#1040,#1041,#1042,#1043,#1044,#1045),(#1046,
#1047,#1048,#1049,#1050,#1051,#1052,#1053,#1054,#1055,#1056,#1057,#1058,
#1059,#1060,#1061,#1062,#1063,#1064,#1065,#1066,#1067,#1068,#1069,#1070),
(#1071,#1072,#1073,#1074,#1075,#1076,#1077,#1078,#1079,#1080,#1081,#1082,
#1083,#1084,#1085,#1086,#1087,#1088,#1089,#1090,#1091,#1092,#1093,#1094,
#1095),(#1096,#1097,#1098,#1099,#1100,#1101,#1102,#1103,#1104,#1105,#1106,
#1107,#1108,#1109,#1110,#1111,#1112,#1113,#1114,#1115,#1116,#1117,#1118,
#1119,#1120),(#1121,#1122,#1123,#1124,#1125,#1126,#1127,#1128,#1129,#1130,
#1131,#1132,#1133,#1134,#1135,#1136,#1137,#1138,#1139,#1140,#1141,#1142,
#1143,#1144,#1145),(#1146,#1147,#1148,#1149,#1150,#1151,#1152,#1153,#1154,
#1155,#1156,#1157,#1158,#1159,#1160,#1161,#1162,#1163,#1164,#1165,#1166,
#1167,#1168,#1169,#1170),(#1171,#1172,#1173,#1174,#1175,#1176,#1177,#1178,
#1179,#1180,#1181,#1182,#1183,#1184,#1185,#1186,#1187,#1188,#1189,#1190,
#1191,#1192,#1193,#1194,#1195),(#1196,#1197,#1198,#1199,#1200,#1201,#1202,
#1203,#1204,#1205,#1206,#1207,#1208,#1209,#1210,#1211,#1212,#1213,#1214,
#1215,#1216,#1217,#1218,#1219,#1220),(#1221,#1222,#1223,#1224,#1225,#1226,
#1227,#1228,#1229,#1230,#1231,#1232,#1233,#1234,#1235,#1236,#1237,#1238,
#1239,#1240,#1241,#1242,#1243,#1244,#1245),(#1246,#1247,#1248,#1249,#1250,
#1251,#1252,#1253,#1254,#1255,#1256,#1257,#1258,#1259,#1260,#1261,#1262,
#1263,#1264,#1265,#1266,#1267,#1268,#1269,#1270),(#1271,#1272,#1273,#1274,
#1275,#1276,#1277,#1278,#1279,#1280,#1281,#1282,#1283,#1284,#1285,#1286,
#1287,#1288,#1289,#1290,#1291,#1292,#1293,#1294,#1295),(#1296,#1297,#1298,
#1299,#1300,#1301,#1302,#1303,#1304,#1305,#1306,#1307,#1308,#1309,#1310,
#1311,#1312,#1313,#1314,#1315,#1316,#1317,#1318,#1319,#1320),(#1321,#1322,
#1323,#1324,#1325,#1326,#1327,#1328,#1329,#1330,#1331,#1332,#1333,#1334,
#1335,#1336,#1337,#1338,#1339,#1340,#1341,#1342,#1343,#1344,#1345),(#1346,
#1347,#1348,#1349,#1350,#1351,#1352,#1353,#1354,#1355,#1356,#1357,#1358,
#1359,#1360,#1361,#1362,#1363,#1364,#1365,#1366,#1367,#1368,#1369,#1370)),
 .UNSPECIFIED.,.F.,.F.,.F.)
B_SPLINE_SURFACE_WITH_KNOTS((4,1,1,1,1,1,1,1,1,1,1,1,1,1,1,1,1,1,1,1,1,
1,4),(4,1,1,1,1,1,1,1,1,1,1,1,1,1,1,1,1,1,1,1,1,1,4),(0.,0.045455,0.090909,
0.136364,0.181818,0.227273,0.272727,0.318182,0.363636,0.409091,0.454545,
0.5,0.545455,0.590909,0.636364,0.681818,0.727273,0.772727,0.818182,0.863636,
0.909091,0.954545,1.),(0.,0.045455,0.090909,0.136364,0.181818,0.227273,
0.272727,0.318182,0.363636,0.409091,0.454545,0.5,0.545455,0.590909,0.636364,
0.681818,0.727273,0.772727,0.818182,0.863636,0.909091,0.954545,1.),
 .UNSPECIFIED.)
GEOMETRIC_REPRESENTATION_ITEM()
RATIONAL_B_SPLINE_SURFACE(((1.,1.,1.,1.,1.,1.,1.,1.,1.,1.,1.,1.,1.,1.,1.,
1.,1.,1.,1.,1.,1.,1.,1.,1.,1.),(1.,1.,1.,1.,1.,1.,1.,1.,1.,1.,1.,1.,1.,
1.,1.,1.,1.,1.,1.,1.,1.,1.,1.,1.,1.),(1.,1.,1.,1.,1.,1.,1.,1.,1.,1.,1.,
1.,1.,1.,1.,1.,1.,1.,1.,1.,1.,1.,1.,1.,1.),(1.,1.,1.,1.,1.,1.,1.,1.,1.,
1.,1.,1.,1.,1.,1.,1.,1.,1.,1.,1.,1.,1.,1.,1.,1.),(1.,1.,1.,1.,1.,1.,1.,
1.,1.,1.,1.,1.,1.,1.,1.,1.,1.,1.,1.,1.,1.,1.,1.,1.,1.),(1.,1.,1.,1.,1.,
1.,1.,1.,1.,1.,1.,1.,1.,1.,1.,1.,1.,1.,1.,1.,1.,1.,1.,1.,1.),(1.,1.,1.,
1.,1.,1.,1.,1.,1.,1.,1.,1.,1.,1.,1.,1.,1.,1.,1.,1.,1.,1.,1.,1.,1.),(1.,
1.,1.,1.,1.,1.,1.,1.,1.,1.,1.,1.,1.,1.,1.,1.,1.,1.,1.,1.,1.,1.,1.,1.,1.),
(1.,1.,1.,1.,1.,1.,1.,1.,1.,1.,1.,1.,1.,1.,1.,1.,1.,1.,1.,1.,1.,1.,1.,1.,
1.),(1.,1.,1.,1.,1.,1.,1.,1.,1.,1.,1.,1.,1.,1.,1.,1.,1.,1.,1.,1.,1.,1.,
1.,1.,1.),(1.,1.,1.,1.,1.,1.,1.,1.,1.,1.,1.,1.,1.,1.,1.,1.,1.,1.,1.,1.,
1.,1.,1.,1.,1.),(1.,1.,1.,1.,1.,1.,1.,1.,1.,1.,1.,1.,1.,1.,1.,1.,1.,1.,
1.,1.,1.,1.,1.,1.,1.),(1.,1.,1.,1.,1.,1.,1.,1.,1.,1.,1.,1.,1.,1.,1.,1.,
1.,1.,1.,1.,1.,1.,1.,1.,1.),(1.,1.,1.,1.,1.,1.,1.,1.,1.,1.,1.,1.,1.,1.,
1.,1.,1.,1.,1.,1.,1.,1.,1.,1.,1.),(1.,1.,1.,1.,1.,1.,1.,1.,1.,1.,1.,1.,
1.,1.,1.,1.,1.,1.,1.,1.,1.,1.,1.,1.,1.),(1.,1.,1.,1.,1.,1.,1.,1.,1.,1.,
1.,1.,1.,1.,1.,1.,1.,1.,1.,1.,1.,1.,1.,1.,1.),(1.,1.,1.,1.,1.,1.,1.,1.,
1.,1.,1.,1.,1.,1.,1.,1.,1.,1.,1.,1.,1.,1.,1.,1.,1.),(1.,1.,1.,1.,1.,1.,
1.,1.,1.,1.,1.,1.,1.,1.,1.,1.,1.,1.,1.,1.,1.,1.,1.,1.,1.),(1.,1.,1.,1.,
1.,1.,1.,1.,1.,1.,1.,1.,1.,1.,1.,1.,1.,1.,1.,1.,1.,1.,1.,1.,1.),(1.,1.,
1.,1.,1.,1.,1.,1.,1.,1.,1.,1.,1.,1.,1.,1.,1.,1.,1.,1.,1.,1.,1.,1.,1.),(1.,
1.,1.,1.,1.,1.,1.,1.,1.,1.,1.,1.,1.,1.,1.,1.,1.,1.,1.,1.,1.,1.,1.,1.,1.),
(1.,1.,1.,1.,1.,1.,1.,1.,1.,1.,1.,1.,1.,1.,1.,1.,1.,1.,1.,1.,1.,1.,1.,1.,
1.),(1.,1.,1.,1.,1.,1.,1.,1.,1.,1.,1.,1.,1.,1.,1.,1.,1.,1.,1.,1.,1.,1.,
1.,1.,1.),(1.,1.,1.,1.,1.,1.,1.,1.,1.,1.,1.,1.,1.,1.,1.,1.,1.,1.,1.,1.,
1.,1.,1.,1.,1.),(1.,1.,1.,1.,1.,1.,1.,1.,1.,1.,1.,1.,1.,1.,1.,1.,1.,1.,
1.,1.,1.,1.,1.,1.,1.)))
REPRESENTATION_ITEM('')
SURFACE()
);
#91=(
BOUNDED_SURFACE()
B_SPLINE_SURFACE(3,3,((#1371,#1372,#1373,#1374,#1375,#1376,#1377,#1378,
#1379,#1380,#1381,#1382,#1383,#1384,#1385,#1386,#1387,#1388,#1389,#1390,
#1391,#1392,#1393,#1394,#1395),(#1396,#1397,#1398,#1399,#1400,#1401,#1402,
#1403,#1404,#1405,#1406,#1407,#1408,#1409,#1410,#1411,#1412,#1413,#1414,
#1415,#1416,#1417,#1418,#1419,#1420),(#1421,#1422,#1423,#1424,#1425,#1426,
#1427,#1428,#1429,#1430,#1431,#1432,#1433,#1434,#1435,#1436,#1437,#1438,
#1439,#1440,#1441,#1442,#1443,#1444,#1445),(#1446,#1447,#1448,#1449,#1450,
#1451,#1452,#1453,#1454,#1455,#1456,#1457,#1458,#1459,#1460,#1461,#1462,
#1463,#1464,#1465,#1466,#1467,#1468,#1469,#1470),(#1471,#1472,#1473,#1474,
#1475,#1476,#1477,#1478,#1479,#1480,#1481,#1482,#1483,#1484,#1485,#1486,
#1487,#1488,#1489,#1490,#1491,#1492,#1493,#1494,#1495),(#1496,#1497,#1498,
#1499,#1500,#1501,#1502,#1503,#1504,#1505,#1506,#1507,#1508,#1509,#1510,
#1511,#1512,#1513,#1514,#1515,#1516,#1517,#1518,#1519,#1520),(#1521,#1522,
#1523,#1524,#1525,#1526,#1527,#1528,#1529,#1530,#1531,#1532,#1533,#1534,
#1535,#1536,#1537,#1538,#1539,#1540,#1541,#1542,#1543,#1544,#1545),(#1546,
#1547,#1548,#1549,#1550,#1551,#1552,#1553,#1554,#1555,#1556,#1557,#1558,
#1559,#1560,#1561,#1562,#1563,#1564,#1565,#1566,#1567,#1568,#1569,#1570),
(#1571,#1572,#1573,#1574,#1575,#1576,#1577,#1578,#1579,#1580,#1581,#1582,
#1583,#1584,#1585,#1586,#1587,#1588,#1589,#1590,#1591,#1592,#1593,#1594,
#1595),(#1596,#1597,#1598,#1599,#1600,#1601,#1602,#1603,#1604,#1605,#1606,
#1607,#1608,#1609,#1610,#1611,#1612,#1613,#1614,#1615,#1616,#1617,#1618,
#1619,#1620),(#1621,#1622,#1623,#1624,#1625,#1626,#1627,#1628,#1629,#1630,
#1631,#1632,#1633,#1634,#1635,#1636,#1637,#1638,#1639,#1640,#1641,#1642,
#1643,#1644,#1645),(#1646,#1647,#1648,#1649,#1650,#1651,#1652,#1653,#1654,
#1655,#1656,#1657,#1658,#1659,#1660,#1661,#1662,#1663,#1664,#1665,#1666,
#1667,#1668,#1669,#1670),(#1671,#1672,#1673,#1674,#1675,#1676,#1677,#1678,
#1679,#1680,#1681,#1682,#1683,#1684,#1685,#1686,#1687,#1688,#1689,#1690,
#1691,#1692,#1693,#1694,#1695),(#1696,#1697,#1698,#1699,#1700,#1701,#1702,
#1703,#1704,#1705,#1706,#1707,#1708,#1709,#1710,#1711,#1712,#1713,#1714,
#1715,#1716,#1717,#1718,#1719,#1720),(#1721,#1722,#1723,#1724,#1725,#1726,
#1727,#1728,#1729,#1730,#1731,#1732,#1733,#1734,#1735,#1736,#1737,#1738,
#1739,#1740,#1741,#1742,#1743,#1744,#1745),(#1746,#1747,#1748,#1749,#1750,
#1751,#1752,#1753,#1754,#1755,#1756,#1757,#1758,#1759,#1760,#1761,#1762,
#1763,#1764,#1765,#1766,#1767,#1768,#1769,#1770),(#1771,#1772,#1773,#1774,
#1775,#1776,#1777,#1778,#1779,#1780,#1781,#1782,#1783,#1784,#1785,#1786,
#1787,#1788,#1789,#1790,#1791,#1792,#1793,#1794,#1795),(#1796,#1797,#1798,
#1799,#1800,#1801,#1802,#1803,#1804,#1805,#1806,#1807,#1808,#1809,#1810,
#1811,#1812,#1813,#1814,#1815,#1816,#1817,#1818,#1819,#1820),(#1821,#1822,
#1823,#1824,#1825,#1826,#1827,#1828,#1829,#1830,#1831,#1832,#1833,#1834,
#1835,#1836,#1837,#1838,#1839,#1840,#1841,#1842,#1843,#1844,#1845),(#1846,
#1847,#1848,#1849,#1850,#1851,#1852,#1853,#1854,#1855,#1856,#1857,#1858,
#1859,#1860,#1861,#1862,#1863,#1864,#1865,#1866,#1867,#1868,#1869,#1870),
(#1871,#1872,#1873,#1874,#1875,#1876,#1877,#1878,#1879,#1880,#1881,#1882,
#1883,#1884,#1885,#1886,#1887,#1888,#1889,#1890,#1891,#1892,#1893,#1894,
#1895),(#1896,#1897,#1898,#1899,#1900,#1901,#1902,#1903,#1904,#1905,#1906,
#1907,#1908,#1909,#1910,#1911,#1912,#1913,#1914,#1915,#1916,#1917,#1918,
#1919,#1920),(#1921,#1922,#1923,#1924,#1925,#1926,#1927,#1928,#1929,#1930,
#1931,#1932,#1933,#1934,#1935,#1936,#1937,#1938,#1939,#1940,#1941,#1942,
#1943,#1944,#1945),(#1946,#1947,#1948,#1949,#1950,#1951,#1952,#1953,#1954,
#1955,#1956,#1957,#1958,#1959,#1960,#1961,#1962,#1963,#1964,#1965,#1966,
#1967,#1968,#1969,#1970),(#1971,#1972,#1973,#1974,#1975,#1976,#1977,#1978,
#1979,#1980,#1981,#1982,#1983,#1984,#1985,#1986,#1987,#1988,#1989,#1990,
#1991,#1992,#1993,#1994,#1995)),.UNSPECIFIED.,.F.,.F.,.F.)
B_SPLINE_SURFACE_WITH_KNOTS((4,1,1,1,1,1,1,1,1,1,1,1,1,1,1,1,1,1,1,1,1,
1,4),(4,1,1,1,1,1,1,1,1,1,1,1,1,1,1,1,1,1,1,1,1,1,4),(0.,0.045455,0.090909,
0.136364,0.181818,0.227273,0.272727,0.318182,0.363636,0.409091,0.454545,
0.5,0.545455,0.590909,0.636364,0.681818,0.727273,0.772727,0.818182,0.863636,
0.909091,0.954545,1.),(0.,0.045455,0.090909,0.136364,0.181818,0.227273,
0.272727,0.318182,0.363636,0.409091,0.454545,0.5,0.545455,0.590909,0.636364,
0.681818,0.727273,0.772727,0.818182,0.863636,0.909091,0.954545,1.),
 .UNSPECIFIED.)
GEOMETRIC_REPRESENTATION_ITEM()
RATIONAL_B_SPLINE_SURFACE(((1.,1.,1.,1.,1.,1.,1.,1.,1.,1.,1.,1.,1.,1.,1.,
1.,1.,1.,1.,1.,1.,1.,1.,1.,1.),(1.,1.,1.,1.,1.,1.,1.,1.,1.,1.,1.,1.,1.,
1.,1.,1.,1.,1.,1.,1.,1.,1.,1.,1.,1.),(1.,1.,1.,1.,1.,1.,1.,1.,1.,1.,1.,
1.,1.,1.,1.,1.,1.,1.,1.,1.,1.,1.,1.,1.,1.),(1.,1.,1.,1.,1.,1.,1.,1.,1.,
1.,1.,1.,1.,1.,1.,1.,1.,1.,1.,1.,1.,1.,1.,1.,1.),(1.,1.,1.,1.,1.,1.,1.,
1.,1.,1.,1.,1.,1.,1.,1.,1.,1.,1.,1.,1.,1.,1.,1.,1.,1.),(1.,1.,1.,1.,1.,
1.,1.,1.,1.,1.,1.,1.,1.,1.,1.,1.,1.,1.,1.,1.,1.,1.,1.,1.,1.),(1.,1.,1.,
1.,1.,1.,1.,1.,1.,1.,1.,1.,1.,1.,1.,1.,1.,1.,1.,1.,1.,1.,1.,1.,1.),(1.,
1.,1.,1.,1.,1.,1.,1.,1.,1.,1.,1.,1.,1.,1.,1.,1.,1.,1.,1.,1.,1.,1.,1.,1.),
(1.,1.,1.,1.,1.,1.,1.,1.,1.,1.,1.,1.,1.,1.,1.,1.,1.,1.,1.,1.,1.,1.,1.,1.,
1.),(1.,1.,1.,1.,1.,1.,1.,1.,1.,1.,1.,1.,1.,1.,1.,1.,1.,1.,1.,1.,1.,1.,
1.,1.,1.),(1.,1.,1.,1.,1.,1.,1.,1.,1.,1.,1.,1.,1.,1.,1.,1.,1.,1.,1.,1.,
1.,1.,1.,1.,1.),(1.,1.,1.,1.,1.,1.,1.,1.,1.,1.,1.,1.,1.,1.,1.,1.,1.,1.,
1.,1.,1.,1.,1.,1.,1.),(1.,1.,1.,1.,1.,1.,1.,1.,1.,1.,1.,1.,1.,1.,1.,1.,
1.,1.,1.,1.,1.,1.,1.,1.,1.),(1.,1.,1.,1.,1.,1.,1.,1.,1.,1.,1.,1.,1.,1.,
1.,1.,1.,1.,1.,1.,1.,1.,1.,1.,1.),(1.,1.,1.,1.,1.,1.,1.,1.,1.,1.,1.,1.,
1.,1.,1.,1.,1.,1.,1.,1.,1.,1.,1.,1.,1.),(1.,1.,1.,1.,1.,1.,1.,1.,1.,1.,
1.,1.,1.,1.,1.,1.,1.,1.,1.,1.,1.,1.,1.,1.,1.),(1.,1.,1.,1.,1.,1.,1.,1.,
1.,1.,1.,1.,1.,1.,1.,1.,1.,1.,1.,1.,1.,1.,1.,1.,1.),(1.,1.,1.,1.,1.,1.,
1.,1.,1.,1.,1.,1.,1.,1.,1.,1.,1.,1.,1.,1.,1.,1.,1.,1.,1.),(1.,1.,1.,1.,
1.,1.,1.,1.,1.,1.,1.,1.,1.,1.,1.,1.,1.,1.,1.,1.,1.,1.,1.,1.,1.),(1.,1.,
1.,1.,1.,1.,1.,1.,1.,1.,1.,1.,1.,1.,1.,1.,1.,1.,1.,1.,1.,1.,1.,1.,1.),(1.,
1.,1.,1.,1.,1.,1.,1.,1.,1.,1.,1.,1.,1.,1.,1.,1.,1.,1.,1.,1.,1.,1.,1.,1.),
(1.,1.,1.,1.,1.,1.,1.,1.,1.,1.,1.,1.,1.,1.,1.,1.,1.,1.,1.,1.,1.,1.,1.,1.,
1.),(1.,1.,1.,1.,1.,1.,1.,1.,1.,1.,1.,1.,1.,1.,1.,1.,1.,1.,1.,1.,1.,1.,
1.,1.,1.),(1.,1.,1.,1.,1.,1.,1.,1.,1.,1.,1.,1.,1.,1.,1.,1.,1.,1.,1.,1.,
1.,1.,1.,1.,1.),(1.,1.,1.,1.,1.,1.,1.,1.,1.,1.,1.,1.,1.,1.,1.,1.,1.,1.,
1.,1.,1.,1.,1.,1.,1.)))
REPRESENTATION_ITEM('')
SURFACE()
);
#92=(
BOUNDED_SURFACE()
B_SPLINE_SURFACE(3,3,((#1996,#1997,#1998,#1999,#2000,#2001,#2002,#2003,
#2004,#2005,#2006,#2007,#2008,#2009,#2010,#2011,#2012,#2013,#2014,#2015,
#2016,#2017,#2018,#2019,#2020),(#2021,#2022,#2023,#2024,#2025,#2026,#2027,
#2028,#2029,#2030,#2031,#2032,#2033,#2034,#2035,#2036,#2037,#2038,#2039,
#2040,#2041,#2042,#2043,#2044,#2045),(#2046,#2047,#2048,#2049,#2050,#2051,
#2052,#2053,#2054,#2055,#2056,#2057,#2058,#2059,#2060,#2061,#2062,#2063,
#2064,#2065,#2066,#2067,#2068,#2069,#2070),(#2071,#2072,#2073,#2074,#2075,
#2076,#2077,#2078,#2079,#2080,#2081,#2082,#2083,#2084,#2085,#2086,#2087,
#2088,#2089,#2090,#2091,#2092,#2093,#2094,#2095),(#2096,#2097,#2098,#2099,
#2100,#2101,#2102,#2103,#2104,#2105,#2106,#2107,#2108,#2109,#2110,#2111,
#2112,#2113,#2114,#2115,#2116,#2117,#2118,#2119,#2120),(#2121,#2122,#2123,
#2124,#2125,#2126,#2127,#2128,#2129,#2130,#2131,#2132,#2133,#2134,#2135,
#2136,#2137,#2138,#2139,#2140,#2141,#2142,#2143,#2144,#2145),(#2146,#2147,
#2148,#2149,#2150,#2151,#2152,#2153,#2154,#2155,#2156,#2157,#2158,#2159,
#2160,#2161,#2162,#2163,#2164,#2165,#2166,#2167,#2168,#2169,#2170),(#2171,
#2172,#2173,#2174,#2175,#2176,#2177,#2178,#2179,#2180,#2181,#2182,#2183,
#2184,#2185,#2186,#2187,#2188,#2189,#2190,#2191,#2192,#2193,#2194,#2195),
(#2196,#2197,#2198,#2199,#2200,#2201,#2202,#2203,#2204,#2205,#2206,#2207,
#2208,#2209,#2210,#2211,#2212,#2213,#2214,#2215,#2216,#2217,#2218,#2219,
#2220),(#2221,#2222,#2223,#2224,#2225,#2226,#2227,#2228,#2229,#2230,#2231,
#2232,#2233,#2234,#2235,#2236,#2237,#2238,#2239,#2240,#2241,#2242,#2243,
#2244,#2245),(#2246,#2247,#2248,#2249,#2250,#2251,#2252,#2253,#2254,#2255,
#2256,#2257,#2258,#2259,#2260,#2261,#2262,#2263,#2264,#2265,#2266,#2267,
#2268,#2269,#2270),(#2271,#2272,#2273,#2274,#2275,#2276,#2277,#2278,#2279,
#2280,#2281,#2282,#2283,#2284,#2285,#2286,#2287,#2288,#2289,#2290,#2291,
#2292,#2293,#2294,#2295),(#2296,#2297,#2298,#2299,#2300,#2301,#2302,#2303,
#2304,#2305,#2306,#2307,#2308,#2309,#2310,#2311,#2312,#2313,#2314,#2315,
#2316,#2317,#2318,#2319,#2320),(#2321,#2322,#2323,#2324,#2325,#2326,#2327,
#2328,#2329,#2330,#2331,#2332,#2333,#2334,#2335,#2336,#2337,#2338,#2339,
#2340,#2341,#2342,#2343,#2344,#2345),(#2346,#2347,#2348,#2349,#2350,#2351,
#2352,#2353,#2354,#2355,#2356,#2357,#2358,#2359,#2360,#2361,#2362,#2363,
#2364,#2365,#2366,#2367,#2368,#2369,#2370),(#2371,#2372,#2373,#2374,#2375,
#2376,#2377,#2378,#2379,#2380,#2381,#2382,#2383,#2384,#2385,#2386,#2387,
#2388,#2389,#2390,#2391,#2392,#2393,#2394,#2395),(#2396,#2397,#2398,#2399,
#2400,#2401,#2402,#2403,#2404,#2405,#2406,#2407,#2408,#2409,#2410,#2411,
#2412,#2413,#2414,#2415,#2416,#2417,#2418,#2419,#2420),(#2421,#2422,#2423,
#2424,#2425,#2426,#2427,#2428,#2429,#2430,#2431,#2432,#2433,#2434,#2435,
#2436,#2437,#2438,#2439,#2440,#2441,#2442,#2443,#2444,#2445),(#2446,#2447,
#2448,#2449,#2450,#2451,#2452,#2453,#2454,#2455,#2456,#2457,#2458,#2459,
#2460,#2461,#2462,#2463,#2464,#2465,#2466,#2467,#2468,#2469,#2470),(#2471,
#2472,#2473,#2474,#2475,#2476,#2477,#2478,#2479,#2480,#2481,#2482,#2483,
#2484,#2485,#2486,#2487,#2488,#2489,#2490,#2491,#2492,#2493,#2494,#2495),
(#2496,#2497,#2498,#2499,#2500,#2501,#2502,#2503,#2504,#2505,#2506,#2507,
#2508,#2509,#2510,#2511,#2512,#2513,#2514,#2515,#2516,#2517,#2518,#2519,
#2520),(#2521,#2522,#2523,#2524,#2525,#2526,#2527,#2528,#2529,#2530,#2531,
#2532,#2533,#2534,#2535,#2536,#2537,#2538,#2539,#2540,#2541,#2542,#2543,
#2544,#2545),(#2546,#2547,#2548,#2549,#2550,#2551,#2552,#2553,#2554,#2555,
#2556,#2557,#2558,#2559,#2560,#2561,#2562,#2563,#2564,#2565,#2566,#2567,
#2568,#2569,#2570),(#2571,#2572,#2573,#2574,#2575,#2576,#2577,#2578,#2579,
#2580,#2581,#2582,#2583,#2584,#2585,#2586,#2587,#2588,#2589,#2590,#2591,
#2592,#2593,#2594,#2595),(#2596,#2597,#2598,#2599,#2600,#2601,#2602,#2603,
#2604,#2605,#2606,#2607,#2608,#2609,#2610,#2611,#2612,#2613,#2614,#2615,
#2616,#2617,#2618,#2619,#2620)),.UNSPECIFIED.,.F.,.F.,.F.)
B_SPLINE_SURFACE_WITH_KNOTS((4,1,1,1,1,1,1,1,1,1,1,1,1,1,1,1,1,1,1,1,1,
1,4),(4,1,1,1,1,1,1,1,1,1,1,1,1,1,1,1,1,1,1,1,1,1,4),(0.,0.045455,0.090909,
0.136364,0.181818,0.227273,0.272727,0.318182,0.363636,0.409091,0.454545,
0.5,0.545455,0.590909,0.636364,0.681818,0.727273,0.772727,0.818182,0.863636,
0.909091,0.954545,1.),(0.,0.045455,0.090909,0.136364,0.181818,0.227273,
0.272727,0.318182,0.363636,0.409091,0.454545,0.5,0.545455,0.590909,0.636364,
0.681818,0.727273,0.772727,0.818182,0.863636,0.909091,0.954545,1.),
 .UNSPECIFIED.)
GEOMETRIC_REPRESENTATION_ITEM()
RATIONAL_B_SPLINE_SURFACE(((1.,1.,1.,1.,1.,1.,1.,1.,1.,1.,1.,1.,1.,1.,1.,
1.,1.,1.,1.,1.,1.,1.,1.,1.,1.),(1.,1.,1.,1.,1.,1.,1.,1.,1.,1.,1.,1.,1.,
1.,1.,1.,1.,1.,1.,1.,1.,1.,1.,1.,1.),(1.,1.,1.,1.,1.,1.,1.,1.,1.,1.,1.,
1.,1.,1.,1.,1.,1.,1.,1.,1.,1.,1.,1.,1.,1.),(1.,1.,1.,1.,1.,1.,1.,1.,1.,
1.,1.,1.,1.,1.,1.,1.,1.,1.,1.,1.,1.,1.,1.,1.,1.),(1.,1.,1.,1.,1.,1.,1.,
1.,1.,1.,1.,1.,1.,1.,1.,1.,1.,1.,1.,1.,1.,1.,1.,1.,1.),(1.,1.,1.,1.,1.,
1.,1.,1.,1.,1.,1.,1.,1.,1.,1.,1.,1.,1.,1.,1.,1.,1.,1.,1.,1.),(1.,1.,1.,
1.,1.,1.,1.,1.,1.,1.,1.,1.,1.,1.,1.,1.,1.,1.,1.,1.,1.,1.,1.,1.,1.),(1.,
1.,1.,1.,1.,1.,1.,1.,1.,1.,1.,1.,1.,1.,1.,1.,1.,1.,1.,1.,1.,1.,1.,1.,1.),
(1.,1.,1.,1.,1.,1.,1.,1.,1.,1.,1.,1.,1.,1.,1.,1.,1.,1.,1.,1.,1.,1.,1.,1.,
1.),(1.,1.,1.,1.,1.,1.,1.,1.,1.,1.,1.,1.,1.,1.,1.,1.,1.,1.,1.,1.,1.,1.,
1.,1.,1.),(1.,1.,1.,1.,1.,1.,1.,1.,1.,1.,1.,1.,1.,1.,1.,1.,1.,1.,1.,1.,
1.,1.,1.,1.,1.),(1.,1.,1.,1.,1.,1.,1.,1.,1.,1.,1.,1.,1.,1.,1.,1.,1.,1.,
1.,1.,1.,1.,1.,1.,1.),(1.,1.,1.,1.,1.,1.,1.,1.,1.,1.,1.,1.,1.,1.,1.,1.,
1.,1.,1.,1.,1.,1.,1.,1.,1.),(1.,1.,1.,1.,1.,1.,1.,1.,1.,1.,1.,1.,1.,1.,
1.,1.,1.,1.,1.,1.,1.,1.,1.,1.,1.),(1.,1.,1.,1.,1.,1.,1.,1.,1.,1.,1.,1.,
1.,1.,1.,1.,1.,1.,1.,1.,1.,1.,1.,1.,1.),(1.,1.,1.,1.,1.,1.,1.,1.,1.,1.,
1.,1.,1.,1.,1.,1.,1.,1.,1.,1.,1.,1.,1.,1.,1.),(1.,1.,1.,1.,1.,1.,1.,1.,
1.,1.,1.,1.,1.,1.,1.,1.,1.,1.,1.,1.,1.,1.,1.,1.,1.),(1.,1.,1.,1.,1.,1.,
1.,1.,1.,1.,1.,1.,1.,1.,1.,1.,1.,1.,1.,1.,1.,1.,1.,1.,1.),(1.,1.,1.,1.,
1.,1.,1.,1.,1.,1.,1.,1.,1.,1.,1.,1.,1.,1.,1.,1.,1.,1.,1.,1.,1.),(1.,1.,
1.,1.,1.,1.,1.,1.,1.,1.,1.,1.,1.,1.,1.,1.,1.,1.,1.,1.,1.,1.,1.,1.,1.),(1.,
1.,1.,1.,1.,1.,1.,1.,1.,1.,1.,1.,1.,1.,1.,1.,1.,1.,1.,1.,1.,1.,1.,1.,1.),
(1.,1.,1.,1.,1.,1.,1.,1.,1.,1.,1.,1.,1.,1.,1.,1.,1.,1.,1.,1.,1.,1.,1.,1.,
1.),(1.,1.,1.,1.,1.,1.,1.,1.,1.,1.,1.,1.,1.,1.,1.,1.,1.,1.,1.,1.,1.,1.,
1.,1.,1.),(1.,1.,1.,1.,1.,1.,1.,1.,1.,1.,1.,1.,1.,1.,1.,1.,1.,1.,1.,1.,
1.,1.,1.,1.,1.),(1.,1.,1.,1.,1.,1.,1.,1.,1.,1.,1.,1.,1.,1.,1.,1.,1.,1.,
1.,1.,1.,1.,1.,1.,1.)))
REPRESENTATION_ITEM('')
SURFACE()
);
#93=(
BOUNDED_SURFACE()
B_SPLINE_SURFACE(3,3,((#2621,#2622,#2623,#2624,#2625,#2626,#2627,#2628,
#2629,#2630,#2631,#2632,#2633,#2634,#2635,#2636,#2637,#2638,#2639,#2640,
#2641,#2642,#2643,#2644,#2645),(#2646,#2647,#2648,#2649,#2650,#2651,#2652,
#2653,#2654,#2655,#2656,#2657,#2658,#2659,#2660,#2661,#2662,#2663,#2664,
#2665,#2666,#2667,#2668,#2669,#2670),(#2671,#2672,#2673,#2674,#2675,#2676,
#2677,#2678,#2679,#2680,#2681,#2682,#2683,#2684,#2685,#2686,#2687,#2688,
#2689,#2690,#2691,#2692,#2693,#2694,#2695),(#2696,#2697,#2698,#2699,#2700,
#2701,#2702,#2703,#2704,#2705,#2706,#2707,#2708,#2709,#2710,#2711,#2712,
#2713,#2714,#2715,#2716,#2717,#2718,#2719,#2720),(#2721,#2722,#2723,#2724,
#2725,#2726,#2727,#2728,#2729,#2730,#2731,#2732,#2733,#2734,#2735,#2736,
#2737,#2738,#2739,#2740,#2741,#2742,#2743,#2744,#2745),(#2746,#2747,#2748,
#2749,#2750,#2751,#2752,#2753,#2754,#2755,#2756,#2757,#2758,#2759,#2760,
#2761,#2762,#2763,#2764,#2765,#2766,#2767,#2768,#2769,#2770),(#2771,#2772,
#2773,#2774,#2775,#2776,#2777,#2778,#2779,#2780,#2781,#2782,#2783,#2784,
#2785,#2786,#2787,#2788,#2789,#2790,#2791,#2792,#2793,#2794,#2795),(#2796,
#2797,#2798,#2799,#2800,#2801,#2802,#2803,#2804,#2805,#2806,#2807,#2808,
#2809,#2810,#2811,#2812,#2813,#2814,#2815,#2816,#2817,#2818,#2819,#2820),
(#2821,#2822,#2823,#2824,#2825,#2826,#2827,#2828,#2829,#2830,#2831,#2832,
#2833,#2834,#2835,#2836,#2837,#2838,#2839,#2840,#2841,#2842,#2843,#2844,
#2845),(#2846,#2847,#2848,#2849,#2850,#2851,#2852,#2853,#2854,#2855,#2856,
#2857,#2858,#2859,#2860,#2861,#2862,#2863,#2864,#2865,#2866,#2867,#2868,
#2869,#2870),(#2871,#2872,#2873,#2874,#2875,#2876,#2877,#2878,#2879,#2880,
#2881,#2882,#2883,#2884,#2885,#2886,#2887,#2888,#2889,#2890,#2891,#2892,
#2893,#2894,#2895),(#2896,#2897,#2898,#2899,#2900,#2901,#2902,#2903,#2904,
#2905,#2906,#2907,#2908,#2909,#2910,#2911,#2912,#2913,#2914,#2915,#2916,
#2917,#2918,#2919,#2920),(#2921,#2922,#2923,#2924,#2925,#2926,#2927,#2928,
#2929,#2930,#2931,#2932,#2933,#2934,#2935,#2936,#2937,#2938,#2939,#2940,
#2941,#2942,#2943,#2944,#2945),(#2946,#2947,#2948,#2949,#2950,#2951,#2952,
#2953,#2954,#2955,#2956,#2957,#2958,#2959,#2960,#2961,#2962,#2963,#2964,
#2965,#2966,#2967,#2968,#2969,#2970),(#2971,#2972,#2973,#2974,#2975,#2976,
#2977,#2978,#2979,#2980,#2981,#2982,#2983,#2984,#2985,#2986,#2987,#2988,
#2989,#2990,#2991,#2992,#2993,#2994,#2995),(#2996,#2997,#2998,#2999,#3000,
#3001,#3002,#3003,#3004,#3005,#3006,#3007,#3008,#3009,#3010,#3011,#3012,
#3013,#3014,#3015,#3016,#3017,#3018,#3019,#3020),(#3021,#3022,#3023,#3024,
#3025,#3026,#3027,#3028,#3029,#3030,#3031,#3032,#3033,#3034,#3035,#3036,
#3037,#3038,#3039,#3040,#3041,#3042,#3043,#3044,#3045),(#3046,#3047,#3048,
#3049,#3050,#3051,#3052,#3053,#3054,#3055,#3056,#3057,#3058,#3059,#3060,
#3061,#3062,#3063,#3064,#3065,#3066,#3067,#3068,#3069,#3070),(#3071,#3072,
#3073,#3074,#3075,#3076,#3077,#3078,#3079,#3080,#3081,#3082,#3083,#3084,
#3085,#3086,#3087,#3088,#3089,#3090,#3091,#3092,#3093,#3094,#3095),(#3096,
#3097,#3098,#3099,#3100,#3101,#3102,#3103,#3104,#3105,#3106,#3107,#3108,
#3109,#3110,#3111,#3112,#3113,#3114,#3115,#3116,#3117,#3118,#3119,#3120),
(#3121,#3122,#3123,#3124,#3125,#3126,#3127,#3128,#3129,#3130,#3131,#3132,
#3133,#3134,#3135,#3136,#3137,#3138,#3139,#3140,#3141,#3142,#3143,#3144,
#3145),(#3146,#3147,#3148,#3149,#3150,#3151,#3152,#3153,#3154,#3155,#3156,
#3157,#3158,#3159,#3160,#3161,#3162,#3163,#3164,#3165,#3166,#3167,#3168,
#3169,#3170),(#3171,#3172,#3173,#3174,#3175,#3176,#3177,#3178,#3179,#3180,
#3181,#3182,#3183,#3184,#3185,#3186,#3187,#3188,#3189,#3190,#3191,#3192,
#3193,#3194,#3195),(#3196,#3197,#3198,#3199,#3200,#3201,#3202,#3203,#3204,
#3205,#3206,#3207,#3208,#3209,#3210,#3211,#3212,#3213,#3214,#3215,#3216,
#3217,#3218,#3219,#3220),(#3221,#3222,#3223,#3224,#3225,#3226,#3227,#3228,
#3229,#3230,#3231,#3232,#3233,#3234,#3235,#3236,#3237,#3238,#3239,#3240,
#3241,#3242,#3243,#3244,#3245)),.UNSPECIFIED.,.F.,.F.,.F.)
B_SPLINE_SURFACE_WITH_KNOTS((4,1,1,1,1,1,1,1,1,1,1,1,1,1,1,1,1,1,1,1,1,
1,4),(4,1,1,1,1,1,1,1,1,1,1,1,1,1,1,1,1,1,1,1,1,1,4),(0.,0.045455,0.090909,
0.136364,0.181818,0.227273,0.272727,0.318182,0.363636,0.409091,0.454545,
0.5,0.545455,0.590909,0.636364,0.681818,0.727273,0.772727,0.818182,0.863636,
0.909091,0.954545,1.),(0.,0.045455,0.090909,0.136364,0.181818,0.227273,
0.272727,0.318182,0.363636,0.409091,0.454545,0.5,0.545455,0.590909,0.636364,
0.681818,0.727273,0.772727,0.818182,0.863636,0.909091,0.954545,1.),
 .UNSPECIFIED.)
GEOMETRIC_REPRESENTATION_ITEM()
RATIONAL_B_SPLINE_SURFACE(((1.,1.,1.,1.,1.,1.,1.,1.,1.,1.,1.,1.,1.,1.,1.,
1.,1.,1.,1.,1.,1.,1.,1.,1.,1.),(1.,1.,1.,1.,1.,1.,1.,1.,1.,1.,1.,1.,1.,
1.,1.,1.,1.,1.,1.,1.,1.,1.,1.,1.,1.),(1.,1.,1.,1.,1.,1.,1.,1.,1.,1.,1.,
1.,1.,1.,1.,1.,1.,1.,1.,1.,1.,1.,1.,1.,1.),(1.,1.,1.,1.,1.,1.,1.,1.,1.,
1.,1.,1.,1.,1.,1.,1.,1.,1.,1.,1.,1.,1.,1.,1.,1.),(1.,1.,1.,1.,1.,1.,1.,
1.,1.,1.,1.,1.,1.,1.,1.,1.,1.,1.,1.,1.,1.,1.,1.,1.,1.),(1.,1.,1.,1.,1.,
1.,1.,1.,1.,1.,1.,1.,1.,1.,1.,1.,1.,1.,1.,1.,1.,1.,1.,1.,1.),(1.,1.,1.,
1.,1.,1.,1.,1.,1.,1.,1.,1.,1.,1.,1.,1.,1.,1.,1.,1.,1.,1.,1.,1.,1.),(1.,
1.,1.,1.,1.,1.,1.,1.,1.,1.,1.,1.,1.,1.,1.,1.,1.,1.,1.,1.,1.,1.,1.,1.,1.),
(1.,1.,1.,1.,1.,1.,1.,1.,1.,1.,1.,1.,1.,1.,1.,1.,1.,1.,1.,1.,1.,1.,1.,1.,
1.),(1.,1.,1.,1.,1.,1.,1.,1.,1.,1.,1.,1.,1.,1.,1.,1.,1.,1.,1.,1.,1.,1.,
1.,1.,1.),(1.,1.,1.,1.,1.,1.,1.,1.,1.,1.,1.,1.,1.,1.,1.,1.,1.,1.,1.,1.,
1.,1.,1.,1.,1.),(1.,1.,1.,1.,1.,1.,1.,1.,1.,1.,1.,1.,1.,1.,1.,1.,1.,1.,
1.,1.,1.,1.,1.,1.,1.),(1.,1.,1.,1.,1.,1.,1.,1.,1.,1.,1.,1.,1.,1.,1.,1.,
1.,1.,1.,1.,1.,1.,1.,1.,1.),(1.,1.,1.,1.,1.,1.,1.,1.,1.,1.,1.,1.,1.,1.,
1.,1.,1.,1.,1.,1.,1.,1.,1.,1.,1.),(1.,1.,1.,1.,1.,1.,1.,1.,1.,1.,1.,1.,
1.,1.,1.,1.,1.,1.,1.,1.,1.,1.,1.,1.,1.),(1.,1.,1.,1.,1.,1.,1.,1.,1.,1.,
1.,1.,1.,1.,1.,1.,1.,1.,1.,1.,1.,1.,1.,1.,1.),(1.,1.,1.,1.,1.,1.,1.,1.,
1.,1.,1.,1.,1.,1.,1.,1.,1.,1.,1.,1.,1.,1.,1.,1.,1.),(1.,1.,1.,1.,1.,1.,
1.,1.,1.,1.,1.,1.,1.,1.,1.,1.,1.,1.,1.,1.,1.,1.,1.,1.,1.),(1.,1.,1.,1.,
1.,1.,1.,1.,1.,1.,1.,1.,1.,1.,1.,1.,1.,1.,1.,1.,1.,1.,1.,1.,1.),(1.,1.,
1.,1.,1.,1.,1.,1.,1.,1.,1.,1.,1.,1.,1.,1.,1.,1.,1.,1.,1.,1.,1.,1.,1.),(1.,
1.,1.,1.,1.,1.,1.,1.,1.,1.,1.,1.,1.,1.,1.,1.,1.,1.,1.,1.,1.,1.,1.,1.,1.),
(1.,1.,1.,1.,1.,1.,1.,1.,1.,1.,1.,1.,1.,1.,1.,1.,1.,1.,1.,1.,1.,1.,1.,1.,
1.),(1.,1.,1.,1.,1.,1.,1.,1.,1.,1.,1.,1.,1.,1.,1.,1.,1.,1.,1.,1.,1.,1.,
1.,1.,1.),(1.,1.,1.,1.,1.,1.,1.,1.,1.,1.,1.,1.,1.,1.,1.,1.,1.,1.,1.,1.,
1.,1.,1.,1.,1.),(1.,1.,1.,1.,1.,1.,1.,1.,1.,1.,1.,1.,1.,1.,1.,1.,1.,1.,
1.,1.,1.,1.,1.,1.,1.)))
REPRESENTATION_ITEM('')
SURFACE()
);
#94=(
BOUNDED_SURFACE()
B_SPLINE_SURFACE(3,3,((#3246,#3247,#3248,#3249,#3250,#3251,#3252,#3253,
#3254,#3255,#3256,#3257,#3258,#3259,#3260,#3261,#3262,#3263,#3264,#3265,
#3266,#3267,#3268,#3269,#3270),(#3271,#3272,#3273,#3274,#3275,#3276,#3277,
#3278,#3279,#3280,#3281,#3282,#3283,#3284,#3285,#3286,#3287,#3288,#3289,
#3290,#3291,#3292,#3293,#3294,#3295),(#3296,#3297,#3298,#3299,#3300,#3301,
#3302,#3303,#3304,#3305,#3306,#3307,#3308,#3309,#3310,#3311,#3312,#3313,
#3314,#3315,#3316,#3317,#3318,#3319,#3320),(#3321,#3322,#3323,#3324,#3325,
#3326,#3327,#3328,#3329,#3330,#3331,#3332,#3333,#3334,#3335,#3336,#3337,
#3338,#3339,#3340,#3341,#3342,#3343,#3344,#3345),(#3346,#3347,#3348,#3349,
#3350,#3351,#3352,#3353,#3354,#3355,#3356,#3357,#3358,#3359,#3360,#3361,
#3362,#3363,#3364,#3365,#3366,#3367,#3368,#3369,#3370),(#3371,#3372,#3373,
#3374,#3375,#3376,#3377,#3378,#3379,#3380,#3381,#3382,#3383,#3384,#3385,
#3386,#3387,#3388,#3389,#3390,#3391,#3392,#3393,#3394,#3395),(#3396,#3397,
#3398,#3399,#3400,#3401,#3402,#3403,#3404,#3405,#3406,#3407,#3408,#3409,
#3410,#3411,#3412,#3413,#3414,#3415,#3416,#3417,#3418,#3419,#3420),(#3421,
#3422,#3423,#3424,#3425,#3426,#3427,#3428,#3429,#3430,#3431,#3432,#3433,
#3434,#3435,#3436,#3437,#3438,#3439,#3440,#3441,#3442,#3443,#3444,#3445),
(#3446,#3447,#3448,#3449,#3450,#3451,#3452,#3453,#3454,#3455,#3456,#3457,
#3458,#3459,#3460,#3461,#3462,#3463,#3464,#3465,#3466,#3467,#3468,#3469,
#3470),(#3471,#3472,#3473,#3474,#3475,#3476,#3477,#3478,#3479,#3480,#3481,
#3482,#3483,#3484,#3485,#3486,#3487,#3488,#3489,#3490,#3491,#3492,#3493,
#3494,#3495),(#3496,#3497,#3498,#3499,#3500,#3501,#3502,#3503,#3504,#3505,
#3506,#3507,#3508,#3509,#3510,#3511,#3512,#3513,#3514,#3515,#3516,#3517,
#3518,#3519,#3520),(#3521,#3522,#3523,#3524,#3525,#3526,#3527,#3528,#3529,
#3530,#3531,#3532,#3533,#3534,#3535,#3536,#3537,#3538,#3539,#3540,#3541,
#3542,#3543,#3544,#3545),(#3546,#3547,#3548,#3549,#3550,#3551,#3552,#3553,
#3554,#3555,#3556,#3557,#3558,#3559,#3560,#3561,#3562,#3563,#3564,#3565,
#3566,#3567,#3568,#3569,#3570),(#3571,#3572,#3573,#3574,#3575,#3576,#3577,
#3578,#3579,#3580,#3581,#3582,#3583,#3584,#3585,#3586,#3587,#3588,#3589,
#3590,#3591,#3592,#3593,#3594,#3595),(#3596,#3597,#3598,#3599,#3600,#3601,
#3602,#3603,#3604,#3605,#3606,#3607,#3608,#3609,#3610,#3611,#3612,#3613,
#3614,#3615,#3616,#3617,#3618,#3619,#3620),(#3621,#3622,#3623,#3624,#3625,
#3626,#3627,#3628,#3629,#3630,#3631,#3632,#3633,#3634,#3635,#3636,#3637,
#3638,#3639,#3640,#3641,#3642,#3643,#3644,#3645),(#3646,#3647,#3648,#3649,
#3650,#3651,#3652,#3653,#3654,#3655,#3656,#3657,#3658,#3659,#3660,#3661,
#3662,#3663,#3664,#3665,#3666,#3667,#3668,#3669,#3670),(#3671,#3672,#3673,
#3674,#3675,#3676,#3677,#3678,#3679,#3680,#3681,#3682,#3683,#3684,#3685,
#3686,#3687,#3688,#3689,#3690,#3691,#3692,#3693,#3694,#3695),(#3696,#3697,
#3698,#3699,#3700,#3701,#3702,#3703,#3704,#3705,#3706,#3707,#3708,#3709,
#3710,#3711,#3712,#3713,#3714,#3715,#3716,#3717,#3718,#3719,#3720),(#3721,
#3722,#3723,#3724,#3725,#3726,#3727,#3728,#3729,#3730,#3731,#3732,#3733,
#3734,#3735,#3736,#3737,#3738,#3739,#3740,#3741,#3742,#3743,#3744,#3745),
(#3746,#3747,#3748,#3749,#3750,#3751,#3752,#3753,#3754,#3755,#3756,#3757,
#3758,#3759,#3760,#3761,#3762,#3763,#3764,#3765,#3766,#3767,#3768,#3769,
#3770),(#3771,#3772,#3773,#3774,#3775,#3776,#3777,#3778,#3779,#3780,#3781,
#3782,#3783,#3784,#3785,#3786,#3787,#3788,#3789,#3790,#3791,#3792,#3793,
#3794,#3795),(#3796,#3797,#3798,#3799,#3800,#3801,#3802,#3803,#3804,#3805,
#3806,#3807,#3808,#3809,#3810,#3811,#3812,#3813,#3814,#3815,#3816,#3817,
#3818,#3819,#3820),(#3821,#3822,#3823,#3824,#3825,#3826,#3827,#3828,#3829,
#3830,#3831,#3832,#3833,#3834,#3835,#3836,#3837,#3838,#3839,#3840,#3841,
#3842,#3843,#3844,#3845),(#3846,#3847,#3848,#3849,#3850,#3851,#3852,#3853,
#3854,#3855,#3856,#3857,#3858,#3859,#3860,#3861,#3862,#3863,#3864,#3865,
#3866,#3867,#3868,#3869,#3870)),.UNSPECIFIED.,.F.,.F.,.F.)
B_SPLINE_SURFACE_WITH_KNOTS((4,1,1,1,1,1,1,1,1,1,1,1,1,1,1,1,1,1,1,1,1,
1,4),(4,1,1,1,1,1,1,1,1,1,1,1,1,1,1,1,1,1,1,1,1,1,4),(0.,0.045455,0.090909,
0.136364,0.181818,0.227273,0.272727,0.318182,0.363636,0.409091,0.454545,
0.5,0.545455,0.590909,0.636364,0.681818,0.727273,0.772727,0.818182,0.863636,
0.909091,0.954545,1.),(0.,0.045455,0.090909,0.136364,0.181818,0.227273,
0.272727,0.318182,0.363636,0.409091,0.454545,0.5,0.545455,0.590909,0.636364,
0.681818,0.727273,0.772727,0.818182,0.863636,0.909091,0.954545,1.),
 .UNSPECIFIED.)
GEOMETRIC_REPRESENTATION_ITEM()
RATIONAL_B_SPLINE_SURFACE(((1.,1.,1.,1.,1.,1.,1.,1.,1.,1.,1.,1.,1.,1.,1.,
1.,1.,1.,1.,1.,1.,1.,1.,1.,1.),(1.,1.,1.,1.,1.,1.,1.,1.,1.,1.,1.,1.,1.,
1.,1.,1.,1.,1.,1.,1.,1.,1.,1.,1.,1.),(1.,1.,1.,1.,1.,1.,1.,1.,1.,1.,1.,
1.,1.,1.,1.,1.,1.,1.,1.,1.,1.,1.,1.,1.,1.),(1.,1.,1.,1.,1.,1.,1.,1.,1.,
1.,1.,1.,1.,1.,1.,1.,1.,1.,1.,1.,1.,1.,1.,1.,1.),(1.,1.,1.,1.,1.,1.,1.,
1.,1.,1.,1.,1.,1.,1.,1.,1.,1.,1.,1.,1.,1.,1.,1.,1.,1.),(1.,1.,1.,1.,1.,
1.,1.,1.,1.,1.,1.,1.,1.,1.,1.,1.,1.,1.,1.,1.,1.,1.,1.,1.,1.),(1.,1.,1.,
1.,1.,1.,1.,1.,1.,1.,1.,1.,1.,1.,1.,1.,1.,1.,1.,1.,1.,1.,1.,1.,1.),(1.,
1.,1.,1.,1.,1.,1.,1.,1.,1.,1.,1.,1.,1.,1.,1.,1.,1.,1.,1.,1.,1.,1.,1.,1.),
(1.,1.,1.,1.,1.,1.,1.,1.,1.,1.,1.,1.,1.,1.,1.,1.,1.,1.,1.,1.,1.,1.,1.,1.,
1.),(1.,1.,1.,1.,1.,1.,1.,1.,1.,1.,1.,1.,1.,1.,1.,1.,1.,1.,1.,1.,1.,1.,
1.,1.,1.),(1.,1.,1.,1.,1.,1.,1.,1.,1.,1.,1.,1.,1.,1.,1.,1.,1.,1.,1.,1.,
1.,1.,1.,1.,1.),(1.,1.,1.,1.,1.,1.,1.,1.,1.,1.,1.,1.,1.,1.,1.,1.,1.,1.,
1.,1.,1.,1.,1.,1.,1.),(1.,1.,1.,1.,1.,1.,1.,1.,1.,1.,1.,1.,1.,1.,1.,1.,
1.,1.,1.,1.,1.,1.,1.,1.,1.),(1.,1.,1.,1.,1.,1.,1.,1.,1.,1.,1.,1.,1.,1.,
1.,1.,1.,1.,1.,1.,1.,1.,1.,1.,1.),(1.,1.,1.,1.,1.,1.,1.,1.,1.,1.,1.,1.,
1.,1.,1.,1.,1.,1.,1.,1.,1.,1.,1.,1.,1.),(1.,1.,1.,1.,1.,1.,1.,1.,1.,1.,
1.,1.,1.,1.,1.,1.,1.,1.,1.,1.,1.,1.,1.,1.,1.),(1.,1.,1.,1.,1.,1.,1.,1.,
1.,1.,1.,1.,1.,1.,1.,1.,1.,1.,1.,1.,1.,1.,1.,1.,1.),(1.,1.,1.,1.,1.,1.,
1.,1.,1.,1.,1.,1.,1.,1.,1.,1.,1.,1.,1.,1.,1.,1.,1.,1.,1.),(1.,1.,1.,1.,
1.,1.,1.,1.,1.,1.,1.,1.,1.,1.,1.,1.,1.,1.,1.,1.,1.,1.,1.,1.,1.),(1.,1.,
1.,1.,1.,1.,1.,1.,1.,1.,1.,1.,1.,1.,1.,1.,1.,1.,1.,1.,1.,1.,1.,1.,1.),(1.,
1.,1.,1.,1.,1.,1.,1.,1.,1.,1.,1.,1.,1.,1.,1.,1.,1.,1.,1.,1.,1.,1.,1.,1.),
(1.,1.,1.,1.,1.,1.,1.,1.,1.,1.,1.,1.,1.,1.,1.,1.,1.,1.,1.,1.,1.,1.,1.,1.,
1.),(1.,1.,1.,1.,1.,1.,1.,1.,1.,1.,1.,1.,1.,1.,1.,1.,1.,1.,1.,1.,1.,1.,
1.,1.,1.),(1.,1.,1.,1.,1.,1.,1.,1.,1.,1.,1.,1.,1.,1.,1.,1.,1.,1.,1.,1.,
1.,1.,1.,1.,1.),(1.,1.,1.,1.,1.,1.,1.,1.,1.,1.,1.,1.,1.,1.,1.,1.,1.,1.,
1.,1.,1.,1.,1.,1.,1.)))
REPRESENTATION_ITEM('')
SURFACE()
);
#95=SHAPE_DEFINITION_REPRESENTATION(#96,#113);
#96=PRODUCT_DEFINITION_SHAPE($,$,#98);
#97=PRODUCT_DEFINITION_CONTEXT('3D Mechanical Parts',#102,'design');
#98=PRODUCT_DEFINITION('A','First version',#99,#97);
#99=PRODUCT_DEFINITION_FORMATION_WITH_SPECIFIED_SOURCE('A',
'First version',#104,.MADE.);
#100=PRODUCT_RELATED_PRODUCT_CATEGORY('tool','tool',(#104));
#101=APPLICATION_PROTOCOL_DEFINITION('Draft International Standard',
'automotive_design',1999,#102);
#102=APPLICATION_CONTEXT(
'data for automotive mechanical design processes');
#103=PRODUCT_CONTEXT('3D Mechanical Parts',#102,'mechanical');
#104=PRODUCT('Document','Document','',(#103));
#105=(
LENGTH_UNIT()
NAMED_UNIT(*)
SI_UNIT(.MILLI.,.METRE.)
);
#106=(
NAMED_UNIT(*)
PLANE_ANGLE_UNIT()
SI_UNIT($,.RADIAN.)
);
#107=DIMENSIONAL_EXPONENTS(0.,0.,0.,0.,0.,0.,0.);
#108=PLANE_ANGLE_MEASURE_WITH_UNIT(PLANE_ANGLE_MEASURE(0.01745329252),#106);
#109=(
CONVERSION_BASED_UNIT('DEGREES',#108)
NAMED_UNIT(#107)
PLANE_ANGLE_UNIT()
);
#110=(
NAMED_UNIT(*)
SI_UNIT($,.STERADIAN.)
SOLID_ANGLE_UNIT()
);
#111=UNCERTAINTY_MEASURE_WITH_UNIT(LENGTH_MEASURE(0.001),#105,
'DISTANCE_ACCURACY_VALUE',
'Maximum model space distance between geometric entities at asserted c
onnectivities');
#112=(
GEOMETRIC_REPRESENTATION_CONTEXT(3)
GLOBAL_UNCERTAINTY_ASSIGNED_CONTEXT((#111))
GLOBAL_UNIT_ASSIGNED_CONTEXT((#110,#109,#105))
REPRESENTATION_CONTEXT('ID1','3D')
);
#113=SHAPE_REPRESENTATION('Document',(#114,#115),#112);
#114=AXIS2_PLACEMENT_3D($,#120,#116,#117);
#115=AXIS2_PLACEMENT_3D($,#4179,#118,#119);
#116=DIRECTION('',(0.,0.,1.));
#117=DIRECTION('',(1.,0.,0.));
#118=DIRECTION('',(0.,0.,1.));
#119=DIRECTION('',(1.,0.,0.));
#120=CARTESIAN_POINT('',(0.,0.,0.));
#121=CARTESIAN_POINT('',(-253.188,122.022,13.625));
#122=CARTESIAN_POINT('',(-253.246,119.664,18.395));
#123=CARTESIAN_POINT('',(-249.437,110.117,22.501));
#124=CARTESIAN_POINT('',(-245.907,91.392,35.556));
#125=CARTESIAN_POINT('',(-251.222,65.856,39.912));
#126=CARTESIAN_POINT('',(-267.494,44.957,35.056));
#127=CARTESIAN_POINT('',(-293.984,29.399,34.225));
#128=CARTESIAN_POINT('',(-326.085,16.011,22.882));
#129=CARTESIAN_POINT('',(-360.776,0.371,28.653));
#130=CARTESIAN_POINT('',(-395.65,-12.657,29.956));
#131=CARTESIAN_POINT('',(-434.373,-31.019,36.03));
#132=CARTESIAN_POINT('',(-475.384,-37.282,44.582));
#133=CARTESIAN_POINT('',(-512.988,-51.632,63.063));
#134=CARTESIAN_POINT('',(-549.662,-70.099,79.489));
#135=CARTESIAN_POINT('',(-580.944,-103.036,94.595));
#136=CARTESIAN_POINT('',(-605.978,-138.444,112.925));
#137=CARTESIAN_POINT('',(-620.994,-180.829,134.294));
#138=CARTESIAN_POINT('',(-626.004,-218.158,159.262));
#139=CARTESIAN_POINT('',(-628.074,-263.141,178.246));
#140=CARTESIAN_POINT('',(-621.095,-296.446,194.451));
#141=CARTESIAN_POINT('',(-604.135,-333.824,213.966));
#142=CARTESIAN_POINT('',(-586.671,-352.168,229.759));
#143=CARTESIAN_POINT('',(-578.487,-371.612,248.028));
#144=CARTESIAN_POINT('',(-571.821,-386.525,252.837));
#145=CARTESIAN_POINT('',(-570.414,-395.931,252.177));
#146=CARTESIAN_POINT('',(-252.855,123.255,8.083));
#147=CARTESIAN_POINT('',(-247.111,112.505,12.187));
#148=CARTESIAN_POINT('',(-247.426,107.118,18.146));
#149=CARTESIAN_POINT('',(-243.782,88.174,28.678));
#150=CARTESIAN_POINT('',(-251.409,63.709,33.547));
#151=CARTESIAN_POINT('',(-270.439,40.756,28.031));
#152=CARTESIAN_POINT('',(-297.927,27.742,26.913));
#153=CARTESIAN_POINT('',(-326.943,14.595,15.297));
#154=CARTESIAN_POINT('',(-367.171,-1.087,20.508));
#155=CARTESIAN_POINT('',(-400.027,-15.399,21.931));
#156=CARTESIAN_POINT('',(-439.331,-31.598,26.103));
#157=CARTESIAN_POINT('',(-482.973,-36.108,36.726));
#158=CARTESIAN_POINT('',(-519.671,-52.2,47.241));
#159=CARTESIAN_POINT('',(-555.498,-69.548,67.599));
#160=CARTESIAN_POINT('',(-587.453,-103.745,84.696));
#161=CARTESIAN_POINT('',(-611.751,-142.164,99.77));
#162=CARTESIAN_POINT('',(-629.673,-184.54,123.169));
#163=CARTESIAN_POINT('',(-630.931,-225.43,145.676));
#164=CARTESIAN_POINT('',(-635.038,-267.432,167.53));
#165=CARTESIAN_POINT('',(-626.491,-304.781,182.855));
#166=CARTESIAN_POINT('',(-608.876,-338.074,203.058));
#167=CARTESIAN_POINT('',(-588.097,-361.076,217.594));
#168=CARTESIAN_POINT('',(-583.764,-374.793,233.461));
#169=CARTESIAN_POINT('',(-576.79,-387.582,241.635));
#170=CARTESIAN_POINT('',(-572.645,-399.888,242.651));
#171=CARTESIAN_POINT('',(-246.347,119.977,-3.627));
#172=CARTESIAN_POINT('',(-242.926,112.615,-0.338));
#173=CARTESIAN_POINT('',(-241.349,99.533,3.771));
#174=CARTESIAN_POINT('',(-239.576,80.187,20.871));
#175=CARTESIAN_POINT('',(-251.37,56.307,18.118));
#176=CARTESIAN_POINT('',(-272.852,37.354,17.708));
#177=CARTESIAN_POINT('',(-297.242,26.985,4.346));
#178=CARTESIAN_POINT('',(-338.063,9.991,0.348));
#179=CARTESIAN_POINT('',(-372.398,-2.222,0.905));
#180=CARTESIAN_POINT('',(-407.771,-15.83,3.523));
#181=CARTESIAN_POINT('',(-450.303,-30.711,6.28));
#182=CARTESIAN_POINT('',(-493.488,-35.913,18.089));
#183=CARTESIAN_POINT('',(-534.584,-53.277,28.277));
#184=CARTESIAN_POINT('',(-570.959,-75.573,43.155));
#185=CARTESIAN_POINT('',(-598.035,-101.734,52.84));
#186=CARTESIAN_POINT('',(-625.914,-145.539,70.905));
#187=CARTESIAN_POINT('',(-641.12,-193.78,98.799));
#188=CARTESIAN_POINT('',(-649.878,-238.896,123.367));
#189=CARTESIAN_POINT('',(-644.789,-277.85,138.64));
#190=CARTESIAN_POINT('',(-631.886,-322.172,159.952));
#191=CARTESIAN_POINT('',(-618.57,-353.555,179.534));
#192=CARTESIAN_POINT('',(-596.656,-372.876,192.214));
#193=CARTESIAN_POINT('',(-587.817,-401.978,212.634));
#194=CARTESIAN_POINT('',(-577.616,-411.685,217.903));
#195=CARTESIAN_POINT('',(-572.427,-418.034,230.487));
#196=CARTESIAN_POINT('',(-234.514,107.088,-16.346));
#197=CARTESIAN_POINT('',(-230.538,100.726,-13.004));
#198=CARTESIAN_POINT('',(-230.78,80.276,-11.418));
#199=CARTESIAN_POINT('',(-235.235,67.827,-2.451));
#200=CARTESIAN_POINT('',(-255.561,44.717,-11.03));
#201=CARTESIAN_POINT('',(-278.106,32.665,-12.994));
#202=CARTESIAN_POINT('',(-312.907,19.146,-26.559));
#203=CARTESIAN_POINT('',(-351.062,5.928,-29.751));
#204=CARTESIAN_POINT('',(-387.787,-6.375,-32.28));
#205=CARTESIAN_POINT('',(-423.743,-20.381,-30.085));
#206=CARTESIAN_POINT('',(-465.342,-29.84,-23.614));
#207=CARTESIAN_POINT('',(-514.488,-33.874,-16.187));
#208=CARTESIAN_POINT('',(-555.234,-55.788,-6.076));
#209=CARTESIAN_POINT('',(-594.036,-79.093,6.847));
#210=CARTESIAN_POINT('',(-620.699,-118.651,19.98));
#211=CARTESIAN_POINT('',(-648.578,-163.009,39.466));
#212=CARTESIAN_POINT('',(-657.391,-210.627,55.899));
#213=CARTESIAN_POINT('',(-663.279,-257.795,80.852));
#214=CARTESIAN_POINT('',(-657.419,-302.234,99.155));
#215=CARTESIAN_POINT('',(-642.501,-346.004,124.825));
#216=CARTESIAN_POINT('',(-622.832,-378.568,140.475));
#217=CARTESIAN_POINT('',(-601.946,-405.359,162.797));
#218=CARTESIAN_POINT('',(-588.188,-424.428,177.572));
#219=CARTESIAN_POINT('',(-576.301,-442.899,191.153));
#220=CARTESIAN_POINT('',(-571.683,-448.846,197.585));
#221=CARTESIAN_POINT('',(-221.28,100.927,-33.569));
#222=CARTESIAN_POINT('',(-219.706,94.835,-32.83));
#223=CARTESIAN_POINT('',(-220.295,76.08,-32.775));
#224=CARTESIAN_POINT('',(-237.14,56.886,-30.787));
#225=CARTESIAN_POINT('',(-256.805,40.066,-31.511));
#226=CARTESIAN_POINT('',(-288.818,27.886,-37.468));
#227=CARTESIAN_POINT('',(-322.642,14.678,-61.851));
#228=CARTESIAN_POINT('',(-364.241,4.866,-63.489));
#229=CARTESIAN_POINT('',(-400.669,-7.216,-68.405));
#230=CARTESIAN_POINT('',(-443.15,-21.221,-61.779));
#231=CARTESIAN_POINT('',(-487.506,-24.637,-58.373));
#232=CARTESIAN_POINT('',(-535.041,-38.911,-48.924));
#233=CARTESIAN_POINT('',(-581.324,-59.138,-43.745));
#234=CARTESIAN_POINT('',(-616.34,-95.323,-33.541));
#235=CARTESIAN_POINT('',(-643.824,-135.687,-20.142));
#236=CARTESIAN_POINT('',(-665.434,-181.809,-4.33));
#237=CARTESIAN_POINT('',(-670.63,-234.326,15.324));
#238=CARTESIAN_POINT('',(-674.278,-282.569,37.31));
#239=CARTESIAN_POINT('',(-667.671,-329.602,58.538));
#240=CARTESIAN_POINT('',(-644.531,-372.298,84.997));
#241=CARTESIAN_POINT('',(-620.672,-407.436,102.655));
#242=CARTESIAN_POINT('',(-601.879,-430.573,123.084));
#243=CARTESIAN_POINT('',(-582.865,-457.59,143.169));
#244=CARTESIAN_POINT('',(-569.777,-470.67,157.713));
#245=CARTESIAN_POINT('',(-561.995,-476.149,171.742));
#246=CARTESIAN_POINT('',(-208.058,88.335,-50.545));
#247=CARTESIAN_POINT('',(-208.621,80.213,-52.987));
#248=CARTESIAN_POINT('',(-221.464,63.956,-48.751));
#249=CARTESIAN_POINT('',(-237.222,47.26,-53.134));
#250=CARTESIAN_POINT('',(-271.785,33.129,-58.434));
#251=CARTESIAN_POINT('',(-296.831,23.885,-82.282));
#252=CARTESIAN_POINT('',(-335.358,15.022,-97.103));
#253=CARTESIAN_POINT('',(-376.695,5.354,-97.211));
#254=CARTESIAN_POINT('',(-419.08,-15.262,-101.292));
#255=CARTESIAN_POINT('',(-466.748,-20.554,-100.267));
#256=CARTESIAN_POINT('',(-514.281,-22.687,-96.272));
#257=CARTESIAN_POINT('',(-563.93,-41.044,-89.279));
#258=CARTESIAN_POINT('',(-604.737,-71.445,-86.304));
#259=CARTESIAN_POINT('',(-635.058,-111.533,-75.034));
#260=CARTESIAN_POINT('',(-662.185,-153.156,-65.212));
#261=CARTESIAN_POINT('',(-674.369,-205.186,-49.515));
#262=CARTESIAN_POINT('',(-689.318,-256.364,-25.643));
#263=CARTESIAN_POINT('',(-677.435,-308.675,-5.605));
#264=CARTESIAN_POINT('',(-661.757,-355.656,14.794));
#265=CARTESIAN_POINT('',(-640.817,-398.808,41.999));
#266=CARTESIAN_POINT('',(-616.765,-432.373,58.181));
#267=CARTESIAN_POINT('',(-591.331,-464.236,85.363));
#268=CARTESIAN_POINT('',(-571.868,-480.821,104.21));
#269=CARTESIAN_POINT('',(-555.67,-492.228,128.471));
#270=CARTESIAN_POINT('',(-549.069,-498.168,137.104));
#271=CARTESIAN_POINT('',(-203.103,73.591,-72.451));
#272=CARTESIAN_POINT('',(-209.711,66.41,-72.104));
#273=CARTESIAN_POINT('',(-221.65,52.476,-78.346));
#274=CARTESIAN_POINT('',(-248.569,41.561,-81.227));
#275=CARTESIAN_POINT('',(-277.933,29.759,-100.602));
#276=CARTESIAN_POINT('',(-315.246,21.448,-122.382));
#277=CARTESIAN_POINT('',(-355.914,13.926,-127.194));
#278=CARTESIAN_POINT('',(-401.546,-2.201,-136.379));
#279=CARTESIAN_POINT('',(-442.818,-11.223,-142.37));
#280=CARTESIAN_POINT('',(-491.741,-18.526,-141.454));
#281=CARTESIAN_POINT('',(-542.948,-27.163,-140.42));
#282=CARTESIAN_POINT('',(-588.64,-51.265,-138.36));
#283=CARTESIAN_POINT('',(-624.226,-89.049,-131.384));
#284=CARTESIAN_POINT('',(-654.677,-127.842,-126.385));
#285=CARTESIAN_POINT('',(-673.318,-179.444,-110.287));
#286=CARTESIAN_POINT('',(-682.676,-229.683,-94.113));
#287=CARTESIAN_POINT('',(-682.97,-283.847,-73.85));
#288=CARTESIAN_POINT('',(-678.99,-334.463,-50.933));
#289=CARTESIAN_POINT('',(-657.024,-383.231,-25.947));
#290=CARTESIAN_POINT('',(-631.886,-422.221,-3.524));
#291=CARTESIAN_POINT('',(-598.316,-458.851,21.592));
#292=CARTESIAN_POINT('',(-576.733,-479.048,43.293));
#293=CARTESIAN_POINT('',(-553.25,-505.611,67.409));
#294=CARTESIAN_POINT('',(-539.144,-514.128,87.136));
#295=CARTESIAN_POINT('',(-531.194,-521.648,94.015));
#296=CARTESIAN_POINT('',(-208.529,55.65,-100.806));
#297=CARTESIAN_POINT('',(-213.475,52.878,-103.35));
#298=CARTESIAN_POINT('',(-229.407,48.606,-101.072));
#299=CARTESIAN_POINT('',(-253.675,37.027,-109.454));
#300=CARTESIAN_POINT('',(-296.987,27.075,-139.973));
#301=CARTESIAN_POINT('',(-337.546,22.163,-157.344));
#302=CARTESIAN_POINT('',(-380.038,11.571,-175.179));
#303=CARTESIAN_POINT('',(-423.8,-6.403,-185.189));
#304=CARTESIAN_POINT('',(-467.07,-11.131,-187.999));
#305=CARTESIAN_POINT('',(-517.02,-9.825,-186.904));
#306=CARTESIAN_POINT('',(-567.791,-31.86,-192.874));
#307=CARTESIAN_POINT('',(-606.816,-68.233,-188.628));
#308=CARTESIAN_POINT('',(-640.959,-107.874,-185.766));
#309=CARTESIAN_POINT('',(-659.656,-156.617,-175.376));
#310=CARTESIAN_POINT('',(-672.008,-204.991,-160.369));
#311=CARTESIAN_POINT('',(-686.856,-257.02,-144.225));
#312=CARTESIAN_POINT('',(-675.496,-309.875,-121.182));
#313=CARTESIAN_POINT('',(-665.336,-361.644,-97.557));
#314=CARTESIAN_POINT('',(-641.159,-407.457,-72.204));
#315=CARTESIAN_POINT('',(-607.71,-444.882,-41.866));
#316=CARTESIAN_POINT('',(-579.765,-474.682,-20.439));
#317=CARTESIAN_POINT('',(-549.581,-510.732,1.452));
#318=CARTESIAN_POINT('',(-525.26,-512.546,30.436));
#319=CARTESIAN_POINT('',(-505.522,-516.484,52.213));
#320=CARTESIAN_POINT('',(-494.638,-514.181,59.823));
#321=CARTESIAN_POINT('',(-216.941,50.284,-135.756));
#322=CARTESIAN_POINT('',(-230.397,45.205,-131.675));
#323=CARTESIAN_POINT('',(-247.928,38.812,-141.004));
#324=CARTESIAN_POINT('',(-281.235,32.178,-163.664));
#325=CARTESIAN_POINT('',(-310.835,32.976,-184.687));
#326=CARTESIAN_POINT('',(-347.44,24.099,-204.734));
#327=CARTESIAN_POINT('',(-392.102,9.03,-224.364));
#328=CARTESIAN_POINT('',(-436.314,-11.192,-233.913));
#329=CARTESIAN_POINT('',(-486.538,2.005,-239.385));
#330=CARTESIAN_POINT('',(-538.636,-17.629,-244.19));
#331=CARTESIAN_POINT('',(-581.524,-45.571,-246.396));
#332=CARTESIAN_POINT('',(-616.163,-87.167,-245.126));
#333=CARTESIAN_POINT('',(-640.629,-131.748,-239.209));
#334=CARTESIAN_POINT('',(-660.639,-181.542,-229.056));
#335=CARTESIAN_POINT('',(-679.641,-231.646,-215.604));
#336=CARTESIAN_POINT('',(-672.094,-286.118,-195.248));
#337=CARTESIAN_POINT('',(-666.996,-340.098,-169.296));
#338=CARTESIAN_POINT('',(-645.75,-390.396,-143.066));
#339=CARTESIAN_POINT('',(-613.922,-430.699,-110.152));
#340=CARTESIAN_POINT('',(-583.22,-460.08,-85.153));
#341=CARTESIAN_POINT('',(-549.355,-499.408,-59.054));
#342=CARTESIAN_POINT('',(-508.337,-492.309,-29.86));
#343=CARTESIAN_POINT('',(-481.01,-491.957,1.416));
#344=CARTESIAN_POINT('',(-469.584,-495.37,15.756));
#345=CARTESIAN_POINT('',(-461.216,-499.675,33.434));
#346=CARTESIAN_POINT('',(-235.362,45.33,-187.554));
#347=CARTESIAN_POINT('',(-239.837,46.1,-191.019));
#348=CARTESIAN_POINT('',(-258.439,43.103,-206.158));
#349=CARTESIAN_POINT('',(-288.583,45.018,-223.445));
#350=CARTESIAN_POINT('',(-323.857,32.757,-234.726));
#351=CARTESIAN_POINT('',(-361.728,24.862,-249.198));
#352=CARTESIAN_POINT('',(-401.304,-0.047,-273.391));
#353=CARTESIAN_POINT('',(-453.246,4.068,-282.626));
#354=CARTESIAN_POINT('',(-502.986,2.653,-285.703));
#355=CARTESIAN_POINT('',(-553.079,-19.607,-295.417));
#356=CARTESIAN_POINT('',(-593.673,-60.617,-303.315));
#357=CARTESIAN_POINT('',(-620.28,-105.55,-300.499));
#358=CARTESIAN_POINT('',(-644.487,-155.71,-294.594));
#359=CARTESIAN_POINT('',(-657.416,-207.481,-283.057));
#360=CARTESIAN_POINT('',(-655.621,-260.092,-265.21));
#361=CARTESIAN_POINT('',(-659.015,-315.709,-243.583));
#362=CARTESIAN_POINT('',(-644.888,-369.48,-214.757));
#363=CARTESIAN_POINT('',(-617.352,-415.519,-183.503));
#364=CARTESIAN_POINT('',(-583.432,-442.523,-154.765));
#365=CARTESIAN_POINT('',(-552.011,-489.557,-126.309));
#366=CARTESIAN_POINT('',(-509.431,-473.458,-89.741));
#367=CARTESIAN_POINT('',(-472.935,-475.54,-52.89));
#368=CARTESIAN_POINT('',(-452.323,-481.975,-36.375));
#369=CARTESIAN_POINT('',(-445.154,-488.273,-1.789));
#370=CARTESIAN_POINT('',(-434.177,-488.131,2.826));
#371=CARTESIAN_POINT('',(-237.146,56.231,-234.127));
#372=CARTESIAN_POINT('',(-247.443,54.994,-241.732));
#373=CARTESIAN_POINT('',(-269.668,54.009,-254.045));
#374=CARTESIAN_POINT('',(-302.587,42.955,-267.603));
#375=CARTESIAN_POINT('',(-336.228,35.86,-285.401));
#376=CARTESIAN_POINT('',(-370.586,17.816,-304.769));
#377=CARTESIAN_POINT('',(-414.304,7.742,-325.948));
#378=CARTESIAN_POINT('',(-464.437,17.003,-332.245));
#379=CARTESIAN_POINT('',(-514.855,0.928,-341.922));
#380=CARTESIAN_POINT('',(-561.19,-33.412,-356.432));
#381=CARTESIAN_POINT('',(-590.849,-79.373,-361.577));
#382=CARTESIAN_POINT('',(-616.088,-127.304,-359.347));
#383=CARTESIAN_POINT('',(-633.269,-179.721,-351.737));
#384=CARTESIAN_POINT('',(-638.586,-232.781,-338.416));
#385=CARTESIAN_POINT('',(-643.28,-289.656,-316.033));
#386=CARTESIAN_POINT('',(-630.122,-340.706,-289.761));
#387=CARTESIAN_POINT('',(-616.759,-397.827,-258.935));
#388=CARTESIAN_POINT('',(-582.612,-426.963,-227.838));
#389=CARTESIAN_POINT('',(-553.946,-477.696,-197.763));
#390=CARTESIAN_POINT('',(-507.223,-456.39,-156.33));
#391=CARTESIAN_POINT('',(-474.621,-460.119,-116.895));
#392=CARTESIAN_POINT('',(-441.149,-465.052,-92.807));
#393=CARTESIAN_POINT('',(-426.892,-468.037,-63.056));
#394=CARTESIAN_POINT('',(-411.232,-473.774,-43.774));
#395=CARTESIAN_POINT('',(-401.532,-475.188,-34.447));
#396=CARTESIAN_POINT('',(-247.473,63.611,-299.893));
#397=CARTESIAN_POINT('',(-256.328,62.355,-304.283));
#398=CARTESIAN_POINT('',(-276.742,54.237,-309.783));
#399=CARTESIAN_POINT('',(-308.251,46.274,-323.145));
#400=CARTESIAN_POINT('',(-338.037,33.885,-344.096));
#401=CARTESIAN_POINT('',(-377.448,18.365,-362.628));
#402=CARTESIAN_POINT('',(-429.777,26.014,-378.84));
#403=CARTESIAN_POINT('',(-480.055,23.003,-388.34));
#404=CARTESIAN_POINT('',(-528.917,-4.352,-404.704));
#405=CARTESIAN_POINT('',(-559.558,-52.097,-422.37));
#406=CARTESIAN_POINT('',(-581.916,-101.947,-421.894));
#407=CARTESIAN_POINT('',(-600.114,-152.546,-419.092));
#408=CARTESIAN_POINT('',(-605.455,-204.627,-407.094));
#409=CARTESIAN_POINT('',(-617.322,-262.036,-386.682));
#410=CARTESIAN_POINT('',(-610.924,-312.98,-362.731));
#411=CARTESIAN_POINT('',(-606.757,-374.51,-338.248));
#412=CARTESIAN_POINT('',(-580.267,-410.644,-301.613));
#413=CARTESIAN_POINT('',(-549.725,-460.705,-271.335));
#414=CARTESIAN_POINT('',(-505.809,-447.28,-228.331));
#415=CARTESIAN_POINT('',(-473.382,-444.373,-188.723));
#416=CARTESIAN_POINT('',(-442.543,-451.799,-155.71));
#417=CARTESIAN_POINT('',(-418.37,-451.635,-124.52));
#418=CARTESIAN_POINT('',(-396.26,-460.071,-93.648));
#419=CARTESIAN_POINT('',(-381.312,-461.236,-75.828));
#420=CARTESIAN_POINT('',(-373.853,-464.11,-64.219));
#421=CARTESIAN_POINT('',(-247.436,62.081,-353.407));
#422=CARTESIAN_POINT('',(-256.452,59.439,-360.003));
#423=CARTESIAN_POINT('',(-275.036,53.776,-368.341));
#424=CARTESIAN_POINT('',(-310.607,45.772,-383.722));
#425=CARTESIAN_POINT('',(-341.596,37.035,-398.754));
#426=CARTESIAN_POINT('',(-388.388,33.013,-420.147));
#427=CARTESIAN_POINT('',(-437.237,39.75,-429.476));
#428=CARTESIAN_POINT('',(-485.177,21.813,-450.201));
#429=CARTESIAN_POINT('',(-521.878,-19.903,-470.221));
#430=CARTESIAN_POINT('',(-543.515,-73.189,-479.829));
#431=CARTESIAN_POINT('',(-556.613,-126.769,-478.387));
#432=CARTESIAN_POINT('',(-569.632,-178.793,-470.662));
#433=CARTESIAN_POINT('',(-582.443,-233.206,-458.984));
#434=CARTESIAN_POINT('',(-586.537,-287.171,-434.915));
#435=CARTESIAN_POINT('',(-586.888,-344.416,-413.811));
#436=CARTESIAN_POINT('',(-569.436,-390.822,-378.933));
#437=CARTESIAN_POINT('',(-541.171,-436.748,-344.992));
#438=CARTESIAN_POINT('',(-499.697,-442.245,-306.567));
#439=CARTESIAN_POINT('',(-469.345,-430.583,-260.071));
#440=CARTESIAN_POINT('',(-433.505,-436.272,-221.948));
#441=CARTESIAN_POINT('',(-408.914,-436.148,-188.504));
#442=CARTESIAN_POINT('',(-388.729,-442.226,-159.585));
#443=CARTESIAN_POINT('',(-371.167,-448.005,-123.825));
#444=CARTESIAN_POINT('',(-353.77,-450.633,-111.655));
#445=CARTESIAN_POINT('',(-342.972,-452.138,-101.865));
#446=CARTESIAN_POINT('',(-243.09,61.662,-406.662));
#447=CARTESIAN_POINT('',(-256.156,59.892,-411.014));
#448=CARTESIAN_POINT('',(-271.76,56.347,-418.259));
#449=CARTESIAN_POINT('',(-311.263,54.129,-435.81));
#450=CARTESIAN_POINT('',(-344.59,45.91,-463.161));
#451=CARTESIAN_POINT('',(-389.97,51.036,-470.923));
#452=CARTESIAN_POINT('',(-443.157,48.828,-484.257));
#453=CARTESIAN_POINT('',(-485.774,14.223,-511.115));
#454=CARTESIAN_POINT('',(-503.943,-35.804,-526.639));
#455=CARTESIAN_POINT('',(-512.285,-91.698,-534.247));
#456=CARTESIAN_POINT('',(-530.084,-145.865,-531.396));
#457=CARTESIAN_POINT('',(-543.708,-199.119,-526.779));
#458=CARTESIAN_POINT('',(-554.673,-256.484,-512.162));
#459=CARTESIAN_POINT('',(-559.714,-313.983,-487.196));
#460=CARTESIAN_POINT('',(-550.219,-366.453,-463.91));
#461=CARTESIAN_POINT('',(-526.283,-409.827,-421.762));
#462=CARTESIAN_POINT('',(-493.934,-439.766,-385.408));
#463=CARTESIAN_POINT('',(-456.333,-420.156,-334.922));
#464=CARTESIAN_POINT('',(-426.396,-422.614,-295.448));
#465=CARTESIAN_POINT('',(-393.284,-422.108,-254.463));
#466=CARTESIAN_POINT('',(-371.06,-427.642,-224.963));
#467=CARTESIAN_POINT('',(-353.387,-431.64,-191.183));
#468=CARTESIAN_POINT('',(-339.23,-437.265,-163.154));
#469=CARTESIAN_POINT('',(-317.496,-439.755,-143.579));
#470=CARTESIAN_POINT('',(-311.612,-443.51,-127.001));
#471=CARTESIAN_POINT('',(-231.542,68.602,-457.73));
#472=CARTESIAN_POINT('',(-241.931,67.499,-460.303));
#473=CARTESIAN_POINT('',(-264.337,66.883,-469.076));
#474=CARTESIAN_POINT('',(-298.097,65.904,-491.452));
#475=CARTESIAN_POINT('',(-345.503,67.,-514.98));
#476=CARTESIAN_POINT('',(-397.986,78.164,-534.877));
#477=CARTESIAN_POINT('',(-433.461,44.017,-562.232));
#478=CARTESIAN_POINT('',(-455.017,-4.436,-576.418));
#479=CARTESIAN_POINT('',(-470.442,-54.844,-590.244));
#480=CARTESIAN_POINT('',(-490.27,-107.198,-593.678));
#481=CARTESIAN_POINT('',(-502.854,-162.051,-589.915));
#482=CARTESIAN_POINT('',(-516.775,-219.316,-585.213));
#483=CARTESIAN_POINT('',(-522.488,-277.573,-562.127));
#484=CARTESIAN_POINT('',(-521.815,-338.573,-540.282));
#485=CARTESIAN_POINT('',(-504.262,-377.839,-503.94));
#486=CARTESIAN_POINT('',(-482.954,-428.848,-462.728));
#487=CARTESIAN_POINT('',(-443.127,-418.107,-414.422));
#488=CARTESIAN_POINT('',(-414.03,-414.609,-371.168));
#489=CARTESIAN_POINT('',(-383.74,-409.568,-325.19));
#490=CARTESIAN_POINT('',(-353.483,-414.857,-283.91));
#491=CARTESIAN_POINT('',(-326.413,-416.977,-250.496));
#492=CARTESIAN_POINT('',(-308.18,-422.348,-218.553));
#493=CARTESIAN_POINT('',(-289.331,-427.267,-190.18));
#494=CARTESIAN_POINT('',(-281.776,-433.908,-161.838));
#495=CARTESIAN_POINT('',(-273.401,-435.636,-152.817));
#496=CARTESIAN_POINT('',(-217.428,87.854,-510.859));
#497=CARTESIAN_POINT('',(-226.948,89.434,-516.568));
#498=CARTESIAN_POINT('',(-254.007,94.202,-529.745));
#499=CARTESIAN_POINT('',(-296.246,92.578,-554.086));
#500=CARTESIAN_POINT('',(-342.338,95.354,-573.707));
#501=CARTESIAN_POINT('',(-378.657,67.268,-606.735));
#502=CARTESIAN_POINT('',(-405.578,24.175,-629.436));
#503=CARTESIAN_POINT('',(-428.409,-20.104,-645.882));
#504=CARTESIAN_POINT('',(-446.602,-69.37,-654.573));
#505=CARTESIAN_POINT('',(-461.115,-125.218,-651.609));
#506=CARTESIAN_POINT('',(-470.398,-180.363,-647.941));
#507=CARTESIAN_POINT('',(-479.925,-239.364,-632.121));
#508=CARTESIAN_POINT('',(-483.169,-300.022,-613.46));
#509=CARTESIAN_POINT('',(-474.898,-351.594,-579.348));
#510=CARTESIAN_POINT('',(-460.262,-404.556,-547.146));
#511=CARTESIAN_POINT('',(-428.276,-420.284,-495.744));
#512=CARTESIAN_POINT('',(-398.539,-409.516,-446.708));
#513=CARTESIAN_POINT('',(-369.744,-403.878,-398.719));
#514=CARTESIAN_POINT('',(-341.47,-401.322,-351.055));
#515=CARTESIAN_POINT('',(-310.092,-405.92,-313.005));
#516=CARTESIAN_POINT('',(-284.71,-410.118,-273.412));
#517=CARTESIAN_POINT('',(-260.032,-415.131,-244.561));
#518=CARTESIAN_POINT('',(-245.501,-422.249,-209.788));
#519=CARTESIAN_POINT('',(-236.352,-426.446,-190.803));
#520=CARTESIAN_POINT('',(-229.665,-429.251,-177.614));
#521=CARTESIAN_POINT('',(-207.392,116.095,-558.266));
#522=CARTESIAN_POINT('',(-221.057,117.862,-565.59));
#523=CARTESIAN_POINT('',(-242.438,121.423,-580.293));
#524=CARTESIAN_POINT('',(-289.334,120.86,-601.646));
#525=CARTESIAN_POINT('',(-331.455,107.905,-633.552));
#526=CARTESIAN_POINT('',(-364.578,75.743,-666.087));
#527=CARTESIAN_POINT('',(-384.032,28.611,-692.955));
#528=CARTESIAN_POINT('',(-397.596,-24.689,-706.358));
#529=CARTESIAN_POINT('',(-409.782,-81.055,-710.169));
#530=CARTESIAN_POINT('',(-418.687,-137.934,-707.046));
#531=CARTESIAN_POINT('',(-430.067,-197.501,-698.591));
#532=CARTESIAN_POINT('',(-436.072,-256.345,-682.385));
#533=CARTESIAN_POINT('',(-433.189,-315.459,-656.911));
#534=CARTESIAN_POINT('',(-425.974,-365.464,-622.1));
#535=CARTESIAN_POINT('',(-407.308,-414.447,-581.124));
#536=CARTESIAN_POINT('',(-380.32,-405.484,-520.898));
#537=CARTESIAN_POINT('',(-352.077,-406.173,-473.009));
#538=CARTESIAN_POINT('',(-327.337,-391.946,-425.02));
#539=CARTESIAN_POINT('',(-298.397,-398.609,-380.881));
#540=CARTESIAN_POINT('',(-270.78,-398.524,-335.199));
#541=CARTESIAN_POINT('',(-244.266,-405.74,-295.625));
#542=CARTESIAN_POINT('',(-221.126,-410.085,-261.924));
#543=CARTESIAN_POINT('',(-201.872,-416.383,-235.039));
#544=CARTESIAN_POINT('',(-195.738,-420.468,-211.887));
#545=CARTESIAN_POINT('',(-190.984,-423.483,-199.87));
#546=CARTESIAN_POINT('',(-191.531,151.614,-600.871));
#547=CARTESIAN_POINT('',(-204.41,156.393,-608.694));
#548=CARTESIAN_POINT('',(-236.869,156.926,-620.957));
#549=CARTESIAN_POINT('',(-279.627,160.085,-658.366));
#550=CARTESIAN_POINT('',(-309.63,130.324,-698.609));
#551=CARTESIAN_POINT('',(-328.448,79.878,-729.583));
#552=CARTESIAN_POINT('',(-336.496,26.31,-746.289));
#553=CARTESIAN_POINT('',(-348.937,-30.968,-756.726));
#554=CARTESIAN_POINT('',(-361.159,-89.215,-760.428));
#555=CARTESIAN_POINT('',(-373.013,-149.906,-755.802));
#556=CARTESIAN_POINT('',(-380.82,-211.537,-743.883));
#557=CARTESIAN_POINT('',(-386.339,-274.212,-724.704));
#558=CARTESIAN_POINT('',(-383.49,-329.563,-692.806));
#559=CARTESIAN_POINT('',(-380.507,-385.975,-657.49));
#560=CARTESIAN_POINT('',(-356.676,-409.645,-603.047));
#561=CARTESIAN_POINT('',(-330.431,-398.693,-547.424));
#562=CARTESIAN_POINT('',(-306.586,-398.599,-499.58));
#563=CARTESIAN_POINT('',(-283.611,-394.306,-445.562));
#564=CARTESIAN_POINT('',(-258.833,-390.868,-402.184));
#565=CARTESIAN_POINT('',(-232.506,-394.514,-356.974));
#566=CARTESIAN_POINT('',(-205.814,-398.178,-316.916));
#567=CARTESIAN_POINT('',(-181.22,-406.04,-287.532));
#568=CARTESIAN_POINT('',(-170.951,-410.357,-254.661));
#569=CARTESIAN_POINT('',(-162.997,-416.666,-232.338));
#570=CARTESIAN_POINT('',(-155.836,-418.589,-221.882));
#571=CARTESIAN_POINT('',(-171.989,193.96,-641.477));
#572=CARTESIAN_POINT('',(-185.866,193.902,-651.603));
#573=CARTESIAN_POINT('',(-214.78,204.968,-671.797));
#574=CARTESIAN_POINT('',(-251.248,179.123,-718.805));
#575=CARTESIAN_POINT('',(-264.579,131.653,-755.018));
#576=CARTESIAN_POINT('',(-278.163,77.584,-779.382));
#577=CARTESIAN_POINT('',(-287.474,20.067,-794.199));
#578=CARTESIAN_POINT('',(-298.9,-40.479,-801.885));
#579=CARTESIAN_POINT('',(-308.92,-99.266,-800.566));
#580=CARTESIAN_POINT('',(-315.736,-163.909,-794.598));
#581=CARTESIAN_POINT('',(-327.511,-224.25,-779.635));
#582=CARTESIAN_POINT('',(-334.349,-290.284,-759.04));
#583=CARTESIAN_POINT('',(-335.421,-337.047,-723.54));
#584=CARTESIAN_POINT('',(-330.73,-406.24,-688.648));
#585=CARTESIAN_POINT('',(-303.778,-397.138,-628.88));
#586=CARTESIAN_POINT('',(-284.993,-399.314,-574.361));
#587=CARTESIAN_POINT('',(-262.519,-390.448,-516.814));
#588=CARTESIAN_POINT('',(-241.396,-382.453,-473.849));
#589=CARTESIAN_POINT('',(-219.115,-386.983,-424.513));
#590=CARTESIAN_POINT('',(-195.832,-389.73,-379.803));
#591=CARTESIAN_POINT('',(-171.867,-395.108,-339.815));
#592=CARTESIAN_POINT('',(-150.021,-401.993,-303.738));
#593=CARTESIAN_POINT('',(-138.907,-407.209,-276.732));
#594=CARTESIAN_POINT('',(-128.05,-411.058,-256.706));
#595=CARTESIAN_POINT('',(-123.003,-413.682,-247.019));
#596=CARTESIAN_POINT('',(-144.263,231.509,-679.88));
#597=CARTESIAN_POINT('',(-159.524,238.429,-689.388));
#598=CARTESIAN_POINT('',(-186.316,227.004,-720.728));
#599=CARTESIAN_POINT('',(-212.717,184.973,-763.852));
#600=CARTESIAN_POINT('',(-218.62,131.757,-800.158));
#601=CARTESIAN_POINT('',(-224.432,72.795,-818.472));
#602=CARTESIAN_POINT('',(-231.164,11.9,-831.567));
#603=CARTESIAN_POINT('',(-242.12,-49.357,-834.699));
#604=CARTESIAN_POINT('',(-246.408,-110.395,-834.43));
#605=CARTESIAN_POINT('',(-264.347,-173.913,-824.791));
#606=CARTESIAN_POINT('',(-277.858,-238.777,-808.853));
#607=CARTESIAN_POINT('',(-283.272,-298.706,-782.766));
#608=CARTESIAN_POINT('',(-285.946,-354.395,-750.531));
#609=CARTESIAN_POINT('',(-268.637,-399.073,-712.615));
#610=CARTESIAN_POINT('',(-253.673,-391.731,-654.484));
#611=CARTESIAN_POINT('',(-235.038,-395.707,-594.942));
#612=CARTESIAN_POINT('',(-216.786,-387.793,-546.114));
#613=CARTESIAN_POINT('',(-198.697,-378.93,-494.491));
#614=CARTESIAN_POINT('',(-183.105,-385.961,-438.945));
#615=CARTESIAN_POINT('',(-165.364,-386.266,-395.509));
#616=CARTESIAN_POINT('',(-146.537,-393.455,-349.222));
#617=CARTESIAN_POINT('',(-120.266,-398.951,-317.294));
#618=CARTESIAN_POINT('',(-106.049,-406.196,-284.223));
#619=CARTESIAN_POINT('',(-98.307,-410.955,-264.104));
#620=CARTESIAN_POINT('',(-95.823,-413.699,-249.169));
#621=CARTESIAN_POINT('',(-114.123,261.316,-713.275));
#622=CARTESIAN_POINT('',(-125.971,257.497,-728.561));
#623=CARTESIAN_POINT('',(-156.814,245.133,-757.989));
#624=CARTESIAN_POINT('',(-163.323,191.641,-802.238));
#625=CARTESIAN_POINT('',(-166.286,131.886,-829.562));
#626=CARTESIAN_POINT('',(-170.219,68.85,-848.925));
#627=CARTESIAN_POINT('',(-180.137,5.441,-858.234));
#628=CARTESIAN_POINT('',(-183.283,-58.131,-858.066));
#629=CARTESIAN_POINT('',(-200.963,-120.244,-854.656));
#630=CARTESIAN_POINT('',(-219.728,-181.423,-845.044));
#631=CARTESIAN_POINT('',(-225.618,-247.403,-829.797));
#632=CARTESIAN_POINT('',(-232.508,-306.466,-803.779));
#633=CARTESIAN_POINT('',(-221.581,-356.57,-778.228));
#634=CARTESIAN_POINT('',(-215.533,-404.746,-739.077));
#635=CARTESIAN_POINT('',(-198.097,-386.625,-672.861));
#636=CARTESIAN_POINT('',(-192.428,-396.244,-617.043));
#637=CARTESIAN_POINT('',(-172.783,-382.083,-559.324));
#638=CARTESIAN_POINT('',(-163.849,-381.196,-504.));
#639=CARTESIAN_POINT('',(-147.165,-379.492,-457.857));
#640=CARTESIAN_POINT('',(-134.006,-385.452,-406.791));
#641=CARTESIAN_POINT('',(-112.811,-390.234,-369.915));
#642=CARTESIAN_POINT('',(-102.254,-399.001,-319.013));
#643=CARTESIAN_POINT('',(-80.323,-406.607,-282.433));
#644=CARTESIAN_POINT('',(-67.886,-411.274,-262.24));
#645=CARTESIAN_POINT('',(-60.476,-413.378,-253.229));
#646=CARTESIAN_POINT('',(-77.69,287.472,-743.831));
#647=CARTESIAN_POINT('',(-94.447,282.813,-758.062));
#648=CARTESIAN_POINT('',(-104.645,254.101,-796.26));
#649=CARTESIAN_POINT('',(-116.912,193.023,-827.869));
#650=CARTESIAN_POINT('',(-120.466,127.934,-854.671));
#651=CARTESIAN_POINT('',(-128.562,65.524,-866.777));
#652=CARTESIAN_POINT('',(-129.39,-1.205,-874.585));
#653=CARTESIAN_POINT('',(-145.972,-61.392,-873.15));
#654=CARTESIAN_POINT('',(-159.036,-116.889,-868.466));
#655=CARTESIAN_POINT('',(-171.283,-179.989,-863.777));
#656=CARTESIAN_POINT('',(-177.055,-254.614,-845.092));
#657=CARTESIAN_POINT('',(-177.733,-309.198,-819.94));
#658=CARTESIAN_POINT('',(-174.462,-372.864,-792.367));
#659=CARTESIAN_POINT('',(-154.863,-392.197,-734.852));
#660=CARTESIAN_POINT('',(-156.764,-390.197,-676.258));
#661=CARTESIAN_POINT('',(-157.191,-393.325,-627.27));
#662=CARTESIAN_POINT('',(-141.575,-381.307,-571.46));
#663=CARTESIAN_POINT('',(-124.081,-375.277,-517.689));
#664=CARTESIAN_POINT('',(-114.732,-379.513,-467.888));
#665=CARTESIAN_POINT('',(-105.275,-382.952,-420.925));
#666=CARTESIAN_POINT('',(-90.664,-390.223,-372.946));
#667=CARTESIAN_POINT('',(-82.566,-396.028,-335.841));
#668=CARTESIAN_POINT('',(-59.616,-403.75,-300.626));
#669=CARTESIAN_POINT('',(-51.546,-407.629,-283.641));
#670=CARTESIAN_POINT('',(-44.88,-407.857,-282.355));
#671=CARTESIAN_POINT('',(-39.77,306.778,-780.698));
#672=CARTESIAN_POINT('',(-50.526,292.048,-793.846));
#673=CARTESIAN_POINT('',(-69.954,258.898,-812.49));
#674=CARTESIAN_POINT('',(-74.178,196.447,-841.656));
#675=CARTESIAN_POINT('',(-82.77,134.963,-864.594));
#676=CARTESIAN_POINT('',(-84.754,69.797,-878.253));
#677=CARTESIAN_POINT('',(-92.354,0.756,-883.83));
#678=CARTESIAN_POINT('',(-99.828,-52.83,-885.273));
#679=CARTESIAN_POINT('',(-106.842,-113.92,-882.963));
#680=CARTESIAN_POINT('',(-122.409,-185.957,-877.166));
#681=CARTESIAN_POINT('',(-128.229,-248.403,-855.868));
#682=CARTESIAN_POINT('',(-132.242,-312.943,-834.928));
#683=CARTESIAN_POINT('',(-120.848,-367.435,-798.785));
#684=CARTESIAN_POINT('',(-124.332,-394.332,-748.054));
#685=CARTESIAN_POINT('',(-121.368,-389.962,-694.53));
#686=CARTESIAN_POINT('',(-111.864,-388.536,-641.943));
#687=CARTESIAN_POINT('',(-99.803,-387.049,-585.93));
#688=CARTESIAN_POINT('',(-93.643,-373.594,-526.279));
#689=CARTESIAN_POINT('',(-86.866,-379.489,-474.902));
#690=CARTESIAN_POINT('',(-75.512,-381.903,-428.431));
#691=CARTESIAN_POINT('',(-64.205,-389.479,-380.9));
#692=CARTESIAN_POINT('',(-51.977,-397.198,-338.451));
#693=CARTESIAN_POINT('',(-45.746,-401.474,-313.159));
#694=CARTESIAN_POINT('',(-26.13,-402.486,-313.471));
#695=CARTESIAN_POINT('',(-27.467,-406.599,-291.187));
#696=CARTESIAN_POINT('',(-7.759,301.636,-797.633));
#697=CARTESIAN_POINT('',(-21.062,287.19,-808.532));
#698=CARTESIAN_POINT('',(-24.046,254.903,-828.418));
#699=CARTESIAN_POINT('',(-37.174,200.896,-853.173));
#700=CARTESIAN_POINT('',(-41.468,140.859,-868.068));
#701=CARTESIAN_POINT('',(-46.063,75.281,-883.322));
#702=CARTESIAN_POINT('',(-58.449,15.998,-890.106));
#703=CARTESIAN_POINT('',(-60.308,-45.536,-894.08));
#704=CARTESIAN_POINT('',(-72.105,-120.516,-889.678));
#705=CARTESIAN_POINT('',(-77.751,-182.37,-881.924));
#706=CARTESIAN_POINT('',(-91.746,-250.969,-866.684));
#707=CARTESIAN_POINT('',(-85.832,-311.471,-839.935));
#708=CARTESIAN_POINT('',(-82.362,-367.211,-817.717));
#709=CARTESIAN_POINT('',(-88.323,-396.12,-762.185));
#710=CARTESIAN_POINT('',(-84.358,-388.993,-706.315));
#711=CARTESIAN_POINT('',(-84.044,-392.112,-646.838));
#712=CARTESIAN_POINT('',(-75.195,-383.719,-593.493));
#713=CARTESIAN_POINT('',(-72.779,-378.678,-537.53));
#714=CARTESIAN_POINT('',(-61.106,-378.256,-483.318));
#715=CARTESIAN_POINT('',(-51.845,-383.055,-436.361));
#716=CARTESIAN_POINT('',(-49.019,-389.832,-383.898));
#717=CARTESIAN_POINT('',(-36.971,-396.047,-347.692));
#718=CARTESIAN_POINT('',(-18.538,-398.102,-337.85));
#719=CARTESIAN_POINT('',(-21.75,-403.42,-310.597));
#720=CARTESIAN_POINT('',(-17.971,-404.556,-303.484));
#721=CARTESIAN_POINT('',(1.4,294.68,-804.183));
#722=CARTESIAN_POINT('',(-1.377,283.998,-813.195));
#723=CARTESIAN_POINT('',(-6.231,255.114,-831.072));
#724=CARTESIAN_POINT('',(-13.772,200.801,-854.089));
#725=CARTESIAN_POINT('',(-20.171,139.753,-870.846));
#726=CARTESIAN_POINT('',(-26.979,76.358,-883.655));
#727=CARTESIAN_POINT('',(-34.075,12.993,-891.715));
#728=CARTESIAN_POINT('',(-45.036,-48.402,-893.835));
#729=CARTESIAN_POINT('',(-49.984,-119.063,-892.605));
#730=CARTESIAN_POINT('',(-57.642,-185.299,-883.882));
#731=CARTESIAN_POINT('',(-67.027,-254.771,-867.484));
#732=CARTESIAN_POINT('',(-65.984,-308.614,-841.997));
#733=CARTESIAN_POINT('',(-65.777,-370.535,-817.931));
#734=CARTESIAN_POINT('',(-67.719,-394.581,-760.683));
#735=CARTESIAN_POINT('',(-66.408,-390.891,-704.051));
#736=CARTESIAN_POINT('',(-65.565,-391.453,-649.912));
#737=CARTESIAN_POINT('',(-59.516,-384.192,-594.632));
#738=CARTESIAN_POINT('',(-57.897,-379.558,-541.683));
#739=CARTESIAN_POINT('',(-50.648,-378.648,-486.832));
#740=CARTESIAN_POINT('',(-40.711,-383.205,-438.056));
#741=CARTESIAN_POINT('',(-40.633,-389.427,-388.297));
#742=CARTESIAN_POINT('',(-25.221,-394.455,-361.293));
#743=CARTESIAN_POINT('',(-14.212,-399.163,-332.141));
#744=CARTESIAN_POINT('',(-11.161,-402.636,-316.574));
#745=CARTESIAN_POINT('',(-12.804,-403.609,-310.155));
#746=CARTESIAN_POINT('',(49.651,666.859,589.751));
#747=CARTESIAN_POINT('',(59.195,668.198,592.739));
#748=CARTESIAN_POINT('',(98.938,682.223,575.802));
#749=CARTESIAN_POINT('',(110.764,634.011,527.985));
#750=CARTESIAN_POINT('',(113.7,617.424,487.106));
#751=CARTESIAN_POINT('',(122.401,566.85,425.587));
#752=CARTESIAN_POINT('',(134.817,560.21,330.485));
#753=CARTESIAN_POINT('',(188.919,599.172,293.885));
#754=CARTESIAN_POINT('',(220.631,606.063,237.669));
#755=CARTESIAN_POINT('',(259.274,608.769,190.075));
#756=CARTESIAN_POINT('',(288.74,587.975,135.636));
#757=CARTESIAN_POINT('',(309.422,548.752,93.532));
#758=CARTESIAN_POINT('',(329.181,502.099,60.035));
#759=CARTESIAN_POINT('',(343.921,455.464,30.844));
#760=CARTESIAN_POINT('',(355.078,402.673,5.522));
#761=CARTESIAN_POINT('',(362.52,352.323,-9.869));
#762=CARTESIAN_POINT('',(357.15,292.078,-26.306));
#763=CARTESIAN_POINT('',(339.4,238.474,-26.623));
#764=CARTESIAN_POINT('',(318.142,199.896,-16.608));
#765=CARTESIAN_POINT('',(291.863,158.851,2.115));
#766=CARTESIAN_POINT('',(263.206,127.908,-0.65));
#767=CARTESIAN_POINT('',(252.407,115.829,-7.743));
#768=CARTESIAN_POINT('',(238.059,96.642,-10.555));
#769=CARTESIAN_POINT('',(238.888,85.078,-9.398));
#770=CARTESIAN_POINT('',(239.959,77.488,-13.312));
#771=CARTESIAN_POINT('',(43.126,652.95,590.586));
#772=CARTESIAN_POINT('',(54.863,642.069,586.14));
#773=CARTESIAN_POINT('',(120.222,675.517,596.623));
#774=CARTESIAN_POINT('',(122.731,635.402,531.104));
#775=CARTESIAN_POINT('',(124.977,606.188,491.342));
#776=CARTESIAN_POINT('',(130.479,567.17,427.31));
#777=CARTESIAN_POINT('',(140.457,549.744,342.609));
#778=CARTESIAN_POINT('',(188.916,588.811,283.174));
#779=CARTESIAN_POINT('',(226.219,591.346,245.375));
#780=CARTESIAN_POINT('',(262.366,596.056,194.575));
#781=CARTESIAN_POINT('',(291.957,571.558,144.216));
#782=CARTESIAN_POINT('',(311.527,537.201,108.896));
#783=CARTESIAN_POINT('',(332.117,493.164,70.821));
#784=CARTESIAN_POINT('',(349.855,447.274,48.196));
#785=CARTESIAN_POINT('',(359.378,397.925,17.481));
#786=CARTESIAN_POINT('',(367.214,343.031,1.747));
#787=CARTESIAN_POINT('',(358.972,287.268,-13.309));
#788=CARTESIAN_POINT('',(338.309,230.664,-16.095));
#789=CARTESIAN_POINT('',(319.679,196.821,-4.628));
#790=CARTESIAN_POINT('',(289.655,154.635,12.189));
#791=CARTESIAN_POINT('',(259.77,119.88,6.065));
#792=CARTESIAN_POINT('',(253.816,112.33,0.693));
#793=CARTESIAN_POINT('',(242.382,95.408,6.799));
#794=CARTESIAN_POINT('',(240.987,80.109,-2.49));
#795=CARTESIAN_POINT('',(241.537,74.056,-7.948));
#796=CARTESIAN_POINT('',(32.521,625.553,585.873));
#797=CARTESIAN_POINT('',(54.965,615.509,574.021));
#798=CARTESIAN_POINT('',(94.977,608.695,589.026));
#799=CARTESIAN_POINT('',(166.916,635.779,559.155));
#800=CARTESIAN_POINT('',(136.882,593.241,485.957));
#801=CARTESIAN_POINT('',(151.208,563.734,446.869));
#802=CARTESIAN_POINT('',(152.488,534.264,344.818));
#803=CARTESIAN_POINT('',(199.912,562.596,297.463));
#804=CARTESIAN_POINT('',(233.578,563.246,252.93));
#805=CARTESIAN_POINT('',(271.347,563.43,206.239));
#806=CARTESIAN_POINT('',(293.348,544.633,169.478));
#807=CARTESIAN_POINT('',(318.642,515.999,134.726));
#808=CARTESIAN_POINT('',(338.001,477.386,99.979));
#809=CARTESIAN_POINT('',(355.991,433.278,76.584));
#810=CARTESIAN_POINT('',(366.226,383.753,45.321));
#811=CARTESIAN_POINT('',(369.276,331.796,28.465));
#812=CARTESIAN_POINT('',(365.883,280.399,14.161));
#813=CARTESIAN_POINT('',(341.87,225.662,3.481));
#814=CARTESIAN_POINT('',(320.999,190.232,23.493));
#815=CARTESIAN_POINT('',(286.473,147.219,25.836));
#816=CARTESIAN_POINT('',(262.902,120.019,21.063));
#817=CARTESIAN_POINT('',(250.029,101.878,25.743));
#818=CARTESIAN_POINT('',(241.587,75.994,12.802));
#819=CARTESIAN_POINT('',(248.94,66.842,-2.251));
#820=CARTESIAN_POINT('',(252.602,58.883,-4.071));
#821=CARTESIAN_POINT('',(39.668,563.188,560.82));
#822=CARTESIAN_POINT('',(63.653,569.651,565.612));
#823=CARTESIAN_POINT('',(87.208,571.639,557.138));
#824=CARTESIAN_POINT('',(172.514,581.577,569.73));
#825=CARTESIAN_POINT('',(185.461,576.192,504.327));
#826=CARTESIAN_POINT('',(171.495,542.626,447.094));
#827=CARTESIAN_POINT('',(179.835,510.907,368.452));
#828=CARTESIAN_POINT('',(205.121,517.667,309.88));
#829=CARTESIAN_POINT('',(248.466,525.937,272.236));
#830=CARTESIAN_POINT('',(275.181,514.904,236.173));
#831=CARTESIAN_POINT('',(301.438,507.2,202.389));
#832=CARTESIAN_POINT('',(322.816,481.039,173.077));
#833=CARTESIAN_POINT('',(345.908,447.409,140.057));
#834=CARTESIAN_POINT('',(361.884,406.855,115.072));
#835=CARTESIAN_POINT('',(370.206,356.958,83.973));
#836=CARTESIAN_POINT('',(373.767,310.795,66.326));
#837=CARTESIAN_POINT('',(360.054,253.889,42.97));
#838=CARTESIAN_POINT('',(336.761,208.366,43.695));
#839=CARTESIAN_POINT('',(308.436,171.087,58.237));
#840=CARTESIAN_POINT('',(275.838,132.473,45.636));
#841=CARTESIAN_POINT('',(255.145,106.171,45.052));
#842=CARTESIAN_POINT('',(246.218,79.422,38.541));
#843=CARTESIAN_POINT('',(261.669,56.472,21.17));
#844=CARTESIAN_POINT('',(260.698,49.098,16.623));
#845=CARTESIAN_POINT('',(265.53,44.249,7.328));
#846=CARTESIAN_POINT('',(56.892,520.834,546.131));
#847=CARTESIAN_POINT('',(74.099,523.423,549.092));
#848=CARTESIAN_POINT('',(107.666,530.899,538.135));
#849=CARTESIAN_POINT('',(164.327,528.421,543.984));
#850=CARTESIAN_POINT('',(218.529,546.884,511.699));
#851=CARTESIAN_POINT('',(198.04,514.837,449.618));
#852=CARTESIAN_POINT('',(208.314,493.561,391.059));
#853=CARTESIAN_POINT('',(222.016,475.624,334.072));
#854=CARTESIAN_POINT('',(257.754,481.356,294.555));
#855=CARTESIAN_POINT('',(282.616,477.53,261.897));
#856=CARTESIAN_POINT('',(304.265,466.251,236.8));
#857=CARTESIAN_POINT('',(330.19,442.777,205.283));
#858=CARTESIAN_POINT('',(351.028,411.689,176.157));
#859=CARTESIAN_POINT('',(365.226,369.513,148.688));
#860=CARTESIAN_POINT('',(370.594,325.901,119.004));
#861=CARTESIAN_POINT('',(365.712,278.948,97.875));
#862=CARTESIAN_POINT('',(350.627,228.299,78.269));
#863=CARTESIAN_POINT('',(320.987,190.499,83.369));
#864=CARTESIAN_POINT('',(287.329,141.677,79.289));
#865=CARTESIAN_POINT('',(261.825,116.165,68.045));
#866=CARTESIAN_POINT('',(250.557,81.803,63.359));
#867=CARTESIAN_POINT('',(264.193,56.935,49.382));
#868=CARTESIAN_POINT('',(272.224,35.857,26.287));
#869=CARTESIAN_POINT('',(288.707,25.177,8.879));
#870=CARTESIAN_POINT('',(287.839,25.628,3.178));
#871=CARTESIAN_POINT('',(59.05,485.387,517.116));
#872=CARTESIAN_POINT('',(74.345,489.455,522.804));
#873=CARTESIAN_POINT('',(110.784,497.319,533.163));
#874=CARTESIAN_POINT('',(153.881,499.176,534.099));
#875=CARTESIAN_POINT('',(229.567,505.632,529.838));
#876=CARTESIAN_POINT('',(225.175,494.306,446.493));
#877=CARTESIAN_POINT('',(227.915,462.749,407.434));
#878=CARTESIAN_POINT('',(235.987,448.417,349.838));
#879=CARTESIAN_POINT('',(262.113,437.717,324.023));
#880=CARTESIAN_POINT('',(290.69,431.641,291.245));
#881=CARTESIAN_POINT('',(313.697,420.766,262.075));
#882=CARTESIAN_POINT('',(336.081,398.923,234.084));
#883=CARTESIAN_POINT('',(354.074,360.982,205.472));
#884=CARTESIAN_POINT('',(361.807,325.222,174.828));
#885=CARTESIAN_POINT('',(360.581,281.923,149.763));
#886=CARTESIAN_POINT('',(350.176,237.878,123.018));
#887=CARTESIAN_POINT('',(325.826,201.412,111.202));
#888=CARTESIAN_POINT('',(295.091,155.454,109.628));
#889=CARTESIAN_POINT('',(265.36,122.402,99.314));
#890=CARTESIAN_POINT('',(249.408,89.241,86.838));
#891=CARTESIAN_POINT('',(264.034,58.202,71.549));
#892=CARTESIAN_POINT('',(279.041,33.603,46.978));
#893=CARTESIAN_POINT('',(297.421,22.18,22.407));
#894=CARTESIAN_POINT('',(305.083,15.51,15.124));
#895=CARTESIAN_POINT('',(306.415,14.759,0.387));
#896=CARTESIAN_POINT('',(68.239,442.359,496.504));
#897=CARTESIAN_POINT('',(80.443,445.301,491.127));
#898=CARTESIAN_POINT('',(121.511,444.162,486.972));
#899=CARTESIAN_POINT('',(158.962,453.921,484.089));
#900=CARTESIAN_POINT('',(210.509,465.571,488.836));
#901=CARTESIAN_POINT('',(263.276,447.329,470.632));
#902=CARTESIAN_POINT('',(254.042,429.672,415.562));
#903=CARTESIAN_POINT('',(258.06,415.89,381.48));
#904=CARTESIAN_POINT('',(267.784,398.15,341.453));
#905=CARTESIAN_POINT('',(293.387,388.427,311.35));
#906=CARTESIAN_POINT('',(318.633,374.338,279.651));
#907=CARTESIAN_POINT('',(334.894,345.91,254.332));
#908=CARTESIAN_POINT('',(343.462,310.955,224.389));
#909=CARTESIAN_POINT('',(342.688,272.921,198.822));
#910=CARTESIAN_POINT('',(340.083,237.312,165.464));
#911=CARTESIAN_POINT('',(319.32,206.132,148.38));
#912=CARTESIAN_POINT('',(295.323,161.247,140.7));
#913=CARTESIAN_POINT('',(264.043,124.465,127.49));
#914=CARTESIAN_POINT('',(249.955,86.851,111.02));
#915=CARTESIAN_POINT('',(265.37,57.589,91.943));
#916=CARTESIAN_POINT('',(282.729,32.667,71.606));
#917=CARTESIAN_POINT('',(302.541,18.883,49.595));
#918=CARTESIAN_POINT('',(318.892,5.752,39.359));
#919=CARTESIAN_POINT('',(321.722,5.245,8.828));
#920=CARTESIAN_POINT('',(323.553,3.9,1.942));
#921=CARTESIAN_POINT('',(77.915,412.012,553.91));
#922=CARTESIAN_POINT('',(96.011,414.088,551.187));
#923=CARTESIAN_POINT('',(116.666,415.307,538.854));
#924=CARTESIAN_POINT('',(173.028,425.48,533.01));
#925=CARTESIAN_POINT('',(222.122,410.68,513.039));
#926=CARTESIAN_POINT('',(233.642,395.47,469.925));
#927=CARTESIAN_POINT('',(249.477,382.153,432.679));
#928=CARTESIAN_POINT('',(257.755,369.617,393.02));
#929=CARTESIAN_POINT('',(267.93,356.799,351.949));
#930=CARTESIAN_POINT('',(292.631,339.92,323.637));
#931=CARTESIAN_POINT('',(305.497,323.13,298.02));
#932=CARTESIAN_POINT('',(317.118,291.456,263.62));
#933=CARTESIAN_POINT('',(318.47,259.254,239.377));
#934=CARTESIAN_POINT('',(320.076,231.972,202.084));
#935=CARTESIAN_POINT('',(304.534,204.575,187.263));
#936=CARTESIAN_POINT('',(289.541,160.363,167.483));
#937=CARTESIAN_POINT('',(259.936,129.383,154.737));
#938=CARTESIAN_POINT('',(247.316,85.221,136.07));
#939=CARTESIAN_POINT('',(262.166,58.373,117.426));
#940=CARTESIAN_POINT('',(283.707,31.505,95.786));
#941=CARTESIAN_POINT('',(305.052,15.411,74.847));
#942=CARTESIAN_POINT('',(327.84,-0.836,53.726));
#943=CARTESIAN_POINT('',(338.748,-5.282,24.323));
#944=CARTESIAN_POINT('',(343.827,-8.32,7.972));
#945=CARTESIAN_POINT('',(351.154,-12.898,-1.102));
#946=CARTESIAN_POINT('',(87.114,412.68,608.057));
#947=CARTESIAN_POINT('',(100.054,414.007,610.124));
#948=CARTESIAN_POINT('',(153.617,422.157,607.324));
#949=CARTESIAN_POINT('',(199.562,394.944,569.492));
#950=CARTESIAN_POINT('',(203.387,369.508,507.575));
#951=CARTESIAN_POINT('',(218.689,357.208,462.917));
#952=CARTESIAN_POINT('',(230.356,340.263,422.126));
#953=CARTESIAN_POINT('',(239.76,327.875,386.402));
#954=CARTESIAN_POINT('',(262.17,310.026,353.607));
#955=CARTESIAN_POINT('',(274.416,291.959,324.083));
#956=CARTESIAN_POINT('',(286.103,271.822,296.772));
#957=CARTESIAN_POINT('',(291.276,244.853,271.827));
#958=CARTESIAN_POINT('',(291.499,221.795,238.408));
#959=CARTESIAN_POINT('',(281.091,188.448,219.919));
#960=CARTESIAN_POINT('',(276.645,155.501,194.069));
#961=CARTESIAN_POINT('',(249.189,128.098,177.528));
#962=CARTESIAN_POINT('',(242.031,85.301,165.738));
#963=CARTESIAN_POINT('',(261.454,52.431,137.578));
#964=CARTESIAN_POINT('',(284.719,29.665,122.116));
#965=CARTESIAN_POINT('',(309.105,10.364,97.284));
#966=CARTESIAN_POINT('',(333.864,-4.696,74.688));
#967=CARTESIAN_POINT('',(353.326,-16.283,53.251));
#968=CARTESIAN_POINT('',(369.468,-25.202,27.943));
#969=CARTESIAN_POINT('',(375.711,-28.367,11.606));
#970=CARTESIAN_POINT('',(379.149,-30.112,0.325));
#971=CARTESIAN_POINT('',(96.883,371.843,645.935));
#972=CARTESIAN_POINT('',(123.271,375.892,631.545));
#973=CARTESIAN_POINT('',(132.95,351.178,592.085));
#974=CARTESIAN_POINT('',(154.687,344.686,543.105));
#975=CARTESIAN_POINT('',(183.568,343.931,497.038));
#976=CARTESIAN_POINT('',(197.333,320.384,447.721));
#977=CARTESIAN_POINT('',(208.105,298.573,409.867));
#978=CARTESIAN_POINT('',(226.4,283.709,377.794));
#979=CARTESIAN_POINT('',(238.606,264.162,347.616));
#980=CARTESIAN_POINT('',(249.641,244.942,319.551));
#981=CARTESIAN_POINT('',(260.051,223.686,294.505));
#982=CARTESIAN_POINT('',(258.123,201.175,266.973));
#983=CARTESIAN_POINT('',(257.269,165.893,244.752));
#984=CARTESIAN_POINT('',(253.264,140.826,215.769));
#985=CARTESIAN_POINT('',(232.905,118.102,198.404));
#986=CARTESIAN_POINT('',(235.511,75.173,188.806));
#987=CARTESIAN_POINT('',(261.479,44.979,164.108));
#988=CARTESIAN_POINT('',(286.162,24.963,148.488));
#989=CARTESIAN_POINT('',(312.679,5.521,127.916));
#990=CARTESIAN_POINT('',(340.583,-13.131,104.279));
#991=CARTESIAN_POINT('',(365.106,-25.547,84.851));
#992=CARTESIAN_POINT('',(385.421,-39.376,58.164));
#993=CARTESIAN_POINT('',(399.972,-42.945,32.353));
#994=CARTESIAN_POINT('',(406.503,-47.821,11.729));
#995=CARTESIAN_POINT('',(407.741,-48.,3.161));
#996=CARTESIAN_POINT('',(69.935,335.657,601.682));
#997=CARTESIAN_POINT('',(71.495,334.17,603.534));
#998=CARTESIAN_POINT('',(115.191,340.955,581.982));
#999=CARTESIAN_POINT('',(153.025,332.686,520.833));
#1000=CARTESIAN_POINT('',(164.793,304.699,466.921));
#1001=CARTESIAN_POINT('',(175.611,281.375,425.984));
#1002=CARTESIAN_POINT('',(189.74,261.553,392.858));
#1003=CARTESIAN_POINT('',(203.965,245.689,363.131));
#1004=CARTESIAN_POINT('',(216.859,226.103,336.035));
#1005=CARTESIAN_POINT('',(224.698,203.944,313.45));
#1006=CARTESIAN_POINT('',(223.558,175.363,288.344));
#1007=CARTESIAN_POINT('',(229.675,147.196,263.157));
#1008=CARTESIAN_POINT('',(227.854,133.587,232.665));
#1009=CARTESIAN_POINT('',(216.858,100.583,220.089));
#1010=CARTESIAN_POINT('',(233.566,62.169,208.629));
#1011=CARTESIAN_POINT('',(258.303,39.691,193.736));
#1012=CARTESIAN_POINT('',(285.458,19.784,178.731));
#1013=CARTESIAN_POINT('',(312.573,0.744,155.974));
#1014=CARTESIAN_POINT('',(343.352,-19.392,135.698));
#1015=CARTESIAN_POINT('',(370.741,-33.381,111.518));
#1016=CARTESIAN_POINT('',(395.34,-48.745,85.208));
#1017=CARTESIAN_POINT('',(419.051,-56.951,61.596));
#1018=CARTESIAN_POINT('',(437.032,-60.666,24.403));
#1019=CARTESIAN_POINT('',(443.933,-58.027,12.492));
#1020=CARTESIAN_POINT('',(449.106,-58.884,-0.672));
#1021=CARTESIAN_POINT('',(63.017,307.606,552.265));
#1022=CARTESIAN_POINT('',(87.191,305.925,531.362));
#1023=CARTESIAN_POINT('',(93.296,291.703,502.429));
#1024=CARTESIAN_POINT('',(116.733,270.517,463.315));
#1025=CARTESIAN_POINT('',(134.094,261.827,439.255));
#1026=CARTESIAN_POINT('',(153.944,247.434,404.091));
#1027=CARTESIAN_POINT('',(165.212,223.325,373.506));
#1028=CARTESIAN_POINT('',(185.946,206.647,351.029));
#1029=CARTESIAN_POINT('',(192.8,184.414,327.362));
#1030=CARTESIAN_POINT('',(191.944,154.763,303.117));
#1031=CARTESIAN_POINT('',(201.457,127.2,271.947));
#1032=CARTESIAN_POINT('',(203.016,115.093,248.744));
#1033=CARTESIAN_POINT('',(208.537,72.355,241.535));
#1034=CARTESIAN_POINT('',(231.481,46.591,234.177));
#1035=CARTESIAN_POINT('',(254.49,33.261,218.768));
#1036=CARTESIAN_POINT('',(281.495,14.037,212.276));
#1037=CARTESIAN_POINT('',(312.28,-4.34,186.671));
#1038=CARTESIAN_POINT('',(338.289,-22.596,171.613));
#1039=CARTESIAN_POINT('',(369.31,-35.834,146.528));
#1040=CARTESIAN_POINT('',(396.764,-56.678,119.82));
#1041=CARTESIAN_POINT('',(428.131,-63.628,94.561));
#1042=CARTESIAN_POINT('',(458.782,-71.593,58.402));
#1043=CARTESIAN_POINT('',(481.803,-71.161,27.919));
#1044=CARTESIAN_POINT('',(490.742,-67.707,15.21));
#1045=CARTESIAN_POINT('',(494.761,-66.853,-0.65));
#1046=CARTESIAN_POINT('',(51.507,261.095,475.405));
#1047=CARTESIAN_POINT('',(55.422,254.467,471.163));
#1048=CARTESIAN_POINT('',(81.762,248.733,452.239));
#1049=CARTESIAN_POINT('',(100.924,242.004,430.835));
#1050=CARTESIAN_POINT('',(118.654,225.692,399.678));
#1051=CARTESIAN_POINT('',(130.21,196.326,377.124));
#1052=CARTESIAN_POINT('',(154.34,181.531,353.832));
#1053=CARTESIAN_POINT('',(161.1,160.012,329.63));
#1054=CARTESIAN_POINT('',(158.666,131.16,307.423));
#1055=CARTESIAN_POINT('',(175.567,104.064,282.81));
#1056=CARTESIAN_POINT('',(181.951,91.562,271.403));
#1057=CARTESIAN_POINT('',(201.467,49.937,269.714));
#1058=CARTESIAN_POINT('',(227.516,35.945,263.837));
#1059=CARTESIAN_POINT('',(255.55,23.479,249.434));
#1060=CARTESIAN_POINT('',(281.202,5.788,240.835));
#1061=CARTESIAN_POINT('',(311.151,-12.411,223.491));
#1062=CARTESIAN_POINT('',(338.005,-28.431,206.92));
#1063=CARTESIAN_POINT('',(365.865,-43.114,181.364));
#1064=CARTESIAN_POINT('',(394.37,-61.638,158.767));
#1065=CARTESIAN_POINT('',(425.862,-70.043,130.873));
#1066=CARTESIAN_POINT('',(459.634,-83.314,104.754));
#1067=CARTESIAN_POINT('',(491.82,-83.944,75.47));
#1068=CARTESIAN_POINT('',(511.628,-85.999,51.136));
#1069=CARTESIAN_POINT('',(527.522,-85.555,20.331));
#1070=CARTESIAN_POINT('',(529.222,-88.229,9.112));
#1071=CARTESIAN_POINT('',(43.59,218.935,424.101));
#1072=CARTESIAN_POINT('',(52.463,218.933,417.67));
#1073=CARTESIAN_POINT('',(57.928,202.494,403.114));
#1074=CARTESIAN_POINT('',(77.785,189.243,384.858));
#1075=CARTESIAN_POINT('',(99.64,167.008,369.407));
#1076=CARTESIAN_POINT('',(122.634,158.097,344.891));
#1077=CARTESIAN_POINT('',(126.026,129.68,326.252));
#1078=CARTESIAN_POINT('',(132.213,101.384,314.347));
#1079=CARTESIAN_POINT('',(156.886,79.728,301.419));
#1080=CARTESIAN_POINT('',(172.125,62.615,296.128));
#1081=CARTESIAN_POINT('',(199.385,35.88,300.944));
#1082=CARTESIAN_POINT('',(229.963,23.736,293.025));
#1083=CARTESIAN_POINT('',(255.977,9.921,283.641));
#1084=CARTESIAN_POINT('',(283.397,-6.539,269.168));
#1085=CARTESIAN_POINT('',(308.273,-21.322,262.265));
#1086=CARTESIAN_POINT('',(337.354,-38.043,243.742));
#1087=CARTESIAN_POINT('',(363.835,-53.447,222.949));
#1088=CARTESIAN_POINT('',(392.214,-67.669,199.066));
#1089=CARTESIAN_POINT('',(420.675,-81.318,174.928));
#1090=CARTESIAN_POINT('',(452.634,-93.136,150.109));
#1091=CARTESIAN_POINT('',(487.648,-95.22,125.674));
#1092=CARTESIAN_POINT('',(521.228,-104.877,92.518));
#1093=CARTESIAN_POINT('',(542.266,-106.295,62.073));
#1094=CARTESIAN_POINT('',(554.801,-111.038,35.589));
#1095=CARTESIAN_POINT('',(560.138,-110.869,21.301));
#1096=CARTESIAN_POINT('',(39.292,156.324,363.373));
#1097=CARTESIAN_POINT('',(42.943,149.829,361.541));
#1098=CARTESIAN_POINT('',(59.162,141.675,355.577));
#1099=CARTESIAN_POINT('',(74.616,132.589,352.545));
#1100=CARTESIAN_POINT('',(91.237,123.084,336.218));
#1101=CARTESIAN_POINT('',(100.125,88.65,334.287));
#1102=CARTESIAN_POINT('',(120.617,68.751,331.207));
#1103=CARTESIAN_POINT('',(149.141,53.706,327.366));
#1104=CARTESIAN_POINT('',(169.263,39.013,330.762));
#1105=CARTESIAN_POINT('',(199.57,18.471,338.107));
#1106=CARTESIAN_POINT('',(229.706,8.745,330.074));
#1107=CARTESIAN_POINT('',(254.973,-9.878,325.544));
#1108=CARTESIAN_POINT('',(285.454,-23.732,310.977));
#1109=CARTESIAN_POINT('',(308.931,-36.355,303.918));
#1110=CARTESIAN_POINT('',(334.853,-51.596,284.752));
#1111=CARTESIAN_POINT('',(361.373,-67.023,265.618));
#1112=CARTESIAN_POINT('',(387.693,-80.836,245.262));
#1113=CARTESIAN_POINT('',(413.959,-93.485,219.784));
#1114=CARTESIAN_POINT('',(444.913,-104.911,195.812));
#1115=CARTESIAN_POINT('',(477.658,-111.574,172.657));
#1116=CARTESIAN_POINT('',(513.772,-120.521,143.055));
#1117=CARTESIAN_POINT('',(543.805,-127.31,114.532));
#1118=CARTESIAN_POINT('',(566.754,-134.248,83.705));
#1119=CARTESIAN_POINT('',(576.876,-138.329,52.758));
#1120=CARTESIAN_POINT('',(583.449,-138.919,39.652));
#1121=CARTESIAN_POINT('',(36.498,79.807,355.824));
#1122=CARTESIAN_POINT('',(43.092,79.627,356.702));
#1123=CARTESIAN_POINT('',(48.752,76.994,354.895));
#1124=CARTESIAN_POINT('',(68.787,72.465,355.099));
#1125=CARTESIAN_POINT('',(93.222,51.905,361.17));
#1126=CARTESIAN_POINT('',(119.017,45.483,359.863));
#1127=CARTESIAN_POINT('',(141.793,36.179,362.168));
#1128=CARTESIAN_POINT('',(161.802,22.78,368.638));
#1129=CARTESIAN_POINT('',(192.645,4.235,374.728));
#1130=CARTESIAN_POINT('',(220.312,-8.008,369.412));
#1131=CARTESIAN_POINT('',(247.259,-25.477,365.659));
#1132=CARTESIAN_POINT('',(279.127,-39.133,355.799));
#1133=CARTESIAN_POINT('',(306.524,-54.763,342.319));
#1134=CARTESIAN_POINT('',(333.981,-68.955,325.705));
#1135=CARTESIAN_POINT('',(358.124,-82.195,308.578));
#1136=CARTESIAN_POINT('',(384.531,-95.831,288.623));
#1137=CARTESIAN_POINT('',(409.323,-108.603,266.616));
#1138=CARTESIAN_POINT('',(436.535,-119.786,240.333));
#1139=CARTESIAN_POINT('',(465.728,-130.44,217.589));
#1140=CARTESIAN_POINT('',(500.311,-138.337,191.152));
#1141=CARTESIAN_POINT('',(531.473,-147.954,160.527));
#1142=CARTESIAN_POINT('',(553.062,-155.494,138.324));
#1143=CARTESIAN_POINT('',(578.547,-166.573,103.575));
#1144=CARTESIAN_POINT('',(593.902,-171.473,78.336));
#1145=CARTESIAN_POINT('',(597.563,-170.831,60.872));
#1146=CARTESIAN_POINT('',(43.698,41.742,398.845));
#1147=CARTESIAN_POINT('',(49.302,39.41,397.607));
#1148=CARTESIAN_POINT('',(69.962,40.25,395.945));
#1149=CARTESIAN_POINT('',(88.207,32.22,396.928));
#1150=CARTESIAN_POINT('',(105.59,31.048,395.373));
#1151=CARTESIAN_POINT('',(123.226,17.392,404.811));
#1152=CARTESIAN_POINT('',(149.175,2.36,408.873));
#1153=CARTESIAN_POINT('',(178.052,-10.986,409.124));
#1154=CARTESIAN_POINT('',(204.489,-25.73,406.536));
#1155=CARTESIAN_POINT('',(231.626,-37.747,406.357));
#1156=CARTESIAN_POINT('',(263.8,-55.779,399.21));
#1157=CARTESIAN_POINT('',(294.312,-71.091,390.35));
#1158=CARTESIAN_POINT('',(326.639,-88.049,371.152));
#1159=CARTESIAN_POINT('',(349.211,-101.378,357.981));
#1160=CARTESIAN_POINT('',(377.448,-114.522,336.283));
#1161=CARTESIAN_POINT('',(402.936,-128.055,315.619));
#1162=CARTESIAN_POINT('',(429.591,-139.361,292.1));
#1163=CARTESIAN_POINT('',(453.956,-151.263,263.334));
#1164=CARTESIAN_POINT('',(484.946,-161.173,237.543));
#1165=CARTESIAN_POINT('',(516.062,-168.362,208.749));
#1166=CARTESIAN_POINT('',(547.228,-180.237,180.481));
#1167=CARTESIAN_POINT('',(564.631,-187.386,162.725));
#1168=CARTESIAN_POINT('',(590.064,-200.429,126.432));
#1169=CARTESIAN_POINT('',(601.597,-202.928,93.84));
#1170=CARTESIAN_POINT('',(607.727,-204.501,81.662));
#1171=CARTESIAN_POINT('',(44.459,15.298,435.494));
#1172=CARTESIAN_POINT('',(51.795,15.227,436.182));
#1173=CARTESIAN_POINT('',(60.671,9.781,437.252));
#1174=CARTESIAN_POINT('',(81.06,6.277,441.017));
#1175=CARTESIAN_POINT('',(103.516,-6.391,445.084));
#1176=CARTESIAN_POINT('',(135.113,-15.488,443.246));
#1177=CARTESIAN_POINT('',(160.603,-27.706,443.011));
#1178=CARTESIAN_POINT('',(189.834,-43.51,445.728));
#1179=CARTESIAN_POINT('',(215.649,-58.131,446.182));
#1180=CARTESIAN_POINT('',(248.157,-75.885,443.603));
#1181=CARTESIAN_POINT('',(280.319,-93.399,436.987));
#1182=CARTESIAN_POINT('',(310.658,-109.192,420.045));
#1183=CARTESIAN_POINT('',(341.344,-124.108,400.238));
#1184=CARTESIAN_POINT('',(367.954,-137.322,381.17));
#1185=CARTESIAN_POINT('',(393.751,-150.119,362.634));
#1186=CARTESIAN_POINT('',(421.615,-162.086,337.087));
#1187=CARTESIAN_POINT('',(446.353,-174.195,312.113));
#1188=CARTESIAN_POINT('',(471.863,-184.845,283.575));
#1189=CARTESIAN_POINT('',(497.525,-193.943,254.604));
#1190=CARTESIAN_POINT('',(528.613,-204.62,226.436));
#1191=CARTESIAN_POINT('',(557.696,-215.332,199.846));
#1192=CARTESIAN_POINT('',(578.265,-233.837,172.335));
#1193=CARTESIAN_POINT('',(599.18,-232.311,132.614));
#1194=CARTESIAN_POINT('',(610.121,-237.314,104.138));
#1195=CARTESIAN_POINT('',(614.739,-238.911,92.157));
#1196=CARTESIAN_POINT('',(37.049,-12.99,474.818));
#1197=CARTESIAN_POINT('',(45.613,-14.339,472.988));
#1198=CARTESIAN_POINT('',(62.339,-15.726,475.38));
#1199=CARTESIAN_POINT('',(90.428,-27.224,476.425));
#1200=CARTESIAN_POINT('',(116.638,-33.437,473.697));
#1201=CARTESIAN_POINT('',(139.015,-43.251,476.641));
#1202=CARTESIAN_POINT('',(167.41,-59.598,476.789));
#1203=CARTESIAN_POINT('',(200.025,-72.138,476.183));
#1204=CARTESIAN_POINT('',(227.832,-94.88,480.966));
#1205=CARTESIAN_POINT('',(263.72,-112.399,473.554));
#1206=CARTESIAN_POINT('',(293.149,-131.145,463.852));
#1207=CARTESIAN_POINT('',(326.813,-148.428,446.319));
#1208=CARTESIAN_POINT('',(355.194,-163.114,427.29));
#1209=CARTESIAN_POINT('',(382.829,-175.945,406.294));
#1210=CARTESIAN_POINT('',(408.646,-189.212,384.842));
#1211=CARTESIAN_POINT('',(436.475,-200.579,357.155));
#1212=CARTESIAN_POINT('',(459.148,-212.176,332.202));
#1213=CARTESIAN_POINT('',(485.746,-219.299,300.742));
#1214=CARTESIAN_POINT('',(508.442,-231.168,269.435));
#1215=CARTESIAN_POINT('',(536.258,-238.003,242.597));
#1216=CARTESIAN_POINT('',(560.267,-253.005,209.378));
#1217=CARTESIAN_POINT('',(583.645,-265.464,176.121));
#1218=CARTESIAN_POINT('',(605.533,-268.66,139.093));
#1219=CARTESIAN_POINT('',(616.829,-275.45,116.6));
#1220=CARTESIAN_POINT('',(623.199,-275.415,99.9));
#1221=CARTESIAN_POINT('',(43.33,-38.478,503.7));
#1222=CARTESIAN_POINT('',(50.919,-38.187,502.501));
#1223=CARTESIAN_POINT('',(68.038,-41.178,501.753));
#1224=CARTESIAN_POINT('',(96.216,-48.856,501.465));
#1225=CARTESIAN_POINT('',(121.745,-62.448,504.911));
#1226=CARTESIAN_POINT('',(149.682,-75.995,505.643));
#1227=CARTESIAN_POINT('',(183.521,-87.469,502.919));
#1228=CARTESIAN_POINT('',(205.685,-111.059,510.87));
#1229=CARTESIAN_POINT('',(242.938,-131.412,507.515));
#1230=CARTESIAN_POINT('',(268.28,-152.249,502.936));
#1231=CARTESIAN_POINT('',(304.211,-177.344,489.835));
#1232=CARTESIAN_POINT('',(333.877,-192.048,472.349));
#1233=CARTESIAN_POINT('',(362.63,-205.384,452.272));
#1234=CARTESIAN_POINT('',(392.929,-218.413,428.58));
#1235=CARTESIAN_POINT('',(419.019,-230.791,404.494));
#1236=CARTESIAN_POINT('',(444.18,-241.195,378.168));
#1237=CARTESIAN_POINT('',(470.478,-253.876,350.961));
#1238=CARTESIAN_POINT('',(490.418,-259.411,316.73));
#1239=CARTESIAN_POINT('',(514.128,-267.689,286.668));
#1240=CARTESIAN_POINT('',(537.499,-272.836,249.138));
#1241=CARTESIAN_POINT('',(563.365,-283.08,217.638));
#1242=CARTESIAN_POINT('',(586.584,-290.645,180.717));
#1243=CARTESIAN_POINT('',(604.318,-306.552,151.206));
#1244=CARTESIAN_POINT('',(619.493,-299.777,117.619));
#1245=CARTESIAN_POINT('',(620.333,-311.95,109.67));
#1246=CARTESIAN_POINT('',(43.131,-61.477,527.896));
#1247=CARTESIAN_POINT('',(53.684,-64.701,529.034));
#1248=CARTESIAN_POINT('',(73.014,-68.535,528.689));
#1249=CARTESIAN_POINT('',(100.743,-77.381,526.107));
#1250=CARTESIAN_POINT('',(128.402,-91.001,531.908));
#1251=CARTESIAN_POINT('',(161.856,-110.789,534.595));
#1252=CARTESIAN_POINT('',(183.166,-131.016,539.488));
#1253=CARTESIAN_POINT('',(218.917,-151.645,539.871));
#1254=CARTESIAN_POINT('',(242.458,-175.046,536.078));
#1255=CARTESIAN_POINT('',(273.692,-198.069,529.508));
#1256=CARTESIAN_POINT('',(308.16,-217.787,510.439));
#1257=CARTESIAN_POINT('',(338.715,-236.803,494.067));
#1258=CARTESIAN_POINT('',(371.918,-249.006,471.551));
#1259=CARTESIAN_POINT('',(400.355,-264.031,448.619));
#1260=CARTESIAN_POINT('',(426.402,-277.162,421.253));
#1261=CARTESIAN_POINT('',(453.483,-289.548,395.548));
#1262=CARTESIAN_POINT('',(472.777,-292.501,358.495));
#1263=CARTESIAN_POINT('',(500.128,-296.002,327.048));
#1264=CARTESIAN_POINT('',(517.699,-301.696,290.926));
#1265=CARTESIAN_POINT('',(537.728,-298.639,261.654));
#1266=CARTESIAN_POINT('',(561.555,-305.671,223.463));
#1267=CARTESIAN_POINT('',(580.73,-322.644,191.866));
#1268=CARTESIAN_POINT('',(601.885,-327.524,154.621));
#1269=CARTESIAN_POINT('',(611.821,-342.404,128.586));
#1270=CARTESIAN_POINT('',(614.203,-348.034,118.07));
#1271=CARTESIAN_POINT('',(45.044,-80.85,544.744));
#1272=CARTESIAN_POINT('',(55.289,-81.377,545.422));
#1273=CARTESIAN_POINT('',(81.107,-84.927,540.221));
#1274=CARTESIAN_POINT('',(106.022,-98.618,547.097));
#1275=CARTESIAN_POINT('',(142.048,-122.473,550.306));
#1276=CARTESIAN_POINT('',(161.574,-142.549,559.418));
#1277=CARTESIAN_POINT('',(199.582,-162.932,566.746));
#1278=CARTESIAN_POINT('',(215.418,-195.999,562.766));
#1279=CARTESIAN_POINT('',(250.275,-213.848,556.494));
#1280=CARTESIAN_POINT('',(278.921,-236.816,541.778));
#1281=CARTESIAN_POINT('',(311.03,-257.442,526.282));
#1282=CARTESIAN_POINT('',(342.231,-275.196,507.688));
#1283=CARTESIAN_POINT('',(371.66,-291.531,484.958));
#1284=CARTESIAN_POINT('',(401.231,-307.988,458.726));
#1285=CARTESIAN_POINT('',(430.569,-320.173,430.128));
#1286=CARTESIAN_POINT('',(452.764,-325.572,399.211));
#1287=CARTESIAN_POINT('',(477.869,-325.72,369.25));
#1288=CARTESIAN_POINT('',(495.088,-327.246,334.818));
#1289=CARTESIAN_POINT('',(516.72,-331.096,304.087));
#1290=CARTESIAN_POINT('',(534.277,-323.962,267.413));
#1291=CARTESIAN_POINT('',(555.418,-332.149,237.046));
#1292=CARTESIAN_POINT('',(576.886,-342.616,200.277));
#1293=CARTESIAN_POINT('',(597.622,-352.293,161.944));
#1294=CARTESIAN_POINT('',(602.44,-369.46,133.35));
#1295=CARTESIAN_POINT('',(602.349,-384.643,124.264));
#1296=CARTESIAN_POINT('',(49.861,-101.685,562.855));
#1297=CARTESIAN_POINT('',(62.984,-105.008,560.792));
#1298=CARTESIAN_POINT('',(75.216,-110.428,567.021));
#1299=CARTESIAN_POINT('',(99.776,-125.906,567.43));
#1300=CARTESIAN_POINT('',(126.207,-142.925,579.182));
#1301=CARTESIAN_POINT('',(165.549,-158.849,602.069));
#1302=CARTESIAN_POINT('',(194.9,-186.185,604.972));
#1303=CARTESIAN_POINT('',(206.194,-224.058,579.684));
#1304=CARTESIAN_POINT('',(236.743,-244.984,575.899));
#1305=CARTESIAN_POINT('',(261.841,-273.707,566.055));
#1306=CARTESIAN_POINT('',(298.313,-291.932,547.342));
#1307=CARTESIAN_POINT('',(328.476,-310.077,527.902));
#1308=CARTESIAN_POINT('',(362.175,-325.901,502.752));
#1309=CARTESIAN_POINT('',(392.59,-341.085,474.462));
#1310=CARTESIAN_POINT('',(421.546,-355.99,443.71));
#1311=CARTESIAN_POINT('',(446.6,-366.64,416.114));
#1312=CARTESIAN_POINT('',(470.99,-368.058,375.371));
#1313=CARTESIAN_POINT('',(498.244,-370.154,344.209));
#1314=CARTESIAN_POINT('',(518.17,-364.323,303.993));
#1315=CARTESIAN_POINT('',(533.009,-365.418,276.013));
#1316=CARTESIAN_POINT('',(551.109,-370.844,243.492));
#1317=CARTESIAN_POINT('',(562.724,-365.354,216.184));
#1318=CARTESIAN_POINT('',(581.941,-372.193,176.172));
#1319=CARTESIAN_POINT('',(586.881,-390.604,161.033));
#1320=CARTESIAN_POINT('',(587.743,-399.409,150.725));
#1321=CARTESIAN_POINT('',(38.042,-116.601,576.148));
#1322=CARTESIAN_POINT('',(41.712,-118.298,577.419));
#1323=CARTESIAN_POINT('',(60.989,-127.795,581.186));
#1324=CARTESIAN_POINT('',(86.229,-138.842,583.899));
#1325=CARTESIAN_POINT('',(119.716,-145.586,608.188));
#1326=CARTESIAN_POINT('',(146.362,-184.783,611.307));
#1327=CARTESIAN_POINT('',(171.672,-211.698,610.938));
#1328=CARTESIAN_POINT('',(203.088,-238.251,610.436));
#1329=CARTESIAN_POINT('',(213.748,-272.262,588.48));
#1330=CARTESIAN_POINT('',(259.856,-294.622,577.112));
#1331=CARTESIAN_POINT('',(289.555,-319.232,554.384));
#1332=CARTESIAN_POINT('',(327.503,-337.522,535.146));
#1333=CARTESIAN_POINT('',(357.16,-355.016,505.247));
#1334=CARTESIAN_POINT('',(388.577,-371.514,478.501));
#1335=CARTESIAN_POINT('',(416.136,-387.499,448.098));
#1336=CARTESIAN_POINT('',(443.654,-393.768,411.219));
#1337=CARTESIAN_POINT('',(472.615,-397.577,378.6));
#1338=CARTESIAN_POINT('',(490.028,-399.295,341.108));
#1339=CARTESIAN_POINT('',(511.531,-398.117,308.678));
#1340=CARTESIAN_POINT('',(526.9,-392.541,281.356));
#1341=CARTESIAN_POINT('',(540.432,-385.012,251.439));
#1342=CARTESIAN_POINT('',(560.565,-389.879,219.708));
#1343=CARTESIAN_POINT('',(568.189,-391.931,197.876));
#1344=CARTESIAN_POINT('',(576.017,-401.585,170.649));
#1345=CARTESIAN_POINT('',(576.623,-410.192,162.378));
#1346=CARTESIAN_POINT('',(35.173,-122.365,581.71));
#1347=CARTESIAN_POINT('',(42.255,-126.234,587.928));
#1348=CARTESIAN_POINT('',(63.862,-138.848,588.758));
#1349=CARTESIAN_POINT('',(85.29,-143.16,597.86));
#1350=CARTESIAN_POINT('',(115.182,-157.913,612.638));
#1351=CARTESIAN_POINT('',(140.929,-193.05,616.354));
#1352=CARTESIAN_POINT('',(170.126,-220.605,620.608));
#1353=CARTESIAN_POINT('',(194.878,-251.083,613.503));
#1354=CARTESIAN_POINT('',(217.28,-284.418,593.893));
#1355=CARTESIAN_POINT('',(252.598,-310.872,581.573));
#1356=CARTESIAN_POINT('',(286.155,-333.82,560.199));
#1357=CARTESIAN_POINT('',(321.553,-353.481,540.139));
#1358=CARTESIAN_POINT('',(352.725,-370.181,510.521));
#1359=CARTESIAN_POINT('',(383.914,-387.768,483.721));
#1360=CARTESIAN_POINT('',(413.177,-401.557,449.75));
#1361=CARTESIAN_POINT('',(439.204,-408.778,416.976));
#1362=CARTESIAN_POINT('',(464.861,-411.851,379.253));
#1363=CARTESIAN_POINT('',(490.3,-413.793,344.147));
#1364=CARTESIAN_POINT('',(510.6,-410.122,306.023));
#1365=CARTESIAN_POINT('',(526.363,-405.859,278.247));
#1366=CARTESIAN_POINT('',(541.685,-399.794,250.148));
#1367=CARTESIAN_POINT('',(553.606,-399.101,225.522));
#1368=CARTESIAN_POINT('',(564.512,-406.076,192.391));
#1369=CARTESIAN_POINT('',(568.482,-408.3,182.96));
#1370=CARTESIAN_POINT('',(571.522,-414.004,171.801));
#1371=CARTESIAN_POINT('',(-253.188,122.022,13.625));
#1372=CARTESIAN_POINT('',(-252.855,123.255,8.083));
#1373=CARTESIAN_POINT('',(-246.347,119.977,-3.627));
#1374=CARTESIAN_POINT('',(-234.514,107.088,-16.346));
#1375=CARTESIAN_POINT('',(-221.28,100.927,-33.569));
#1376=CARTESIAN_POINT('',(-208.058,88.335,-50.545));
#1377=CARTESIAN_POINT('',(-203.103,73.591,-72.451));
#1378=CARTESIAN_POINT('',(-208.529,55.65,-100.806));
#1379=CARTESIAN_POINT('',(-216.941,50.284,-135.756));
#1380=CARTESIAN_POINT('',(-235.362,45.33,-187.554));
#1381=CARTESIAN_POINT('',(-237.146,56.231,-234.127));
#1382=CARTESIAN_POINT('',(-247.473,63.611,-299.893));
#1383=CARTESIAN_POINT('',(-247.436,62.081,-353.407));
#1384=CARTESIAN_POINT('',(-243.09,61.662,-406.662));
#1385=CARTESIAN_POINT('',(-231.542,68.602,-457.73));
#1386=CARTESIAN_POINT('',(-217.428,87.854,-510.859));
#1387=CARTESIAN_POINT('',(-207.392,116.095,-558.266));
#1388=CARTESIAN_POINT('',(-191.531,151.614,-600.871));
#1389=CARTESIAN_POINT('',(-171.989,193.96,-641.477));
#1390=CARTESIAN_POINT('',(-144.263,231.509,-679.88));
#1391=CARTESIAN_POINT('',(-114.123,261.316,-713.275));
#1392=CARTESIAN_POINT('',(-77.69,287.472,-743.831));
#1393=CARTESIAN_POINT('',(-39.77,306.778,-780.698));
#1394=CARTESIAN_POINT('',(-7.759,301.636,-797.633));
#1395=CARTESIAN_POINT('',(1.4,294.68,-804.183));
#1396=CARTESIAN_POINT('',(-256.411,129.915,13.022));
#1397=CARTESIAN_POINT('',(-255.091,128.297,8.868));
#1398=CARTESIAN_POINT('',(-247.334,131.407,-14.301));
#1399=CARTESIAN_POINT('',(-234.057,113.709,-20.962));
#1400=CARTESIAN_POINT('',(-223.955,109.812,-37.706));
#1401=CARTESIAN_POINT('',(-205.775,98.394,-47.844));
#1402=CARTESIAN_POINT('',(-200.183,79.147,-74.352));
#1403=CARTESIAN_POINT('',(-201.009,61.926,-96.42));
#1404=CARTESIAN_POINT('',(-208.024,51.702,-137.18));
#1405=CARTESIAN_POINT('',(-229.366,47.737,-189.13));
#1406=CARTESIAN_POINT('',(-225.593,56.132,-221.852));
#1407=CARTESIAN_POINT('',(-239.634,63.535,-293.821));
#1408=CARTESIAN_POINT('',(-236.049,66.149,-347.3));
#1409=CARTESIAN_POINT('',(-236.523,62.695,-400.732));
#1410=CARTESIAN_POINT('',(-217.652,69.435,-455.253));
#1411=CARTESIAN_POINT('',(-207.256,86.291,-502.619));
#1412=CARTESIAN_POINT('',(-194.048,112.385,-552.619));
#1413=CARTESIAN_POINT('',(-181.135,149.033,-593.432));
#1414=CARTESIAN_POINT('',(-156.717,188.384,-632.548));
#1415=CARTESIAN_POINT('',(-135.892,229.63,-667.13));
#1416=CARTESIAN_POINT('',(-100.038,258.545,-700.217));
#1417=CARTESIAN_POINT('',(-68.586,294.793,-729.696));
#1418=CARTESIAN_POINT('',(-23.612,314.854,-772.098));
#1419=CARTESIAN_POINT('',(6.734,313.567,-791.794));
#1420=CARTESIAN_POINT('',(12.868,296.697,-801.709));
#1421=CARTESIAN_POINT('',(-267.276,145.218,13.465));
#1422=CARTESIAN_POINT('',(-266.535,151.42,2.668));
#1423=CARTESIAN_POINT('',(-262.639,145.52,-2.467));
#1424=CARTESIAN_POINT('',(-238.729,136.409,-35.768));
#1425=CARTESIAN_POINT('',(-224.568,122.674,-47.898));
#1426=CARTESIAN_POINT('',(-211.184,113.37,-60.062));
#1427=CARTESIAN_POINT('',(-184.563,91.687,-66.272));
#1428=CARTESIAN_POINT('',(-192.836,69.36,-95.827));
#1429=CARTESIAN_POINT('',(-196.414,56.011,-125.321));
#1430=CARTESIAN_POINT('',(-193.282,53.351,-175.666));
#1431=CARTESIAN_POINT('',(-225.788,52.092,-223.416));
#1432=CARTESIAN_POINT('',(-214.941,74.122,-287.825));
#1433=CARTESIAN_POINT('',(-219.149,67.248,-332.113));
#1434=CARTESIAN_POINT('',(-212.292,70.454,-388.815));
#1435=CARTESIAN_POINT('',(-202.305,66.439,-444.515));
#1436=CARTESIAN_POINT('',(-182.438,85.497,-497.716));
#1437=CARTESIAN_POINT('',(-173.168,107.839,-538.782));
#1438=CARTESIAN_POINT('',(-156.891,139.204,-580.594));
#1439=CARTESIAN_POINT('',(-133.319,180.527,-616.928));
#1440=CARTESIAN_POINT('',(-105.674,218.895,-646.264));
#1441=CARTESIAN_POINT('',(-76.448,254.515,-677.198));
#1442=CARTESIAN_POINT('',(-42.293,290.162,-704.131));
#1443=CARTESIAN_POINT('',(-8.552,327.304,-742.103));
#1444=CARTESIAN_POINT('',(29.893,324.18,-780.829));
#1445=CARTESIAN_POINT('',(42.467,311.523,-799.626));
#1446=CARTESIAN_POINT('',(-283.07,167.431,24.306));
#1447=CARTESIAN_POINT('',(-284.563,170.046,17.224));
#1448=CARTESIAN_POINT('',(-274.517,171.069,-13.731));
#1449=CARTESIAN_POINT('',(-264.615,169.003,-31.657));
#1450=CARTESIAN_POINT('',(-239.031,155.229,-58.86));
#1451=CARTESIAN_POINT('',(-215.044,136.944,-75.485));
#1452=CARTESIAN_POINT('',(-196.95,122.681,-86.383));
#1453=CARTESIAN_POINT('',(-165.339,106.579,-88.767));
#1454=CARTESIAN_POINT('',(-171.824,74.768,-110.398));
#1455=CARTESIAN_POINT('',(-172.044,66.761,-144.322));
#1456=CARTESIAN_POINT('',(-175.477,53.791,-184.716));
#1457=CARTESIAN_POINT('',(-199.136,61.824,-248.253));
#1458=CARTESIAN_POINT('',(-188.993,81.633,-318.881));
#1459=CARTESIAN_POINT('',(-184.011,72.163,-357.869));
#1460=CARTESIAN_POINT('',(-166.43,72.602,-412.783));
#1461=CARTESIAN_POINT('',(-156.03,74.79,-470.442));
#1462=CARTESIAN_POINT('',(-135.85,98.412,-523.219));
#1463=CARTESIAN_POINT('',(-120.195,122.667,-555.45));
#1464=CARTESIAN_POINT('',(-93.657,155.107,-595.235));
#1465=CARTESIAN_POINT('',(-60.69,194.147,-623.999));
#1466=CARTESIAN_POINT('',(-26.638,230.51,-651.569));
#1467=CARTESIAN_POINT('',(14.313,265.402,-679.327));
#1468=CARTESIAN_POINT('',(52.252,298.08,-711.361));
#1469=CARTESIAN_POINT('',(76.036,307.166,-742.012));
#1470=CARTESIAN_POINT('',(87.422,299.768,-760.806));
#1471=CARTESIAN_POINT('',(-298.066,189.56,29.846));
#1472=CARTESIAN_POINT('',(-300.579,198.308,15.751));
#1473=CARTESIAN_POINT('',(-304.759,208.468,0.414));
#1474=CARTESIAN_POINT('',(-283.192,198.68,-39.638));
#1475=CARTESIAN_POINT('',(-261.912,187.643,-62.517));
#1476=CARTESIAN_POINT('',(-234.821,171.828,-82.954));
#1477=CARTESIAN_POINT('',(-206.867,150.549,-96.319));
#1478=CARTESIAN_POINT('',(-183.827,131.996,-110.045));
#1479=CARTESIAN_POINT('',(-149.82,113.923,-110.25));
#1480=CARTESIAN_POINT('',(-141.505,85.456,-120.306));
#1481=CARTESIAN_POINT('',(-145.482,68.391,-172.415));
#1482=CARTESIAN_POINT('',(-156.142,62.553,-199.945));
#1483=CARTESIAN_POINT('',(-160.945,71.195,-266.7));
#1484=CARTESIAN_POINT('',(-160.227,85.014,-333.604));
#1485=CARTESIAN_POINT('',(-144.484,76.925,-380.531));
#1486=CARTESIAN_POINT('',(-119.594,74.522,-434.22));
#1487=CARTESIAN_POINT('',(-110.018,81.988,-486.292));
#1488=CARTESIAN_POINT('',(-86.204,103.338,-531.188));
#1489=CARTESIAN_POINT('',(-65.418,132.731,-567.272));
#1490=CARTESIAN_POINT('',(-27.272,163.811,-603.171));
#1491=CARTESIAN_POINT('',(6.334,197.503,-631.004));
#1492=CARTESIAN_POINT('',(49.196,231.933,-656.844));
#1493=CARTESIAN_POINT('',(101.505,255.917,-690.242));
#1494=CARTESIAN_POINT('',(129.347,260.433,-716.647));
#1495=CARTESIAN_POINT('',(141.005,256.169,-735.693));
#1496=CARTESIAN_POINT('',(-312.546,213.388,30.372));
#1497=CARTESIAN_POINT('',(-310.847,211.858,21.062));
#1498=CARTESIAN_POINT('',(-319.621,233.449,6.231));
#1499=CARTESIAN_POINT('',(-314.456,244.622,-40.536));
#1500=CARTESIAN_POINT('',(-280.167,224.013,-78.422));
#1501=CARTESIAN_POINT('',(-261.083,215.12,-99.752));
#1502=CARTESIAN_POINT('',(-230.186,197.027,-115.84));
#1503=CARTESIAN_POINT('',(-202.833,181.844,-126.986));
#1504=CARTESIAN_POINT('',(-171.295,154.123,-137.919));
#1505=CARTESIAN_POINT('',(-138.26,123.887,-126.821));
#1506=CARTESIAN_POINT('',(-110.925,91.558,-128.501));
#1507=CARTESIAN_POINT('',(-122.688,62.433,-184.203));
#1508=CARTESIAN_POINT('',(-127.883,70.541,-213.342));
#1509=CARTESIAN_POINT('',(-125.058,79.365,-272.41));
#1510=CARTESIAN_POINT('',(-122.589,88.314,-343.404));
#1511=CARTESIAN_POINT('',(-99.026,78.881,-397.268));
#1512=CARTESIAN_POINT('',(-78.353,75.273,-450.204));
#1513=CARTESIAN_POINT('',(-61.675,85.409,-494.385));
#1514=CARTESIAN_POINT('',(-35.62,106.964,-536.14));
#1515=CARTESIAN_POINT('',(-2.211,134.517,-574.661));
#1516=CARTESIAN_POINT('',(36.431,163.52,-609.017));
#1517=CARTESIAN_POINT('',(73.081,195.271,-636.608));
#1518=CARTESIAN_POINT('',(118.282,222.201,-665.883));
#1519=CARTESIAN_POINT('',(148.038,230.189,-692.265));
#1520=CARTESIAN_POINT('',(167.578,224.391,-704.397));
#1521=CARTESIAN_POINT('',(-332.856,249.228,26.612));
#1522=CARTESIAN_POINT('',(-333.973,256.248,18.21));
#1523=CARTESIAN_POINT('',(-336.926,264.564,-2.588));
#1524=CARTESIAN_POINT('',(-330.106,280.061,-38.034));
#1525=CARTESIAN_POINT('',(-313.875,270.977,-71.301));
#1526=CARTESIAN_POINT('',(-288.882,263.44,-105.983));
#1527=CARTESIAN_POINT('',(-271.793,253.771,-127.372));
#1528=CARTESIAN_POINT('',(-234.817,230.024,-148.722));
#1529=CARTESIAN_POINT('',(-199.648,214.171,-160.35));
#1530=CARTESIAN_POINT('',(-152.086,168.199,-160.898));
#1531=CARTESIAN_POINT('',(-127.442,141.488,-149.317));
#1532=CARTESIAN_POINT('',(-84.426,107.114,-135.174));
#1533=CARTESIAN_POINT('',(-96.343,59.378,-185.311));
#1534=CARTESIAN_POINT('',(-99.632,76.238,-229.388));
#1535=CARTESIAN_POINT('',(-94.269,82.72,-286.646));
#1536=CARTESIAN_POINT('',(-80.256,90.051,-351.05));
#1537=CARTESIAN_POINT('',(-56.608,77.71,-410.155));
#1538=CARTESIAN_POINT('',(-37.822,74.931,-460.73));
#1539=CARTESIAN_POINT('',(-13.285,88.442,-503.873));
#1540=CARTESIAN_POINT('',(20.134,108.459,-542.414));
#1541=CARTESIAN_POINT('',(58.812,134.982,-582.985));
#1542=CARTESIAN_POINT('',(102.326,158.497,-611.131));
#1543=CARTESIAN_POINT('',(148.513,178.613,-640.541));
#1544=CARTESIAN_POINT('',(174.223,187.937,-659.881));
#1545=CARTESIAN_POINT('',(189.134,188.824,-670.853));
#1546=CARTESIAN_POINT('',(-352.146,295.422,36.73));
#1547=CARTESIAN_POINT('',(-352.519,302.441,19.332));
#1548=CARTESIAN_POINT('',(-351.337,315.769,5.015));
#1549=CARTESIAN_POINT('',(-343.097,329.317,-33.316));
#1550=CARTESIAN_POINT('',(-329.287,331.49,-72.322));
#1551=CARTESIAN_POINT('',(-315.682,328.112,-111.046));
#1552=CARTESIAN_POINT('',(-287.206,312.984,-143.001));
#1553=CARTESIAN_POINT('',(-260.681,292.071,-172.178));
#1554=CARTESIAN_POINT('',(-217.283,255.234,-191.604));
#1555=CARTESIAN_POINT('',(-177.887,236.424,-196.265));
#1556=CARTESIAN_POINT('',(-137.059,180.76,-180.555));
#1557=CARTESIAN_POINT('',(-115.361,153.994,-172.466));
#1558=CARTESIAN_POINT('',(-66.61,115.112,-145.341));
#1559=CARTESIAN_POINT('',(-69.231,61.011,-188.939));
#1560=CARTESIAN_POINT('',(-66.828,83.445,-247.027));
#1561=CARTESIAN_POINT('',(-55.631,86.597,-298.45));
#1562=CARTESIAN_POINT('',(-33.482,89.801,-358.436));
#1563=CARTESIAN_POINT('',(-13.193,75.336,-417.605));
#1564=CARTESIAN_POINT('',(9.771,72.431,-463.991));
#1565=CARTESIAN_POINT('',(43.317,86.166,-507.739));
#1566=CARTESIAN_POINT('',(75.661,106.621,-548.009));
#1567=CARTESIAN_POINT('',(114.173,130.699,-586.113));
#1568=CARTESIAN_POINT('',(159.721,145.157,-612.043));
#1569=CARTESIAN_POINT('',(189.039,149.877,-626.716));
#1570=CARTESIAN_POINT('',(204.899,149.662,-634.203));
#1571=CARTESIAN_POINT('',(-358.563,346.942,47.768));
#1572=CARTESIAN_POINT('',(-356.153,355.138,36.473));
#1573=CARTESIAN_POINT('',(-356.264,368.944,10.867));
#1574=CARTESIAN_POINT('',(-347.055,385.594,-17.47));
#1575=CARTESIAN_POINT('',(-336.568,390.77,-56.55));
#1576=CARTESIAN_POINT('',(-316.507,391.12,-100.025));
#1577=CARTESIAN_POINT('',(-295.961,382.857,-143.647));
#1578=CARTESIAN_POINT('',(-267.134,364.153,-182.186));
#1579=CARTESIAN_POINT('',(-230.796,335.33,-219.08));
#1580=CARTESIAN_POINT('',(-189.196,285.238,-235.899));
#1581=CARTESIAN_POINT('',(-148.955,262.364,-236.638));
#1582=CARTESIAN_POINT('',(-112.056,200.573,-206.937));
#1583=CARTESIAN_POINT('',(-90.492,164.447,-191.533));
#1584=CARTESIAN_POINT('',(-54.872,112.398,-147.759));
#1585=CARTESIAN_POINT('',(-43.776,59.345,-189.817));
#1586=CARTESIAN_POINT('',(-38.353,85.661,-252.592));
#1587=CARTESIAN_POINT('',(-14.5,87.015,-308.692));
#1588=CARTESIAN_POINT('',(9.619,87.201,-362.668));
#1589=CARTESIAN_POINT('',(28.449,70.362,-416.433));
#1590=CARTESIAN_POINT('',(61.583,72.774,-464.52));
#1591=CARTESIAN_POINT('',(96.495,78.584,-502.61));
#1592=CARTESIAN_POINT('',(133.635,97.251,-542.1));
#1593=CARTESIAN_POINT('',(173.919,106.215,-571.49));
#1594=CARTESIAN_POINT('',(197.102,113.925,-585.625));
#1595=CARTESIAN_POINT('',(212.187,115.073,-592.615));
#1596=CARTESIAN_POINT('',(-350.759,396.946,70.712));
#1597=CARTESIAN_POINT('',(-349.937,406.114,55.1));
#1598=CARTESIAN_POINT('',(-342.815,422.234,34.112));
#1599=CARTESIAN_POINT('',(-330.627,439.068,-8.457));
#1600=CARTESIAN_POINT('',(-318.954,450.709,-43.19));
#1601=CARTESIAN_POINT('',(-305.121,457.092,-91.492));
#1602=CARTESIAN_POINT('',(-285.776,449.461,-135.751));
#1603=CARTESIAN_POINT('',(-257.137,435.895,-182.537));
#1604=CARTESIAN_POINT('',(-219.21,411.79,-221.594));
#1605=CARTESIAN_POINT('',(-187.156,374.444,-253.341));
#1606=CARTESIAN_POINT('',(-147.307,308.536,-265.624));
#1607=CARTESIAN_POINT('',(-116.255,269.995,-262.636));
#1608=CARTESIAN_POINT('',(-80.375,219.286,-236.254));
#1609=CARTESIAN_POINT('',(-51.362,173.716,-207.891));
#1610=CARTESIAN_POINT('',(-30.997,116.502,-150.004));
#1611=CARTESIAN_POINT('',(-18.352,62.428,-197.056));
#1612=CARTESIAN_POINT('',(-9.379,85.024,-258.341));
#1613=CARTESIAN_POINT('',(22.448,87.651,-322.085));
#1614=CARTESIAN_POINT('',(50.569,81.767,-373.795));
#1615=CARTESIAN_POINT('',(73.906,64.472,-425.546));
#1616=CARTESIAN_POINT('',(108.505,69.706,-461.217));
#1617=CARTESIAN_POINT('',(141.983,72.539,-493.358));
#1618=CARTESIAN_POINT('',(181.139,84.256,-527.417));
#1619=CARTESIAN_POINT('',(213.624,81.793,-540.019));
#1620=CARTESIAN_POINT('',(223.914,84.482,-547.047));
#1621=CARTESIAN_POINT('',(-330.069,444.53,88.508));
#1622=CARTESIAN_POINT('',(-325.409,456.354,74.081));
#1623=CARTESIAN_POINT('',(-319.075,467.263,51.907));
#1624=CARTESIAN_POINT('',(-310.437,492.319,19.682));
#1625=CARTESIAN_POINT('',(-301.256,504.898,-24.576));
#1626=CARTESIAN_POINT('',(-291.302,513.838,-69.082));
#1627=CARTESIAN_POINT('',(-271.042,516.445,-122.838));
#1628=CARTESIAN_POINT('',(-246.973,504.119,-169.333));
#1629=CARTESIAN_POINT('',(-210.723,482.204,-221.66));
#1630=CARTESIAN_POINT('',(-175.897,439.495,-253.415));
#1631=CARTESIAN_POINT('',(-136.39,398.31,-284.179));
#1632=CARTESIAN_POINT('',(-101.909,324.656,-280.586));
#1633=CARTESIAN_POINT('',(-75.843,273.373,-279.817));
#1634=CARTESIAN_POINT('',(-41.81,206.053,-234.17));
#1635=CARTESIAN_POINT('',(-21.988,175.023,-215.965));
#1636=CARTESIAN_POINT('',(2.443,111.429,-151.665));
#1637=CARTESIAN_POINT('',(4.908,63.499,-211.098));
#1638=CARTESIAN_POINT('',(26.045,84.888,-258.717));
#1639=CARTESIAN_POINT('',(61.049,84.295,-325.208));
#1640=CARTESIAN_POINT('',(88.179,74.712,-378.46));
#1641=CARTESIAN_POINT('',(120.322,61.903,-416.623));
#1642=CARTESIAN_POINT('',(152.997,57.193,-450.046));
#1643=CARTESIAN_POINT('',(189.254,64.032,-485.627));
#1644=CARTESIAN_POINT('',(211.416,63.492,-496.355));
#1645=CARTESIAN_POINT('',(225.497,63.594,-502.043));
#1646=CARTESIAN_POINT('',(-306.371,489.525,117.962));
#1647=CARTESIAN_POINT('',(-303.072,496.953,107.745));
#1648=CARTESIAN_POINT('',(-298.101,521.448,79.638));
#1649=CARTESIAN_POINT('',(-290.813,543.047,45.324));
#1650=CARTESIAN_POINT('',(-285.652,562.782,1.32));
#1651=CARTESIAN_POINT('',(-273.693,574.122,-48.33));
#1652=CARTESIAN_POINT('',(-253.604,583.446,-106.287));
#1653=CARTESIAN_POINT('',(-226.508,575.669,-162.999));
#1654=CARTESIAN_POINT('',(-188.814,551.142,-211.263));
#1655=CARTESIAN_POINT('',(-152.406,509.23,-256.337));
#1656=CARTESIAN_POINT('',(-116.03,456.213,-284.684));
#1657=CARTESIAN_POINT('',(-81.786,403.582,-302.446));
#1658=CARTESIAN_POINT('',(-53.141,327.188,-300.604));
#1659=CARTESIAN_POINT('',(-24.326,257.08,-279.814));
#1660=CARTESIAN_POINT('',(-5.337,198.447,-234.717));
#1661=CARTESIAN_POINT('',(11.759,172.533,-212.119));
#1662=CARTESIAN_POINT('',(21.988,82.694,-157.32));
#1663=CARTESIAN_POINT('',(38.219,73.265,-222.387));
#1664=CARTESIAN_POINT('',(63.284,79.196,-255.346));
#1665=CARTESIAN_POINT('',(102.525,81.646,-323.69));
#1666=CARTESIAN_POINT('',(122.563,67.267,-357.832));
#1667=CARTESIAN_POINT('',(159.726,59.084,-396.225));
#1668=CARTESIAN_POINT('',(192.948,45.144,-427.424));
#1669=CARTESIAN_POINT('',(215.062,47.598,-437.713));
#1670=CARTESIAN_POINT('',(223.234,45.031,-442.944));
#1671=CARTESIAN_POINT('',(-285.385,531.552,153.655));
#1672=CARTESIAN_POINT('',(-283.588,548.008,140.651));
#1673=CARTESIAN_POINT('',(-277.573,566.08,122.386));
#1674=CARTESIAN_POINT('',(-274.166,597.243,81.044));
#1675=CARTESIAN_POINT('',(-266.829,620.989,31.542));
#1676=CARTESIAN_POINT('',(-259.326,637.32,-24.887));
#1677=CARTESIAN_POINT('',(-237.111,649.349,-88.878));
#1678=CARTESIAN_POINT('',(-206.802,641.166,-147.354));
#1679=CARTESIAN_POINT('',(-164.213,622.055,-204.865));
#1680=CARTESIAN_POINT('',(-124.642,576.829,-244.351));
#1681=CARTESIAN_POINT('',(-83.822,524.928,-283.253));
#1682=CARTESIAN_POINT('',(-51.634,458.662,-304.25));
#1683=CARTESIAN_POINT('',(-21.033,389.779,-311.217));
#1684=CARTESIAN_POINT('',(0.335,309.905,-304.415));
#1685=CARTESIAN_POINT('',(24.722,244.977,-271.819));
#1686=CARTESIAN_POINT('',(34.903,199.49,-233.895));
#1687=CARTESIAN_POINT('',(42.194,142.186,-183.162));
#1688=CARTESIAN_POINT('',(44.113,73.966,-166.521));
#1689=CARTESIAN_POINT('',(72.926,71.099,-223.608));
#1690=CARTESIAN_POINT('',(103.016,74.011,-249.634));
#1691=CARTESIAN_POINT('',(140.359,74.739,-311.539));
#1692=CARTESIAN_POINT('',(165.011,61.158,-337.612));
#1693=CARTESIAN_POINT('',(196.657,54.622,-375.099));
#1694=CARTESIAN_POINT('',(219.128,44.375,-381.772));
#1695=CARTESIAN_POINT('',(231.186,41.868,-388.546));
#1696=CARTESIAN_POINT('',(-258.279,573.405,193.414));
#1697=CARTESIAN_POINT('',(-254.745,583.234,180.785));
#1698=CARTESIAN_POINT('',(-254.309,618.8,162.979));
#1699=CARTESIAN_POINT('',(-251.934,644.075,129.733));
#1700=CARTESIAN_POINT('',(-246.906,677.191,70.665));
#1701=CARTESIAN_POINT('',(-233.08,704.105,6.763));
#1702=CARTESIAN_POINT('',(-212.389,717.853,-64.358));
#1703=CARTESIAN_POINT('',(-179.613,713.925,-131.646));
#1704=CARTESIAN_POINT('',(-135.983,688.415,-188.798));
#1705=CARTESIAN_POINT('',(-88.772,646.254,-235.787));
#1706=CARTESIAN_POINT('',(-49.614,588.66,-268.162));
#1707=CARTESIAN_POINT('',(-15.344,521.361,-300.094));
#1708=CARTESIAN_POINT('',(15.212,454.562,-314.007));
#1709=CARTESIAN_POINT('',(40.888,377.235,-315.407));
#1710=CARTESIAN_POINT('',(51.79,293.915,-297.074));
#1711=CARTESIAN_POINT('',(60.86,237.297,-262.143));
#1712=CARTESIAN_POINT('',(73.515,174.563,-216.057));
#1713=CARTESIAN_POINT('',(58.102,117.693,-164.404));
#1714=CARTESIAN_POINT('',(79.636,71.404,-177.191));
#1715=CARTESIAN_POINT('',(105.869,69.183,-218.739));
#1716=CARTESIAN_POINT('',(143.476,67.557,-250.879));
#1717=CARTESIAN_POINT('',(177.529,64.973,-296.957));
#1718=CARTESIAN_POINT('',(211.808,50.321,-311.332));
#1719=CARTESIAN_POINT('',(221.556,50.73,-325.307));
#1720=CARTESIAN_POINT('',(230.348,46.363,-329.339));
#1721=CARTESIAN_POINT('',(-226.474,597.34,240.169));
#1722=CARTESIAN_POINT('',(-228.811,619.669,238.505));
#1723=CARTESIAN_POINT('',(-213.438,641.659,220.967));
#1724=CARTESIAN_POINT('',(-220.814,679.916,181.739));
#1725=CARTESIAN_POINT('',(-216.472,721.765,119.732));
#1726=CARTESIAN_POINT('',(-208.504,754.014,50.035));
#1727=CARTESIAN_POINT('',(-180.619,779.826,-29.924));
#1728=CARTESIAN_POINT('',(-139.452,772.724,-101.573));
#1729=CARTESIAN_POINT('',(-98.45,752.153,-169.299));
#1730=CARTESIAN_POINT('',(-48.62,706.331,-217.015));
#1731=CARTESIAN_POINT('',(-4.917,646.939,-251.978));
#1732=CARTESIAN_POINT('',(29.806,575.898,-279.607));
#1733=CARTESIAN_POINT('',(59.715,503.912,-300.852));
#1734=CARTESIAN_POINT('',(79.756,425.726,-310.169));
#1735=CARTESIAN_POINT('',(103.632,339.184,-296.008));
#1736=CARTESIAN_POINT('',(101.222,280.077,-281.772));
#1737=CARTESIAN_POINT('',(110.134,210.152,-231.154));
#1738=CARTESIAN_POINT('',(91.639,139.903,-187.643));
#1739=CARTESIAN_POINT('',(85.372,103.264,-150.647));
#1740=CARTESIAN_POINT('',(115.624,64.771,-181.817));
#1741=CARTESIAN_POINT('',(142.535,66.534,-208.101));
#1742=CARTESIAN_POINT('',(180.078,59.705,-245.599));
#1743=CARTESIAN_POINT('',(216.81,53.746,-283.839));
#1744=CARTESIAN_POINT('',(248.163,39.408,-288.459));
#1745=CARTESIAN_POINT('',(254.953,38.74,-297.174));
#1746=CARTESIAN_POINT('',(-188.784,605.084,284.012));
#1747=CARTESIAN_POINT('',(-181.071,607.77,263.892));
#1748=CARTESIAN_POINT('',(-164.532,654.183,262.683));
#1749=CARTESIAN_POINT('',(-160.628,687.431,228.708));
#1750=CARTESIAN_POINT('',(-172.909,751.187,176.398));
#1751=CARTESIAN_POINT('',(-150.122,800.84,94.677));
#1752=CARTESIAN_POINT('',(-124.86,831.17,16.724));
#1753=CARTESIAN_POINT('',(-100.489,857.095,-76.213));
#1754=CARTESIAN_POINT('',(-42.982,813.771,-135.368));
#1755=CARTESIAN_POINT('',(4.545,761.098,-192.741));
#1756=CARTESIAN_POINT('',(44.789,694.213,-228.639));
#1757=CARTESIAN_POINT('',(78.245,625.135,-253.15));
#1758=CARTESIAN_POINT('',(104.578,550.45,-277.279));
#1759=CARTESIAN_POINT('',(129.333,472.433,-285.988));
#1760=CARTESIAN_POINT('',(142.204,379.932,-288.87));
#1761=CARTESIAN_POINT('',(154.959,312.058,-273.723));
#1762=CARTESIAN_POINT('',(145.094,238.615,-239.935));
#1763=CARTESIAN_POINT('',(130.831,164.321,-194.116));
#1764=CARTESIAN_POINT('',(108.87,130.749,-166.653));
#1765=CARTESIAN_POINT('',(117.141,78.89,-143.972));
#1766=CARTESIAN_POINT('',(150.108,61.165,-181.157));
#1767=CARTESIAN_POINT('',(178.582,58.32,-202.408));
#1768=CARTESIAN_POINT('',(219.505,49.931,-239.41));
#1769=CARTESIAN_POINT('',(237.93,45.116,-251.803));
#1770=CARTESIAN_POINT('',(250.729,40.164,-255.002));
#1771=CARTESIAN_POINT('',(-144.061,594.583,315.656));
#1772=CARTESIAN_POINT('',(-135.051,609.526,309.389));
#1773=CARTESIAN_POINT('',(-136.269,640.636,305.349));
#1774=CARTESIAN_POINT('',(-115.265,677.606,269.084));
#1775=CARTESIAN_POINT('',(-112.322,752.192,229.399));
#1776=CARTESIAN_POINT('',(-101.247,802.515,145.476));
#1777=CARTESIAN_POINT('',(-61.191,857.602,66.866));
#1778=CARTESIAN_POINT('',(-31.909,908.253,-21.748));
#1779=CARTESIAN_POINT('',(16.954,857.098,-103.086));
#1780=CARTESIAN_POINT('',(65.384,799.519,-145.91));
#1781=CARTESIAN_POINT('',(101.399,728.585,-194.332));
#1782=CARTESIAN_POINT('',(132.835,655.947,-220.531));
#1783=CARTESIAN_POINT('',(154.875,580.478,-242.884));
#1784=CARTESIAN_POINT('',(169.967,500.216,-255.637));
#1785=CARTESIAN_POINT('',(192.588,418.439,-260.655));
#1786=CARTESIAN_POINT('',(192.697,332.432,-261.054));
#1787=CARTESIAN_POINT('',(177.071,246.795,-231.265));
#1788=CARTESIAN_POINT('',(164.587,186.136,-190.905));
#1789=CARTESIAN_POINT('',(147.66,149.396,-173.624));
#1790=CARTESIAN_POINT('',(130.14,110.488,-136.076));
#1791=CARTESIAN_POINT('',(152.607,69.144,-142.291));
#1792=CARTESIAN_POINT('',(181.55,55.944,-166.201));
#1793=CARTESIAN_POINT('',(210.656,47.592,-185.444));
#1794=CARTESIAN_POINT('',(232.004,43.057,-200.851));
#1795=CARTESIAN_POINT('',(241.494,40.929,-208.404));
#1796=CARTESIAN_POINT('',(-114.417,565.365,354.891));
#1797=CARTESIAN_POINT('',(-111.859,570.712,347.522));
#1798=CARTESIAN_POINT('',(-78.466,609.408,324.435));
#1799=CARTESIAN_POINT('',(-87.638,655.743,318.049));
#1800=CARTESIAN_POINT('',(-66.091,720.863,269.539));
#1801=CARTESIAN_POINT('',(-48.37,799.975,205.387));
#1802=CARTESIAN_POINT('',(-14.502,837.859,121.397));
#1803=CARTESIAN_POINT('',(30.811,899.705,54.763));
#1804=CARTESIAN_POINT('',(95.978,900.52,-38.333));
#1805=CARTESIAN_POINT('',(124.404,820.856,-97.427));
#1806=CARTESIAN_POINT('',(156.004,747.36,-145.623));
#1807=CARTESIAN_POINT('',(185.92,672.631,-177.856));
#1808=CARTESIAN_POINT('',(200.138,595.342,-200.524));
#1809=CARTESIAN_POINT('',(216.278,516.877,-214.309));
#1810=CARTESIAN_POINT('',(224.391,438.724,-223.907));
#1811=CARTESIAN_POINT('',(232.239,355.399,-236.539));
#1812=CARTESIAN_POINT('',(214.763,262.704,-219.987));
#1813=CARTESIAN_POINT('',(198.497,203.157,-183.435));
#1814=CARTESIAN_POINT('',(183.102,164.98,-163.958));
#1815=CARTESIAN_POINT('',(159.352,132.48,-139.905));
#1816=CARTESIAN_POINT('',(151.103,85.261,-119.539));
#1817=CARTESIAN_POINT('',(186.041,60.136,-137.573));
#1818=CARTESIAN_POINT('',(215.376,45.744,-145.571));
#1819=CARTESIAN_POINT('',(234.539,41.286,-160.488));
#1820=CARTESIAN_POINT('',(240.287,38.524,-163.839));
#1821=CARTESIAN_POINT('',(-98.715,573.737,424.148));
#1822=CARTESIAN_POINT('',(-85.346,584.468,412.919));
#1823=CARTESIAN_POINT('',(-67.634,573.974,395.932));
#1824=CARTESIAN_POINT('',(-32.245,603.523,345.411));
#1825=CARTESIAN_POINT('',(-33.896,671.549,319.246));
#1826=CARTESIAN_POINT('',(-0.368,756.157,261.198));
#1827=CARTESIAN_POINT('',(34.634,807.601,191.098));
#1828=CARTESIAN_POINT('',(83.036,851.69,111.995));
#1829=CARTESIAN_POINT('',(122.558,841.269,38.665));
#1830=CARTESIAN_POINT('',(172.901,802.484,-29.391));
#1831=CARTESIAN_POINT('',(206.364,742.76,-84.948));
#1832=CARTESIAN_POINT('',(230.494,672.145,-125.943));
#1833=CARTESIAN_POINT('',(240.993,597.383,-148.002));
#1834=CARTESIAN_POINT('',(249.045,525.533,-171.425));
#1835=CARTESIAN_POINT('',(260.694,447.182,-187.26));
#1836=CARTESIAN_POINT('',(262.976,373.87,-197.647));
#1837=CARTESIAN_POINT('',(254.332,293.676,-204.404));
#1838=CARTESIAN_POINT('',(237.183,226.871,-177.316));
#1839=CARTESIAN_POINT('',(217.717,180.905,-151.566));
#1840=CARTESIAN_POINT('',(194.567,143.889,-132.72));
#1841=CARTESIAN_POINT('',(170.591,108.106,-105.535));
#1842=CARTESIAN_POINT('',(178.994,72.652,-111.456));
#1843=CARTESIAN_POINT('',(212.001,50.088,-120.839));
#1844=CARTESIAN_POINT('',(232.652,42.29,-123.439));
#1845=CARTESIAN_POINT('',(240.96,38.634,-127.25));
#1846=CARTESIAN_POINT('',(-102.696,609.047,492.112));
#1847=CARTESIAN_POINT('',(-91.899,605.307,485.464));
#1848=CARTESIAN_POINT('',(-57.707,629.533,440.461));
#1849=CARTESIAN_POINT('',(-12.477,590.708,407.865));
#1850=CARTESIAN_POINT('',(9.236,622.522,338.18));
#1851=CARTESIAN_POINT('',(33.457,692.178,309.126));
#1852=CARTESIAN_POINT('',(68.09,760.097,240.047));
#1853=CARTESIAN_POINT('',(125.646,795.256,177.154));
#1854=CARTESIAN_POINT('',(165.118,806.655,103.164));
#1855=CARTESIAN_POINT('',(214.427,783.092,34.222));
#1856=CARTESIAN_POINT('',(241.183,723.777,-25.514));
#1857=CARTESIAN_POINT('',(259.616,656.4,-66.748));
#1858=CARTESIAN_POINT('',(271.292,588.056,-99.175));
#1859=CARTESIAN_POINT('',(278.8,522.673,-124.239));
#1860=CARTESIAN_POINT('',(289.534,449.619,-143.551));
#1861=CARTESIAN_POINT('',(293.216,379.,-157.237));
#1862=CARTESIAN_POINT('',(288.473,316.203,-167.263));
#1863=CARTESIAN_POINT('',(275.623,252.965,-157.068));
#1864=CARTESIAN_POINT('',(247.591,197.908,-137.89));
#1865=CARTESIAN_POINT('',(217.632,148.936,-118.232));
#1866=CARTESIAN_POINT('',(203.761,123.004,-95.574));
#1867=CARTESIAN_POINT('',(187.515,85.433,-83.326));
#1868=CARTESIAN_POINT('',(216.582,56.907,-97.714));
#1869=CARTESIAN_POINT('',(228.172,46.997,-93.818));
#1870=CARTESIAN_POINT('',(237.659,43.204,-96.503));
#1871=CARTESIAN_POINT('',(-67.025,656.653,543.379));
#1872=CARTESIAN_POINT('',(-40.034,669.565,538.674));
#1873=CARTESIAN_POINT('',(-55.913,643.703,519.157));
#1874=CARTESIAN_POINT('',(-3.141,643.513,441.31));
#1875=CARTESIAN_POINT('',(27.961,589.682,381.931));
#1876=CARTESIAN_POINT('',(66.307,641.048,318.672));
#1877=CARTESIAN_POINT('',(94.071,695.286,283.387));
#1878=CARTESIAN_POINT('',(135.802,735.349,217.068));
#1879=CARTESIAN_POINT('',(198.883,754.299,163.053));
#1880=CARTESIAN_POINT('',(237.304,737.143,92.14));
#1881=CARTESIAN_POINT('',(265.491,696.994,29.355));
#1882=CARTESIAN_POINT('',(278.03,635.253,-20.237));
#1883=CARTESIAN_POINT('',(290.019,572.733,-50.68));
#1884=CARTESIAN_POINT('',(300.278,511.281,-80.29));
#1885=CARTESIAN_POINT('',(311.038,448.259,-102.455));
#1886=CARTESIAN_POINT('',(315.886,385.622,-119.951));
#1887=CARTESIAN_POINT('',(315.605,325.419,-127.807));
#1888=CARTESIAN_POINT('',(304.376,266.543,-126.882));
#1889=CARTESIAN_POINT('',(273.79,209.102,-117.2));
#1890=CARTESIAN_POINT('',(241.649,166.27,-108.931));
#1891=CARTESIAN_POINT('',(226.955,130.188,-83.457));
#1892=CARTESIAN_POINT('',(203.739,105.476,-67.527));
#1893=CARTESIAN_POINT('',(209.618,71.585,-64.641));
#1894=CARTESIAN_POINT('',(228.494,61.995,-69.408));
#1895=CARTESIAN_POINT('',(233.084,54.07,-67.231));
#1896=CARTESIAN_POINT('',(-41.739,689.993,568.296));
#1897=CARTESIAN_POINT('',(-24.343,682.245,544.737));
#1898=CARTESIAN_POINT('',(19.885,682.355,526.278));
#1899=CARTESIAN_POINT('',(32.576,642.659,478.402));
#1900=CARTESIAN_POINT('',(48.75,610.533,425.513));
#1901=CARTESIAN_POINT('',(74.415,591.378,348.749));
#1902=CARTESIAN_POINT('',(124.445,642.275,300.709));
#1903=CARTESIAN_POINT('',(144.485,667.33,261.535));
#1904=CARTESIAN_POINT('',(192.03,694.655,205.674));
#1905=CARTESIAN_POINT('',(245.317,696.239,138.686));
#1906=CARTESIAN_POINT('',(276.661,663.666,74.624));
#1907=CARTESIAN_POINT('',(290.752,614.136,20.113));
#1908=CARTESIAN_POINT('',(302.583,554.158,-17.149));
#1909=CARTESIAN_POINT('',(315.55,497.78,-43.605));
#1910=CARTESIAN_POINT('',(329.786,438.506,-58.944));
#1911=CARTESIAN_POINT('',(336.234,381.688,-77.826));
#1912=CARTESIAN_POINT('',(334.768,325.771,-92.682));
#1913=CARTESIAN_POINT('',(325.378,265.412,-91.922));
#1914=CARTESIAN_POINT('',(291.823,210.569,-92.213));
#1915=CARTESIAN_POINT('',(276.339,181.359,-80.207));
#1916=CARTESIAN_POINT('',(243.745,145.964,-80.019));
#1917=CARTESIAN_POINT('',(228.948,114.526,-54.246));
#1918=CARTESIAN_POINT('',(210.016,82.603,-53.636));
#1919=CARTESIAN_POINT('',(234.919,67.627,-46.011));
#1920=CARTESIAN_POINT('',(234.221,63.083,-48.106));
#1921=CARTESIAN_POINT('',(7.046,707.861,594.816));
#1922=CARTESIAN_POINT('',(22.305,709.477,572.477));
#1923=CARTESIAN_POINT('',(36.637,675.668,542.36));
#1924=CARTESIAN_POINT('',(71.789,657.928,511.826));
#1925=CARTESIAN_POINT('',(93.902,611.653,470.329));
#1926=CARTESIAN_POINT('',(89.537,572.691,377.895));
#1927=CARTESIAN_POINT('',(129.575,599.629,313.016));
#1928=CARTESIAN_POINT('',(174.992,622.908,284.965));
#1929=CARTESIAN_POINT('',(201.308,651.458,232.74));
#1930=CARTESIAN_POINT('',(245.567,651.207,173.887));
#1931=CARTESIAN_POINT('',(282.648,629.374,108.403));
#1932=CARTESIAN_POINT('',(301.297,579.085,59.649));
#1933=CARTESIAN_POINT('',(316.469,531.072,15.689));
#1934=CARTESIAN_POINT('',(330.704,475.968,-8.273));
#1935=CARTESIAN_POINT('',(339.064,430.476,-31.757));
#1936=CARTESIAN_POINT('',(351.138,373.348,-40.108));
#1937=CARTESIAN_POINT('',(349.341,313.975,-63.136));
#1938=CARTESIAN_POINT('',(333.272,254.686,-61.472));
#1939=CARTESIAN_POINT('',(315.264,209.603,-48.518));
#1940=CARTESIAN_POINT('',(295.601,180.721,-37.032));
#1941=CARTESIAN_POINT('',(289.22,159.139,-17.239));
#1942=CARTESIAN_POINT('',(243.589,126.858,-49.368));
#1943=CARTESIAN_POINT('',(228.175,96.642,-20.54));
#1944=CARTESIAN_POINT('',(224.669,72.987,-35.044));
#1945=CARTESIAN_POINT('',(240.378,67.174,-25.944));
#1946=CARTESIAN_POINT('',(48.492,673.796,591.22));
#1947=CARTESIAN_POINT('',(66.43,707.853,597.154));
#1948=CARTESIAN_POINT('',(85.27,676.514,554.14));
#1949=CARTESIAN_POINT('',(94.171,642.471,524.136));
#1950=CARTESIAN_POINT('',(105.408,628.304,497.633));
#1951=CARTESIAN_POINT('',(108.611,565.13,405.718));
#1952=CARTESIAN_POINT('',(137.873,571.709,326.228));
#1953=CARTESIAN_POINT('',(174.359,601.098,291.047));
#1954=CARTESIAN_POINT('',(215.565,617.918,230.098));
#1955=CARTESIAN_POINT('',(254.463,627.781,187.013));
#1956=CARTESIAN_POINT('',(284.853,604.108,123.769));
#1957=CARTESIAN_POINT('',(309.054,559.103,79.744));
#1958=CARTESIAN_POINT('',(322.011,511.681,46.504));
#1959=CARTESIAN_POINT('',(341.636,460.763,13.232));
#1960=CARTESIAN_POINT('',(351.863,408.855,-4.544));
#1961=CARTESIAN_POINT('',(357.894,362.85,-25.304));
#1962=CARTESIAN_POINT('',(355.006,298.177,-35.974));
#1963=CARTESIAN_POINT('',(338.418,245.355,-39.503));
#1964=CARTESIAN_POINT('',(316.85,202.988,-29.998));
#1965=CARTESIAN_POINT('',(294.264,162.562,-3.165));
#1966=CARTESIAN_POINT('',(263.842,132.667,-11.888));
#1967=CARTESIAN_POINT('',(260.891,131.919,-18.618));
#1968=CARTESIAN_POINT('',(235.245,102.434,-25.269));
#1969=CARTESIAN_POINT('',(234.043,87.755,-14.869));
#1970=CARTESIAN_POINT('',(235.736,77.689,-18.572));
#1971=CARTESIAN_POINT('',(49.651,666.859,589.751));
#1972=CARTESIAN_POINT('',(59.195,668.198,592.739));
#1973=CARTESIAN_POINT('',(98.938,682.223,575.802));
#1974=CARTESIAN_POINT('',(110.764,634.011,527.985));
#1975=CARTESIAN_POINT('',(113.7,617.424,487.106));
#1976=CARTESIAN_POINT('',(122.401,566.85,425.587));
#1977=CARTESIAN_POINT('',(134.817,560.21,330.485));
#1978=CARTESIAN_POINT('',(188.919,599.172,293.885));
#1979=CARTESIAN_POINT('',(220.631,606.063,237.669));
#1980=CARTESIAN_POINT('',(259.274,608.769,190.075));
#1981=CARTESIAN_POINT('',(288.74,587.975,135.636));
#1982=CARTESIAN_POINT('',(309.422,548.752,93.532));
#1983=CARTESIAN_POINT('',(329.181,502.099,60.035));
#1984=CARTESIAN_POINT('',(343.921,455.464,30.844));
#1985=CARTESIAN_POINT('',(355.078,402.673,5.522));
#1986=CARTESIAN_POINT('',(362.52,352.323,-9.869));
#1987=CARTESIAN_POINT('',(357.15,292.078,-26.306));
#1988=CARTESIAN_POINT('',(339.4,238.474,-26.623));
#1989=CARTESIAN_POINT('',(318.142,199.896,-16.608));
#1990=CARTESIAN_POINT('',(291.863,158.851,2.115));
#1991=CARTESIAN_POINT('',(263.206,127.908,-0.65));
#1992=CARTESIAN_POINT('',(252.407,115.829,-7.743));
#1993=CARTESIAN_POINT('',(238.059,96.642,-10.555));
#1994=CARTESIAN_POINT('',(238.888,85.078,-9.398));
#1995=CARTESIAN_POINT('',(239.959,77.488,-13.312));
#1996=CARTESIAN_POINT('',(-570.414,-395.931,252.177));
#1997=CARTESIAN_POINT('',(-567.746,-396.69,258.004));
#1998=CARTESIAN_POINT('',(-560.08,-399.38,274.663));
#1999=CARTESIAN_POINT('',(-544.841,-398.53,306.037));
#2000=CARTESIAN_POINT('',(-529.162,-394.435,338.952));
#2001=CARTESIAN_POINT('',(-509.488,-389.36,372.11));
#2002=CARTESIAN_POINT('',(-487.828,-383.148,404.809));
#2003=CARTESIAN_POINT('',(-464.374,-378.761,438.229));
#2004=CARTESIAN_POINT('',(-435.433,-368.668,471.5));
#2005=CARTESIAN_POINT('',(-404.809,-359.08,499.809));
#2006=CARTESIAN_POINT('',(-373.581,-346.835,529.821));
#2007=CARTESIAN_POINT('',(-339.834,-330.142,551.615));
#2008=CARTESIAN_POINT('',(-303.368,-308.707,575.112));
#2009=CARTESIAN_POINT('',(-264.667,-285.97,589.967));
#2010=CARTESIAN_POINT('',(-233.53,-265.009,602.244));
#2011=CARTESIAN_POINT('',(-201.027,-243.107,632.77));
#2012=CARTESIAN_POINT('',(-159.178,-220.714,631.183));
#2013=CARTESIAN_POINT('',(-122.071,-203.15,640.905));
#2014=CARTESIAN_POINT('',(-84.487,-196.441,623.181));
#2015=CARTESIAN_POINT('',(-53.913,-169.048,635.169));
#2016=CARTESIAN_POINT('',(-22.674,-157.414,627.533));
#2017=CARTESIAN_POINT('',(1.326,-130.917,608.79));
#2018=CARTESIAN_POINT('',(20.976,-134.687,593.406));
#2019=CARTESIAN_POINT('',(30.115,-122.578,585.044));
#2020=CARTESIAN_POINT('',(35.173,-122.365,581.71));
#2021=CARTESIAN_POINT('',(-572.645,-399.888,242.651));
#2022=CARTESIAN_POINT('',(-566.708,-409.752,252.067));
#2023=CARTESIAN_POINT('',(-556.538,-411.548,268.561));
#2024=CARTESIAN_POINT('',(-542.965,-411.94,303.708));
#2025=CARTESIAN_POINT('',(-527.816,-408.798,335.802));
#2026=CARTESIAN_POINT('',(-505.815,-403.627,372.521));
#2027=CARTESIAN_POINT('',(-486.674,-400.327,403.945));
#2028=CARTESIAN_POINT('',(-461.946,-393.972,437.815));
#2029=CARTESIAN_POINT('',(-433.756,-384.354,471.465));
#2030=CARTESIAN_POINT('',(-403.759,-372.543,503.966));
#2031=CARTESIAN_POINT('',(-367.958,-360.473,530.913));
#2032=CARTESIAN_POINT('',(-337.105,-344.317,558.231));
#2033=CARTESIAN_POINT('',(-298.647,-323.327,579.433));
#2034=CARTESIAN_POINT('',(-261.765,-301.662,596.185));
#2035=CARTESIAN_POINT('',(-232.729,-280.964,612.103));
#2036=CARTESIAN_POINT('',(-188.936,-257.896,622.497));
#2037=CARTESIAN_POINT('',(-158.983,-232.689,648.501));
#2038=CARTESIAN_POINT('',(-115.931,-217.14,648.938));
#2039=CARTESIAN_POINT('',(-80.56,-209.82,619.113));
#2040=CARTESIAN_POINT('',(-49.882,-181.891,646.418));
#2041=CARTESIAN_POINT('',(-15.425,-167.409,632.767));
#2042=CARTESIAN_POINT('',(8.335,-139.768,613.89));
#2043=CARTESIAN_POINT('',(32.318,-135.839,610.626));
#2044=CARTESIAN_POINT('',(37.117,-127.936,594.638));
#2045=CARTESIAN_POINT('',(42.255,-126.234,587.928));
#2046=CARTESIAN_POINT('',(-572.427,-418.034,230.487));
#2047=CARTESIAN_POINT('',(-567.337,-427.306,236.593));
#2048=CARTESIAN_POINT('',(-554.823,-435.579,260.803));
#2049=CARTESIAN_POINT('',(-540.831,-436.113,289.806));
#2050=CARTESIAN_POINT('',(-520.548,-438.595,330.785));
#2051=CARTESIAN_POINT('',(-502.348,-432.728,367.228));
#2052=CARTESIAN_POINT('',(-478.037,-426.913,404.153));
#2053=CARTESIAN_POINT('',(-453.132,-422.173,441.899));
#2054=CARTESIAN_POINT('',(-429.099,-416.315,473.925));
#2055=CARTESIAN_POINT('',(-396.229,-407.264,504.617));
#2056=CARTESIAN_POINT('',(-366.694,-392.902,539.257));
#2057=CARTESIAN_POINT('',(-326.722,-373.573,561.908));
#2058=CARTESIAN_POINT('',(-290.934,-352.415,593.18));
#2059=CARTESIAN_POINT('',(-250.061,-330.516,600.012));
#2060=CARTESIAN_POINT('',(-225.814,-306.694,624.946));
#2061=CARTESIAN_POINT('',(-184.677,-287.152,646.287));
#2062=CARTESIAN_POINT('',(-142.918,-263.558,632.278));
#2063=CARTESIAN_POINT('',(-106.612,-245.91,641.583));
#2064=CARTESIAN_POINT('',(-71.822,-224.536,660.668));
#2065=CARTESIAN_POINT('',(-35.33,-204.421,649.999));
#2066=CARTESIAN_POINT('',(-2.117,-187.827,625.207));
#2067=CARTESIAN_POINT('',(21.724,-160.728,644.126));
#2068=CARTESIAN_POINT('',(53.518,-153.816,616.579));
#2069=CARTESIAN_POINT('',(59.875,-152.413,595.502));
#2070=CARTESIAN_POINT('',(63.862,-138.848,588.758));
#2071=CARTESIAN_POINT('',(-571.683,-448.846,197.585));
#2072=CARTESIAN_POINT('',(-567.633,-453.376,206.861));
#2073=CARTESIAN_POINT('',(-551.009,-466.677,230.28));
#2074=CARTESIAN_POINT('',(-530.156,-477.516,271.978));
#2075=CARTESIAN_POINT('',(-512.482,-479.585,304.881));
#2076=CARTESIAN_POINT('',(-489.863,-481.547,349.374));
#2077=CARTESIAN_POINT('',(-468.475,-480.314,390.494));
#2078=CARTESIAN_POINT('',(-442.121,-474.733,428.778));
#2079=CARTESIAN_POINT('',(-414.783,-467.746,469.811));
#2080=CARTESIAN_POINT('',(-382.004,-455.694,505.608));
#2081=CARTESIAN_POINT('',(-345.902,-441.377,537.418));
#2082=CARTESIAN_POINT('',(-313.663,-428.04,570.618));
#2083=CARTESIAN_POINT('',(-275.02,-406.457,593.995));
#2084=CARTESIAN_POINT('',(-237.14,-381.497,619.199));
#2085=CARTESIAN_POINT('',(-214.436,-363.153,649.766));
#2086=CARTESIAN_POINT('',(-163.443,-328.987,652.864));
#2087=CARTESIAN_POINT('',(-128.955,-306.934,674.129));
#2088=CARTESIAN_POINT('',(-87.139,-291.45,647.443));
#2089=CARTESIAN_POINT('',(-45.728,-263.373,647.286));
#2090=CARTESIAN_POINT('',(-12.063,-248.192,663.509));
#2091=CARTESIAN_POINT('',(23.385,-214.452,660.952));
#2092=CARTESIAN_POINT('',(52.44,-202.582,631.35));
#2093=CARTESIAN_POINT('',(81.194,-186.718,610.204));
#2094=CARTESIAN_POINT('',(85.111,-147.388,615.084));
#2095=CARTESIAN_POINT('',(85.29,-143.16,597.86));
#2096=CARTESIAN_POINT('',(-561.995,-476.149,171.742));
#2097=CARTESIAN_POINT('',(-551.969,-483.159,184.442));
#2098=CARTESIAN_POINT('',(-542.463,-492.65,199.776));
#2099=CARTESIAN_POINT('',(-515.686,-509.671,236.734));
#2100=CARTESIAN_POINT('',(-492.417,-517.99,282.339));
#2101=CARTESIAN_POINT('',(-471.012,-520.755,322.388));
#2102=CARTESIAN_POINT('',(-447.378,-521.867,365.896));
#2103=CARTESIAN_POINT('',(-423.484,-521.767,407.896));
#2104=CARTESIAN_POINT('',(-393.003,-517.416,448.126));
#2105=CARTESIAN_POINT('',(-364.31,-512.416,490.854));
#2106=CARTESIAN_POINT('',(-329.407,-497.75,528.201));
#2107=CARTESIAN_POINT('',(-291.845,-478.6,564.245));
#2108=CARTESIAN_POINT('',(-254.583,-457.285,593.196));
#2109=CARTESIAN_POINT('',(-214.277,-436.285,621.449));
#2110=CARTESIAN_POINT('',(-181.98,-410.579,638.387));
#2111=CARTESIAN_POINT('',(-149.536,-389.247,677.683));
#2112=CARTESIAN_POINT('',(-98.617,-356.63,650.148));
#2113=CARTESIAN_POINT('',(-65.739,-330.355,675.585));
#2114=CARTESIAN_POINT('',(-22.598,-299.274,681.098));
#2115=CARTESIAN_POINT('',(11.825,-281.738,645.966));
#2116=CARTESIAN_POINT('',(51.452,-253.453,655.406));
#2117=CARTESIAN_POINT('',(75.332,-235.151,635.229));
#2118=CARTESIAN_POINT('',(108.151,-183.793,641.085));
#2119=CARTESIAN_POINT('',(113.694,-172.108,614.246));
#2120=CARTESIAN_POINT('',(115.182,-157.913,612.638));
#2121=CARTESIAN_POINT('',(-549.069,-498.168,137.104));
#2122=CARTESIAN_POINT('',(-541.479,-506.108,143.812));
#2123=CARTESIAN_POINT('',(-524.555,-522.408,166.379));
#2124=CARTESIAN_POINT('',(-497.455,-537.456,202.599));
#2125=CARTESIAN_POINT('',(-469.286,-547.739,242.492));
#2126=CARTESIAN_POINT('',(-446.793,-560.789,286.106));
#2127=CARTESIAN_POINT('',(-421.798,-567.173,328.325));
#2128=CARTESIAN_POINT('',(-395.307,-567.862,373.358));
#2129=CARTESIAN_POINT('',(-368.295,-563.865,419.163));
#2130=CARTESIAN_POINT('',(-336.722,-554.995,462.953));
#2131=CARTESIAN_POINT('',(-305.131,-546.464,506.78));
#2132=CARTESIAN_POINT('',(-269.123,-534.691,545.04));
#2133=CARTESIAN_POINT('',(-231.607,-514.729,582.718));
#2134=CARTESIAN_POINT('',(-186.297,-484.656,609.343));
#2135=CARTESIAN_POINT('',(-150.637,-460.92,632.837));
#2136=CARTESIAN_POINT('',(-112.607,-428.878,637.169));
#2137=CARTESIAN_POINT('',(-81.603,-408.39,679.984));
#2138=CARTESIAN_POINT('',(-36.993,-381.487,676.267));
#2139=CARTESIAN_POINT('',(3.7,-343.682,669.316));
#2140=CARTESIAN_POINT('',(44.621,-316.092,689.079));
#2141=CARTESIAN_POINT('',(71.536,-294.654,624.374));
#2142=CARTESIAN_POINT('',(104.681,-255.982,662.171));
#2143=CARTESIAN_POINT('',(138.099,-228.872,627.243));
#2144=CARTESIAN_POINT('',(134.585,-202.28,621.995));
#2145=CARTESIAN_POINT('',(140.929,-193.05,616.354));
#2146=CARTESIAN_POINT('',(-531.194,-521.648,94.015));
#2147=CARTESIAN_POINT('',(-519.147,-527.41,101.319));
#2148=CARTESIAN_POINT('',(-498.711,-534.156,129.746));
#2149=CARTESIAN_POINT('',(-467.215,-540.154,164.926));
#2150=CARTESIAN_POINT('',(-438.717,-546.622,205.46));
#2151=CARTESIAN_POINT('',(-410.573,-555.493,244.331));
#2152=CARTESIAN_POINT('',(-383.165,-565.84,288.015));
#2153=CARTESIAN_POINT('',(-357.93,-577.063,331.658));
#2154=CARTESIAN_POINT('',(-332.558,-589.744,375.947));
#2155=CARTESIAN_POINT('',(-306.393,-598.294,424.089));
#2156=CARTESIAN_POINT('',(-277.441,-593.638,471.283));
#2157=CARTESIAN_POINT('',(-240.08,-578.29,518.376));
#2158=CARTESIAN_POINT('',(-202.094,-560.305,555.578));
#2159=CARTESIAN_POINT('',(-163.991,-543.282,593.084));
#2160=CARTESIAN_POINT('',(-119.02,-506.89,615.09));
#2161=CARTESIAN_POINT('',(-85.855,-484.545,642.134));
#2162=CARTESIAN_POINT('',(-40.553,-442.371,632.966));
#2163=CARTESIAN_POINT('',(-9.835,-427.816,686.402));
#2164=CARTESIAN_POINT('',(39.246,-393.914,687.019));
#2165=CARTESIAN_POINT('',(62.473,-359.911,636.384));
#2166=CARTESIAN_POINT('',(119.366,-318.317,697.18));
#2167=CARTESIAN_POINT('',(120.654,-296.472,614.86));
#2168=CARTESIAN_POINT('',(159.346,-257.057,644.32));
#2169=CARTESIAN_POINT('',(163.749,-229.765,623.361));
#2170=CARTESIAN_POINT('',(170.126,-220.605,620.608));
#2171=CARTESIAN_POINT('',(-494.638,-514.181,59.823));
#2172=CARTESIAN_POINT('',(-487.57,-514.936,73.009));
#2173=CARTESIAN_POINT('',(-467.33,-517.488,97.134));
#2174=CARTESIAN_POINT('',(-436.823,-522.988,134.139));
#2175=CARTESIAN_POINT('',(-405.572,-530.265,170.541));
#2176=CARTESIAN_POINT('',(-376.62,-539.017,210.193));
#2177=CARTESIAN_POINT('',(-347.392,-548.647,250.517));
#2178=CARTESIAN_POINT('',(-319.025,-559.712,293.011));
#2179=CARTESIAN_POINT('',(-290.535,-570.353,338.033));
#2180=CARTESIAN_POINT('',(-264.738,-584.894,382.174));
#2181=CARTESIAN_POINT('',(-236.251,-599.392,427.668));
#2182=CARTESIAN_POINT('',(-207.256,-619.461,474.588));
#2183=CARTESIAN_POINT('',(-169.724,-608.59,524.682));
#2184=CARTESIAN_POINT('',(-130.648,-578.137,562.472));
#2185=CARTESIAN_POINT('',(-88.906,-560.36,595.586));
#2186=CARTESIAN_POINT('',(-46.538,-525.811,617.311));
#2187=CARTESIAN_POINT('',(-12.467,-499.246,641.58));
#2188=CARTESIAN_POINT('',(26.816,-458.442,634.204));
#2189=CARTESIAN_POINT('',(63.347,-431.469,640.92));
#2190=CARTESIAN_POINT('',(110.78,-400.421,689.649));
#2191=CARTESIAN_POINT('',(139.122,-361.332,632.087));
#2192=CARTESIAN_POINT('',(171.447,-322.341,679.243));
#2193=CARTESIAN_POINT('',(170.381,-293.442,602.089));
#2194=CARTESIAN_POINT('',(194.212,-262.269,629.548));
#2195=CARTESIAN_POINT('',(194.878,-251.083,613.503));
#2196=CARTESIAN_POINT('',(-461.216,-499.675,33.434));
#2197=CARTESIAN_POINT('',(-453.42,-502.823,46.301));
#2198=CARTESIAN_POINT('',(-437.125,-505.467,64.116));
#2199=CARTESIAN_POINT('',(-405.323,-512.643,99.732));
#2200=CARTESIAN_POINT('',(-376.083,-520.463,137.669));
#2201=CARTESIAN_POINT('',(-344.092,-530.266,176.642));
#2202=CARTESIAN_POINT('',(-313.047,-539.768,216.913));
#2203=CARTESIAN_POINT('',(-283.417,-551.133,256.197));
#2204=CARTESIAN_POINT('',(-255.584,-562.44,298.733));
#2205=CARTESIAN_POINT('',(-228.084,-574.976,343.319));
#2206=CARTESIAN_POINT('',(-198.199,-583.685,387.066));
#2207=CARTESIAN_POINT('',(-164.475,-596.01,432.428));
#2208=CARTESIAN_POINT('',(-133.698,-624.725,475.047));
#2209=CARTESIAN_POINT('',(-98.789,-630.34,525.226));
#2210=CARTESIAN_POINT('',(-57.643,-595.831,564.81));
#2211=CARTESIAN_POINT('',(-13.893,-575.846,594.867));
#2212=CARTESIAN_POINT('',(28.087,-540.418,609.694));
#2213=CARTESIAN_POINT('',(62.502,-513.799,633.976));
#2214=CARTESIAN_POINT('',(102.427,-469.222,631.458));
#2215=CARTESIAN_POINT('',(138.812,-435.676,628.838));
#2216=CARTESIAN_POINT('',(182.123,-397.445,660.723));
#2217=CARTESIAN_POINT('',(186.876,-362.945,612.217));
#2218=CARTESIAN_POINT('',(208.959,-324.433,634.906));
#2219=CARTESIAN_POINT('',(210.545,-294.608,588.459));
#2220=CARTESIAN_POINT('',(217.28,-284.418,593.893));
#2221=CARTESIAN_POINT('',(-434.177,-488.131,2.826));
#2222=CARTESIAN_POINT('',(-423.882,-488.047,11.854));
#2223=CARTESIAN_POINT('',(-403.254,-492.715,32.544));
#2224=CARTESIAN_POINT('',(-375.411,-501.262,66.389));
#2225=CARTESIAN_POINT('',(-344.299,-509.548,104.394));
#2226=CARTESIAN_POINT('',(-314.098,-519.01,140.884));
#2227=CARTESIAN_POINT('',(-282.775,-527.536,180.339));
#2228=CARTESIAN_POINT('',(-251.076,-536.398,220.279));
#2229=CARTESIAN_POINT('',(-220.816,-549.222,261.206));
#2230=CARTESIAN_POINT('',(-191.246,-561.476,303.545));
#2231=CARTESIAN_POINT('',(-163.251,-577.108,346.417));
#2232=CARTESIAN_POINT('',(-130.08,-589.928,389.092));
#2233=CARTESIAN_POINT('',(-93.733,-595.88,434.385));
#2234=CARTESIAN_POINT('',(-60.352,-617.238,473.652));
#2235=CARTESIAN_POINT('',(-23.192,-643.889,521.519));
#2236=CARTESIAN_POINT('',(18.749,-607.338,553.82));
#2237=CARTESIAN_POINT('',(62.036,-579.001,582.497));
#2238=CARTESIAN_POINT('',(102.198,-545.669,593.72));
#2239=CARTESIAN_POINT('',(138.334,-511.067,611.013));
#2240=CARTESIAN_POINT('',(171.853,-468.083,614.755));
#2241=CARTESIAN_POINT('',(201.751,-428.565,604.305));
#2242=CARTESIAN_POINT('',(224.44,-394.039,607.65));
#2243=CARTESIAN_POINT('',(228.492,-354.413,588.335));
#2244=CARTESIAN_POINT('',(250.839,-326.112,592.253));
#2245=CARTESIAN_POINT('',(252.598,-310.872,581.573));
#2246=CARTESIAN_POINT('',(-401.532,-475.188,-34.447));
#2247=CARTESIAN_POINT('',(-393.889,-477.803,-23.895));
#2248=CARTESIAN_POINT('',(-375.462,-482.892,0.556));
#2249=CARTESIAN_POINT('',(-343.593,-489.65,36.328));
#2250=CARTESIAN_POINT('',(-314.711,-498.359,71.273));
#2251=CARTESIAN_POINT('',(-282.807,-506.007,108.439));
#2252=CARTESIAN_POINT('',(-250.258,-516.545,145.479));
#2253=CARTESIAN_POINT('',(-219.464,-528.444,185.865));
#2254=CARTESIAN_POINT('',(-188.628,-539.954,225.438));
#2255=CARTESIAN_POINT('',(-156.199,-550.453,264.755));
#2256=CARTESIAN_POINT('',(-127.932,-560.976,307.052));
#2257=CARTESIAN_POINT('',(-93.318,-576.117,347.264));
#2258=CARTESIAN_POINT('',(-61.399,-596.002,387.612));
#2259=CARTESIAN_POINT('',(-23.407,-600.565,433.006));
#2260=CARTESIAN_POINT('',(10.659,-611.252,468.207));
#2261=CARTESIAN_POINT('',(57.484,-646.612,511.946));
#2262=CARTESIAN_POINT('',(92.908,-606.421,541.614));
#2263=CARTESIAN_POINT('',(138.894,-578.436,565.162));
#2264=CARTESIAN_POINT('',(173.305,-540.28,577.845));
#2265=CARTESIAN_POINT('',(208.722,-500.719,584.783));
#2266=CARTESIAN_POINT('',(237.911,-456.192,589.577));
#2267=CARTESIAN_POINT('',(260.421,-419.115,577.496));
#2268=CARTESIAN_POINT('',(272.558,-379.363,581.373));
#2269=CARTESIAN_POINT('',(279.77,-347.891,563.029));
#2270=CARTESIAN_POINT('',(286.155,-333.82,560.199));
#2271=CARTESIAN_POINT('',(-373.853,-464.11,-64.219));
#2272=CARTESIAN_POINT('',(-365.488,-466.487,-51.892));
#2273=CARTESIAN_POINT('',(-341.955,-469.387,-33.372));
#2274=CARTESIAN_POINT('',(-314.796,-477.357,0.731));
#2275=CARTESIAN_POINT('',(-282.459,-485.07,38.176));
#2276=CARTESIAN_POINT('',(-254.522,-495.27,74.339));
#2277=CARTESIAN_POINT('',(-222.05,-504.692,111.866));
#2278=CARTESIAN_POINT('',(-190.825,-516.001,151.246));
#2279=CARTESIAN_POINT('',(-157.1,-528.552,189.916));
#2280=CARTESIAN_POINT('',(-125.343,-540.989,228.792));
#2281=CARTESIAN_POINT('',(-91.31,-557.068,265.164));
#2282=CARTESIAN_POINT('',(-60.408,-561.929,309.158));
#2283=CARTESIAN_POINT('',(-26.431,-577.687,347.889));
#2284=CARTESIAN_POINT('',(8.126,-596.385,385.445));
#2285=CARTESIAN_POINT('',(47.418,-604.951,426.649));
#2286=CARTESIAN_POINT('',(86.188,-615.898,462.084));
#2287=CARTESIAN_POINT('',(130.389,-646.152,500.967));
#2288=CARTESIAN_POINT('',(168.186,-596.327,522.729));
#2289=CARTESIAN_POINT('',(210.053,-568.733,542.565));
#2290=CARTESIAN_POINT('',(240.612,-522.688,554.361));
#2291=CARTESIAN_POINT('',(269.795,-481.435,552.305));
#2292=CARTESIAN_POINT('',(295.034,-440.53,554.107));
#2293=CARTESIAN_POINT('',(304.241,-397.386,547.609));
#2294=CARTESIAN_POINT('',(316.533,-367.516,544.787));
#2295=CARTESIAN_POINT('',(321.553,-353.481,540.139));
#2296=CARTESIAN_POINT('',(-342.972,-452.138,-101.865));
#2297=CARTESIAN_POINT('',(-336.255,-453.548,-93.254));
#2298=CARTESIAN_POINT('',(-314.507,-459.468,-66.212));
#2299=CARTESIAN_POINT('',(-288.379,-467.807,-27.123));
#2300=CARTESIAN_POINT('',(-257.641,-476.781,8.597));
#2301=CARTESIAN_POINT('',(-225.745,-484.923,46.2));
#2302=CARTESIAN_POINT('',(-193.659,-495.001,82.24));
#2303=CARTESIAN_POINT('',(-160.383,-506.017,119.271));
#2304=CARTESIAN_POINT('',(-128.111,-518.581,155.743));
#2305=CARTESIAN_POINT('',(-93.636,-531.821,191.831));
#2306=CARTESIAN_POINT('',(-60.333,-542.56,230.666));
#2307=CARTESIAN_POINT('',(-27.597,-562.525,265.166));
#2308=CARTESIAN_POINT('',(4.839,-564.52,307.715));
#2309=CARTESIAN_POINT('',(40.447,-577.597,344.1));
#2310=CARTESIAN_POINT('',(77.821,-600.178,380.693));
#2311=CARTESIAN_POINT('',(118.421,-604.141,419.001));
#2312=CARTESIAN_POINT('',(158.278,-628.725,449.165));
#2313=CARTESIAN_POINT('',(202.231,-630.134,485.087));
#2314=CARTESIAN_POINT('',(237.661,-580.293,504.486));
#2315=CARTESIAN_POINT('',(274.81,-546.753,519.404));
#2316=CARTESIAN_POINT('',(302.091,-496.275,526.181));
#2317=CARTESIAN_POINT('',(324.962,-458.319,519.608));
#2318=CARTESIAN_POINT('',(336.311,-412.827,523.631));
#2319=CARTESIAN_POINT('',(348.314,-385.966,513.88));
#2320=CARTESIAN_POINT('',(352.725,-370.181,510.521));
#2321=CARTESIAN_POINT('',(-311.612,-443.51,-127.001));
#2322=CARTESIAN_POINT('',(-302.837,-446.609,-113.443));
#2323=CARTESIAN_POINT('',(-289.975,-451.837,-87.079));
#2324=CARTESIAN_POINT('',(-258.12,-459.505,-53.763));
#2325=CARTESIAN_POINT('',(-228.877,-466.765,-16.785));
#2326=CARTESIAN_POINT('',(-195.549,-476.993,17.348));
#2327=CARTESIAN_POINT('',(-161.942,-485.7,51.902));
#2328=CARTESIAN_POINT('',(-129.438,-496.919,87.129));
#2329=CARTESIAN_POINT('',(-96.261,-509.509,120.92));
#2330=CARTESIAN_POINT('',(-63.381,-520.437,157.728));
#2331=CARTESIAN_POINT('',(-29.437,-535.744,192.637));
#2332=CARTESIAN_POINT('',(3.888,-544.66,231.268));
#2333=CARTESIAN_POINT('',(36.001,-567.511,263.92));
#2334=CARTESIAN_POINT('',(72.379,-567.453,304.483));
#2335=CARTESIAN_POINT('',(107.363,-586.717,337.292));
#2336=CARTESIAN_POINT('',(147.506,-601.012,373.741));
#2337=CARTESIAN_POINT('',(187.002,-608.628,408.023));
#2338=CARTESIAN_POINT('',(231.952,-640.473,439.087));
#2339=CARTESIAN_POINT('',(271.402,-596.528,465.582));
#2340=CARTESIAN_POINT('',(302.845,-558.712,482.519));
#2341=CARTESIAN_POINT('',(334.295,-512.353,488.523));
#2342=CARTESIAN_POINT('',(353.763,-473.254,490.308));
#2343=CARTESIAN_POINT('',(366.446,-432.863,489.314));
#2344=CARTESIAN_POINT('',(379.766,-403.367,483.987));
#2345=CARTESIAN_POINT('',(383.914,-387.768,483.721));
#2346=CARTESIAN_POINT('',(-273.401,-435.636,-152.817));
#2347=CARTESIAN_POINT('',(-267.092,-438.047,-141.147));
#2348=CARTESIAN_POINT('',(-247.251,-442.915,-119.646));
#2349=CARTESIAN_POINT('',(-225.879,-451.907,-78.341));
#2350=CARTESIAN_POINT('',(-193.846,-462.727,-46.095));
#2351=CARTESIAN_POINT('',(-161.084,-467.483,-11.724));
#2352=CARTESIAN_POINT('',(-127.318,-478.28,19.365));
#2353=CARTESIAN_POINT('',(-95.682,-487.099,51.03));
#2354=CARTESIAN_POINT('',(-63.773,-498.67,85.109));
#2355=CARTESIAN_POINT('',(-30.884,-511.746,119.526));
#2356=CARTESIAN_POINT('',(1.888,-524.508,156.618));
#2357=CARTESIAN_POINT('',(32.825,-540.382,191.666));
#2358=CARTESIAN_POINT('',(66.024,-545.983,228.588));
#2359=CARTESIAN_POINT('',(101.374,-568.514,260.605));
#2360=CARTESIAN_POINT('',(138.391,-564.918,298.223));
#2361=CARTESIAN_POINT('',(175.63,-597.123,328.562));
#2362=CARTESIAN_POINT('',(216.245,-593.511,365.297));
#2363=CARTESIAN_POINT('',(258.419,-630.968,393.734));
#2364=CARTESIAN_POINT('',(298.552,-608.735,422.941));
#2365=CARTESIAN_POINT('',(331.989,-566.217,444.641));
#2366=CARTESIAN_POINT('',(363.341,-522.137,454.748));
#2367=CARTESIAN_POINT('',(380.616,-490.615,450.724));
#2368=CARTESIAN_POINT('',(399.735,-447.301,457.426));
#2369=CARTESIAN_POINT('',(407.371,-416.819,452.053));
#2370=CARTESIAN_POINT('',(413.177,-401.557,449.75));
#2371=CARTESIAN_POINT('',(-229.665,-429.251,-177.614));
#2372=CARTESIAN_POINT('',(-223.006,-431.934,-168.176));
#2373=CARTESIAN_POINT('',(-214.41,-436.92,-136.496));
#2374=CARTESIAN_POINT('',(-185.872,-447.566,-107.716));
#2375=CARTESIAN_POINT('',(-160.352,-448.56,-71.288));
#2376=CARTESIAN_POINT('',(-125.342,-464.49,-45.931));
#2377=CARTESIAN_POINT('',(-93.476,-467.926,-18.816));
#2378=CARTESIAN_POINT('',(-61.424,-477.609,13.969));
#2379=CARTESIAN_POINT('',(-32.696,-490.164,46.375));
#2380=CARTESIAN_POINT('',(-0.669,-501.994,82.872));
#2381=CARTESIAN_POINT('',(32.355,-515.856,116.277));
#2382=CARTESIAN_POINT('',(63.215,-527.37,154.133));
#2383=CARTESIAN_POINT('',(94.928,-539.233,188.131));
#2384=CARTESIAN_POINT('',(129.519,-550.874,222.092));
#2385=CARTESIAN_POINT('',(166.968,-567.868,253.909));
#2386=CARTESIAN_POINT('',(202.417,-576.04,287.787));
#2387=CARTESIAN_POINT('',(243.541,-593.214,318.581));
#2388=CARTESIAN_POINT('',(284.732,-607.696,349.896));
#2389=CARTESIAN_POINT('',(326.92,-619.248,379.629));
#2390=CARTESIAN_POINT('',(359.11,-566.096,404.324));
#2391=CARTESIAN_POINT('',(391.283,-536.595,412.529));
#2392=CARTESIAN_POINT('',(416.194,-490.18,415.434));
#2393=CARTESIAN_POINT('',(426.775,-460.15,417.189));
#2394=CARTESIAN_POINT('',(437.311,-421.761,417.328));
#2395=CARTESIAN_POINT('',(439.204,-408.778,416.976));
#2396=CARTESIAN_POINT('',(-190.984,-423.483,-199.87));
#2397=CARTESIAN_POINT('',(-187.59,-425.204,-185.807));
#2398=CARTESIAN_POINT('',(-170.527,-433.828,-167.035));
#2399=CARTESIAN_POINT('',(-153.238,-436.058,-132.303));
#2400=CARTESIAN_POINT('',(-115.322,-457.845,-108.505));
#2401=CARTESIAN_POINT('',(-87.58,-447.02,-86.195));
#2402=CARTESIAN_POINT('',(-51.431,-461.904,-54.716));
#2403=CARTESIAN_POINT('',(-25.034,-470.11,-24.113));
#2404=CARTESIAN_POINT('',(4.982,-483.187,10.194));
#2405=CARTESIAN_POINT('',(32.028,-492.796,43.612));
#2406=CARTESIAN_POINT('',(62.914,-505.628,80.118));
#2407=CARTESIAN_POINT('',(93.526,-518.89,114.043));
#2408=CARTESIAN_POINT('',(125.756,-528.242,148.385));
#2409=CARTESIAN_POINT('',(157.132,-542.591,180.432));
#2410=CARTESIAN_POINT('',(194.492,-555.026,213.208));
#2411=CARTESIAN_POINT('',(230.151,-568.925,245.047));
#2412=CARTESIAN_POINT('',(268.67,-584.471,274.174));
#2413=CARTESIAN_POINT('',(311.098,-596.768,306.633));
#2414=CARTESIAN_POINT('',(351.805,-618.584,335.567));
#2415=CARTESIAN_POINT('',(386.84,-568.768,360.233));
#2416=CARTESIAN_POINT('',(416.117,-536.62,375.605));
#2417=CARTESIAN_POINT('',(443.777,-492.871,372.933));
#2418=CARTESIAN_POINT('',(457.24,-456.232,378.086));
#2419=CARTESIAN_POINT('',(459.411,-425.44,385.613));
#2420=CARTESIAN_POINT('',(464.861,-411.851,379.253));
#2421=CARTESIAN_POINT('',(-155.836,-418.589,-221.882));
#2422=CARTESIAN_POINT('',(-144.391,-425.967,-215.736));
#2423=CARTESIAN_POINT('',(-144.625,-416.453,-188.123));
#2424=CARTESIAN_POINT('',(-104.358,-449.073,-160.877));
#2425=CARTESIAN_POINT('',(-99.441,-405.738,-129.043));
#2426=CARTESIAN_POINT('',(-52.423,-424.233,-101.861));
#2427=CARTESIAN_POINT('',(-29.63,-439.655,-85.865));
#2428=CARTESIAN_POINT('',(-5.166,-459.621,-50.449));
#2429=CARTESIAN_POINT('',(28.937,-475.681,-21.096));
#2430=CARTESIAN_POINT('',(65.51,-484.709,12.953));
#2431=CARTESIAN_POINT('',(93.921,-494.519,41.572));
#2432=CARTESIAN_POINT('',(124.655,-508.576,75.412));
#2433=CARTESIAN_POINT('',(154.822,-521.988,108.82));
#2434=CARTESIAN_POINT('',(186.552,-532.4,140.772));
#2435=CARTESIAN_POINT('',(220.593,-551.269,171.755));
#2436=CARTESIAN_POINT('',(257.006,-558.548,203.913));
#2437=CARTESIAN_POINT('',(294.443,-577.849,232.459));
#2438=CARTESIAN_POINT('',(335.888,-586.946,263.355));
#2439=CARTESIAN_POINT('',(376.487,-608.11,294.117));
#2440=CARTESIAN_POINT('',(412.486,-568.998,317.857));
#2441=CARTESIAN_POINT('',(439.717,-536.925,333.286));
#2442=CARTESIAN_POINT('',(468.426,-492.086,335.245));
#2443=CARTESIAN_POINT('',(478.689,-455.1,342.468));
#2444=CARTESIAN_POINT('',(486.586,-427.065,342.487));
#2445=CARTESIAN_POINT('',(490.3,-413.793,344.147));
#2446=CARTESIAN_POINT('',(-123.003,-413.682,-247.019));
#2447=CARTESIAN_POINT('',(-122.399,-413.913,-233.628));
#2448=CARTESIAN_POINT('',(-107.367,-428.04,-204.151));
#2449=CARTESIAN_POINT('',(-82.859,-426.403,-178.986));
#2450=CARTESIAN_POINT('',(-71.375,-390.122,-144.861));
#2451=CARTESIAN_POINT('',(-39.481,-368.319,-112.839));
#2452=CARTESIAN_POINT('',(-3.545,-417.454,-103.689));
#2453=CARTESIAN_POINT('',(18.966,-447.265,-79.953));
#2454=CARTESIAN_POINT('',(53.586,-468.563,-48.123));
#2455=CARTESIAN_POINT('',(89.129,-476.398,-21.924));
#2456=CARTESIAN_POINT('',(124.624,-487.875,9.295));
#2457=CARTESIAN_POINT('',(155.175,-500.984,41.468));
#2458=CARTESIAN_POINT('',(186.371,-514.825,73.513));
#2459=CARTESIAN_POINT('',(216.956,-528.171,105.601));
#2460=CARTESIAN_POINT('',(250.17,-543.865,132.588));
#2461=CARTESIAN_POINT('',(285.716,-553.622,164.805));
#2462=CARTESIAN_POINT('',(320.119,-570.046,191.491));
#2463=CARTESIAN_POINT('',(361.528,-581.091,222.869));
#2464=CARTESIAN_POINT('',(402.409,-602.54,250.003));
#2465=CARTESIAN_POINT('',(433.447,-564.012,274.799));
#2466=CARTESIAN_POINT('',(463.242,-531.88,292.384));
#2467=CARTESIAN_POINT('',(488.158,-490.057,298.797));
#2468=CARTESIAN_POINT('',(503.199,-450.4,300.033));
#2469=CARTESIAN_POINT('',(508.011,-424.048,307.695));
#2470=CARTESIAN_POINT('',(510.6,-410.122,306.023));
#2471=CARTESIAN_POINT('',(-95.823,-413.699,-249.169));
#2472=CARTESIAN_POINT('',(-91.153,-411.416,-237.115));
#2473=CARTESIAN_POINT('',(-79.44,-430.872,-220.101));
#2474=CARTESIAN_POINT('',(-55.464,-410.263,-189.99));
#2475=CARTESIAN_POINT('',(-34.631,-402.691,-168.185));
#2476=CARTESIAN_POINT('',(-4.552,-355.427,-147.51));
#2477=CARTESIAN_POINT('',(27.596,-388.596,-107.943));
#2478=CARTESIAN_POINT('',(48.071,-423.741,-95.571));
#2479=CARTESIAN_POINT('',(75.966,-467.14,-84.577));
#2480=CARTESIAN_POINT('',(114.859,-467.465,-46.548));
#2481=CARTESIAN_POINT('',(143.332,-483.266,-17.074));
#2482=CARTESIAN_POINT('',(174.302,-493.284,12.679));
#2483=CARTESIAN_POINT('',(206.488,-509.262,42.287));
#2484=CARTESIAN_POINT('',(242.21,-521.87,68.942));
#2485=CARTESIAN_POINT('',(274.493,-538.163,98.763));
#2486=CARTESIAN_POINT('',(311.045,-550.367,124.976));
#2487=CARTESIAN_POINT('',(347.014,-565.338,154.831));
#2488=CARTESIAN_POINT('',(385.867,-574.833,184.279));
#2489=CARTESIAN_POINT('',(425.71,-600.441,213.237));
#2490=CARTESIAN_POINT('',(455.535,-554.961,238.098));
#2491=CARTESIAN_POINT('',(482.736,-526.483,256.294));
#2492=CARTESIAN_POINT('',(508.961,-484.106,261.441));
#2493=CARTESIAN_POINT('',(520.099,-446.742,270.372));
#2494=CARTESIAN_POINT('',(524.462,-417.838,274.063));
#2495=CARTESIAN_POINT('',(526.363,-405.859,278.247));
#2496=CARTESIAN_POINT('',(-60.476,-413.378,-253.229));
#2497=CARTESIAN_POINT('',(-54.65,-416.325,-245.933));
#2498=CARTESIAN_POINT('',(-40.573,-416.687,-227.573));
#2499=CARTESIAN_POINT('',(-19.431,-427.798,-209.945));
#2500=CARTESIAN_POINT('',(2.316,-389.517,-193.396));
#2501=CARTESIAN_POINT('',(26.945,-409.301,-167.82));
#2502=CARTESIAN_POINT('',(52.925,-406.898,-145.602));
#2503=CARTESIAN_POINT('',(69.388,-454.54,-132.634));
#2504=CARTESIAN_POINT('',(109.03,-454.194,-96.929));
#2505=CARTESIAN_POINT('',(138.945,-466.074,-74.923));
#2506=CARTESIAN_POINT('',(164.204,-475.517,-45.788));
#2507=CARTESIAN_POINT('',(189.141,-488.4,-14.324));
#2508=CARTESIAN_POINT('',(223.133,-501.084,10.915));
#2509=CARTESIAN_POINT('',(259.416,-516.52,40.83));
#2510=CARTESIAN_POINT('',(300.217,-532.873,61.883));
#2511=CARTESIAN_POINT('',(335.107,-545.034,93.289));
#2512=CARTESIAN_POINT('',(370.99,-558.237,118.655));
#2513=CARTESIAN_POINT('',(405.516,-570.163,148.942));
#2514=CARTESIAN_POINT('',(449.484,-584.186,174.906));
#2515=CARTESIAN_POINT('',(474.895,-548.,200.788));
#2516=CARTESIAN_POINT('',(501.434,-519.728,221.846));
#2517=CARTESIAN_POINT('',(522.32,-476.958,236.59));
#2518=CARTESIAN_POINT('',(536.845,-439.624,238.021));
#2519=CARTESIAN_POINT('',(539.373,-412.227,251.096));
#2520=CARTESIAN_POINT('',(541.685,-399.794,250.148));
#2521=CARTESIAN_POINT('',(-44.88,-407.857,-282.355));
#2522=CARTESIAN_POINT('',(-40.09,-411.341,-269.486));
#2523=CARTESIAN_POINT('',(-28.748,-412.088,-257.986));
#2524=CARTESIAN_POINT('',(-5.318,-422.333,-223.372));
#2525=CARTESIAN_POINT('',(21.285,-431.513,-204.148));
#2526=CARTESIAN_POINT('',(54.916,-422.964,-193.166));
#2527=CARTESIAN_POINT('',(71.945,-449.49,-173.337));
#2528=CARTESIAN_POINT('',(110.757,-442.407,-145.894));
#2529=CARTESIAN_POINT('',(141.806,-448.732,-136.827));
#2530=CARTESIAN_POINT('',(151.072,-458.663,-103.079));
#2531=CARTESIAN_POINT('',(179.079,-468.565,-75.436));
#2532=CARTESIAN_POINT('',(207.435,-480.097,-49.515));
#2533=CARTESIAN_POINT('',(239.598,-497.441,-11.628));
#2534=CARTESIAN_POINT('',(283.312,-510.822,8.194));
#2535=CARTESIAN_POINT('',(318.785,-529.047,38.137));
#2536=CARTESIAN_POINT('',(349.635,-539.584,59.758));
#2537=CARTESIAN_POINT('',(384.245,-551.716,90.044));
#2538=CARTESIAN_POINT('',(422.094,-566.402,116.957));
#2539=CARTESIAN_POINT('',(469.142,-582.098,142.322));
#2540=CARTESIAN_POINT('',(495.036,-533.783,170.724));
#2541=CARTESIAN_POINT('',(518.016,-508.182,191.735));
#2542=CARTESIAN_POINT('',(534.529,-477.352,201.598));
#2543=CARTESIAN_POINT('',(544.414,-435.691,221.88));
#2544=CARTESIAN_POINT('',(550.614,-407.048,224.595));
#2545=CARTESIAN_POINT('',(553.606,-399.101,225.522));
#2546=CARTESIAN_POINT('',(-27.467,-406.599,-291.187));
#2547=CARTESIAN_POINT('',(-22.538,-407.945,-279.181));
#2548=CARTESIAN_POINT('',(-7.473,-413.408,-264.767));
#2549=CARTESIAN_POINT('',(14.919,-415.537,-245.703));
#2550=CARTESIAN_POINT('',(37.02,-415.383,-239.982));
#2551=CARTESIAN_POINT('',(61.37,-432.54,-211.755));
#2552=CARTESIAN_POINT('',(106.02,-420.332,-200.782));
#2553=CARTESIAN_POINT('',(122.9,-437.578,-177.688));
#2554=CARTESIAN_POINT('',(153.809,-443.938,-159.731));
#2555=CARTESIAN_POINT('',(189.488,-452.695,-135.857));
#2556=CARTESIAN_POINT('',(192.346,-463.63,-101.071));
#2557=CARTESIAN_POINT('',(221.15,-477.797,-64.365));
#2558=CARTESIAN_POINT('',(264.731,-490.195,-50.714));
#2559=CARTESIAN_POINT('',(298.808,-506.144,-20.148));
#2560=CARTESIAN_POINT('',(330.559,-517.787,-2.95));
#2561=CARTESIAN_POINT('',(369.793,-535.623,29.));
#2562=CARTESIAN_POINT('',(403.731,-544.257,55.771));
#2563=CARTESIAN_POINT('',(439.181,-563.003,85.216));
#2564=CARTESIAN_POINT('',(485.939,-566.636,112.077));
#2565=CARTESIAN_POINT('',(511.122,-525.343,142.237));
#2566=CARTESIAN_POINT('',(533.008,-499.349,163.544));
#2567=CARTESIAN_POINT('',(545.097,-463.54,183.866));
#2568=CARTESIAN_POINT('',(553.034,-443.132,194.883));
#2569=CARTESIAN_POINT('',(558.768,-416.403,199.186));
#2570=CARTESIAN_POINT('',(564.512,-406.076,192.391));
#2571=CARTESIAN_POINT('',(-17.971,-404.556,-303.484));
#2572=CARTESIAN_POINT('',(-15.841,-405.062,-301.237));
#2573=CARTESIAN_POINT('',(-1.095,-407.844,-284.978));
#2574=CARTESIAN_POINT('',(22.261,-411.878,-271.042));
#2575=CARTESIAN_POINT('',(49.972,-419.974,-247.35));
#2576=CARTESIAN_POINT('',(76.256,-416.514,-239.404));
#2577=CARTESIAN_POINT('',(105.384,-430.235,-219.042));
#2578=CARTESIAN_POINT('',(134.346,-431.819,-199.377));
#2579=CARTESIAN_POINT('',(158.523,-439.778,-176.307));
#2580=CARTESIAN_POINT('',(182.048,-447.965,-153.898));
#2581=CARTESIAN_POINT('',(231.837,-461.997,-125.079));
#2582=CARTESIAN_POINT('',(243.686,-474.638,-87.702));
#2583=CARTESIAN_POINT('',(276.135,-488.702,-63.42));
#2584=CARTESIAN_POINT('',(313.695,-499.939,-47.65));
#2585=CARTESIAN_POINT('',(347.96,-518.223,-18.901));
#2586=CARTESIAN_POINT('',(385.074,-529.802,5.42));
#2587=CARTESIAN_POINT('',(419.918,-539.965,33.59));
#2588=CARTESIAN_POINT('',(461.737,-560.926,60.386));
#2589=CARTESIAN_POINT('',(497.98,-558.146,89.744));
#2590=CARTESIAN_POINT('',(519.937,-520.268,114.395));
#2591=CARTESIAN_POINT('',(541.019,-491.699,148.196));
#2592=CARTESIAN_POINT('',(553.599,-465.617,149.009));
#2593=CARTESIAN_POINT('',(556.531,-449.225,170.399));
#2594=CARTESIAN_POINT('',(563.721,-422.128,181.426));
#2595=CARTESIAN_POINT('',(568.482,-408.3,182.96));
#2596=CARTESIAN_POINT('',(-12.804,-403.609,-310.155));
#2597=CARTESIAN_POINT('',(-10.722,-404.211,-306.578));
#2598=CARTESIAN_POINT('',(3.192,-406.681,-293.932));
#2599=CARTESIAN_POINT('',(28.177,-410.259,-276.882));
#2600=CARTESIAN_POINT('',(54.058,-414.937,-262.202));
#2601=CARTESIAN_POINT('',(81.182,-418.587,-247.701));
#2602=CARTESIAN_POINT('',(113.591,-423.268,-229.007));
#2603=CARTESIAN_POINT('',(140.489,-429.833,-211.431));
#2604=CARTESIAN_POINT('',(170.312,-437.632,-187.6));
#2605=CARTESIAN_POINT('',(195.11,-448.422,-157.7));
#2606=CARTESIAN_POINT('',(230.142,-460.146,-132.435));
#2607=CARTESIAN_POINT('',(255.091,-473.409,-100.631));
#2608=CARTESIAN_POINT('',(284.858,-486.803,-73.815));
#2609=CARTESIAN_POINT('',(320.69,-499.22,-57.453));
#2610=CARTESIAN_POINT('',(355.173,-515.983,-26.785));
#2611=CARTESIAN_POINT('',(393.388,-528.818,-6.021));
#2612=CARTESIAN_POINT('',(429.04,-538.596,23.731));
#2613=CARTESIAN_POINT('',(469.371,-561.165,46.461));
#2614=CARTESIAN_POINT('',(506.093,-549.861,75.205));
#2615=CARTESIAN_POINT('',(525.858,-515.598,105.401));
#2616=CARTESIAN_POINT('',(545.334,-489.79,132.435));
#2617=CARTESIAN_POINT('',(557.214,-463.893,136.388));
#2618=CARTESIAN_POINT('',(562.832,-441.391,162.364));
#2619=CARTESIAN_POINT('',(568.268,-418.952,170.969));
#2620=CARTESIAN_POINT('',(571.522,-414.004,171.801));
#2621=CARTESIAN_POINT('',(-253.188,122.022,13.625));
#2622=CARTESIAN_POINT('',(-256.411,129.915,13.022));
#2623=CARTESIAN_POINT('',(-267.276,145.218,13.465));
#2624=CARTESIAN_POINT('',(-283.07,167.431,24.306));
#2625=CARTESIAN_POINT('',(-298.066,189.56,29.846));
#2626=CARTESIAN_POINT('',(-312.546,213.388,30.372));
#2627=CARTESIAN_POINT('',(-332.856,249.228,26.612));
#2628=CARTESIAN_POINT('',(-352.146,295.422,36.73));
#2629=CARTESIAN_POINT('',(-358.563,346.942,47.768));
#2630=CARTESIAN_POINT('',(-350.759,396.946,70.712));
#2631=CARTESIAN_POINT('',(-330.069,444.53,88.508));
#2632=CARTESIAN_POINT('',(-306.371,489.525,117.962));
#2633=CARTESIAN_POINT('',(-285.385,531.552,153.655));
#2634=CARTESIAN_POINT('',(-258.279,573.405,193.414));
#2635=CARTESIAN_POINT('',(-226.474,597.34,240.169));
#2636=CARTESIAN_POINT('',(-188.784,605.084,284.012));
#2637=CARTESIAN_POINT('',(-144.061,594.583,315.656));
#2638=CARTESIAN_POINT('',(-114.417,565.365,354.891));
#2639=CARTESIAN_POINT('',(-98.715,573.737,424.148));
#2640=CARTESIAN_POINT('',(-102.696,609.047,492.112));
#2641=CARTESIAN_POINT('',(-67.025,656.653,543.379));
#2642=CARTESIAN_POINT('',(-41.739,689.993,568.296));
#2643=CARTESIAN_POINT('',(7.046,707.861,594.816));
#2644=CARTESIAN_POINT('',(48.492,673.796,591.22));
#2645=CARTESIAN_POINT('',(49.651,666.859,589.751));
#2646=CARTESIAN_POINT('',(-253.246,119.664,18.395));
#2647=CARTESIAN_POINT('',(-260.173,129.406,23.535));
#2648=CARTESIAN_POINT('',(-267.935,144.664,18.798));
#2649=CARTESIAN_POINT('',(-284.265,164.493,34.993));
#2650=CARTESIAN_POINT('',(-298.307,186.984,38.371));
#2651=CARTESIAN_POINT('',(-310.989,208.232,39.395));
#2652=CARTESIAN_POINT('',(-331.609,243.657,32.07));
#2653=CARTESIAN_POINT('',(-353.945,288.46,46.469));
#2654=CARTESIAN_POINT('',(-357.76,338.137,64.613));
#2655=CARTESIAN_POINT('',(-354.612,389.007,81.034));
#2656=CARTESIAN_POINT('',(-333.049,435.773,100.681));
#2657=CARTESIAN_POINT('',(-311.352,478.526,131.751));
#2658=CARTESIAN_POINT('',(-285.763,519.828,164.109));
#2659=CARTESIAN_POINT('',(-260.197,558.54,206.174));
#2660=CARTESIAN_POINT('',(-229.032,579.809,241.552));
#2661=CARTESIAN_POINT('',(-192.789,595.391,299.898));
#2662=CARTESIAN_POINT('',(-156.481,579.327,317.448));
#2663=CARTESIAN_POINT('',(-111.524,548.894,363.249));
#2664=CARTESIAN_POINT('',(-114.622,572.761,427.844));
#2665=CARTESIAN_POINT('',(-113.592,599.144,507.847));
#2666=CARTESIAN_POINT('',(-82.643,658.462,538.03));
#2667=CARTESIAN_POINT('',(-67.411,695.486,609.389));
#2668=CARTESIAN_POINT('',(11.758,670.899,583.738));
#2669=CARTESIAN_POINT('',(18.374,669.484,597.121));
#2670=CARTESIAN_POINT('',(43.126,652.95,590.586));
#2671=CARTESIAN_POINT('',(-249.437,110.117,22.501));
#2672=CARTESIAN_POINT('',(-253.78,112.508,32.118));
#2673=CARTESIAN_POINT('',(-265.44,130.285,40.823));
#2674=CARTESIAN_POINT('',(-275.769,150.16,45.656));
#2675=CARTESIAN_POINT('',(-291.231,169.685,60.22));
#2676=CARTESIAN_POINT('',(-310.627,201.455,56.793));
#2677=CARTESIAN_POINT('',(-329.096,235.388,58.75));
#2678=CARTESIAN_POINT('',(-350.438,278.214,71.912));
#2679=CARTESIAN_POINT('',(-361.222,323.068,83.665));
#2680=CARTESIAN_POINT('',(-354.46,367.877,108.865));
#2681=CARTESIAN_POINT('',(-341.844,419.15,127.173));
#2682=CARTESIAN_POINT('',(-316.45,457.619,156.011));
#2683=CARTESIAN_POINT('',(-292.502,496.62,187.526));
#2684=CARTESIAN_POINT('',(-263.588,527.292,222.234));
#2685=CARTESIAN_POINT('',(-235.787,548.741,261.96));
#2686=CARTESIAN_POINT('',(-193.129,556.891,295.226));
#2687=CARTESIAN_POINT('',(-170.357,547.418,328.024));
#2688=CARTESIAN_POINT('',(-145.832,537.883,376.635));
#2689=CARTESIAN_POINT('',(-143.744,552.094,456.724));
#2690=CARTESIAN_POINT('',(-135.147,590.203,497.043));
#2691=CARTESIAN_POINT('',(-135.437,654.193,606.48));
#2692=CARTESIAN_POINT('',(-45.852,610.059,577.917));
#2693=CARTESIAN_POINT('',(-28.339,645.427,599.862));
#2694=CARTESIAN_POINT('',(19.668,623.638,585.567));
#2695=CARTESIAN_POINT('',(32.521,625.553,585.873));
#2696=CARTESIAN_POINT('',(-245.907,91.392,35.556));
#2697=CARTESIAN_POINT('',(-246.187,100.255,35.731));
#2698=CARTESIAN_POINT('',(-253.574,108.101,46.446));
#2699=CARTESIAN_POINT('',(-267.276,127.089,63.56));
#2700=CARTESIAN_POINT('',(-278.788,148.613,78.905));
#2701=CARTESIAN_POINT('',(-295.967,178.34,89.019));
#2702=CARTESIAN_POINT('',(-321.486,215.474,97.557));
#2703=CARTESIAN_POINT('',(-339.795,250.826,112.109));
#2704=CARTESIAN_POINT('',(-351.982,295.039,124.642));
#2705=CARTESIAN_POINT('',(-357.205,339.157,142.022));
#2706=CARTESIAN_POINT('',(-345.604,382.951,166.229));
#2707=CARTESIAN_POINT('',(-327.433,421.722,191.996));
#2708=CARTESIAN_POINT('',(-302.486,457.751,222.49));
#2709=CARTESIAN_POINT('',(-273.927,486.161,252.39));
#2710=CARTESIAN_POINT('',(-244.562,503.616,282.864));
#2711=CARTESIAN_POINT('',(-213.792,514.751,318.383));
#2712=CARTESIAN_POINT('',(-188.075,504.653,345.556));
#2713=CARTESIAN_POINT('',(-159.029,505.238,406.742));
#2714=CARTESIAN_POINT('',(-172.676,523.245,447.159));
#2715=CARTESIAN_POINT('',(-197.601,567.488,555.686));
#2716=CARTESIAN_POINT('',(-97.102,560.158,554.369));
#2717=CARTESIAN_POINT('',(-55.003,574.982,562.926));
#2718=CARTESIAN_POINT('',(5.164,562.446,560.021));
#2719=CARTESIAN_POINT('',(20.09,569.485,562.609));
#2720=CARTESIAN_POINT('',(39.668,563.188,560.82));
#2721=CARTESIAN_POINT('',(-251.222,65.856,39.912));
#2722=CARTESIAN_POINT('',(-254.267,67.665,48.289));
#2723=CARTESIAN_POINT('',(-248.46,85.072,60.439));
#2724=CARTESIAN_POINT('',(-253.622,106.224,75.208));
#2725=CARTESIAN_POINT('',(-267.231,124.089,91.38));
#2726=CARTESIAN_POINT('',(-280.593,151.821,106.778));
#2727=CARTESIAN_POINT('',(-299.936,187.355,125.532));
#2728=CARTESIAN_POINT('',(-320.938,224.046,141.651));
#2729=CARTESIAN_POINT('',(-338.073,260.879,156.043));
#2730=CARTESIAN_POINT('',(-345.997,302.867,177.143));
#2731=CARTESIAN_POINT('',(-341.191,345.814,198.583));
#2732=CARTESIAN_POINT('',(-331.283,382.926,227.146));
#2733=CARTESIAN_POINT('',(-307.925,419.027,249.897));
#2734=CARTESIAN_POINT('',(-285.495,442.157,276.229));
#2735=CARTESIAN_POINT('',(-258.397,459.422,306.709));
#2736=CARTESIAN_POINT('',(-230.855,468.697,333.922));
#2737=CARTESIAN_POINT('',(-207.224,465.619,378.195));
#2738=CARTESIAN_POINT('',(-207.12,478.25,424.146));
#2739=CARTESIAN_POINT('',(-242.989,495.25,504.019));
#2740=CARTESIAN_POINT('',(-153.096,502.348,538.225));
#2741=CARTESIAN_POINT('',(-92.284,525.589,547.037));
#2742=CARTESIAN_POINT('',(-30.116,520.49,551.943));
#2743=CARTESIAN_POINT('',(10.961,511.496,544.365));
#2744=CARTESIAN_POINT('',(38.043,511.824,544.439));
#2745=CARTESIAN_POINT('',(56.892,520.834,546.131));
#2746=CARTESIAN_POINT('',(-267.494,44.957,35.056));
#2747=CARTESIAN_POINT('',(-265.188,48.392,40.701));
#2748=CARTESIAN_POINT('',(-264.913,53.84,59.191));
#2749=CARTESIAN_POINT('',(-250.114,75.949,83.905));
#2750=CARTESIAN_POINT('',(-252.136,102.284,102.721));
#2751=CARTESIAN_POINT('',(-262.088,121.235,119.422));
#2752=CARTESIAN_POINT('',(-280.487,155.033,141.148));
#2753=CARTESIAN_POINT('',(-299.202,193.771,161.647));
#2754=CARTESIAN_POINT('',(-315.146,230.02,181.175));
#2755=CARTESIAN_POINT('',(-323.581,265.862,203.172));
#2756=CARTESIAN_POINT('',(-326.618,304.516,229.333));
#2757=CARTESIAN_POINT('',(-321.607,340.557,250.075));
#2758=CARTESIAN_POINT('',(-308.101,373.377,277.415));
#2759=CARTESIAN_POINT('',(-291.316,398.715,300.484));
#2760=CARTESIAN_POINT('',(-267.926,413.723,328.588));
#2761=CARTESIAN_POINT('',(-243.857,425.263,357.961));
#2762=CARTESIAN_POINT('',(-220.865,429.685,392.604));
#2763=CARTESIAN_POINT('',(-215.057,433.863,435.379));
#2764=CARTESIAN_POINT('',(-195.319,431.613,492.189));
#2765=CARTESIAN_POINT('',(-134.045,478.124,506.837));
#2766=CARTESIAN_POINT('',(-81.525,479.319,507.989));
#2767=CARTESIAN_POINT('',(-22.305,484.908,507.194));
#2768=CARTESIAN_POINT('',(15.874,469.893,495.959));
#2769=CARTESIAN_POINT('',(42.217,484.025,513.644));
#2770=CARTESIAN_POINT('',(59.05,485.387,517.116));
#2771=CARTESIAN_POINT('',(-293.984,29.399,34.225));
#2772=CARTESIAN_POINT('',(-292.949,29.992,47.168));
#2773=CARTESIAN_POINT('',(-284.981,36.705,56.908));
#2774=CARTESIAN_POINT('',(-274.374,42.002,85.625));
#2775=CARTESIAN_POINT('',(-256.966,60.649,104.734));
#2776=CARTESIAN_POINT('',(-252.188,94.521,125.233));
#2777=CARTESIAN_POINT('',(-254.829,123.868,149.322));
#2778=CARTESIAN_POINT('',(-272.713,153.85,170.687));
#2779=CARTESIAN_POINT('',(-288.612,189.458,193.991));
#2780=CARTESIAN_POINT('',(-301.312,224.477,214.494));
#2781=CARTESIAN_POINT('',(-305.353,259.101,243.174));
#2782=CARTESIAN_POINT('',(-305.071,293.869,269.008));
#2783=CARTESIAN_POINT('',(-298.503,322.578,294.922));
#2784=CARTESIAN_POINT('',(-287.349,347.229,323.571));
#2785=CARTESIAN_POINT('',(-267.727,364.802,350.993));
#2786=CARTESIAN_POINT('',(-251.248,376.644,383.428));
#2787=CARTESIAN_POINT('',(-254.694,384.195,424.094));
#2788=CARTESIAN_POINT('',(-219.446,397.784,464.248));
#2789=CARTESIAN_POINT('',(-169.879,414.623,481.016));
#2790=CARTESIAN_POINT('',(-116.764,403.051,487.091));
#2791=CARTESIAN_POINT('',(-73.477,445.287,500.208));
#2792=CARTESIAN_POINT('',(-19.815,430.336,498.558));
#2793=CARTESIAN_POINT('',(17.135,428.195,515.567));
#2794=CARTESIAN_POINT('',(57.311,438.543,493.332));
#2795=CARTESIAN_POINT('',(68.239,442.359,496.504));
#2796=CARTESIAN_POINT('',(-326.085,16.011,22.882));
#2797=CARTESIAN_POINT('',(-324.915,16.973,30.864));
#2798=CARTESIAN_POINT('',(-318.089,20.21,59.748));
#2799=CARTESIAN_POINT('',(-303.895,25.834,78.641));
#2800=CARTESIAN_POINT('',(-285.224,37.119,108.264));
#2801=CARTESIAN_POINT('',(-259.882,55.846,125.798));
#2802=CARTESIAN_POINT('',(-251.057,85.511,147.829));
#2803=CARTESIAN_POINT('',(-246.188,122.701,174.1));
#2804=CARTESIAN_POINT('',(-258.62,148.516,197.814));
#2805=CARTESIAN_POINT('',(-271.483,183.745,229.208));
#2806=CARTESIAN_POINT('',(-278.447,216.834,253.801));
#2807=CARTESIAN_POINT('',(-280.342,244.638,280.609));
#2808=CARTESIAN_POINT('',(-272.919,273.537,308.122));
#2809=CARTESIAN_POINT('',(-264.929,296.118,340.966));
#2810=CARTESIAN_POINT('',(-248.683,320.845,369.868));
#2811=CARTESIAN_POINT('',(-235.883,328.287,403.697));
#2812=CARTESIAN_POINT('',(-218.697,343.546,446.584));
#2813=CARTESIAN_POINT('',(-205.409,357.668,483.468));
#2814=CARTESIAN_POINT('',(-212.151,392.955,561.073));
#2815=CARTESIAN_POINT('',(-133.809,426.489,563.892));
#2816=CARTESIAN_POINT('',(-71.375,406.168,549.352));
#2817=CARTESIAN_POINT('',(-24.778,405.47,566.976));
#2818=CARTESIAN_POINT('',(46.401,405.775,560.979));
#2819=CARTESIAN_POINT('',(53.943,412.495,563.136));
#2820=CARTESIAN_POINT('',(77.915,412.012,553.91));
#2821=CARTESIAN_POINT('',(-360.776,0.371,28.653));
#2822=CARTESIAN_POINT('',(-354.981,2.524,39.769));
#2823=CARTESIAN_POINT('',(-345.922,7.406,53.464));
#2824=CARTESIAN_POINT('',(-338.504,11.123,86.51));
#2825=CARTESIAN_POINT('',(-316.913,19.998,108.401));
#2826=CARTESIAN_POINT('',(-290.319,32.734,135.616));
#2827=CARTESIAN_POINT('',(-264.051,48.191,149.38));
#2828=CARTESIAN_POINT('',(-249.082,77.552,173.935));
#2829=CARTESIAN_POINT('',(-234.158,109.298,194.247));
#2830=CARTESIAN_POINT('',(-240.028,136.96,220.359));
#2831=CARTESIAN_POINT('',(-247.494,168.377,253.496));
#2832=CARTESIAN_POINT('',(-250.955,198.727,280.563));
#2833=CARTESIAN_POINT('',(-245.522,225.667,309.483));
#2834=CARTESIAN_POINT('',(-236.37,250.749,339.713));
#2835=CARTESIAN_POINT('',(-220.204,272.643,375.675));
#2836=CARTESIAN_POINT('',(-201.69,292.232,403.601));
#2837=CARTESIAN_POINT('',(-190.62,307.742,444.456));
#2838=CARTESIAN_POINT('',(-170.788,326.117,491.363));
#2839=CARTESIAN_POINT('',(-142.176,334.66,527.678));
#2840=CARTESIAN_POINT('',(-151.099,369.451,605.765));
#2841=CARTESIAN_POINT('',(-80.517,408.741,627.626));
#2842=CARTESIAN_POINT('',(-9.806,378.594,589.129));
#2843=CARTESIAN_POINT('',(43.744,383.672,608.384));
#2844=CARTESIAN_POINT('',(75.617,408.395,600.196));
#2845=CARTESIAN_POINT('',(87.114,412.68,608.057));
#2846=CARTESIAN_POINT('',(-395.65,-12.657,29.956));
#2847=CARTESIAN_POINT('',(-392.819,-12.554,38.536));
#2848=CARTESIAN_POINT('',(-381.265,-9.266,66.591));
#2849=CARTESIAN_POINT('',(-367.178,-4.203,85.95));
#2850=CARTESIAN_POINT('',(-350.621,3.144,118.844));
#2851=CARTESIAN_POINT('',(-322.193,15.734,141.8));
#2852=CARTESIAN_POINT('',(-293.634,28.795,161.781));
#2853=CARTESIAN_POINT('',(-265.849,44.392,180.901));
#2854=CARTESIAN_POINT('',(-244.178,67.209,204.346));
#2855=CARTESIAN_POINT('',(-222.512,98.386,224.883));
#2856=CARTESIAN_POINT('',(-218.411,125.831,244.71));
#2857=CARTESIAN_POINT('',(-218.152,153.735,274.217));
#2858=CARTESIAN_POINT('',(-219.088,179.743,303.698));
#2859=CARTESIAN_POINT('',(-207.04,207.136,335.408));
#2860=CARTESIAN_POINT('',(-197.385,231.326,362.629));
#2861=CARTESIAN_POINT('',(-174.301,251.734,400.828));
#2862=CARTESIAN_POINT('',(-158.867,272.895,427.505));
#2863=CARTESIAN_POINT('',(-145.256,290.335,470.692));
#2864=CARTESIAN_POINT('',(-134.246,316.797,525.105));
#2865=CARTESIAN_POINT('',(-101.947,333.613,563.061));
#2866=CARTESIAN_POINT('',(-77.893,348.351,633.932));
#2867=CARTESIAN_POINT('',(-16.867,384.051,677.408));
#2868=CARTESIAN_POINT('',(53.997,379.425,662.976));
#2869=CARTESIAN_POINT('',(68.052,379.449,659.875));
#2870=CARTESIAN_POINT('',(96.883,371.843,645.935));
#2871=CARTESIAN_POINT('',(-434.373,-31.019,36.03));
#2872=CARTESIAN_POINT('',(-428.027,-29.584,44.052));
#2873=CARTESIAN_POINT('',(-417.932,-28.128,64.979));
#2874=CARTESIAN_POINT('',(-401.377,-20.528,93.322));
#2875=CARTESIAN_POINT('',(-381.785,-14.871,124.67));
#2876=CARTESIAN_POINT('',(-354.806,-1.29,148.89));
#2877=CARTESIAN_POINT('',(-326.171,8.65,176.855));
#2878=CARTESIAN_POINT('',(-292.859,25.187,197.87));
#2879=CARTESIAN_POINT('',(-264.395,36.337,222.719));
#2880=CARTESIAN_POINT('',(-235.355,56.794,238.723));
#2881=CARTESIAN_POINT('',(-214.583,83.58,251.288));
#2882=CARTESIAN_POINT('',(-198.289,110.972,265.474));
#2883=CARTESIAN_POINT('',(-191.099,141.517,286.909));
#2884=CARTESIAN_POINT('',(-187.445,166.267,321.531));
#2885=CARTESIAN_POINT('',(-171.685,188.878,352.501));
#2886=CARTESIAN_POINT('',(-154.842,212.995,372.898));
#2887=CARTESIAN_POINT('',(-134.864,235.862,408.562));
#2888=CARTESIAN_POINT('',(-117.143,259.677,439.376));
#2889=CARTESIAN_POINT('',(-93.744,275.207,486.095));
#2890=CARTESIAN_POINT('',(-82.681,300.691,534.86));
#2891=CARTESIAN_POINT('',(-54.606,322.386,571.929));
#2892=CARTESIAN_POINT('',(-15.296,320.088,601.106));
#2893=CARTESIAN_POINT('',(26.422,327.388,614.193));
#2894=CARTESIAN_POINT('',(61.373,333.156,608.455));
#2895=CARTESIAN_POINT('',(69.935,335.657,601.682));
#2896=CARTESIAN_POINT('',(-475.384,-37.282,44.582));
#2897=CARTESIAN_POINT('',(-470.115,-37.491,52.938));
#2898=CARTESIAN_POINT('',(-454.908,-39.715,76.907));
#2899=CARTESIAN_POINT('',(-432.303,-39.698,103.909));
#2900=CARTESIAN_POINT('',(-412.562,-32.637,136.636));
#2901=CARTESIAN_POINT('',(-386.281,-21.146,164.068));
#2902=CARTESIAN_POINT('',(-358.146,-9.653,192.965));
#2903=CARTESIAN_POINT('',(-323.572,3.278,215.671));
#2904=CARTESIAN_POINT('',(-291.747,17.182,239.545));
#2905=CARTESIAN_POINT('',(-259.657,30.392,258.029));
#2906=CARTESIAN_POINT('',(-227.133,46.438,268.138));
#2907=CARTESIAN_POINT('',(-203.696,67.924,278.095));
#2908=CARTESIAN_POINT('',(-184.967,95.13,286.777));
#2909=CARTESIAN_POINT('',(-163.472,126.314,301.619));
#2910=CARTESIAN_POINT('',(-155.779,152.8,328.867));
#2911=CARTESIAN_POINT('',(-143.722,170.691,360.1));
#2912=CARTESIAN_POINT('',(-122.222,195.52,380.471));
#2913=CARTESIAN_POINT('',(-104.582,223.947,407.609));
#2914=CARTESIAN_POINT('',(-86.597,244.547,441.321));
#2915=CARTESIAN_POINT('',(-59.907,265.124,482.779));
#2916=CARTESIAN_POINT('',(-39.184,282.045,522.5));
#2917=CARTESIAN_POINT('',(-16.985,304.557,556.463));
#2918=CARTESIAN_POINT('',(40.083,308.915,560.359));
#2919=CARTESIAN_POINT('',(52.412,312.143,559.573));
#2920=CARTESIAN_POINT('',(63.017,307.606,552.265));
#2921=CARTESIAN_POINT('',(-512.988,-51.632,63.063));
#2922=CARTESIAN_POINT('',(-506.503,-51.177,71.445));
#2923=CARTESIAN_POINT('',(-493.032,-50.729,89.151));
#2924=CARTESIAN_POINT('',(-466.941,-50.585,122.028));
#2925=CARTESIAN_POINT('',(-441.232,-52.087,151.644));
#2926=CARTESIAN_POINT('',(-414.297,-43.924,181.711));
#2927=CARTESIAN_POINT('',(-386.067,-29.995,209.338));
#2928=CARTESIAN_POINT('',(-354.29,-16.411,234.182));
#2929=CARTESIAN_POINT('',(-319.754,-6.714,261.163));
#2930=CARTESIAN_POINT('',(-285.295,8.296,279.183));
#2931=CARTESIAN_POINT('',(-252.476,22.192,290.03));
#2932=CARTESIAN_POINT('',(-218.205,37.464,299.791));
#2933=CARTESIAN_POINT('',(-190.307,54.973,303.513));
#2934=CARTESIAN_POINT('',(-170.276,77.772,308.937));
#2935=CARTESIAN_POINT('',(-140.915,105.308,315.002));
#2936=CARTESIAN_POINT('',(-123.214,133.943,329.807));
#2937=CARTESIAN_POINT('',(-106.155,152.714,356.119));
#2938=CARTESIAN_POINT('',(-90.108,177.79,380.817));
#2939=CARTESIAN_POINT('',(-67.179,202.576,398.868));
#2940=CARTESIAN_POINT('',(-48.654,225.162,426.501));
#2941=CARTESIAN_POINT('',(-26.187,243.033,451.593));
#2942=CARTESIAN_POINT('',(-1.051,246.481,463.932));
#2943=CARTESIAN_POINT('',(19.697,261.508,487.083));
#2944=CARTESIAN_POINT('',(43.624,262.823,482.891));
#2945=CARTESIAN_POINT('',(51.507,261.095,475.405));
#2946=CARTESIAN_POINT('',(-549.662,-70.099,79.489));
#2947=CARTESIAN_POINT('',(-542.613,-68.67,91.627));
#2948=CARTESIAN_POINT('',(-529.088,-66.306,110.713));
#2949=CARTESIAN_POINT('',(-500.967,-67.906,140.468));
#2950=CARTESIAN_POINT('',(-475.009,-69.289,170.782));
#2951=CARTESIAN_POINT('',(-442.74,-65.441,200.778));
#2952=CARTESIAN_POINT('',(-413.82,-53.011,230.963));
#2953=CARTESIAN_POINT('',(-379.783,-43.405,258.15));
#2954=CARTESIAN_POINT('',(-347.249,-28.063,283.031));
#2955=CARTESIAN_POINT('',(-310.282,-15.834,301.874));
#2956=CARTESIAN_POINT('',(-276.331,-0.261,314.928));
#2957=CARTESIAN_POINT('',(-244.259,10.952,326.879));
#2958=CARTESIAN_POINT('',(-211.768,25.991,330.533));
#2959=CARTESIAN_POINT('',(-183.819,41.895,327.365));
#2960=CARTESIAN_POINT('',(-154.779,57.466,334.387));
#2961=CARTESIAN_POINT('',(-123.322,80.236,333.478));
#2962=CARTESIAN_POINT('',(-94.629,105.15,335.397));
#2963=CARTESIAN_POINT('',(-77.354,130.074,344.719));
#2964=CARTESIAN_POINT('',(-60.053,151.849,363.892));
#2965=CARTESIAN_POINT('',(-39.947,166.258,374.769));
#2966=CARTESIAN_POINT('',(-18.004,182.373,389.7));
#2967=CARTESIAN_POINT('',(1.007,202.36,406.862));
#2968=CARTESIAN_POINT('',(21.181,208.288,409.82));
#2969=CARTESIAN_POINT('',(36.981,219.399,423.584));
#2970=CARTESIAN_POINT('',(43.59,218.935,424.101));
#2971=CARTESIAN_POINT('',(-580.944,-103.036,94.595));
#2972=CARTESIAN_POINT('',(-575.778,-101.576,103.344));
#2973=CARTESIAN_POINT('',(-557.185,-98.438,130.638));
#2974=CARTESIAN_POINT('',(-530.294,-93.113,163.275));
#2975=CARTESIAN_POINT('',(-501.946,-92.653,189.684));
#2976=CARTESIAN_POINT('',(-470.751,-86.811,222.711));
#2977=CARTESIAN_POINT('',(-438.392,-81.651,251.045));
#2978=CARTESIAN_POINT('',(-406.141,-64.674,280.647));
#2979=CARTESIAN_POINT('',(-370.837,-55.593,305.862));
#2980=CARTESIAN_POINT('',(-334.048,-39.323,326.165));
#2981=CARTESIAN_POINT('',(-300.469,-26.271,339.043));
#2982=CARTESIAN_POINT('',(-266.914,-13.059,351.162));
#2983=CARTESIAN_POINT('',(-238.563,-0.421,356.167));
#2984=CARTESIAN_POINT('',(-204.071,15.756,363.246));
#2985=CARTESIAN_POINT('',(-172.851,28.365,362.426));
#2986=CARTESIAN_POINT('',(-135.143,42.595,365.386));
#2987=CARTESIAN_POINT('',(-107.739,58.086,361.618));
#2988=CARTESIAN_POINT('',(-78.194,74.214,356.34));
#2989=CARTESIAN_POINT('',(-55.868,95.643,349.446));
#2990=CARTESIAN_POINT('',(-38.914,113.425,352.674));
#2991=CARTESIAN_POINT('',(-14.893,128.051,355.54));
#2992=CARTESIAN_POINT('',(6.324,139.613,359.621));
#2993=CARTESIAN_POINT('',(21.071,148.577,367.451));
#2994=CARTESIAN_POINT('',(33.548,152.711,365.202));
#2995=CARTESIAN_POINT('',(39.292,156.324,363.373));
#2996=CARTESIAN_POINT('',(-605.978,-138.444,112.925));
#2997=CARTESIAN_POINT('',(-599.781,-137.206,125.972));
#2998=CARTESIAN_POINT('',(-582.822,-129.182,146.186));
#2999=CARTESIAN_POINT('',(-549.804,-119.832,183.059));
#3000=CARTESIAN_POINT('',(-525.829,-117.833,211.455));
#3001=CARTESIAN_POINT('',(-493.873,-113.66,241.182));
#3002=CARTESIAN_POINT('',(-462.977,-106.565,273.524));
#3003=CARTESIAN_POINT('',(-430.409,-97.356,305.357));
#3004=CARTESIAN_POINT('',(-392.756,-82.017,330.056));
#3005=CARTESIAN_POINT('',(-356.972,-66.787,349.041));
#3006=CARTESIAN_POINT('',(-320.02,-53.242,368.97));
#3007=CARTESIAN_POINT('',(-291.574,-40.266,376.618));
#3008=CARTESIAN_POINT('',(-253.964,-26.942,391.468));
#3009=CARTESIAN_POINT('',(-226.231,-14.364,391.578));
#3010=CARTESIAN_POINT('',(-190.315,1.556,401.435));
#3011=CARTESIAN_POINT('',(-159.991,15.273,397.143));
#3012=CARTESIAN_POINT('',(-119.939,28.523,399.397));
#3013=CARTESIAN_POINT('',(-93.247,41.292,392.321));
#3014=CARTESIAN_POINT('',(-66.922,47.772,386.71));
#3015=CARTESIAN_POINT('',(-42.657,61.811,374.061));
#3016=CARTESIAN_POINT('',(-22.214,72.821,366.703));
#3017=CARTESIAN_POINT('',(9.127,80.02,364.373));
#3018=CARTESIAN_POINT('',(23.043,88.289,356.265));
#3019=CARTESIAN_POINT('',(32.795,83.109,355.549));
#3020=CARTESIAN_POINT('',(36.498,79.807,355.824));
#3021=CARTESIAN_POINT('',(-620.994,-180.829,134.294));
#3022=CARTESIAN_POINT('',(-611.751,-175.524,145.083));
#3023=CARTESIAN_POINT('',(-596.995,-162.44,169.701));
#3024=CARTESIAN_POINT('',(-568.186,-152.588,200.441));
#3025=CARTESIAN_POINT('',(-543.144,-146.662,230.254));
#3026=CARTESIAN_POINT('',(-511.551,-141.538,263.581));
#3027=CARTESIAN_POINT('',(-480.513,-135.685,291.229));
#3028=CARTESIAN_POINT('',(-450.662,-122.417,327.182));
#3029=CARTESIAN_POINT('',(-413.967,-115.736,357.468));
#3030=CARTESIAN_POINT('',(-377.26,-95.657,375.403));
#3031=CARTESIAN_POINT('',(-339.836,-84.159,394.459));
#3032=CARTESIAN_POINT('',(-309.769,-67.982,408.074));
#3033=CARTESIAN_POINT('',(-272.218,-57.882,422.59));
#3034=CARTESIAN_POINT('',(-243.492,-40.517,426.259));
#3035=CARTESIAN_POINT('',(-208.975,-31.179,431.331));
#3036=CARTESIAN_POINT('',(-173.279,-12.92,433.629));
#3037=CARTESIAN_POINT('',(-138.263,1.362,432.59));
#3038=CARTESIAN_POINT('',(-103.08,13.092,432.36));
#3039=CARTESIAN_POINT('',(-78.947,23.779,426.156));
#3040=CARTESIAN_POINT('',(-54.649,27.65,422.721));
#3041=CARTESIAN_POINT('',(-25.324,34.975,414.302));
#3042=CARTESIAN_POINT('',(-6.797,39.912,403.474));
#3043=CARTESIAN_POINT('',(27.308,41.302,401.609));
#3044=CARTESIAN_POINT('',(34.615,40.942,399.237));
#3045=CARTESIAN_POINT('',(43.698,41.742,398.845));
#3046=CARTESIAN_POINT('',(-626.004,-218.158,159.262));
#3047=CARTESIAN_POINT('',(-618.069,-212.087,170.553));
#3048=CARTESIAN_POINT('',(-605.114,-200.041,192.208));
#3049=CARTESIAN_POINT('',(-576.423,-186.924,222.051));
#3050=CARTESIAN_POINT('',(-556.309,-182.258,251.279));
#3051=CARTESIAN_POINT('',(-520.336,-173.043,279.082));
#3052=CARTESIAN_POINT('',(-495.946,-166.911,317.912));
#3053=CARTESIAN_POINT('',(-464.059,-156.692,344.136));
#3054=CARTESIAN_POINT('',(-431.857,-141.195,377.215));
#3055=CARTESIAN_POINT('',(-393.936,-132.919,400.247));
#3056=CARTESIAN_POINT('',(-358.762,-115.229,423.324));
#3057=CARTESIAN_POINT('',(-323.166,-103.983,436.688));
#3058=CARTESIAN_POINT('',(-291.765,-87.6,451.511));
#3059=CARTESIAN_POINT('',(-258.352,-74.596,458.967));
#3060=CARTESIAN_POINT('',(-226.454,-55.59,462.42));
#3061=CARTESIAN_POINT('',(-188.23,-43.262,468.565));
#3062=CARTESIAN_POINT('',(-149.817,-29.454,469.223));
#3063=CARTESIAN_POINT('',(-123.912,-14.886,466.38));
#3064=CARTESIAN_POINT('',(-88.019,-8.121,462.997));
#3065=CARTESIAN_POINT('',(-61.426,3.397,459.16));
#3066=CARTESIAN_POINT('',(-37.374,7.837,450.795));
#3067=CARTESIAN_POINT('',(-6.695,15.605,445.798));
#3068=CARTESIAN_POINT('',(21.674,17.138,435.705));
#3069=CARTESIAN_POINT('',(37.377,18.361,436.215));
#3070=CARTESIAN_POINT('',(44.459,15.298,435.494));
#3071=CARTESIAN_POINT('',(-628.074,-263.141,178.246));
#3072=CARTESIAN_POINT('',(-624.894,-256.579,187.872));
#3073=CARTESIAN_POINT('',(-608.491,-240.848,210.19));
#3074=CARTESIAN_POINT('',(-585.2,-225.571,241.423));
#3075=CARTESIAN_POINT('',(-554.632,-218.704,269.003));
#3076=CARTESIAN_POINT('',(-529.232,-206.364,302.66));
#3077=CARTESIAN_POINT('',(-500.651,-197.589,333.063));
#3078=CARTESIAN_POINT('',(-472.518,-187.288,371.975));
#3079=CARTESIAN_POINT('',(-439.615,-176.357,399.907));
#3080=CARTESIAN_POINT('',(-407.127,-165.063,425.39));
#3081=CARTESIAN_POINT('',(-369.913,-154.836,446.234));
#3082=CARTESIAN_POINT('',(-340.549,-138.241,464.013));
#3083=CARTESIAN_POINT('',(-303.6,-125.126,478.338));
#3084=CARTESIAN_POINT('',(-272.721,-105.158,486.568));
#3085=CARTESIAN_POINT('',(-236.961,-94.517,497.468));
#3086=CARTESIAN_POINT('',(-201.672,-74.17,500.783));
#3087=CARTESIAN_POINT('',(-163.903,-60.625,503.557));
#3088=CARTESIAN_POINT('',(-131.727,-47.207,503.376));
#3089=CARTESIAN_POINT('',(-98.037,-37.256,499.626));
#3090=CARTESIAN_POINT('',(-68.311,-28.515,495.414));
#3091=CARTESIAN_POINT('',(-43.137,-19.699,489.632));
#3092=CARTESIAN_POINT('',(-17.139,-14.356,481.019));
#3093=CARTESIAN_POINT('',(14.393,-15.034,482.458));
#3094=CARTESIAN_POINT('',(28.856,-14.06,475.536));
#3095=CARTESIAN_POINT('',(37.049,-12.99,474.818));
#3096=CARTESIAN_POINT('',(-621.095,-296.446,194.451));
#3097=CARTESIAN_POINT('',(-615.096,-287.707,205.143));
#3098=CARTESIAN_POINT('',(-602.862,-270.296,227.073));
#3099=CARTESIAN_POINT('',(-573.802,-259.45,258.621));
#3100=CARTESIAN_POINT('',(-553.572,-254.267,289.715));
#3101=CARTESIAN_POINT('',(-528.209,-241.706,322.726));
#3102=CARTESIAN_POINT('',(-506.298,-233.476,358.689));
#3103=CARTESIAN_POINT('',(-476.442,-223.707,390.08));
#3104=CARTESIAN_POINT('',(-447.386,-214.057,422.6));
#3105=CARTESIAN_POINT('',(-412.329,-203.9,448.134));
#3106=CARTESIAN_POINT('',(-381.344,-193.003,471.144));
#3107=CARTESIAN_POINT('',(-349.82,-182.2,486.366));
#3108=CARTESIAN_POINT('',(-316.891,-164.487,503.289));
#3109=CARTESIAN_POINT('',(-286.417,-151.295,514.131));
#3110=CARTESIAN_POINT('',(-246.304,-123.22,524.741));
#3111=CARTESIAN_POINT('',(-207.264,-112.274,534.63));
#3112=CARTESIAN_POINT('',(-171.381,-95.824,536.574));
#3113=CARTESIAN_POINT('',(-133.991,-82.479,536.689));
#3114=CARTESIAN_POINT('',(-108.709,-69.924,532.087));
#3115=CARTESIAN_POINT('',(-73.665,-59.931,529.184));
#3116=CARTESIAN_POINT('',(-53.405,-48.756,520.272));
#3117=CARTESIAN_POINT('',(-27.702,-46.227,520.368));
#3118=CARTESIAN_POINT('',(13.843,-34.956,505.336));
#3119=CARTESIAN_POINT('',(36.412,-37.216,504.117));
#3120=CARTESIAN_POINT('',(43.33,-38.478,503.7));
#3121=CARTESIAN_POINT('',(-604.135,-333.824,213.966));
#3122=CARTESIAN_POINT('',(-600.009,-324.796,224.037));
#3123=CARTESIAN_POINT('',(-589.307,-310.647,244.394));
#3124=CARTESIAN_POINT('',(-568.767,-297.426,272.95));
#3125=CARTESIAN_POINT('',(-549.111,-285.299,310.235));
#3126=CARTESIAN_POINT('',(-528.576,-278.684,346.044));
#3127=CARTESIAN_POINT('',(-501.855,-271.564,378.036));
#3128=CARTESIAN_POINT('',(-477.452,-264.21,413.605));
#3129=CARTESIAN_POINT('',(-446.546,-254.697,444.449));
#3130=CARTESIAN_POINT('',(-416.33,-248.936,470.92));
#3131=CARTESIAN_POINT('',(-381.859,-237.733,491.289));
#3132=CARTESIAN_POINT('',(-350.936,-222.404,512.777));
#3133=CARTESIAN_POINT('',(-314.461,-200.823,526.322));
#3134=CARTESIAN_POINT('',(-280.008,-178.871,537.61));
#3135=CARTESIAN_POINT('',(-245.705,-163.859,551.399));
#3136=CARTESIAN_POINT('',(-211.614,-138.587,552.922));
#3137=CARTESIAN_POINT('',(-171.62,-132.271,563.55));
#3138=CARTESIAN_POINT('',(-136.252,-118.301,564.833));
#3139=CARTESIAN_POINT('',(-103.27,-108.088,564.014));
#3140=CARTESIAN_POINT('',(-78.874,-93.38,556.333));
#3141=CARTESIAN_POINT('',(-51.715,-79.363,549.831));
#3142=CARTESIAN_POINT('',(-14.638,-66.695,538.698));
#3143=CARTESIAN_POINT('',(13.052,-57.106,528.119));
#3144=CARTESIAN_POINT('',(31.935,-61.27,528.807));
#3145=CARTESIAN_POINT('',(43.131,-61.477,527.896));
#3146=CARTESIAN_POINT('',(-586.671,-352.168,229.759));
#3147=CARTESIAN_POINT('',(-583.485,-343.799,242.824));
#3148=CARTESIAN_POINT('',(-572.919,-333.93,260.962));
#3149=CARTESIAN_POINT('',(-560.656,-317.927,297.259));
#3150=CARTESIAN_POINT('',(-542.074,-316.684,325.752));
#3151=CARTESIAN_POINT('',(-520.101,-313.874,363.225));
#3152=CARTESIAN_POINT('',(-498.15,-308.802,397.397));
#3153=CARTESIAN_POINT('',(-470.901,-298.923,430.242));
#3154=CARTESIAN_POINT('',(-442.755,-293.826,460.361));
#3155=CARTESIAN_POINT('',(-409.275,-280.307,485.99));
#3156=CARTESIAN_POINT('',(-376.25,-270.335,510.912));
#3157=CARTESIAN_POINT('',(-345.971,-251.688,529.116));
#3158=CARTESIAN_POINT('',(-317.369,-232.852,540.204));
#3159=CARTESIAN_POINT('',(-288.415,-212.166,551.887));
#3160=CARTESIAN_POINT('',(-254.351,-192.172,555.606));
#3161=CARTESIAN_POINT('',(-215.918,-166.959,591.09));
#3162=CARTESIAN_POINT('',(-179.458,-144.936,594.282));
#3163=CARTESIAN_POINT('',(-132.25,-138.9,591.775));
#3164=CARTESIAN_POINT('',(-99.067,-130.785,581.781));
#3165=CARTESIAN_POINT('',(-72.553,-122.494,583.484));
#3166=CARTESIAN_POINT('',(-47.9,-107.929,568.515));
#3167=CARTESIAN_POINT('',(-24.153,-91.086,562.088));
#3168=CARTESIAN_POINT('',(7.502,-83.126,550.914));
#3169=CARTESIAN_POINT('',(34.01,-76.799,543.975));
#3170=CARTESIAN_POINT('',(45.044,-80.85,544.744));
#3171=CARTESIAN_POINT('',(-578.487,-371.612,248.028));
#3172=CARTESIAN_POINT('',(-571.694,-368.256,259.886));
#3173=CARTESIAN_POINT('',(-567.752,-355.895,283.673));
#3174=CARTESIAN_POINT('',(-547.897,-365.137,312.41));
#3175=CARTESIAN_POINT('',(-537.017,-354.664,340.652));
#3176=CARTESIAN_POINT('',(-515.756,-347.745,370.429));
#3177=CARTESIAN_POINT('',(-494.959,-341.739,404.725));
#3178=CARTESIAN_POINT('',(-469.599,-336.428,437.993));
#3179=CARTESIAN_POINT('',(-442.809,-328.299,466.297));
#3180=CARTESIAN_POINT('',(-411.6,-316.17,491.839));
#3181=CARTESIAN_POINT('',(-379.83,-304.573,517.936));
#3182=CARTESIAN_POINT('',(-350.229,-286.774,537.223));
#3183=CARTESIAN_POINT('',(-316.297,-273.571,556.995));
#3184=CARTESIAN_POINT('',(-279.069,-250.669,575.518));
#3185=CARTESIAN_POINT('',(-233.667,-225.689,584.629));
#3186=CARTESIAN_POINT('',(-212.595,-199.304,606.949));
#3187=CARTESIAN_POINT('',(-173.025,-187.965,618.393));
#3188=CARTESIAN_POINT('',(-134.265,-154.349,623.41));
#3189=CARTESIAN_POINT('',(-100.114,-160.356,618.852));
#3190=CARTESIAN_POINT('',(-67.65,-142.238,606.665));
#3191=CARTESIAN_POINT('',(-36.081,-132.408,598.61));
#3192=CARTESIAN_POINT('',(-17.628,-125.488,582.326));
#3193=CARTESIAN_POINT('',(16.528,-91.335,562.562));
#3194=CARTESIAN_POINT('',(38.494,-103.38,565.682));
#3195=CARTESIAN_POINT('',(49.861,-101.685,562.855));
#3196=CARTESIAN_POINT('',(-571.821,-386.525,252.837));
#3197=CARTESIAN_POINT('',(-569.574,-380.817,263.52));
#3198=CARTESIAN_POINT('',(-561.418,-389.367,276.605));
#3199=CARTESIAN_POINT('',(-546.86,-384.419,306.562));
#3200=CARTESIAN_POINT('',(-528.699,-378.034,341.421));
#3201=CARTESIAN_POINT('',(-514.006,-375.321,372.907));
#3202=CARTESIAN_POINT('',(-489.539,-369.352,405.168));
#3203=CARTESIAN_POINT('',(-467.545,-364.304,437.379));
#3204=CARTESIAN_POINT('',(-438.537,-355.616,468.779));
#3205=CARTESIAN_POINT('',(-407.658,-344.122,501.317));
#3206=CARTESIAN_POINT('',(-373.039,-330.759,523.824));
#3207=CARTESIAN_POINT('',(-344.27,-318.362,550.587));
#3208=CARTESIAN_POINT('',(-307.188,-292.163,567.676));
#3209=CARTESIAN_POINT('',(-268.996,-269.666,582.949));
#3210=CARTESIAN_POINT('',(-237.564,-251.559,597.004));
#3211=CARTESIAN_POINT('',(-208.036,-226.36,631.347));
#3212=CARTESIAN_POINT('',(-161.56,-212.013,622.893));
#3213=CARTESIAN_POINT('',(-122.348,-189.109,633.582));
#3214=CARTESIAN_POINT('',(-90.23,-187.582,620.385));
#3215=CARTESIAN_POINT('',(-55.18,-155.78,624.143));
#3216=CARTESIAN_POINT('',(-33.935,-146.354,629.255));
#3217=CARTESIAN_POINT('',(-1.556,-126.251,590.317));
#3218=CARTESIAN_POINT('',(6.493,-130.295,587.401));
#3219=CARTESIAN_POINT('',(27.7,-106.59,569.835));
#3220=CARTESIAN_POINT('',(38.042,-116.601,576.148));
#3221=CARTESIAN_POINT('',(-570.414,-395.931,252.177));
#3222=CARTESIAN_POINT('',(-567.746,-396.69,258.004));
#3223=CARTESIAN_POINT('',(-560.08,-399.38,274.663));
#3224=CARTESIAN_POINT('',(-544.841,-398.53,306.037));
#3225=CARTESIAN_POINT('',(-529.162,-394.435,338.952));
#3226=CARTESIAN_POINT('',(-509.488,-389.36,372.11));
#3227=CARTESIAN_POINT('',(-487.828,-383.148,404.809));
#3228=CARTESIAN_POINT('',(-464.374,-378.761,438.229));
#3229=CARTESIAN_POINT('',(-435.433,-368.668,471.5));
#3230=CARTESIAN_POINT('',(-404.809,-359.08,499.809));
#3231=CARTESIAN_POINT('',(-373.581,-346.835,529.821));
#3232=CARTESIAN_POINT('',(-339.834,-330.142,551.615));
#3233=CARTESIAN_POINT('',(-303.368,-308.707,575.112));
#3234=CARTESIAN_POINT('',(-264.667,-285.97,589.967));
#3235=CARTESIAN_POINT('',(-233.53,-265.009,602.244));
#3236=CARTESIAN_POINT('',(-201.027,-243.107,632.77));
#3237=CARTESIAN_POINT('',(-159.178,-220.714,631.183));
#3238=CARTESIAN_POINT('',(-122.071,-203.15,640.905));
#3239=CARTESIAN_POINT('',(-84.487,-196.441,623.181));
#3240=CARTESIAN_POINT('',(-53.913,-169.048,635.169));
#3241=CARTESIAN_POINT('',(-22.674,-157.414,627.533));
#3242=CARTESIAN_POINT('',(1.326,-130.917,608.79));
#3243=CARTESIAN_POINT('',(20.976,-134.687,593.406));
#3244=CARTESIAN_POINT('',(30.115,-122.578,585.044));
#3245=CARTESIAN_POINT('',(35.173,-122.365,581.71));
#3246=CARTESIAN_POINT('',(1.4,294.68,-804.183));
#3247=CARTESIAN_POINT('',(-1.377,283.998,-813.195));
#3248=CARTESIAN_POINT('',(-6.231,255.114,-831.072));
#3249=CARTESIAN_POINT('',(-13.772,200.801,-854.089));
#3250=CARTESIAN_POINT('',(-20.171,139.753,-870.846));
#3251=CARTESIAN_POINT('',(-26.979,76.358,-883.655));
#3252=CARTESIAN_POINT('',(-34.075,12.993,-891.715));
#3253=CARTESIAN_POINT('',(-45.036,-48.402,-893.835));
#3254=CARTESIAN_POINT('',(-49.984,-119.063,-892.605));
#3255=CARTESIAN_POINT('',(-57.642,-185.299,-883.882));
#3256=CARTESIAN_POINT('',(-67.027,-254.771,-867.484));
#3257=CARTESIAN_POINT('',(-65.984,-308.614,-841.997));
#3258=CARTESIAN_POINT('',(-65.777,-370.535,-817.931));
#3259=CARTESIAN_POINT('',(-67.719,-394.581,-760.683));
#3260=CARTESIAN_POINT('',(-66.408,-390.891,-704.051));
#3261=CARTESIAN_POINT('',(-65.565,-391.453,-649.912));
#3262=CARTESIAN_POINT('',(-59.516,-384.192,-594.632));
#3263=CARTESIAN_POINT('',(-57.897,-379.558,-541.683));
#3264=CARTESIAN_POINT('',(-50.648,-378.648,-486.832));
#3265=CARTESIAN_POINT('',(-40.711,-383.205,-438.056));
#3266=CARTESIAN_POINT('',(-40.633,-389.427,-388.297));
#3267=CARTESIAN_POINT('',(-25.221,-394.455,-361.293));
#3268=CARTESIAN_POINT('',(-14.212,-399.163,-332.141));
#3269=CARTESIAN_POINT('',(-11.161,-402.636,-316.574));
#3270=CARTESIAN_POINT('',(-12.804,-403.609,-310.155));
#3271=CARTESIAN_POINT('',(12.868,296.697,-801.709));
#3272=CARTESIAN_POINT('',(17.776,285.419,-817.669));
#3273=CARTESIAN_POINT('',(13.547,257.245,-831.243));
#3274=CARTESIAN_POINT('',(7.856,202.786,-856.24));
#3275=CARTESIAN_POINT('',(2.314,138.409,-872.709));
#3276=CARTESIAN_POINT('',(-7.587,78.221,-884.618));
#3277=CARTESIAN_POINT('',(-12.252,11.44,-893.876));
#3278=CARTESIAN_POINT('',(-22.481,-50.685,-898.062));
#3279=CARTESIAN_POINT('',(-30.877,-117.409,-894.967));
#3280=CARTESIAN_POINT('',(-34.561,-189.679,-885.006));
#3281=CARTESIAN_POINT('',(-44.491,-254.317,-870.623));
#3282=CARTESIAN_POINT('',(-45.535,-309.149,-845.739));
#3283=CARTESIAN_POINT('',(-45.984,-374.868,-819.574));
#3284=CARTESIAN_POINT('',(-49.129,-386.942,-761.444));
#3285=CARTESIAN_POINT('',(-47.049,-394.567,-704.826));
#3286=CARTESIAN_POINT('',(-47.217,-390.118,-653.13));
#3287=CARTESIAN_POINT('',(-43.472,-383.476,-596.355));
#3288=CARTESIAN_POINT('',(-43.441,-386.396,-544.218));
#3289=CARTESIAN_POINT('',(-37.043,-376.098,-492.196));
#3290=CARTESIAN_POINT('',(-33.362,-385.251,-438.18));
#3291=CARTESIAN_POINT('',(-29.136,-388.236,-394.387));
#3292=CARTESIAN_POINT('',(-12.77,-394.447,-367.67));
#3293=CARTESIAN_POINT('',(-9.117,-399.29,-328.97));
#3294=CARTESIAN_POINT('',(-0.717,-403.476,-316.824));
#3295=CARTESIAN_POINT('',(-10.722,-404.211,-306.578));
#3296=CARTESIAN_POINT('',(42.467,311.523,-799.626));
#3297=CARTESIAN_POINT('',(56.151,289.752,-807.906));
#3298=CARTESIAN_POINT('',(60.827,251.368,-836.811));
#3299=CARTESIAN_POINT('',(41.281,207.146,-853.021));
#3300=CARTESIAN_POINT('',(39.033,138.56,-873.23));
#3301=CARTESIAN_POINT('',(34.277,73.566,-887.15));
#3302=CARTESIAN_POINT('',(29.2,9.902,-895.809));
#3303=CARTESIAN_POINT('',(21.588,-55.183,-897.254));
#3304=CARTESIAN_POINT('',(10.226,-119.46,-897.341));
#3305=CARTESIAN_POINT('',(6.785,-192.52,-887.66));
#3306=CARTESIAN_POINT('',(0.691,-259.05,-870.144));
#3307=CARTESIAN_POINT('',(-2.298,-314.963,-849.17));
#3308=CARTESIAN_POINT('',(-6.46,-371.622,-817.747));
#3309=CARTESIAN_POINT('',(-6.516,-399.603,-759.293));
#3310=CARTESIAN_POINT('',(-8.275,-391.007,-704.007));
#3311=CARTESIAN_POINT('',(-13.834,-395.105,-654.675));
#3312=CARTESIAN_POINT('',(-11.801,-382.385,-597.335));
#3313=CARTESIAN_POINT('',(-10.548,-378.88,-545.929));
#3314=CARTESIAN_POINT('',(-17.817,-382.379,-491.226));
#3315=CARTESIAN_POINT('',(-9.03,-383.094,-440.135));
#3316=CARTESIAN_POINT('',(6.405,-389.847,-405.085));
#3317=CARTESIAN_POINT('',(-0.55,-394.86,-361.476));
#3318=CARTESIAN_POINT('',(21.197,-402.202,-328.097));
#3319=CARTESIAN_POINT('',(5.753,-405.591,-300.363));
#3320=CARTESIAN_POINT('',(3.192,-406.681,-293.932));
#3321=CARTESIAN_POINT('',(87.422,299.768,-760.806));
#3322=CARTESIAN_POINT('',(89.863,296.722,-782.914));
#3323=CARTESIAN_POINT('',(126.036,253.159,-810.663));
#3324=CARTESIAN_POINT('',(107.935,200.36,-849.032));
#3325=CARTESIAN_POINT('',(102.322,135.01,-867.647));
#3326=CARTESIAN_POINT('',(94.727,69.974,-883.596));
#3327=CARTESIAN_POINT('',(91.364,5.278,-889.098));
#3328=CARTESIAN_POINT('',(84.875,-61.525,-894.47));
#3329=CARTESIAN_POINT('',(76.762,-128.818,-889.704));
#3330=CARTESIAN_POINT('',(73.004,-194.667,-883.049));
#3331=CARTESIAN_POINT('',(68.354,-266.266,-867.931));
#3332=CARTESIAN_POINT('',(61.872,-311.454,-835.989));
#3333=CARTESIAN_POINT('',(56.413,-386.911,-820.834));
#3334=CARTESIAN_POINT('',(53.151,-398.647,-759.138));
#3335=CARTESIAN_POINT('',(48.814,-395.25,-698.246));
#3336=CARTESIAN_POINT('',(44.926,-397.94,-644.318));
#3337=CARTESIAN_POINT('',(39.15,-384.496,-593.754));
#3338=CARTESIAN_POINT('',(34.601,-383.278,-537.491));
#3339=CARTESIAN_POINT('',(33.546,-386.383,-490.824));
#3340=CARTESIAN_POINT('',(41.446,-388.537,-442.73));
#3341=CARTESIAN_POINT('',(34.188,-391.97,-394.273));
#3342=CARTESIAN_POINT('',(46.032,-397.966,-357.199));
#3343=CARTESIAN_POINT('',(40.098,-405.263,-306.959));
#3344=CARTESIAN_POINT('',(34.081,-409.03,-286.777));
#3345=CARTESIAN_POINT('',(28.177,-410.259,-276.882));
#3346=CARTESIAN_POINT('',(141.005,256.169,-735.693));
#3347=CARTESIAN_POINT('',(145.223,258.616,-749.98));
#3348=CARTESIAN_POINT('',(159.573,240.239,-784.299));
#3349=CARTESIAN_POINT('',(175.413,190.172,-820.165));
#3350=CARTESIAN_POINT('',(158.6,129.527,-852.01));
#3351=CARTESIAN_POINT('',(161.478,62.903,-869.775));
#3352=CARTESIAN_POINT('',(151.745,1.397,-875.767));
#3353=CARTESIAN_POINT('',(148.105,-63.879,-880.553));
#3354=CARTESIAN_POINT('',(141.974,-131.934,-878.177));
#3355=CARTESIAN_POINT('',(140.414,-198.449,-870.391));
#3356=CARTESIAN_POINT('',(136.161,-264.584,-854.037));
#3357=CARTESIAN_POINT('',(128.975,-319.154,-829.137));
#3358=CARTESIAN_POINT('',(126.052,-385.897,-805.463));
#3359=CARTESIAN_POINT('',(119.415,-411.367,-747.246));
#3360=CARTESIAN_POINT('',(108.549,-397.38,-688.1));
#3361=CARTESIAN_POINT('',(101.398,-403.566,-634.863));
#3362=CARTESIAN_POINT('',(93.37,-391.096,-580.914));
#3363=CARTESIAN_POINT('',(87.604,-387.017,-532.056));
#3364=CARTESIAN_POINT('',(83.036,-392.219,-482.086));
#3365=CARTESIAN_POINT('',(79.178,-391.305,-429.742));
#3366=CARTESIAN_POINT('',(82.033,-396.788,-387.045));
#3367=CARTESIAN_POINT('',(75.037,-401.587,-337.536));
#3368=CARTESIAN_POINT('',(71.747,-409.269,-294.803));
#3369=CARTESIAN_POINT('',(58.463,-413.204,-271.284));
#3370=CARTESIAN_POINT('',(54.058,-414.937,-262.202));
#3371=CARTESIAN_POINT('',(167.578,224.391,-704.397));
#3372=CARTESIAN_POINT('',(189.449,222.019,-718.139));
#3373=CARTESIAN_POINT('',(200.669,214.002,-748.41));
#3374=CARTESIAN_POINT('',(218.799,175.867,-791.002));
#3375=CARTESIAN_POINT('',(219.043,122.524,-825.952));
#3376=CARTESIAN_POINT('',(216.738,59.392,-844.634));
#3377=CARTESIAN_POINT('',(215.621,-2.227,-856.53));
#3378=CARTESIAN_POINT('',(210.898,-66.94,-857.628));
#3379=CARTESIAN_POINT('',(209.928,-133.94,-856.437));
#3380=CARTESIAN_POINT('',(205.208,-196.952,-848.925));
#3381=CARTESIAN_POINT('',(205.143,-264.396,-831.573));
#3382=CARTESIAN_POINT('',(196.842,-319.682,-803.205));
#3383=CARTESIAN_POINT('',(194.896,-374.679,-775.605));
#3384=CARTESIAN_POINT('',(181.082,-411.135,-730.457));
#3385=CARTESIAN_POINT('',(172.255,-405.442,-673.382));
#3386=CARTESIAN_POINT('',(154.353,-408.438,-621.451));
#3387=CARTESIAN_POINT('',(152.064,-399.274,-569.794));
#3388=CARTESIAN_POINT('',(137.354,-397.664,-518.213));
#3389=CARTESIAN_POINT('',(130.933,-396.181,-467.716));
#3390=CARTESIAN_POINT('',(127.295,-398.22,-417.472));
#3391=CARTESIAN_POINT('',(118.548,-399.801,-367.094));
#3392=CARTESIAN_POINT('',(113.158,-406.858,-323.093));
#3393=CARTESIAN_POINT('',(97.539,-412.082,-279.828));
#3394=CARTESIAN_POINT('',(88.878,-416.424,-257.219));
#3395=CARTESIAN_POINT('',(81.182,-418.587,-247.701));
#3396=CARTESIAN_POINT('',(189.134,188.824,-670.853));
#3397=CARTESIAN_POINT('',(196.705,188.379,-679.981));
#3398=CARTESIAN_POINT('',(231.596,186.359,-704.979));
#3399=CARTESIAN_POINT('',(257.108,158.694,-747.641));
#3400=CARTESIAN_POINT('',(265.414,118.325,-785.331));
#3401=CARTESIAN_POINT('',(273.142,58.597,-809.527));
#3402=CARTESIAN_POINT('',(269.217,1.276,-825.364));
#3403=CARTESIAN_POINT('',(266.725,-61.944,-831.241));
#3404=CARTESIAN_POINT('',(266.259,-126.009,-827.566));
#3405=CARTESIAN_POINT('',(265.963,-189.713,-822.626));
#3406=CARTESIAN_POINT('',(261.324,-247.572,-810.837));
#3407=CARTESIAN_POINT('',(257.976,-310.702,-788.258));
#3408=CARTESIAN_POINT('',(253.406,-359.935,-755.913));
#3409=CARTESIAN_POINT('',(249.344,-419.75,-710.521));
#3410=CARTESIAN_POINT('',(226.686,-415.007,-653.065));
#3411=CARTESIAN_POINT('',(217.462,-414.082,-607.208));
#3412=CARTESIAN_POINT('',(199.551,-407.465,-550.73));
#3413=CARTESIAN_POINT('',(188.641,-401.552,-500.035));
#3414=CARTESIAN_POINT('',(177.374,-405.376,-449.585));
#3415=CARTESIAN_POINT('',(169.674,-402.939,-396.783));
#3416=CARTESIAN_POINT('',(159.605,-407.37,-350.44));
#3417=CARTESIAN_POINT('',(146.181,-410.945,-303.089));
#3418=CARTESIAN_POINT('',(127.413,-416.969,-266.221));
#3419=CARTESIAN_POINT('',(117.716,-421.058,-240.193));
#3420=CARTESIAN_POINT('',(113.591,-423.268,-229.007));
#3421=CARTESIAN_POINT('',(204.899,149.662,-634.203));
#3422=CARTESIAN_POINT('',(224.308,151.227,-642.419));
#3423=CARTESIAN_POINT('',(246.466,147.814,-655.951));
#3424=CARTESIAN_POINT('',(282.144,142.941,-690.696));
#3425=CARTESIAN_POINT('',(308.754,108.837,-735.765));
#3426=CARTESIAN_POINT('',(317.466,55.202,-765.908));
#3427=CARTESIAN_POINT('',(322.69,-1.971,-784.477));
#3428=CARTESIAN_POINT('',(320.193,-57.766,-794.98));
#3429=CARTESIAN_POINT('',(323.316,-119.513,-797.23));
#3430=CARTESIAN_POINT('',(320.815,-179.679,-786.897));
#3431=CARTESIAN_POINT('',(322.66,-240.054,-777.558));
#3432=CARTESIAN_POINT('',(315.918,-294.504,-757.846));
#3433=CARTESIAN_POINT('',(308.59,-349.132,-729.549));
#3434=CARTESIAN_POINT('',(301.055,-397.138,-696.425));
#3435=CARTESIAN_POINT('',(287.817,-429.499,-638.701));
#3436=CARTESIAN_POINT('',(266.863,-418.236,-587.661));
#3437=CARTESIAN_POINT('',(253.774,-419.458,-531.515));
#3438=CARTESIAN_POINT('',(241.073,-404.233,-479.072));
#3439=CARTESIAN_POINT('',(222.093,-413.51,-426.745));
#3440=CARTESIAN_POINT('',(211.34,-410.282,-376.092));
#3441=CARTESIAN_POINT('',(195.455,-414.014,-327.443));
#3442=CARTESIAN_POINT('',(180.355,-417.85,-282.372));
#3443=CARTESIAN_POINT('',(161.708,-424.602,-242.602));
#3444=CARTESIAN_POINT('',(147.628,-427.461,-222.154));
#3445=CARTESIAN_POINT('',(140.489,-429.833,-211.431));
#3446=CARTESIAN_POINT('',(212.187,115.073,-592.615));
#3447=CARTESIAN_POINT('',(220.87,118.612,-600.013));
#3448=CARTESIAN_POINT('',(255.139,114.19,-606.91));
#3449=CARTESIAN_POINT('',(292.162,115.212,-638.774));
#3450=CARTESIAN_POINT('',(325.398,102.904,-675.157));
#3451=CARTESIAN_POINT('',(356.542,60.245,-713.504));
#3452=CARTESIAN_POINT('',(365.025,3.508,-736.053));
#3453=CARTESIAN_POINT('',(368.587,-55.378,-748.467));
#3454=CARTESIAN_POINT('',(371.067,-111.457,-753.466));
#3455=CARTESIAN_POINT('',(376.548,-169.776,-748.982));
#3456=CARTESIAN_POINT('',(374.78,-226.989,-738.016));
#3457=CARTESIAN_POINT('',(372.037,-282.87,-720.168));
#3458=CARTESIAN_POINT('',(363.27,-334.446,-696.136));
#3459=CARTESIAN_POINT('',(355.29,-380.794,-664.7));
#3460=CARTESIAN_POINT('',(343.433,-431.704,-622.788));
#3461=CARTESIAN_POINT('',(321.554,-432.576,-558.926));
#3462=CARTESIAN_POINT('',(304.44,-424.958,-508.431));
#3463=CARTESIAN_POINT('',(289.385,-418.173,-451.006));
#3464=CARTESIAN_POINT('',(269.44,-419.619,-402.548));
#3465=CARTESIAN_POINT('',(250.558,-418.712,-350.359));
#3466=CARTESIAN_POINT('',(233.508,-421.695,-303.107));
#3467=CARTESIAN_POINT('',(215.74,-427.727,-257.429));
#3468=CARTESIAN_POINT('',(191.313,-431.699,-219.601));
#3469=CARTESIAN_POINT('',(178.035,-436.526,-195.675));
#3470=CARTESIAN_POINT('',(170.312,-437.632,-187.6));
#3471=CARTESIAN_POINT('',(223.914,84.482,-547.047));
#3472=CARTESIAN_POINT('',(240.789,84.654,-555.747));
#3473=CARTESIAN_POINT('',(258.909,84.285,-561.544));
#3474=CARTESIAN_POINT('',(293.416,85.,-582.367));
#3475=CARTESIAN_POINT('',(331.968,82.842,-617.653));
#3476=CARTESIAN_POINT('',(365.387,55.88,-642.882));
#3477=CARTESIAN_POINT('',(396.851,17.999,-677.506));
#3478=CARTESIAN_POINT('',(411.007,-41.668,-697.242));
#3479=CARTESIAN_POINT('',(415.702,-100.388,-704.508));
#3480=CARTESIAN_POINT('',(419.065,-156.931,-701.547));
#3481=CARTESIAN_POINT('',(424.545,-214.056,-694.654));
#3482=CARTESIAN_POINT('',(421.273,-268.147,-678.748));
#3483=CARTESIAN_POINT('',(417.566,-322.355,-657.65));
#3484=CARTESIAN_POINT('',(405.803,-370.086,-624.255));
#3485=CARTESIAN_POINT('',(396.526,-407.512,-583.765));
#3486=CARTESIAN_POINT('',(375.542,-450.757,-533.303));
#3487=CARTESIAN_POINT('',(354.227,-434.191,-475.525));
#3488=CARTESIAN_POINT('',(332.64,-432.513,-423.448));
#3489=CARTESIAN_POINT('',(309.466,-428.167,-372.993));
#3490=CARTESIAN_POINT('',(292.809,-428.443,-322.69));
#3491=CARTESIAN_POINT('',(267.519,-432.424,-275.811));
#3492=CARTESIAN_POINT('',(248.285,-437.872,-229.767));
#3493=CARTESIAN_POINT('',(225.12,-444.214,-190.28));
#3494=CARTESIAN_POINT('',(205.588,-446.61,-168.84));
#3495=CARTESIAN_POINT('',(195.11,-448.422,-157.7));
#3496=CARTESIAN_POINT('',(225.497,63.594,-502.043));
#3497=CARTESIAN_POINT('',(231.987,66.25,-507.67));
#3498=CARTESIAN_POINT('',(269.231,58.786,-511.195));
#3499=CARTESIAN_POINT('',(296.512,59.105,-530.633));
#3500=CARTESIAN_POINT('',(331.596,62.927,-553.11));
#3501=CARTESIAN_POINT('',(379.128,58.055,-579.114));
#3502=CARTESIAN_POINT('',(408.279,12.861,-609.197));
#3503=CARTESIAN_POINT('',(433.488,-34.193,-631.445));
#3504=CARTESIAN_POINT('',(451.185,-89.871,-648.185));
#3505=CARTESIAN_POINT('',(459.513,-142.925,-649.781));
#3506=CARTESIAN_POINT('',(463.743,-198.636,-644.077));
#3507=CARTESIAN_POINT('',(465.567,-254.016,-632.29));
#3508=CARTESIAN_POINT('',(463.647,-305.487,-612.746));
#3509=CARTESIAN_POINT('',(457.87,-359.176,-585.264));
#3510=CARTESIAN_POINT('',(445.102,-398.304,-546.17));
#3511=CARTESIAN_POINT('',(430.102,-445.36,-500.374));
#3512=CARTESIAN_POINT('',(399.635,-454.727,-445.698));
#3513=CARTESIAN_POINT('',(382.115,-443.353,-392.199));
#3514=CARTESIAN_POINT('',(352.755,-440.381,-342.98));
#3515=CARTESIAN_POINT('',(329.462,-441.861,-293.542));
#3516=CARTESIAN_POINT('',(306.368,-444.958,-246.318));
#3517=CARTESIAN_POINT('',(279.533,-450.996,-203.449));
#3518=CARTESIAN_POINT('',(252.657,-454.947,-162.527));
#3519=CARTESIAN_POINT('',(236.532,-459.457,-139.87));
#3520=CARTESIAN_POINT('',(230.142,-460.146,-132.435));
#3521=CARTESIAN_POINT('',(223.234,45.031,-442.944));
#3522=CARTESIAN_POINT('',(240.799,41.417,-447.35));
#3523=CARTESIAN_POINT('',(247.735,44.999,-458.86));
#3524=CARTESIAN_POINT('',(299.709,40.348,-475.102));
#3525=CARTESIAN_POINT('',(327.065,33.555,-498.745));
#3526=CARTESIAN_POINT('',(373.603,48.843,-516.051));
#3527=CARTESIAN_POINT('',(431.565,40.092,-554.357));
#3528=CARTESIAN_POINT('',(455.844,-20.59,-580.652));
#3529=CARTESIAN_POINT('',(471.271,-75.636,-586.379));
#3530=CARTESIAN_POINT('',(483.348,-128.829,-592.647));
#3531=CARTESIAN_POINT('',(499.562,-182.831,-588.973));
#3532=CARTESIAN_POINT('',(502.849,-236.225,-580.206));
#3533=CARTESIAN_POINT('',(505.258,-290.416,-564.69));
#3534=CARTESIAN_POINT('',(502.496,-341.528,-538.6));
#3535=CARTESIAN_POINT('',(492.377,-389.157,-503.354));
#3536=CARTESIAN_POINT('',(476.164,-426.711,-457.203));
#3537=CARTESIAN_POINT('',(452.149,-473.269,-412.905));
#3538=CARTESIAN_POINT('',(418.214,-458.38,-356.516));
#3539=CARTESIAN_POINT('',(394.593,-457.541,-311.106));
#3540=CARTESIAN_POINT('',(365.363,-456.554,-261.295));
#3541=CARTESIAN_POINT('',(337.218,-460.018,-216.636));
#3542=CARTESIAN_POINT('',(308.689,-462.583,-173.788));
#3543=CARTESIAN_POINT('',(283.37,-469.783,-136.058));
#3544=CARTESIAN_POINT('',(265.919,-471.471,-112.222));
#3545=CARTESIAN_POINT('',(255.091,-473.409,-100.631));
#3546=CARTESIAN_POINT('',(231.186,41.868,-388.546));
#3547=CARTESIAN_POINT('',(238.324,39.751,-393.528));
#3548=CARTESIAN_POINT('',(261.341,33.322,-403.211));
#3549=CARTESIAN_POINT('',(286.219,27.826,-422.585));
#3550=CARTESIAN_POINT('',(330.759,23.308,-441.624));
#3551=CARTESIAN_POINT('',(368.12,16.179,-466.896));
#3552=CARTESIAN_POINT('',(420.386,29.902,-481.79));
#3553=CARTESIAN_POINT('',(474.386,2.756,-518.088));
#3554=CARTESIAN_POINT('',(499.939,-54.068,-532.534));
#3555=CARTESIAN_POINT('',(515.617,-108.177,-537.35));
#3556=CARTESIAN_POINT('',(520.517,-163.898,-531.071));
#3557=CARTESIAN_POINT('',(532.526,-217.31,-525.211));
#3558=CARTESIAN_POINT('',(536.358,-272.252,-509.309));
#3559=CARTESIAN_POINT('',(538.245,-323.797,-487.488));
#3560=CARTESIAN_POINT('',(534.646,-376.198,-456.08));
#3561=CARTESIAN_POINT('',(513.632,-418.483,-410.757));
#3562=CARTESIAN_POINT('',(493.411,-456.883,-372.381));
#3563=CARTESIAN_POINT('',(461.444,-484.392,-325.861));
#3564=CARTESIAN_POINT('',(432.561,-467.193,-277.729));
#3565=CARTESIAN_POINT('',(394.18,-470.901,-237.198));
#3566=CARTESIAN_POINT('',(367.151,-472.578,-187.368));
#3567=CARTESIAN_POINT('',(338.955,-478.449,-148.786));
#3568=CARTESIAN_POINT('',(309.891,-479.3,-111.25));
#3569=CARTESIAN_POINT('',(292.658,-485.069,-85.914));
#3570=CARTESIAN_POINT('',(284.858,-486.803,-73.815));
#3571=CARTESIAN_POINT('',(230.348,46.363,-329.339));
#3572=CARTESIAN_POINT('',(244.305,42.259,-335.866));
#3573=CARTESIAN_POINT('',(259.108,36.78,-349.096));
#3574=CARTESIAN_POINT('',(295.895,24.772,-367.064));
#3575=CARTESIAN_POINT('',(326.435,14.57,-391.341));
#3576=CARTESIAN_POINT('',(370.732,7.74,-412.659));
#3577=CARTESIAN_POINT('',(416.425,11.693,-428.626));
#3578=CARTESIAN_POINT('',(465.953,1.493,-450.169));
#3579=CARTESIAN_POINT('',(509.571,-38.399,-470.539));
#3580=CARTESIAN_POINT('',(535.967,-89.7,-479.687));
#3581=CARTESIAN_POINT('',(557.562,-142.741,-482.624));
#3582=CARTESIAN_POINT('',(556.857,-199.884,-469.308));
#3583=CARTESIAN_POINT('',(565.394,-250.941,-458.236));
#3584=CARTESIAN_POINT('',(563.256,-304.216,-434.22));
#3585=CARTESIAN_POINT('',(561.047,-352.365,-407.379));
#3586=CARTESIAN_POINT('',(551.318,-407.793,-371.195));
#3587=CARTESIAN_POINT('',(525.732,-440.616,-325.275));
#3588=CARTESIAN_POINT('',(503.757,-490.319,-295.178));
#3589=CARTESIAN_POINT('',(461.114,-491.722,-243.618));
#3590=CARTESIAN_POINT('',(437.526,-481.621,-201.284));
#3591=CARTESIAN_POINT('',(401.849,-490.787,-160.964));
#3592=CARTESIAN_POINT('',(371.629,-490.693,-119.624));
#3593=CARTESIAN_POINT('',(344.557,-497.517,-82.316));
#3594=CARTESIAN_POINT('',(327.054,-496.901,-68.241));
#3595=CARTESIAN_POINT('',(320.69,-499.22,-57.453));
#3596=CARTESIAN_POINT('',(254.953,38.74,-297.174));
#3597=CARTESIAN_POINT('',(261.2,36.604,-299.828));
#3598=CARTESIAN_POINT('',(280.118,30.2,-312.303));
#3599=CARTESIAN_POINT('',(299.78,22.361,-326.732));
#3600=CARTESIAN_POINT('',(332.293,12.607,-338.456));
#3601=CARTESIAN_POINT('',(369.25,-3.236,-363.284));
#3602=CARTESIAN_POINT('',(414.469,-1.199,-376.823));
#3603=CARTESIAN_POINT('',(462.921,-4.297,-394.42));
#3604=CARTESIAN_POINT('',(509.93,-30.988,-411.955));
#3605=CARTESIAN_POINT('',(544.009,-75.81,-419.611));
#3606=CARTESIAN_POINT('',(565.701,-127.101,-421.236));
#3607=CARTESIAN_POINT('',(592.08,-177.209,-421.246));
#3608=CARTESIAN_POINT('',(591.207,-233.428,-402.017));
#3609=CARTESIAN_POINT('',(596.48,-283.534,-386.023));
#3610=CARTESIAN_POINT('',(593.221,-337.372,-355.832));
#3611=CARTESIAN_POINT('',(577.883,-382.145,-320.085));
#3612=CARTESIAN_POINT('',(559.565,-431.459,-287.032));
#3613=CARTESIAN_POINT('',(533.92,-463.092,-252.766));
#3614=CARTESIAN_POINT('',(508.733,-509.496,-216.304));
#3615=CARTESIAN_POINT('',(465.338,-501.86,-170.444));
#3616=CARTESIAN_POINT('',(437.596,-498.222,-132.604));
#3617=CARTESIAN_POINT('',(405.873,-508.072,-97.086));
#3618=CARTESIAN_POINT('',(379.115,-510.07,-61.122));
#3619=CARTESIAN_POINT('',(362.513,-515.476,-35.449));
#3620=CARTESIAN_POINT('',(355.173,-515.983,-26.785));
#3621=CARTESIAN_POINT('',(250.729,40.164,-255.002));
#3622=CARTESIAN_POINT('',(262.976,35.345,-260.846));
#3623=CARTESIAN_POINT('',(284.934,28.452,-266.767));
#3624=CARTESIAN_POINT('',(311.063,16.792,-276.184));
#3625=CARTESIAN_POINT('',(333.49,10.794,-294.107));
#3626=CARTESIAN_POINT('',(368.38,-7.501,-313.924));
#3627=CARTESIAN_POINT('',(411.291,-14.433,-327.147));
#3628=CARTESIAN_POINT('',(455.924,-11.829,-339.841));
#3629=CARTESIAN_POINT('',(503.059,-28.507,-355.423));
#3630=CARTESIAN_POINT('',(544.866,-62.384,-362.815));
#3631=CARTESIAN_POINT('',(575.923,-108.915,-366.321));
#3632=CARTESIAN_POINT('',(594.41,-159.632,-360.654));
#3633=CARTESIAN_POINT('',(617.481,-208.406,-352.712));
#3634=CARTESIAN_POINT('',(621.067,-262.716,-333.79));
#3635=CARTESIAN_POINT('',(619.726,-313.029,-311.481));
#3636=CARTESIAN_POINT('',(614.211,-368.823,-282.059));
#3637=CARTESIAN_POINT('',(589.031,-408.013,-247.48));
#3638=CARTESIAN_POINT('',(562.925,-448.555,-214.08));
#3639=CARTESIAN_POINT('',(539.316,-479.321,-181.852));
#3640=CARTESIAN_POINT('',(512.572,-525.965,-148.394));
#3641=CARTESIAN_POINT('',(472.144,-518.325,-105.24));
#3642=CARTESIAN_POINT('',(445.109,-514.9,-69.702));
#3643=CARTESIAN_POINT('',(419.223,-522.202,-38.184));
#3644=CARTESIAN_POINT('',(402.491,-526.625,-17.366));
#3645=CARTESIAN_POINT('',(393.388,-528.818,-6.021));
#3646=CARTESIAN_POINT('',(241.494,40.929,-208.404));
#3647=CARTESIAN_POINT('',(253.201,37.487,-212.698));
#3648=CARTESIAN_POINT('',(265.867,31.428,-214.523));
#3649=CARTESIAN_POINT('',(302.274,18.984,-226.522));
#3650=CARTESIAN_POINT('',(332.068,6.376,-245.879));
#3651=CARTESIAN_POINT('',(362.564,-2.864,-260.547));
#3652=CARTESIAN_POINT('',(400.494,-26.291,-277.725));
#3653=CARTESIAN_POINT('',(445.266,-17.931,-287.626));
#3654=CARTESIAN_POINT('',(492.886,-32.744,-298.864));
#3655=CARTESIAN_POINT('',(533.336,-53.715,-308.294));
#3656=CARTESIAN_POINT('',(574.545,-94.128,-307.151));
#3657=CARTESIAN_POINT('',(600.487,-138.797,-306.026));
#3658=CARTESIAN_POINT('',(622.509,-186.411,-294.902));
#3659=CARTESIAN_POINT('',(634.139,-236.057,-279.62));
#3660=CARTESIAN_POINT('',(639.454,-287.685,-259.689));
#3661=CARTESIAN_POINT('',(632.589,-337.162,-235.112));
#3662=CARTESIAN_POINT('',(621.659,-387.604,-209.764));
#3663=CARTESIAN_POINT('',(597.212,-426.076,-180.334));
#3664=CARTESIAN_POINT('',(566.523,-461.018,-146.991));
#3665=CARTESIAN_POINT('',(544.846,-491.336,-117.294));
#3666=CARTESIAN_POINT('',(518.943,-532.636,-86.501));
#3667=CARTESIAN_POINT('',(483.482,-541.024,-49.938));
#3668=CARTESIAN_POINT('',(453.243,-534.496,-11.474));
#3669=CARTESIAN_POINT('',(437.215,-538.539,13.558));
#3670=CARTESIAN_POINT('',(429.04,-538.596,23.731));
#3671=CARTESIAN_POINT('',(240.287,38.524,-163.839));
#3672=CARTESIAN_POINT('',(245.612,37.129,-171.617));
#3673=CARTESIAN_POINT('',(267.387,28.482,-176.515));
#3674=CARTESIAN_POINT('',(290.962,20.558,-182.675));
#3675=CARTESIAN_POINT('',(321.12,7.873,-193.444));
#3676=CARTESIAN_POINT('',(350.425,-3.34,-210.162));
#3677=CARTESIAN_POINT('',(389.838,-21.146,-220.692));
#3678=CARTESIAN_POINT('',(428.225,-34.725,-238.434));
#3679=CARTESIAN_POINT('',(472.939,-29.983,-243.376));
#3680=CARTESIAN_POINT('',(521.878,-52.735,-252.159));
#3681=CARTESIAN_POINT('',(558.847,-79.739,-258.494));
#3682=CARTESIAN_POINT('',(595.363,-122.476,-250.431));
#3683=CARTESIAN_POINT('',(617.652,-163.496,-242.139));
#3684=CARTESIAN_POINT('',(640.201,-209.323,-226.611));
#3685=CARTESIAN_POINT('',(648.418,-259.483,-209.342));
#3686=CARTESIAN_POINT('',(650.685,-310.051,-188.967));
#3687=CARTESIAN_POINT('',(641.855,-357.909,-166.246));
#3688=CARTESIAN_POINT('',(625.72,-405.124,-140.861));
#3689=CARTESIAN_POINT('',(599.105,-438.569,-112.591));
#3690=CARTESIAN_POINT('',(571.546,-472.838,-82.098));
#3691=CARTESIAN_POINT('',(546.516,-498.318,-51.44));
#3692=CARTESIAN_POINT('',(525.005,-533.85,-19.758));
#3693=CARTESIAN_POINT('',(496.234,-555.461,10.658));
#3694=CARTESIAN_POINT('',(477.245,-557.991,32.678));
#3695=CARTESIAN_POINT('',(469.371,-561.165,46.461));
#3696=CARTESIAN_POINT('',(240.96,38.634,-127.25));
#3697=CARTESIAN_POINT('',(254.608,32.712,-128.8));
#3698=CARTESIAN_POINT('',(259.344,30.994,-143.345));
#3699=CARTESIAN_POINT('',(291.505,17.135,-142.272));
#3700=CARTESIAN_POINT('',(310.07,11.126,-152.973));
#3701=CARTESIAN_POINT('',(340.363,-2.19,-164.755));
#3702=CARTESIAN_POINT('',(374.561,-19.316,-175.649));
#3703=CARTESIAN_POINT('',(415.918,-35.798,-185.709));
#3704=CARTESIAN_POINT('',(453.547,-41.772,-199.017));
#3705=CARTESIAN_POINT('',(500.817,-46.731,-199.257));
#3706=CARTESIAN_POINT('',(544.047,-73.552,-204.907));
#3707=CARTESIAN_POINT('',(580.601,-103.6,-201.985));
#3708=CARTESIAN_POINT('',(611.582,-142.364,-190.093));
#3709=CARTESIAN_POINT('',(631.984,-184.812,-178.993));
#3710=CARTESIAN_POINT('',(649.98,-232.172,-159.394));
#3711=CARTESIAN_POINT('',(659.296,-280.168,-141.287));
#3712=CARTESIAN_POINT('',(655.965,-328.893,-124.03));
#3713=CARTESIAN_POINT('',(642.456,-372.195,-100.932));
#3714=CARTESIAN_POINT('',(622.083,-414.075,-75.527));
#3715=CARTESIAN_POINT('',(598.14,-446.853,-48.804));
#3716=CARTESIAN_POINT('',(571.101,-479.504,-20.945));
#3717=CARTESIAN_POINT('',(546.64,-502.931,9.085));
#3718=CARTESIAN_POINT('',(525.545,-527.696,45.732));
#3719=CARTESIAN_POINT('',(513.487,-544.385,66.062));
#3720=CARTESIAN_POINT('',(506.093,-549.861,75.205));
#3721=CARTESIAN_POINT('',(237.659,43.204,-96.503));
#3722=CARTESIAN_POINT('',(245.496,39.507,-95.917));
#3723=CARTESIAN_POINT('',(262.769,31.748,-103.135));
#3724=CARTESIAN_POINT('',(282.605,21.978,-105.206));
#3725=CARTESIAN_POINT('',(306.994,10.707,-113.784));
#3726=CARTESIAN_POINT('',(331.109,0.553,-126.569));
#3727=CARTESIAN_POINT('',(360.265,-13.188,-133.028));
#3728=CARTESIAN_POINT('',(400.563,-36.179,-140.445));
#3729=CARTESIAN_POINT('',(439.245,-43.399,-152.112));
#3730=CARTESIAN_POINT('',(476.276,-50.009,-152.936));
#3731=CARTESIAN_POINT('',(521.296,-61.531,-155.576));
#3732=CARTESIAN_POINT('',(564.612,-90.358,-154.071));
#3733=CARTESIAN_POINT('',(598.076,-123.237,-145.281));
#3734=CARTESIAN_POINT('',(622.15,-164.335,-132.431));
#3735=CARTESIAN_POINT('',(644.407,-206.058,-114.744));
#3736=CARTESIAN_POINT('',(653.376,-251.048,-95.496));
#3737=CARTESIAN_POINT('',(654.274,-297.337,-77.153));
#3738=CARTESIAN_POINT('',(649.501,-341.607,-59.802));
#3739=CARTESIAN_POINT('',(640.254,-383.456,-38.809));
#3740=CARTESIAN_POINT('',(617.676,-421.026,-14.628));
#3741=CARTESIAN_POINT('',(591.706,-450.151,11.608));
#3742=CARTESIAN_POINT('',(568.37,-479.926,39.762));
#3743=CARTESIAN_POINT('',(545.183,-500.161,69.427));
#3744=CARTESIAN_POINT('',(533.365,-509.932,95.021));
#3745=CARTESIAN_POINT('',(525.858,-515.598,105.401));
#3746=CARTESIAN_POINT('',(233.084,54.07,-67.231));
#3747=CARTESIAN_POINT('',(239.57,48.023,-68.321));
#3748=CARTESIAN_POINT('',(259.799,36.52,-66.535));
#3749=CARTESIAN_POINT('',(275.61,28.27,-69.465));
#3750=CARTESIAN_POINT('',(299.706,15.663,-79.17));
#3751=CARTESIAN_POINT('',(320.824,3.524,-88.527));
#3752=CARTESIAN_POINT('',(349.099,-9.509,-98.103));
#3753=CARTESIAN_POINT('',(379.723,-26.029,-97.729));
#3754=CARTESIAN_POINT('',(416.516,-45.824,-109.693));
#3755=CARTESIAN_POINT('',(453.787,-45.24,-113.794));
#3756=CARTESIAN_POINT('',(499.661,-57.201,-113.455));
#3757=CARTESIAN_POINT('',(540.442,-77.396,-108.763));
#3758=CARTESIAN_POINT('',(578.43,-109.744,-103.997));
#3759=CARTESIAN_POINT('',(606.936,-142.056,-89.008));
#3760=CARTESIAN_POINT('',(627.983,-180.841,-71.065));
#3761=CARTESIAN_POINT('',(643.796,-221.627,-55.288));
#3762=CARTESIAN_POINT('',(653.448,-262.615,-38.543));
#3763=CARTESIAN_POINT('',(652.202,-305.437,-21.114));
#3764=CARTESIAN_POINT('',(645.349,-350.146,-1.692));
#3765=CARTESIAN_POINT('',(630.653,-388.538,13.844));
#3766=CARTESIAN_POINT('',(607.143,-425.495,37.838));
#3767=CARTESIAN_POINT('',(583.553,-452.143,61.258));
#3768=CARTESIAN_POINT('',(560.779,-476.682,92.797));
#3769=CARTESIAN_POINT('',(549.031,-486.667,118.781));
#3770=CARTESIAN_POINT('',(545.334,-489.79,132.435));
#3771=CARTESIAN_POINT('',(234.221,63.083,-48.106));
#3772=CARTESIAN_POINT('',(239.445,55.704,-49.741));
#3773=CARTESIAN_POINT('',(249.824,45.665,-50.414));
#3774=CARTESIAN_POINT('',(273.672,32.765,-42.571));
#3775=CARTESIAN_POINT('',(292.581,20.107,-50.899));
#3776=CARTESIAN_POINT('',(318.375,7.832,-53.246));
#3777=CARTESIAN_POINT('',(333.867,-3.194,-64.643));
#3778=CARTESIAN_POINT('',(369.14,-21.012,-66.177));
#3779=CARTESIAN_POINT('',(401.751,-39.197,-66.079));
#3780=CARTESIAN_POINT('',(431.871,-49.977,-77.638));
#3781=CARTESIAN_POINT('',(468.465,-51.897,-86.792));
#3782=CARTESIAN_POINT('',(521.223,-69.525,-84.522));
#3783=CARTESIAN_POINT('',(556.859,-91.665,-69.068));
#3784=CARTESIAN_POINT('',(589.815,-126.041,-62.943));
#3785=CARTESIAN_POINT('',(614.043,-160.127,-34.758));
#3786=CARTESIAN_POINT('',(627.226,-190.895,-13.031));
#3787=CARTESIAN_POINT('',(634.817,-231.888,5.205));
#3788=CARTESIAN_POINT('',(648.757,-269.476,17.508));
#3789=CARTESIAN_POINT('',(645.303,-313.826,28.509));
#3790=CARTESIAN_POINT('',(637.981,-356.097,46.096));
#3791=CARTESIAN_POINT('',(618.923,-391.173,59.568));
#3792=CARTESIAN_POINT('',(596.332,-426.86,82.763));
#3793=CARTESIAN_POINT('',(574.623,-450.61,105.012));
#3794=CARTESIAN_POINT('',(562.657,-461.943,123.5));
#3795=CARTESIAN_POINT('',(557.214,-463.893,136.388));
#3796=CARTESIAN_POINT('',(240.378,67.174,-25.944));
#3797=CARTESIAN_POINT('',(245.44,62.278,-20.466));
#3798=CARTESIAN_POINT('',(255.319,48.306,-24.957));
#3799=CARTESIAN_POINT('',(267.345,38.696,-18.404));
#3800=CARTESIAN_POINT('',(285.353,25.597,-26.725));
#3801=CARTESIAN_POINT('',(312.687,10.111,-27.233));
#3802=CARTESIAN_POINT('',(337.843,-4.292,-21.496));
#3803=CARTESIAN_POINT('',(353.353,-14.396,-40.633));
#3804=CARTESIAN_POINT('',(390.364,-37.52,-31.538));
#3805=CARTESIAN_POINT('',(428.047,-52.627,-24.553));
#3806=CARTESIAN_POINT('',(466.534,-61.728,-39.501));
#3807=CARTESIAN_POINT('',(501.375,-66.684,-44.912));
#3808=CARTESIAN_POINT('',(538.075,-87.455,-37.956));
#3809=CARTESIAN_POINT('',(576.241,-114.929,-25.781));
#3810=CARTESIAN_POINT('',(594.093,-141.327,-12.042));
#3811=CARTESIAN_POINT('',(610.459,-170.364,17.617));
#3812=CARTESIAN_POINT('',(621.951,-198.594,35.749));
#3813=CARTESIAN_POINT('',(630.303,-242.188,57.591));
#3814=CARTESIAN_POINT('',(634.414,-290.966,59.804));
#3815=CARTESIAN_POINT('',(633.954,-333.277,72.055));
#3816=CARTESIAN_POINT('',(621.043,-365.317,92.03));
#3817=CARTESIAN_POINT('',(598.501,-412.315,96.628));
#3818=CARTESIAN_POINT('',(576.946,-428.921,136.879));
#3819=CARTESIAN_POINT('',(568.618,-437.393,152.622));
#3820=CARTESIAN_POINT('',(562.832,-441.391,162.364));
#3821=CARTESIAN_POINT('',(235.736,77.689,-18.572));
#3822=CARTESIAN_POINT('',(243.914,68.287,-15.776));
#3823=CARTESIAN_POINT('',(252.315,54.259,-9.257));
#3824=CARTESIAN_POINT('',(273.306,37.284,1.285));
#3825=CARTESIAN_POINT('',(288.775,25.608,-4.898));
#3826=CARTESIAN_POINT('',(304.592,15.387,-11.756));
#3827=CARTESIAN_POINT('',(326.519,2.174,-8.346));
#3828=CARTESIAN_POINT('',(359.436,-17.581,-6.955));
#3829=CARTESIAN_POINT('',(379.345,-29.422,-13.404));
#3830=CARTESIAN_POINT('',(405.884,-47.753,-9.34));
#3831=CARTESIAN_POINT('',(457.894,-59.363,-14.649));
#3832=CARTESIAN_POINT('',(499.677,-69.001,-9.932));
#3833=CARTESIAN_POINT('',(533.841,-87.543,-5.107));
#3834=CARTESIAN_POINT('',(564.65,-111.226,9.127));
#3835=CARTESIAN_POINT('',(589.387,-143.017,26.454));
#3836=CARTESIAN_POINT('',(603.081,-173.196,49.037));
#3837=CARTESIAN_POINT('',(616.581,-211.776,68.582));
#3838=CARTESIAN_POINT('',(619.975,-238.397,76.233));
#3839=CARTESIAN_POINT('',(627.163,-283.09,89.238));
#3840=CARTESIAN_POINT('',(624.173,-317.725,97.368));
#3841=CARTESIAN_POINT('',(617.162,-355.149,105.796));
#3842=CARTESIAN_POINT('',(600.024,-395.676,118.645));
#3843=CARTESIAN_POINT('',(586.699,-411.539,136.637));
#3844=CARTESIAN_POINT('',(572.401,-418.059,159.574));
#3845=CARTESIAN_POINT('',(568.268,-418.952,170.969));
#3846=CARTESIAN_POINT('',(239.959,77.488,-13.312));
#3847=CARTESIAN_POINT('',(241.537,74.056,-7.948));
#3848=CARTESIAN_POINT('',(252.602,58.883,-4.071));
#3849=CARTESIAN_POINT('',(265.53,44.249,7.328));
#3850=CARTESIAN_POINT('',(287.839,25.628,3.178));
#3851=CARTESIAN_POINT('',(306.415,14.759,0.387));
#3852=CARTESIAN_POINT('',(323.553,3.9,1.942));
#3853=CARTESIAN_POINT('',(351.154,-12.898,-1.102));
#3854=CARTESIAN_POINT('',(379.149,-30.112,0.325));
#3855=CARTESIAN_POINT('',(407.741,-48.,3.161));
#3856=CARTESIAN_POINT('',(449.106,-58.884,-0.672));
#3857=CARTESIAN_POINT('',(494.761,-66.853,-0.65));
#3858=CARTESIAN_POINT('',(529.222,-88.229,9.112));
#3859=CARTESIAN_POINT('',(560.138,-110.869,21.301));
#3860=CARTESIAN_POINT('',(583.449,-138.919,39.652));
#3861=CARTESIAN_POINT('',(597.563,-170.831,60.872));
#3862=CARTESIAN_POINT('',(607.727,-204.501,81.662));
#3863=CARTESIAN_POINT('',(614.739,-238.911,92.157));
#3864=CARTESIAN_POINT('',(623.199,-275.415,99.9));
#3865=CARTESIAN_POINT('',(620.333,-311.95,109.67));
#3866=CARTESIAN_POINT('',(614.203,-348.034,118.07));
#3867=CARTESIAN_POINT('',(602.349,-384.643,124.264));
#3868=CARTESIAN_POINT('',(587.743,-399.409,150.725));
#3869=CARTESIAN_POINT('',(576.623,-410.192,162.378));
#3870=CARTESIAN_POINT('',(571.522,-414.004,171.801));
#3871=CARTESIAN_POINT('',(-253.188,122.022,13.625));
#3872=CARTESIAN_POINT('',(1.4,294.68,-804.183));
#3873=CARTESIAN_POINT('',(-12.804,-403.609,-310.155));
#3874=CARTESIAN_POINT('',(-570.414,-395.931,252.177));
#3875=CARTESIAN_POINT('',(49.651,666.859,589.751));
#3876=CARTESIAN_POINT('',(239.959,77.488,-13.312));
#3877=CARTESIAN_POINT('',(571.522,-414.004,171.801));
#3878=CARTESIAN_POINT('',(35.173,-122.365,581.71));
#3879=CARTESIAN_POINT('',(-253.188,122.022,13.625));
#3880=CARTESIAN_POINT('',(-252.855,123.255,8.083));
#3881=CARTESIAN_POINT('',(-246.347,119.977,-3.627));
#3882=CARTESIAN_POINT('',(-234.514,107.088,-16.346));
#3883=CARTESIAN_POINT('',(-221.28,100.927,-33.569));
#3884=CARTESIAN_POINT('',(-208.058,88.335,-50.545));
#3885=CARTESIAN_POINT('',(-203.103,73.591,-72.451));
#3886=CARTESIAN_POINT('',(-208.529,55.65,-100.806));
#3887=CARTESIAN_POINT('',(-216.941,50.284,-135.756));
#3888=CARTESIAN_POINT('',(-235.362,45.33,-187.554));
#3889=CARTESIAN_POINT('',(-237.146,56.231,-234.127));
#3890=CARTESIAN_POINT('',(-247.473,63.611,-299.893));
#3891=CARTESIAN_POINT('',(-247.436,62.081,-353.407));
#3892=CARTESIAN_POINT('',(-243.09,61.662,-406.662));
#3893=CARTESIAN_POINT('',(-231.542,68.602,-457.73));
#3894=CARTESIAN_POINT('',(-217.428,87.854,-510.859));
#3895=CARTESIAN_POINT('',(-207.392,116.095,-558.266));
#3896=CARTESIAN_POINT('',(-191.531,151.614,-600.871));
#3897=CARTESIAN_POINT('',(-171.989,193.96,-641.477));
#3898=CARTESIAN_POINT('',(-144.263,231.509,-679.88));
#3899=CARTESIAN_POINT('',(-114.123,261.316,-713.275));
#3900=CARTESIAN_POINT('',(-77.69,287.472,-743.831));
#3901=CARTESIAN_POINT('',(-39.77,306.778,-780.698));
#3902=CARTESIAN_POINT('',(-7.759,301.636,-797.633));
#3903=CARTESIAN_POINT('',(1.4,294.68,-804.183));
#3904=CARTESIAN_POINT('',(1.4,294.68,-804.183));
#3905=CARTESIAN_POINT('',(-1.377,283.998,-813.195));
#3906=CARTESIAN_POINT('',(-6.231,255.114,-831.072));
#3907=CARTESIAN_POINT('',(-13.772,200.801,-854.089));
#3908=CARTESIAN_POINT('',(-20.171,139.753,-870.846));
#3909=CARTESIAN_POINT('',(-26.979,76.3579999999999,-883.655));
#3910=CARTESIAN_POINT('',(-34.075,12.993,-891.715));
#3911=CARTESIAN_POINT('',(-45.036,-48.402,-893.835));
#3912=CARTESIAN_POINT('',(-49.984,-119.063,-892.605));
#3913=CARTESIAN_POINT('',(-57.642,-185.299,-883.882));
#3914=CARTESIAN_POINT('',(-67.027,-254.771,-867.484));
#3915=CARTESIAN_POINT('',(-65.984,-308.614,-841.997));
#3916=CARTESIAN_POINT('',(-65.777,-370.535,-817.931));
#3917=CARTESIAN_POINT('',(-67.719,-394.581,-760.683));
#3918=CARTESIAN_POINT('',(-66.408,-390.891,-704.051));
#3919=CARTESIAN_POINT('',(-65.565,-391.453,-649.912));
#3920=CARTESIAN_POINT('',(-59.516,-384.192,-594.632));
#3921=CARTESIAN_POINT('',(-57.897,-379.558,-541.683));
#3922=CARTESIAN_POINT('',(-50.648,-378.648,-486.832));
#3923=CARTESIAN_POINT('',(-40.711,-383.205,-438.056));
#3924=CARTESIAN_POINT('',(-40.633,-389.427,-388.297));
#3925=CARTESIAN_POINT('',(-25.221,-394.455,-361.293));
#3926=CARTESIAN_POINT('',(-14.212,-399.163,-332.141));
#3927=CARTESIAN_POINT('',(-11.161,-402.636,-316.574));
#3928=CARTESIAN_POINT('',(-12.804,-403.609,-310.155));
#3929=CARTESIAN_POINT('',(-12.804,-403.609,-310.155));
#3930=CARTESIAN_POINT('',(-17.971,-404.556,-303.484));
#3931=CARTESIAN_POINT('',(-27.467,-406.599,-291.187));
#3932=CARTESIAN_POINT('',(-44.88,-407.857,-282.355));
#3933=CARTESIAN_POINT('',(-60.476,-413.378,-253.229));
#3934=CARTESIAN_POINT('',(-95.823,-413.699,-249.169));
#3935=CARTESIAN_POINT('',(-123.003,-413.682,-247.019));
#3936=CARTESIAN_POINT('',(-155.836,-418.589,-221.882));
#3937=CARTESIAN_POINT('',(-190.984,-423.483,-199.87));
#3938=CARTESIAN_POINT('',(-229.665,-429.251,-177.614));
#3939=CARTESIAN_POINT('',(-273.401,-435.636,-152.817));
#3940=CARTESIAN_POINT('',(-311.612,-443.51,-127.001));
#3941=CARTESIAN_POINT('',(-342.972,-452.138,-101.865));
#3942=CARTESIAN_POINT('',(-373.853,-464.11,-64.219));
#3943=CARTESIAN_POINT('',(-401.532,-475.188,-34.447));
#3944=CARTESIAN_POINT('',(-434.177,-488.131,2.82599999999998));
#3945=CARTESIAN_POINT('',(-461.216,-499.675,33.434));
#3946=CARTESIAN_POINT('',(-494.638,-514.181,59.823));
#3947=CARTESIAN_POINT('',(-531.194,-521.648,94.015));
#3948=CARTESIAN_POINT('',(-549.069,-498.168,137.104));
#3949=CARTESIAN_POINT('',(-561.995,-476.149,171.742));
#3950=CARTESIAN_POINT('',(-571.683,-448.846,197.585));
#3951=CARTESIAN_POINT('',(-572.427,-418.034,230.487));
#3952=CARTESIAN_POINT('',(-572.645,-399.888,242.651));
#3953=CARTESIAN_POINT('',(-570.414,-395.931,252.177));
#3954=CARTESIAN_POINT('',(-570.414,-395.931,252.177));
#3955=CARTESIAN_POINT('',(-571.821,-386.525,252.837));
#3956=CARTESIAN_POINT('',(-578.487,-371.612,248.028));
#3957=CARTESIAN_POINT('',(-586.671,-352.168,229.759));
#3958=CARTESIAN_POINT('',(-604.135,-333.824,213.966));
#3959=CARTESIAN_POINT('',(-621.095,-296.446,194.451));
#3960=CARTESIAN_POINT('',(-628.074,-263.141,178.246));
#3961=CARTESIAN_POINT('',(-626.004,-218.158,159.262));
#3962=CARTESIAN_POINT('',(-620.994,-180.829,134.294));
#3963=CARTESIAN_POINT('',(-605.978,-138.444,112.925));
#3964=CARTESIAN_POINT('',(-580.944,-103.036,94.595));
#3965=CARTESIAN_POINT('',(-549.662,-70.099,79.489));
#3966=CARTESIAN_POINT('',(-512.988,-51.632,63.063));
#3967=CARTESIAN_POINT('',(-475.384,-37.282,44.582));
#3968=CARTESIAN_POINT('',(-434.373,-31.019,36.03));
#3969=CARTESIAN_POINT('',(-395.65,-12.657,29.956));
#3970=CARTESIAN_POINT('',(-360.776,0.371000000000013,28.653));
#3971=CARTESIAN_POINT('',(-326.085,16.011,22.882));
#3972=CARTESIAN_POINT('',(-293.984,29.399,34.225));
#3973=CARTESIAN_POINT('',(-267.494,44.957,35.056));
#3974=CARTESIAN_POINT('',(-251.222,65.856,39.912));
#3975=CARTESIAN_POINT('',(-245.907,91.392,35.556));
#3976=CARTESIAN_POINT('',(-249.437,110.117,22.501));
#3977=CARTESIAN_POINT('',(-253.246,119.664,18.395));
#3978=CARTESIAN_POINT('',(-253.188,122.022,13.625));
#3979=CARTESIAN_POINT('',(49.651,666.859,589.751));
#3980=CARTESIAN_POINT('',(59.195,668.198,592.739));
#3981=CARTESIAN_POINT('',(98.938,682.223,575.802));
#3982=CARTESIAN_POINT('',(110.764,634.011,527.985));
#3983=CARTESIAN_POINT('',(113.7,617.424,487.106));
#3984=CARTESIAN_POINT('',(122.401,566.85,425.587));
#3985=CARTESIAN_POINT('',(134.817,560.21,330.485));
#3986=CARTESIAN_POINT('',(188.919,599.172,293.885));
#3987=CARTESIAN_POINT('',(220.631,606.063,237.669));
#3988=CARTESIAN_POINT('',(259.274,608.769,190.075));
#3989=CARTESIAN_POINT('',(288.74,587.975,135.636));
#3990=CARTESIAN_POINT('',(309.422,548.752,93.532));
#3991=CARTESIAN_POINT('',(329.181,502.099,60.035));
#3992=CARTESIAN_POINT('',(343.921,455.464,30.844));
#3993=CARTESIAN_POINT('',(355.078,402.673,5.522));
#3994=CARTESIAN_POINT('',(362.52,352.323,-9.869));
#3995=CARTESIAN_POINT('',(357.15,292.078,-26.306));
#3996=CARTESIAN_POINT('',(339.4,238.474,-26.623));
#3997=CARTESIAN_POINT('',(318.142,199.896,-16.608));
#3998=CARTESIAN_POINT('',(291.863,158.851,2.115));
#3999=CARTESIAN_POINT('',(263.206,127.908,-0.65));
#4000=CARTESIAN_POINT('',(252.407,115.829,-7.743));
#4001=CARTESIAN_POINT('',(238.059,96.642,-10.555));
#4002=CARTESIAN_POINT('',(238.888,85.078,-9.398));
#4003=CARTESIAN_POINT('',(239.959,77.488,-13.312));
#4004=CARTESIAN_POINT('',(239.959,77.488,-13.312));
#4005=CARTESIAN_POINT('',(241.537,74.056,-7.948));
#4006=CARTESIAN_POINT('',(252.602,58.883,-4.071));
#4007=CARTESIAN_POINT('',(265.53,44.249,7.328));
#4008=CARTESIAN_POINT('',(287.839,25.628,3.178));
#4009=CARTESIAN_POINT('',(306.415,14.759,0.386999999999996));
#4010=CARTESIAN_POINT('',(323.553,3.9,1.942));
#4011=CARTESIAN_POINT('',(351.154,-12.898,-1.10200000000001));
#4012=CARTESIAN_POINT('',(379.149,-30.112,0.324999999999993));
#4013=CARTESIAN_POINT('',(407.741,-48.,3.16099999999999));
#4014=CARTESIAN_POINT('',(449.106,-58.884,-0.67200000000001));
#4015=CARTESIAN_POINT('',(494.761,-66.853,-0.650000000000012));
#4016=CARTESIAN_POINT('',(529.222,-88.229,9.11199999999999));
#4017=CARTESIAN_POINT('',(560.138,-110.869,21.301));
#4018=CARTESIAN_POINT('',(583.449,-138.919,39.652));
#4019=CARTESIAN_POINT('',(597.563,-170.831,60.872));
#4020=CARTESIAN_POINT('',(607.727,-204.501,81.662));
#4021=CARTESIAN_POINT('',(614.739,-238.911,92.157));
#4022=CARTESIAN_POINT('',(623.199,-275.415,99.9));
#4023=CARTESIAN_POINT('',(620.333,-311.95,109.67));
#4024=CARTESIAN_POINT('',(614.203,-348.034,118.07));
#4025=CARTESIAN_POINT('',(602.349,-384.643,124.264));
#4026=CARTESIAN_POINT('',(587.743,-399.409,150.725));
#4027=CARTESIAN_POINT('',(576.623,-410.192,162.378));
#4028=CARTESIAN_POINT('',(571.522,-414.004,171.801));
#4029=CARTESIAN_POINT('',(571.522,-414.004,171.801));
#4030=CARTESIAN_POINT('',(568.482,-408.3,182.96));
#4031=CARTESIAN_POINT('',(564.512,-406.076,192.391));
#4032=CARTESIAN_POINT('',(553.606,-399.101,225.522));
#4033=CARTESIAN_POINT('',(541.685,-399.794,250.148));
#4034=CARTESIAN_POINT('',(526.363,-405.859,278.247));
#4035=CARTESIAN_POINT('',(510.6,-410.122,306.023));
#4036=CARTESIAN_POINT('',(490.3,-413.793,344.147));
#4037=CARTESIAN_POINT('',(464.861,-411.851,379.253));
#4038=CARTESIAN_POINT('',(439.204,-408.778,416.976));
#4039=CARTESIAN_POINT('',(413.177,-401.557,449.75));
#4040=CARTESIAN_POINT('',(383.914,-387.768,483.721));
#4041=CARTESIAN_POINT('',(352.725,-370.181,510.521));
#4042=CARTESIAN_POINT('',(321.553,-353.481,540.139));
#4043=CARTESIAN_POINT('',(286.155,-333.82,560.199));
#4044=CARTESIAN_POINT('',(252.598,-310.872,581.573));
#4045=CARTESIAN_POINT('',(217.28,-284.418,593.893));
#4046=CARTESIAN_POINT('',(194.878,-251.083,613.503));
#4047=CARTESIAN_POINT('',(170.126,-220.605,620.608));
#4048=CARTESIAN_POINT('',(140.929,-193.05,616.354));
#4049=CARTESIAN_POINT('',(115.182,-157.913,612.638));
#4050=CARTESIAN_POINT('',(85.29,-143.16,597.86));
#4051=CARTESIAN_POINT('',(63.862,-138.848,588.758));
#4052=CARTESIAN_POINT('',(42.255,-126.234,587.928));
#4053=CARTESIAN_POINT('',(35.173,-122.365,581.71));
#4054=CARTESIAN_POINT('',(35.173,-122.365,581.71));
#4055=CARTESIAN_POINT('',(38.042,-116.601,576.148));
#4056=CARTESIAN_POINT('',(49.861,-101.685,562.855));
#4057=CARTESIAN_POINT('',(45.044,-80.85,544.744));
#4058=CARTESIAN_POINT('',(43.131,-61.477,527.896));
#4059=CARTESIAN_POINT('',(43.33,-38.478,503.7));
#4060=CARTESIAN_POINT('',(37.049,-12.99,474.818));
#4061=CARTESIAN_POINT('',(44.459,15.298,435.494));
#4062=CARTESIAN_POINT('',(43.698,41.742,398.845));
#4063=CARTESIAN_POINT('',(36.498,79.807,355.824));
#4064=CARTESIAN_POINT('',(39.292,156.324,363.373));
#4065=CARTESIAN_POINT('',(43.59,218.935,424.101));
#4066=CARTESIAN_POINT('',(51.507,261.095,475.405));
#4067=CARTESIAN_POINT('',(63.017,307.606,552.265));
#4068=CARTESIAN_POINT('',(69.935,335.657,601.682));
#4069=CARTESIAN_POINT('',(96.883,371.843,645.935));
#4070=CARTESIAN_POINT('',(87.114,412.68,608.057));
#4071=CARTESIAN_POINT('',(77.915,412.012,553.91));
#4072=CARTESIAN_POINT('',(68.239,442.359,496.504));
#4073=CARTESIAN_POINT('',(59.05,485.387,517.116));
#4074=CARTESIAN_POINT('',(56.892,520.834,546.131));
#4075=CARTESIAN_POINT('',(39.668,563.188,560.82));
#4076=CARTESIAN_POINT('',(32.521,625.553,585.873));
#4077=CARTESIAN_POINT('',(43.126,652.95,590.586));
#4078=CARTESIAN_POINT('',(49.651,666.859,589.751));
#4079=CARTESIAN_POINT('',(-253.188,122.022,13.625));
#4080=CARTESIAN_POINT('',(-256.411,129.915,13.022));
#4081=CARTESIAN_POINT('',(-267.276,145.218,13.465));
#4082=CARTESIAN_POINT('',(-283.07,167.431,24.306));
#4083=CARTESIAN_POINT('',(-298.066,189.56,29.846));
#4084=CARTESIAN_POINT('',(-312.546,213.388,30.372));
#4085=CARTESIAN_POINT('',(-332.856,249.228,26.612));
#4086=CARTESIAN_POINT('',(-352.146,295.422,36.73));
#4087=CARTESIAN_POINT('',(-358.563,346.942,47.768));
#4088=CARTESIAN_POINT('',(-350.759,396.946,70.712));
#4089=CARTESIAN_POINT('',(-330.069,444.53,88.508));
#4090=CARTESIAN_POINT('',(-306.371,489.525,117.962));
#4091=CARTESIAN_POINT('',(-285.385,531.552,153.655));
#4092=CARTESIAN_POINT('',(-258.279,573.405,193.414));
#4093=CARTESIAN_POINT('',(-226.474,597.34,240.169));
#4094=CARTESIAN_POINT('',(-188.784,605.084,284.012));
#4095=CARTESIAN_POINT('',(-144.061,594.583,315.656));
#4096=CARTESIAN_POINT('',(-114.417,565.365,354.891));
#4097=CARTESIAN_POINT('',(-98.715,573.737,424.148));
#4098=CARTESIAN_POINT('',(-102.696,609.047,492.112));
#4099=CARTESIAN_POINT('',(-67.025,656.653,543.379));
#4100=CARTESIAN_POINT('',(-41.739,689.993,568.296));
#4101=CARTESIAN_POINT('',(7.04599999999999,707.861,594.816));
#4102=CARTESIAN_POINT('',(48.492,673.796,591.22));
#4103=CARTESIAN_POINT('',(49.651,666.859,589.751));
#4104=CARTESIAN_POINT('',(239.959,77.488,-13.312));
#4105=CARTESIAN_POINT('',(235.736,77.689,-18.572));
#4106=CARTESIAN_POINT('',(240.378,67.174,-25.944));
#4107=CARTESIAN_POINT('',(234.221,63.083,-48.106));
#4108=CARTESIAN_POINT('',(233.084,54.07,-67.231));
#4109=CARTESIAN_POINT('',(237.659,43.204,-96.503));
#4110=CARTESIAN_POINT('',(240.96,38.634,-127.25));
#4111=CARTESIAN_POINT('',(240.287,38.524,-163.839));
#4112=CARTESIAN_POINT('',(241.494,40.929,-208.404));
#4113=CARTESIAN_POINT('',(250.729,40.164,-255.002));
#4114=CARTESIAN_POINT('',(254.953,38.74,-297.174));
#4115=CARTESIAN_POINT('',(230.348,46.363,-329.339));
#4116=CARTESIAN_POINT('',(231.186,41.868,-388.546));
#4117=CARTESIAN_POINT('',(223.234,45.031,-442.944));
#4118=CARTESIAN_POINT('',(225.497,63.594,-502.043));
#4119=CARTESIAN_POINT('',(223.914,84.482,-547.047));
#4120=CARTESIAN_POINT('',(212.187,115.073,-592.615));
#4121=CARTESIAN_POINT('',(204.899,149.662,-634.203));
#4122=CARTESIAN_POINT('',(189.134,188.824,-670.853));
#4123=CARTESIAN_POINT('',(167.578,224.391,-704.397));
#4124=CARTESIAN_POINT('',(141.005,256.169,-735.693));
#4125=CARTESIAN_POINT('',(87.422,299.768,-760.806));
#4126=CARTESIAN_POINT('',(42.467,311.523,-799.626));
#4127=CARTESIAN_POINT('',(12.868,296.697,-801.709));
#4128=CARTESIAN_POINT('',(1.4,294.68,-804.183));
#4129=CARTESIAN_POINT('',(-570.414,-395.931,252.177));
#4130=CARTESIAN_POINT('',(-567.746,-396.69,258.004));
#4131=CARTESIAN_POINT('',(-560.08,-399.38,274.663));
#4132=CARTESIAN_POINT('',(-544.841,-398.53,306.037));
#4133=CARTESIAN_POINT('',(-529.162,-394.435,338.952));
#4134=CARTESIAN_POINT('',(-509.488,-389.36,372.11));
#4135=CARTESIAN_POINT('',(-487.828,-383.148,404.809));
#4136=CARTESIAN_POINT('',(-464.374,-378.761,438.229));
#4137=CARTESIAN_POINT('',(-435.433,-368.668,471.5));
#4138=CARTESIAN_POINT('',(-404.809,-359.08,499.809));
#4139=CARTESIAN_POINT('',(-373.581,-346.835,529.821));
#4140=CARTESIAN_POINT('',(-339.834,-330.142,551.615));
#4141=CARTESIAN_POINT('',(-303.368,-308.707,575.112));
#4142=CARTESIAN_POINT('',(-264.667,-285.97,589.967));
#4143=CARTESIAN_POINT('',(-233.53,-265.009,602.244));
#4144=CARTESIAN_POINT('',(-201.027,-243.107,632.77));
#4145=CARTESIAN_POINT('',(-159.178,-220.714,631.183));
#4146=CARTESIAN_POINT('',(-122.071,-203.15,640.905));
#4147=CARTESIAN_POINT('',(-84.487,-196.441,623.181));
#4148=CARTESIAN_POINT('',(-53.913,-169.048,635.169));
#4149=CARTESIAN_POINT('',(-22.674,-157.414,627.533));
#4150=CARTESIAN_POINT('',(1.326,-130.917,608.79));
#4151=CARTESIAN_POINT('',(20.976,-134.687,593.406));
#4152=CARTESIAN_POINT('',(30.115,-122.578,585.044));
#4153=CARTESIAN_POINT('',(35.173,-122.365,581.71));
#4154=CARTESIAN_POINT('',(571.522,-414.004,171.801));
#4155=CARTESIAN_POINT('',(568.268,-418.952,170.969));
#4156=CARTESIAN_POINT('',(562.832,-441.391,162.364));
#4157=CARTESIAN_POINT('',(557.214,-463.893,136.388));
#4158=CARTESIAN_POINT('',(545.334,-489.79,132.435));
#4159=CARTESIAN_POINT('',(525.858,-515.598,105.401));
#4160=CARTESIAN_POINT('',(506.093,-549.861,75.205));
#4161=CARTESIAN_POINT('',(469.371,-561.165,46.461));
#4162=CARTESIAN_POINT('',(429.04,-538.596,23.731));
#4163=CARTESIAN_POINT('',(393.388,-528.818,-6.02100000000002));
#4164=CARTESIAN_POINT('',(355.173,-515.983,-26.785));
#4165=CARTESIAN_POINT('',(320.69,-499.22,-57.453));
#4166=CARTESIAN_POINT('',(284.858,-486.803,-73.815));
#4167=CARTESIAN_POINT('',(255.091,-473.409,-100.631));
#4168=CARTESIAN_POINT('',(230.142,-460.146,-132.435));
#4169=CARTESIAN_POINT('',(195.11,-448.422,-157.7));
#4170=CARTESIAN_POINT('',(170.312,-437.632,-187.6));
#4171=CARTESIAN_POINT('',(140.489,-429.833,-211.431));
#4172=CARTESIAN_POINT('',(113.591,-423.268,-229.007));
#4173=CARTESIAN_POINT('',(81.182,-418.587,-247.701));
#4174=CARTESIAN_POINT('',(54.058,-414.937,-262.202));
#4175=CARTESIAN_POINT('',(28.177,-410.259,-276.882));
#4176=CARTESIAN_POINT('',(3.192,-406.681,-293.932));
#4177=CARTESIAN_POINT('',(-10.722,-404.211,-306.578));
#4178=CARTESIAN_POINT('',(-12.804,-403.609,-310.155));
#4179=CARTESIAN_POINT('',(0.,0.,0.));
ENDSEC;
END-ISO-10303-21;
