ISO-10303-21;
HEADER;
/* Generated by software containing ST-Developer
 * from STEP Tools, Inc. (www.steptools.com) 
 */
/* OPTION: using custom schema-name function */

FILE_DESCRIPTION(
/* description */ (''),
/* implementation_level */ '2;1');

FILE_NAME(
/* name */ 'moai',
/* time_stamp */ '2026-06-03T09:55:21+08:00',
/* author */ (''),
/* organization */ (''),
/* preprocessor_version */ 'ST-DEVELOPER v19.2',
/* originating_system */ 'Rhino 8.4',
/* authorisation */ '');

FILE_SCHEMA (('AUTOMOTIVE_DESIGN'));
ENDSEC;

DATA;
#10=SHAPE_REPRESENTATION_RELATIONSHIP('','',#113,#13);
#11=PRESENTATION_LAYER_ASSIGNMENT('IGES level 0','',(#12));
#12=MANIFOLD_SOLID_BREP('brep_1',#14);
#13=ADVANCED_BREP_SHAPE_REPRESENTATION('brep_rep_0',(#12,#115),#112);
#14=CLOSED_SHELL('',(#15,#16,#17,#18,#19,#20));
#15=ADVANCED_FACE('',(#21),#89,.T.);
#16=ADVANCED_FACE('',(#22),#90,.T.);
#17=ADVANCED_FACE('',(#23),#91,.T.);
#18=ADVANCED_FACE('',(#24),#92,.T.);
#19=ADVANCED_FACE('',(#25),#93,.T.);
#20=ADVANCED_FACE('',(#26),#94,.T.);
#21=FACE_OUTER_BOUND('',#27,.T.);
#22=FACE_OUTER_BOUND('',#28,.T.);
#23=FACE_OUTER_BOUND('',#29,.T.);
#24=FACE_OUTER_BOUND('',#30,.T.);
#25=FACE_OUTER_BOUND('',#31,.T.);
#26=FACE_OUTER_BOUND('',#32,.T.);
#27=EDGE_LOOP('',(#33,#34,#35,#36));
#28=EDGE_LOOP('',(#37,#38,#39,#40));
#29=EDGE_LOOP('',(#41,#42,#43,#44));
#30=EDGE_LOOP('',(#45,#46,#47,#48));
#31=EDGE_LOOP('',(#49,#50,#51,#52));
#32=EDGE_LOOP('',(#53,#54,#55,#56));
#33=ORIENTED_EDGE('',*,*,#57,.T.);
#34=ORIENTED_EDGE('',*,*,#58,.T.);
#35=ORIENTED_EDGE('',*,*,#59,.T.);
#36=ORIENTED_EDGE('',*,*,#60,.T.);
#37=ORIENTED_EDGE('',*,*,#61,.T.);
#38=ORIENTED_EDGE('',*,*,#60,.F.);
#39=ORIENTED_EDGE('',*,*,#62,.T.);
#40=ORIENTED_EDGE('',*,*,#63,.T.);
#41=ORIENTED_EDGE('',*,*,#66,.F.);
#42=ORIENTED_EDGE('',*,*,#65,.F.);
#43=ORIENTED_EDGE('',*,*,#58,.F.);
#44=ORIENTED_EDGE('',*,*,#64,.F.);
#45=ORIENTED_EDGE('',*,*,#67,.T.);
#46=ORIENTED_EDGE('',*,*,#64,.T.);
#47=ORIENTED_EDGE('',*,*,#57,.F.);
#48=ORIENTED_EDGE('',*,*,#61,.F.);
#49=ORIENTED_EDGE('',*,*,#62,.F.);
#50=ORIENTED_EDGE('',*,*,#59,.F.);
#51=ORIENTED_EDGE('',*,*,#65,.T.);
#52=ORIENTED_EDGE('',*,*,#68,.F.);
#53=ORIENTED_EDGE('',*,*,#63,.F.);
#54=ORIENTED_EDGE('',*,*,#68,.T.);
#55=ORIENTED_EDGE('',*,*,#66,.T.);
#56=ORIENTED_EDGE('',*,*,#67,.F.);
#57=EDGE_CURVE('',#81,#82,#69,.T.);
#58=EDGE_CURVE('',#82,#83,#70,.T.);
#59=EDGE_CURVE('',#83,#84,#71,.T.);
#60=EDGE_CURVE('',#84,#81,#72,.T.);
#61=EDGE_CURVE('',#85,#81,#73,.T.);
#62=EDGE_CURVE('',#84,#86,#74,.T.);
#63=EDGE_CURVE('',#86,#85,#75,.T.);
#64=EDGE_CURVE('',#87,#82,#76,.T.);
#65=EDGE_CURVE('',#83,#88,#77,.T.);
#66=EDGE_CURVE('',#88,#87,#78,.T.);
#67=EDGE_CURVE('',#85,#87,#79,.T.);
#68=EDGE_CURVE('',#86,#88,#80,.T.);
#69=(
BOUNDED_CURVE()
B_SPLINE_CURVE(3,(#3879,#3880,#3881,#3882,#3883,#3884,#3885,#3886,#3887,
#3888,#3889,#3890,#3891,#3892,#3893,#3894,#3895,#3896,#3897,#3898,#3899,
#3900,#3901,#3902,#3903),.UNSPECIFIED.,.F.,.F.)
B_SPLINE_CURVE_WITH_KNOTS((4,1,1,1,1,1,1,1,1,1,1,1,1,1,1,1,1,1,1,1,1,1,
4),(0.,0.045455,0.090909,0.136364,0.181818,0.227273,0.272727,0.318182,0.363636,
0.409091,0.454545,0.5,0.545455,0.590909,0.636364,0.681818,0.727273,0.772727,
0.818182,0.863636,0.909091,0.954545,1.),.UNSPECIFIED.)
CURVE()
GEOMETRIC_REPRESENTATION_ITEM()
RATIONAL_B_SPLINE_CURVE((1.,1.,1.,1.,1.,1.,1.,1.,1.,1.,1.,1.,1.,1.,1.,1.,
1.,1.,1.,1.,1.,1.,1.,1.,1.))
REPRESENTATION_ITEM('')
);
#70=(
BOUNDED_CURVE()
B_SPLINE_CURVE(3,(#3904,#3905,#3906,#3907,#3908,#3909,#3910,#3911,#3912,
#3913,#3914,#3915,#3916,#3917,#3918,#3919,#3920,#3921,#3922,#3923,#3924,
#3925,#3926,#3927,#3928),.UNSPECIFIED.,.F.,.F.)
B_SPLINE_CURVE_WITH_KNOTS((4,1,1,1,1,1,1,1,1,1,1,1,1,1,1,1,1,1,1,1,1,1,
4),(0.,0.045455,0.090909,0.136364,0.181818,0.227273,0.272727,0.318182,0.363636,
0.409091,0.454545,0.5,0.545455,0.590909,0.636364,0.681818,0.727273,0.772727,
0.818182,0.863636,0.909091,0.954545,1.),.UNSPECIFIED.)
CURVE()
GEOMETRIC_REPRESENTATION_ITEM()
RATIONAL_B_SPLINE_CURVE((1.,1.,1.,1.,1.,1.,1.,1.,1.,1.,1.,1.,1.,1.,1.,1.,
1.,1.,1.,1.,1.,1.,1.,1.,1.))
REPRESENTATION_ITEM('')
);
#71=(
BOUNDED_CURVE()
B_SPLINE_CURVE(3,(#3929,#3930,#3931,#3932,#3933,#3934,#3935,#3936,#3937,
#3938,#3939,#3940,#3941,#3942,#3943,#3944,#3945,#3946,#3947,#3948,#3949,
#3950,#3951,#3952,#3953),.UNSPECIFIED.,.F.,.F.)
B_SPLINE_CURVE_WITH_KNOTS((4,1,1,1,1,1,1,1,1,1,1,1,1,1,1,1,1,1,1,1,1,1,
4),(-1.,-0.954545,-0.909091,-0.863636,-0.818182,-0.772727,-0.727273,-0.681818,
-0.636364,-0.590909,-0.545455,-0.5,-0.454545,-0.409091,-0.363636,-0.318182,
-0.272727,-0.227273,-0.181818,-0.136364,-0.090909,-0.045455,0.),
 .UNSPECIFIED.)
CURVE()
GEOMETRIC_REPRESENTATION_ITEM()
RATIONAL_B_SPLINE_CURVE((1.,1.,1.,1.,1.,1.,1.,1.,1.,1.,1.,1.,1.,1.,1.,1.,
1.,1.,1.,1.,1.,1.,1.,1.,1.))
REPRESENTATION_ITEM('')
);
#72=(
BOUNDED_CURVE()
B_SPLINE_CURVE(3,(#3954,#3955,#3956,#3957,#3958,#3959,#3960,#3961,#3962,
#3963,#3964,#3965,#3966,#3967,#3968,#3969,#3970,#3971,#3972,#3973,#3974,
#3975,#3976,#3977,#3978),.UNSPECIFIED.,.F.,.F.)
B_SPLINE_CURVE_WITH_KNOTS((4,1,1,1,1,1,1,1,1,1,1,1,1,1,1,1,1,1,1,1,1,1,
4),(-1.,-0.954545,-0.909091,-0.863636,-0.818182,-0.772727,-0.727273,-0.681818,
-0.636364,-0.590909,-0.545455,-0.5,-0.454545,-0.409091,-0.363636,-0.318182,
-0.272727,-0.227273,-0.181818,-0.136364,-0.090909,-0.045455,0.),
 .UNSPECIFIED.)
CURVE()
GEOMETRIC_REPRESENTATION_ITEM()
RATIONAL_B_SPLINE_CURVE((1.,1.,1.,1.,1.,1.,1.,1.,1.,1.,1.,1.,1.,1.,1.,1.,
1.,1.,1.,1.,1.,1.,1.,1.,1.))
REPRESENTATION_ITEM('')
);
#73=(
BOUNDED_CURVE()
B_SPLINE_CURVE(3,(#3979,#3980,#3981,#3982,#3983,#3984,#3985,#3986,#3987,
#3988,#3989,#3990,#3991,#3992,#3993,#3994,#3995,#3996,#3997,#3998,#3999,
#4000,#4001,#4002,#4003),.UNSPECIFIED.,.F.,.F.)
B_SPLINE_CURVE_WITH_KNOTS((4,1,1,1,1,1,1,1,1,1,1,1,1,1,1,1,1,1,1,1,1,1,
4),(0.,0.045455,0.090909,0.136364,0.181818,0.227273,0.272727,0.318182,0.363636,
0.409091,0.454545,0.5,0.545455,0.590909,0.636364,0.681818,0.727273,0.772727,
0.818182,0.863636,0.909091,0.954545,1.),.UNSPECIFIED.)
CURVE()
GEOMETRIC_REPRESENTATION_ITEM()
RATIONAL_B_SPLINE_CURVE((1.,1.,1.,1.,1.,1.,1.,1.,1.,1.,1.,1.,1.,1.,1.,1.,
1.,1.,1.,1.,1.,1.,1.,1.,1.))
REPRESENTATION_ITEM('')
);
#74=(
BOUNDED_CURVE()
B_SPLINE_CURVE(3,(#4004,#4005,#4006,#4007,#4008,#4009,#4010,#4011,#4012,
#4013,#4014,#4015,#4016,#4017,#4018,#4019,#4020,#4021,#4022,#4023,#4024,
#4025,#4026,#4027,#4028),.UNSPECIFIED.,.F.,.F.)
B_SPLINE_CURVE_WITH_KNOTS((4,1,1,1,1,1,1,1,1,1,1,1,1,1,1,1,1,1,1,1,1,1,
4),(-1.,-0.954545,-0.909091,-0.863636,-0.818182,-0.772727,-0.727273,-0.681818,
-0.636364,-0.590909,-0.545455,-0.5,-0.454545,-0.409091,-0.363636,-0.318182,
-0.272727,-0.227273,-0.181818,-0.136364,-0.090909,-0.045455,0.),
 .UNSPECIFIED.)
CURVE()
GEOMETRIC_REPRESENTATION_ITEM()
RATIONAL_B_SPLINE_CURVE((1.,1.,1.,1.,1.,1.,1.,1.,1.,1.,1.,1.,1.,1.,1.,1.,
1.,1.,1.,1.,1.,1.,1.,1.,1.))
REPRESENTATION_ITEM('')
);
#75=(
BOUNDED_CURVE()
B_SPLINE_CURVE(3,(#4029,#4030,#4031,#4032,#4033,#4034,#4035,#4036,#4037,
#4038,#4039,#4040,#4041,#4042,#4043,#4044,#4045,#4046,#4047,#4048,#4049,
#4050,#4051,#4052,#4053),.UNSPECIFIED.,.F.,.F.)
B_SPLINE_CURVE_WITH_KNOTS((4,1,1,1,1,1,1,1,1,1,1,1,1,1,1,1,1,1,1,1,1,1,
4),(-1.,-0.954545,-0.909091,-0.863636,-0.818182,-0.772727,-0.727273,-0.681818,
-0.636364,-0.590909,-0.545455,-0.5,-0.454545,-0.409091,-0.363636,-0.318182,
-0.272727,-0.227273,-0.181818,-0.136364,-0.090909,-0.045455,0.),
 .UNSPECIFIED.)
CURVE()
GEOMETRIC_REPRESENTATION_ITEM()
RATIONAL_B_SPLINE_CURVE((1.,1.,1.,1.,1.,1.,1.,1.,1.,1.,1.,1.,1.,1.,1.,1.,
1.,1.,1.,1.,1.,1.,1.,1.,1.))
REPRESENTATION_ITEM('')
);
#76=(
BOUNDED_CURVE()
B_SPLINE_CURVE(3,(#4054,#4055,#4056,#4057,#4058,#4059,#4060,#4061,#4062,
#4063,#4064,#4065,#4066,#4067,#4068,#4069,#4070,#4071,#4072,#4073,#4074,
#4075,#4076,#4077,#4078),.UNSPECIFIED.,.F.,.F.)
B_SPLINE_CURVE_WITH_KNOTS((4,1,1,1,1,1,1,1,1,1,1,1,1,1,1,1,1,1,1,1,1,1,
4),(0.,0.045455,0.090909,0.136364,0.181818,0.227273,0.272727,0.318182,0.363636,
0.409091,0.454545,0.5,0.545455,0.590909,0.636364,0.681818,0.727273,0.772727,
0.818182,0.863636,0.909091,0.954545,1.),.UNSPECIFIED.)
CURVE()
GEOMETRIC_REPRESENTATION_ITEM()
RATIONAL_B_SPLINE_CURVE((1.,1.,1.,1.,1.,1.,1.,1.,1.,1.,1.,1.,1.,1.,1.,1.,
1.,1.,1.,1.,1.,1.,1.,1.,1.))
REPRESENTATION_ITEM('')
);
#77=(
BOUNDED_CURVE()
B_SPLINE_CURVE(3,(#4079,#4080,#4081,#4082,#4083,#4084,#4085,#4086,#4087,
#4088,#4089,#4090,#4091,#4092,#4093,#4094,#4095,#4096,#4097,#4098,#4099,
#4100,#4101,#4102,#4103),.UNSPECIFIED.,.F.,.F.)
B_SPLINE_CURVE_WITH_KNOTS((4,1,1,1,1,1,1,1,1,1,1,1,1,1,1,1,1,1,1,1,1,1,
4),(-1.,-0.954545,-0.909091,-0.863636,-0.818182,-0.772727,-0.727273,-0.681818,
-0.636364,-0.590909,-0.545455,-0.5,-0.454545,-0.409091,-0.363636,-0.318182,
-0.272727,-0.227273,-0.181818,-0.136364,-0.090909,-0.045455,0.),
 .UNSPECIFIED.)
CURVE()
GEOMETRIC_REPRESENTATION_ITEM()
RATIONAL_B_SPLINE_CURVE((1.,1.,1.,1.,1.,1.,1.,1.,1.,1.,1.,1.,1.,1.,1.,1.,
1.,1.,1.,1.,1.,1.,1.,1.,1.))
REPRESENTATION_ITEM('')
);
#78=(
BOUNDED_CURVE()
B_SPLINE_CURVE(3,(#4104,#4105,#4106,#4107,#4108,#4109,#4110,#4111,#4112,
#4113,#4114,#4115,#4116,#4117,#4118,#4119,#4120,#4121,#4122,#4123,#4124,
#4125,#4126,#4127,#4128),.UNSPECIFIED.,.F.,.F.)
B_SPLINE_CURVE_WITH_KNOTS((4,1,1,1,1,1,1,1,1,1,1,1,1,1,1,1,1,1,1,1,1,1,
4),(-1.,-0.954545,-0.909091,-0.863636,-0.818182,-0.772727,-0.727273,-0.681818,
-0.636364,-0.590909,-0.545455,-0.5,-0.454545,-0.409091,-0.363636,-0.318182,
-0.272727,-0.227273,-0.181818,-0.136364,-0.090909,-0.045455,0.),
 .UNSPECIFIED.)
CURVE()
GEOMETRIC_REPRESENTATION_ITEM()
RATIONAL_B_SPLINE_CURVE((1.,1.,1.,1.,1.,1.,1.,1.,1.,1.,1.,1.,1.,1.,1.,1.,
1.,1.,1.,1.,1.,1.,1.,1.,1.))
REPRESENTATION_ITEM('')
);
#79=(
BOUNDED_CURVE()
B_SPLINE_CURVE(3,(#4129,#4130,#4131,#4132,#4133,#4134,#4135,#4136,#4137,
#4138,#4139,#4140,#4141,#4142,#4143,#4144,#4145,#4146,#4147,#4148,#4149,
#4150,#4151,#4152,#4153),.UNSPECIFIED.,.F.,.F.)
B_SPLINE_CURVE_WITH_KNOTS((4,1,1,1,1,1,1,1,1,1,1,1,1,1,1,1,1,1,1,1,1,1,
4),(0.,0.045455,0.090909,0.136364,0.181818,0.227273,0.272727,0.318182,0.363636,
0.409091,0.454545,0.5,0.545455,0.590909,0.636364,0.681818,0.727273,0.772727,
0.818182,0.863636,0.909091,0.954545,1.),.UNSPECIFIED.)
CURVE()
GEOMETRIC_REPRESENTATION_ITEM()
RATIONAL_B_SPLINE_CURVE((1.,1.,1.,1.,1.,1.,1.,1.,1.,1.,1.,1.,1.,1.,1.,1.,
1.,1.,1.,1.,1.,1.,1.,1.,1.))
REPRESENTATION_ITEM('')
);
#80=(
BOUNDED_CURVE()
B_SPLINE_CURVE(3,(#4154,#4155,#4156,#4157,#4158,#4159,#4160,#4161,#4162,
#4163,#4164,#4165,#4166,#4167,#4168,#4169,#4170,#4171,#4172,#4173,#4174,
#4175,#4176,#4177,#4178),.UNSPECIFIED.,.F.,.F.)
B_SPLINE_CURVE_WITH_KNOTS((4,1,1,1,1,1,1,1,1,1,1,1,1,1,1,1,1,1,1,1,1,1,
4),(0.,0.045455,0.090909,0.136364,0.181818,0.227273,0.272727,0.318182,0.363636,
0.409091,0.454545,0.5,0.545455,0.590909,0.636364,0.681818,0.727273,0.772727,
0.818182,0.863636,0.909091,0.954545,1.),.UNSPECIFIED.)
CURVE()
GEOMETRIC_REPRESENTATION_ITEM()
RATIONAL_B_SPLINE_CURVE((1.,1.,1.,1.,1.,1.,1.,1.,1.,1.,1.,1.,1.,1.,1.,1.,
1.,1.,1.,1.,1.,1.,1.,1.,1.))
REPRESENTATION_ITEM('')
);
#81=VERTEX_POINT('',#3871);
#82=VERTEX_POINT('',#3872);
#83=VERTEX_POINT('',#3873);
#84=VERTEX_POINT('',#3874);
#85=VERTEX_POINT('',#3875);
#86=VERTEX_POINT('',#3876);
#87=VERTEX_POINT('',#3877);
#88=VERTEX_POINT('',#3878);
#89=(
BOUNDED_SURFACE()
B_SPLINE_SURFACE(3,3,((#121,#122,#123,#124,#125,#126,#127,#128,#129,#130,
#131,#132,#133,#134,#135,#136,#137,#138,#139,#140,#141,#142,#143,#144,#145),
(#146,#147,#148,#149,#150,#151,#152,#153,#154,#155,#156,#157,#158,#159,
#160,#161,#162,#163,#164,#165,#166,#167,#168,#169,#170),(#171,#172,#173,
#174,#175,#176,#177,#178,#179,#180,#181,#182,#183,#184,#185,#186,#187,#188,
#189,#190,#191,#192,#193,#194,#195),(#196,#197,#198,#199,#200,#201,#202,
#203,#204,#205,#206,#207,#208,#209,#210,#211,#212,#213,#214,#215,#216,#217,
#218,#219,#220),(#221,#222,#223,#224,#225,#226,#227,#228,#229,#230,#231,
#232,#233,#234,#235,#236,#237,#238,#239,#240,#241,#242,#243,#244,#245),
(#246,#247,#248,#249,#250,#251,#252,#253,#254,#255,#256,#257,#258,#259,
#260,#261,#262,#263,#264,#265,#266,#267,#268,#269,#270),(#271,#272,#273,
#274,#275,#276,#277,#278,#279,#280,#281,#282,#283,#284,#285,#286,#287,#288,
#289,#290,#291,#292,#293,#294,#295),(#296,#297,#298,#299,#300,#301,#302,
#303,#304,#305,#306,#307,#308,#309,#310,#311,#312,#313,#314,#315,#316,#317,
#318,#319,#320),(#321,#322,#323,#324,#325,#326,#327,#328,#329,#330,#331,
#332,#333,#334,#335,#336,#337,#338,#339,#340,#341,#342,#343,#344,#345),
(#346,#347,#348,#349,#350,#351,#352,#353,#354,#355,#356,#357,#358,#359,
#360,#361,#362,#363,#364,#365,#366,#367,#368,#369,#370),(#371,#372,#373,
#374,#375,#376,#377,#378,#379,#380,#381,#382,#383,#384,#385,#386,#387,#388,
#389,#390,#391,#392,#393,#394,#395),(#396,#397,#398,#399,#400,#401,#402,
#403,#404,#405,#406,#407,#408,#409,#410,#411,#412,#413,#414,#415,#416,#417,
#418,#419,#420),(#421,#422,#423,#424,#425,#426,#427,#428,#429,#430,#431,
#432,#433,#434,#435,#436,#437,#438,#439,#440,#441,#442,#443,#444,#445),
(#446,#447,#448,#449,#450,#451,#452,#453,#454,#455,#456,#457,#458,#459,
#460,#461,#462,#463,#464,#465,#466,#467,#468,#469,#470),(#471,#472,#473,
#474,#475,#476,#477,#478,#479,#480,#481,#482,#483,#484,#485,#486,#487,#488,
#489,#490,#491,#492,#493,#494,#495),(#496,#497,#498,#499,#500,#501,#502,
#503,#504,#505,#506,#507,#508,#509,#510,#511,#512,#513,#514,#515,#516,#517,
#518,#519,#520),(#521,#522,#523,#524,#525,#526,#527,#528,#529,#530,#531,
#532,#533,#534,#535,#536,#537,#538,#539,#540,#541,#542,#543,#544,#545),
(#546,#547,#548,#549,#550,#551,#552,#553,#554,#555,#556,#557,#558,#559,
#560,#561,#562,#563,#564,#565,#566,#567,#568,#569,#570),(#571,#572,#573,
#574,#575,#576,#577,#578,#579,#580,#581,#582,#583,#584,#585,#586,#587,#588,
#589,#590,#591,#592,#593,#594,#595),(#596,#597,#598,#599,#600,#601,#602,
#603,#604,#605,#606,#607,#608,#609,#610,#611,#612,#613,#614,#615,#616,#617,
#618,#619,#620),(#621,#622,#623,#624,#625,#626,#627,#628,#629,#630,#631,
#632,#633,#634,#635,#636,#637,#638,#639,#640,#641,#642,#643,#644,#645),
(#646,#647,#648,#649,#650,#651,#652,#653,#654,#655,#656,#657,#658,#659,
#660,#661,#662,#663,#664,#665,#666,#667,#668,#669,#670),(#671,#672,#673,
#674,#675,#676,#677,#678,#679,#680,#681,#682,#683,#684,#685,#686,#687,#688,
#689,#690,#691,#692,#693,#694,#695),(#696,#697,#698,#699,#700,#701,#702,
#703,#704,#705,#706,#707,#708,#709,#710,#711,#712,#713,#714,#715,#716,#717,
#718,#719,#720),(#721,#722,#723,#724,#725,#726,#727,#728,#729,#730,#731,
#732,#733,#734,#735,#736,#737,#738,#739,#740,#741,#742,#743,#744,#745)),
 .UNSPECIFIED.,.F.,.F.,.F.)
B_SPLINE_SURFACE_WITH_KNOTS((4,1,1,1,1,1,1,1,1,1,1,1,1,1,1,1,1,1,1,1,1,
1,4),(4,1,1,1,1,1,1,1,1,1,1,1,1,1,1,1,1,1,1,1,1,1,4),(0.,0.045455,0.090909,
0.136364,0.181818,0.227273,0.272727,0.318182,0.363636,0.409091,0.454545,
0.5,0.545455,0.590909,0.636364,0.681818,0.727273,0.772727,0.818182,0.863636,
0.909091,0.954545,1.),(0.,0.045455,0.090909,0.136364,0.181818,0.227273,
0.272727,0.318182,0.363636,0.409091,0.454545,0.5,0.545455,0.590909,0.636364,
0.681818,0.727273,0.772727,0.818182,0.863636,0.909091,0.954545,1.),
 .UNSPECIFIED.)
GEOMETRIC_REPRESENTATION_ITEM()
RATIONAL_B_SPLINE_SURFACE(((1.,1.,1.,1.,1.,1.,1.,1.,1.,1.,1.,1.,1.,1.,1.,
1.,1.,1.,1.,1.,1.,1.,1.,1.,1.),(1.,1.,1.,1.,1.,1.,1.,1.,1.,1.,1.,1.,1.,
1.,1.,1.,1.,1.,1.,1.,1.,1.,1.,1.,1.),(1.,1.,1.,1.,1.,1.,1.,1.,1.,1.,1.,
1.,1.,1.,1.,1.,1.,1.,1.,1.,1.,1.,1.,1.,1.),(1.,1.,1.,1.,1.,1.,1.,1.,1.,
1.,1.,1.,1.,1.,1.,1.,1.,1.,1.,1.,1.,1.,1.,1.,1.),(1.,1.,1.,1.,1.,1.,1.,
1.,1.,1.,1.,1.,1.,1.,1.,1.,1.,1.,1.,1.,1.,1.,1.,1.,1.),(1.,1.,1.,1.,1.,
1.,1.,1.,1.,1.,1.,1.,1.,1.,1.,1.,1.,1.,1.,1.,1.,1.,1.,1.,1.),(1.,1.,1.,
1.,1.,1.,1.,1.,1.,1.,1.,1.,1.,1.,1.,1.,1.,1.,1.,1.,1.,1.,1.,1.,1.),(1.,
1.,1.,1.,1.,1.,1.,1.,1.,1.,1.,1.,1.,1.,1.,1.,1.,1.,1.,1.,1.,1.,1.,1.,1.),
(1.,1.,1.,1.,1.,1.,1.,1.,1.,1.,1.,1.,1.,1.,1.,1.,1.,1.,1.,1.,1.,1.,1.,1.,
1.),(1.,1.,1.,1.,1.,1.,1.,1.,1.,1.,1.,1.,1.,1.,1.,1.,1.,1.,1.,1.,1.,1.,
1.,1.,1.),(1.,1.,1.,1.,1.,1.,1.,1.,1.,1.,1.,1.,1.,1.,1.,1.,1.,1.,1.,1.,
1.,1.,1.,1.,1.),(1.,1.,1.,1.,1.,1.,1.,1.,1.,1.,1.,1.,1.,1.,1.,1.,1.,1.,
1.,1.,1.,1.,1.,1.,1.),(1.,1.,1.,1.,1.,1.,1.,1.,1.,1.,1.,1.,1.,1.,1.,1.,
1.,1.,1.,1.,1.,1.,1.,1.,1.),(1.,1.,1.,1.,1.,1.,1.,1.,1.,1.,1.,1.,1.,1.,
1.,1.,1.,1.,1.,1.,1.,1.,1.,1.,1.),(1.,1.,1.,1.,1.,1.,1.,1.,1.,1.,1.,1.,
1.,1.,1.,1.,1.,1.,1.,1.,1.,1.,1.,1.,1.),(1.,1.,1.,1.,1.,1.,1.,1.,1.,1.,
1.,1.,1.,1.,1.,1.,1.,1.,1.,1.,1.,1.,1.,1.,1.),(1.,1.,1.,1.,1.,1.,1.,1.,
1.,1.,1.,1.,1.,1.,1.,1.,1.,1.,1.,1.,1.,1.,1.,1.,1.),(1.,1.,1.,1.,1.,1.,
1.,1.,1.,1.,1.,1.,1.,1.,1.,1.,1.,1.,1.,1.,1.,1.,1.,1.,1.),(1.,1.,1.,1.,
1.,1.,1.,1.,1.,1.,1.,1.,1.,1.,1.,1.,1.,1.,1.,1.,1.,1.,1.,1.,1.),(1.,1.,
1.,1.,1.,1.,1.,1.,1.,1.,1.,1.,1.,1.,1.,1.,1.,1.,1.,1.,1.,1.,1.,1.,1.),(1.,
1.,1.,1.,1.,1.,1.,1.,1.,1.,1.,1.,1.,1.,1.,1.,1.,1.,1.,1.,1.,1.,1.,1.,1.),
(1.,1.,1.,1.,1.,1.,1.,1.,1.,1.,1.,1.,1.,1.,1.,1.,1.,1.,1.,1.,1.,1.,1.,1.,
1.),(1.,1.,1.,1.,1.,1.,1.,1.,1.,1.,1.,1.,1.,1.,1.,1.,1.,1.,1.,1.,1.,1.,
1.,1.,1.),(1.,1.,1.,1.,1.,1.,1.,1.,1.,1.,1.,1.,1.,1.,1.,1.,1.,1.,1.,1.,
1.,1.,1.,1.,1.),(1.,1.,1.,1.,1.,1.,1.,1.,1.,1.,1.,1.,1.,1.,1.,1.,1.,1.,
1.,1.,1.,1.,1.,1.,1.)))
REPRESENTATION_ITEM('')
SURFACE()
);
#90=(
BOUNDED_SURFACE()
B_SPLINE_SURFACE(3,3,((#746,#747,#748,#749,#750,#751,#752,#753,#754,#755,
#756,#757,#758,#759,#760,#761,#762,#763,#764,#765,#766,#767,#768,#769,#770),
(#771,#772,#773,#774,#775,#776,#777,#778,#779,#780,#781,#782,#783,#784,
#785,#786,#787,#788,#789,#790,#791,#792,#793,#794,#795),(#796,#797,#798,
#799,#800,#801,#802,#803,#804,#805,#806,#807,#808,#809,#810,#811,#812,#813,
#814,#815,#816,#817,#818,#819,#820),(#821,#822,#823,#824,#825,#826,#827,
#828,#829,#830,#831,#832,#833,#834,#835,#836,#837,#838,#839,#840,#841,#842,
#843,#844,#845),(#846,#847,#848,#849,#850,#851,#852,#853,#854,#855,#856,
#857,#858,#859,#860,#861,#862,#863,#864,#865,#866,#867,#868,#869,#870),
(#871,#872,#873,#874,#875,#876,#877,#878,#879,#880,#881,#882,#883,#884,
#885,#886,#887,#888,#889,#890,#891,#892,#893,#894,#895),(#896,#897,#898,
#899,#900,#901,#902,#903,#904,#905,#906,#907,#908,#909,#910,#911,#912,#913,
#914,#915,#916,#917,#918,#919,#920),(#921,#922,#923,#924,#925,#926,#927,
#928,#929,#930,#931,#932,#933,#934,#935,#936,#937,#938,#939,#940,#941,#942,
#943,#944,#945),(#946,#947,#948,#949,#950,#951,#952,#953,#954,#955,#956,
#957,#958,#959,#960,#961,#962,#963,#964,#965,#966,#967,#968,#969,#970),
(#971,#972,#973,#974,#975,#976,#977,#978,#979,#980,#981,#982,#983,#984,
#985,#986,#987,#988,#989,#990,#991,#992,#993,#994,#995),(#996,#997,#998,
#999,#1000,#1001,#1002,#1003,#1004,#1005,#1006,#1007,#1008,#1009,#1010,
#1011,#1012,#1013,#1014,#1015,#1016,#1017,#1018,#1019,#1020),(#1021,#1022,
#1023,#1024,#1025,#1026,#1027,#1028,#1029,#1030,#1031,#1032,#1033,#1034,
#1035,#1036,#1037,#1038,#1039,#1040,#1041,#1042,#1043,#1044,#1045),(#1046,
#1047,#1048,#1049,#1050,#1051,#1052,#1053,#1054,#1055,#1056,#1057,#1058,
#1059,#1060,#1061,#1062,#1063,#1064,#1065,#1066,#1067,#1068,#1069,#1070),
(#1071,#1072,#1073,#1074,#1075,#1076,#1077,#1078,#1079,#1080,#1081,#1082,
#1083,#1084,#1085,#1086,#1087,#1088,#1089,#1090,#1091,#1092,#1093,#1094,
#1095),(#1096,#1097,#1098,#1099,#1100,#1101,#1102,#1103,#1104,#1105,#1106,
#1107,#1108,#1109,#1110,#1111,#1112,#1113,#1114,#1115,#1116,#1117,#1118,
#1119,#1120),(#1121,#1122,#1123,#1124,#1125,#1126,#1127,#1128,#1129,#1130,
#1131,#1132,#1133,#1134,#1135,#1136,#1137,#1138,#1139,#1140,#1141,#1142,
#1143,#1144,#1145),(#1146,#1147,#1148,#1149,#1150,#1151,#1152,#1153,#1154,
#1155,#1156,#1157,#1158,#1159,#1160,#1161,#1162,#1163,#1164,#1165,#1166,
#1167,#1168,#1169,#1170),(#1171,#1172,#1173,#1174,#1175,#1176,#1177,#1178,
#1179,#1180,#1181,#1182,#1183,#1184,#1185,#1186,#1187,#1188,#1189,#1190,
#1191,#1192,#1193,#1194,#1195),(#1196,#1197,#1198,#1199,#1200,#1201,#1202,
#1203,#1204,#1205,#1206,#1207,#1208,#1209,#1210,#1211,#1212,#1213,#1214,
#1215,#1216,#1217,#1218,#1219,#1220),(#1221,#1222,#1223,#1224,#1225,#1226,
#1227,#1228,#1229,#1230,#1231,#1232,#1233,#1234,#1235,#1236,#1237,#1238,
#1239,#1240,#1241,#1242,#1243,#1244,#1245),(#1246,#1247,#1248,#1249,#1250,
#1251,#1252,#1253,#1254,#1255,#1256,#1257,#1258,#1259,#1260,#1261,#1262,
#1263,#1264,#1265,#1266,#1267,#1268,#1269,#1270),(#1271,#1272,#1273,#1274,
#1275,#1276,#1277,#1278,#1279,#1280,#1281,#1282,#1283,#1284,#1285,#1286,
#1287,#1288,#1289,#1290,#1291,#1292,#1293,#1294,#1295),(#1296,#1297,#1298,
#1299,#1300,#1301,#1302,#1303,#1304,#1305,#1306,#1307,#1308,#1309,#1310,
#1311,#1312,#1313,#1314,#1315,#1316,#1317,#1318,#1319,#1320),(#1321,#1322,
#1323,#1324,#1325,#1326,#1327,#1328,#1329,#1330,#1331,#1332,#1333,#1334,
#1335,#1336,#1337,#1338,#1339,#1340,#1341,#1342,#1343,#1344,#1345),(#1346,
#1347,#1348,#1349,#1350,#1351,#1352,#1353,#1354,#1355,#1356,#1357,#1358,
#1359,#1360,#1361,#1362,#1363,#1364,#1365,#1366,#1367,#1368,#1369,#1370)),
 .UNSPECIFIED.,.F.,.F.,.F.)
B_SPLINE_SURFACE_WITH_KNOTS((4,1,1,1,1,1,1,1,1,1,1,1,1,1,1,1,1,1,1,1,1,
1,4),(4,1,1,1,1,1,1,1,1,1,1,1,1,1,1,1,1,1,1,1,1,1,4),(0.,0.045455,0.090909,
0.136364,0.181818,0.227273,0.272727,0.318182,0.363636,0.409091,0.454545,
0.5,0.545455,0.590909,0.636364,0.681818,0.727273,0.772727,0.818182,0.863636,
0.909091,0.954545,1.),(0.,0.045455,0.090909,0.136364,0.181818,0.227273,
0.272727,0.318182,0.363636,0.409091,0.454545,0.5,0.545455,0.590909,0.636364,
0.681818,0.727273,0.772727,0.818182,0.863636,0.909091,0.954545,1.),
 .UNSPECIFIED.)
GEOMETRIC_REPRESENTATION_ITEM()
RATIONAL_B_SPLINE_SURFACE(((1.,1.,1.,1.,1.,1.,1.,1.,1.,1.,1.,1.,1.,1.,1.,
1.,1.,1.,1.,1.,1.,1.,1.,1.,1.),(1.,1.,1.,1.,1.,1.,1.,1.,1.,1.,1.,1.,1.,
1.,1.,1.,1.,1.,1.,1.,1.,1.,1.,1.,1.),(1.,1.,1.,1.,1.,1.,1.,1.,1.,1.,1.,
1.,1.,1.,1.,1.,1.,1.,1.,1.,1.,1.,1.,1.,1.),(1.,1.,1.,1.,1.,1.,1.,1.,1.,
1.,1.,1.,1.,1.,1.,1.,1.,1.,1.,1.,1.,1.,1.,1.,1.),(1.,1.,1.,1.,1.,1.,1.,
1.,1.,1.,1.,1.,1.,1.,1.,1.,1.,1.,1.,1.,1.,1.,1.,1.,1.),(1.,1.,1.,1.,1.,
1.,1.,1.,1.,1.,1.,1.,1.,1.,1.,1.,1.,1.,1.,1.,1.,1.,1.,1.,1.),(1.,1.,1.,
1.,1.,1.,1.,1.,1.,1.,1.,1.,1.,1.,1.,1.,1.,1.,1.,1.,1.,1.,1.,1.,1.),(1.,
1.,1.,1.,1.,1.,1.,1.,1.,1.,1.,1.,1.,1.,1.,1.,1.,1.,1.,1.,1.,1.,1.,1.,1.),
(1.,1.,1.,1.,1.,1.,1.,1.,1.,1.,1.,1.,1.,1.,1.,1.,1.,1.,1.,1.,1.,1.,1.,1.,
1.),(1.,1.,1.,1.,1.,1.,1.,1.,1.,1.,1.,1.,1.,1.,1.,1.,1.,1.,1.,1.,1.,1.,
1.,1.,1.),(1.,1.,1.,1.,1.,1.,1.,1.,1.,1.,1.,1.,1.,1.,1.,1.,1.,1.,1.,1.,
1.,1.,1.,1.,1.),(1.,1.,1.,1.,1.,1.,1.,1.,1.,1.,1.,1.,1.,1.,1.,1.,1.,1.,
1.,1.,1.,1.,1.,1.,1.),(1.,1.,1.,1.,1.,1.,1.,1.,1.,1.,1.,1.,1.,1.,1.,1.,
1.,1.,1.,1.,1.,1.,1.,1.,1.),(1.,1.,1.,1.,1.,1.,1.,1.,1.,1.,1.,1.,1.,1.,
1.,1.,1.,1.,1.,1.,1.,1.,1.,1.,1.),(1.,1.,1.,1.,1.,1.,1.,1.,1.,1.,1.,1.,
1.,1.,1.,1.,1.,1.,1.,1.,1.,1.,1.,1.,1.),(1.,1.,1.,1.,1.,1.,1.,1.,1.,1.,
1.,1.,1.,1.,1.,1.,1.,1.,1.,1.,1.,1.,1.,1.,1.),(1.,1.,1.,1.,1.,1.,1.,1.,
1.,1.,1.,1.,1.,1.,1.,1.,1.,1.,1.,1.,1.,1.,1.,1.,1.),(1.,1.,1.,1.,1.,1.,
1.,1.,1.,1.,1.,1.,1.,1.,1.,1.,1.,1.,1.,1.,1.,1.,1.,1.,1.),(1.,1.,1.,1.,
1.,1.,1.,1.,1.,1.,1.,1.,1.,1.,1.,1.,1.,1.,1.,1.,1.,1.,1.,1.,1.),(1.,1.,
1.,1.,1.,1.,1.,1.,1.,1.,1.,1.,1.,1.,1.,1.,1.,1.,1.,1.,1.,1.,1.,1.,1.),(1.,
1.,1.,1.,1.,1.,1.,1.,1.,1.,1.,1.,1.,1.,1.,1.,1.,1.,1.,1.,1.,1.,1.,1.,1.),
(1.,1.,1.,1.,1.,1.,1.,1.,1.,1.,1.,1.,1.,1.,1.,1.,1.,1.,1.,1.,1.,1.,1.,1.,
1.),(1.,1.,1.,1.,1.,1.,1.,1.,1.,1.,1.,1.,1.,1.,1.,1.,1.,1.,1.,1.,1.,1.,
1.,1.,1.),(1.,1.,1.,1.,1.,1.,1.,1.,1.,1.,1.,1.,1.,1.,1.,1.,1.,1.,1.,1.,
1.,1.,1.,1.,1.),(1.,1.,1.,1.,1.,1.,1.,1.,1.,1.,1.,1.,1.,1.,1.,1.,1.,1.,
1.,1.,1.,1.,1.,1.,1.)))
REPRESENTATION_ITEM('')
SURFACE()
);
#91=(
BOUNDED_SURFACE()
B_SPLINE_SURFACE(3,3,((#1371,#1372,#1373,#1374,#1375,#1376,#1377,#1378,
#1379,#1380,#1381,#1382,#1383,#1384,#1385,#1386,#1387,#1388,#1389,#1390,
#1391,#1392,#1393,#1394,#1395),(#1396,#1397,#1398,#1399,#1400,#1401,#1402,
#1403,#1404,#1405,#1406,#1407,#1408,#1409,#1410,#1411,#1412,#1413,#1414,
#1415,#1416,#1417,#1418,#1419,#1420),(#1421,#1422,#1423,#1424,#1425,#1426,
#1427,#1428,#1429,#1430,#1431,#1432,#1433,#1434,#1435,#1436,#1437,#1438,
#1439,#1440,#1441,#1442,#1443,#1444,#1445),(#1446,#1447,#1448,#1449,#1450,
#1451,#1452,#1453,#1454,#1455,#1456,#1457,#1458,#1459,#1460,#1461,#1462,
#1463,#1464,#1465,#1466,#1467,#1468,#1469,#1470),(#1471,#1472,#1473,#1474,
#1475,#1476,#1477,#1478,#1479,#1480,#1481,#1482,#1483,#1484,#1485,#1486,
#1487,#1488,#1489,#1490,#1491,#1492,#1493,#1494,#1495),(#1496,#1497,#1498,
#1499,#1500,#1501,#1502,#1503,#1504,#1505,#1506,#1507,#1508,#1509,#1510,
#1511,#1512,#1513,#1514,#1515,#1516,#1517,#1518,#1519,#1520),(#1521,#1522,
#1523,#1524,#1525,#1526,#1527,#1528,#1529,#1530,#1531,#1532,#1533,#1534,
#1535,#1536,#1537,#1538,#1539,#1540,#1541,#1542,#1543,#1544,#1545),(#1546,
#1547,#1548,#1549,#1550,#1551,#1552,#1553,#1554,#1555,#1556,#1557,#1558,
#1559,#1560,#1561,#1562,#1563,#1564,#1565,#1566,#1567,#1568,#1569,#1570),
(#1571,#1572,#1573,#1574,#1575,#1576,#1577,#1578,#1579,#1580,#1581,#1582,
#1583,#1584,#1585,#1586,#1587,#1588,#1589,#1590,#1591,#1592,#1593,#1594,
#1595),(#1596,#1597,#1598,#1599,#1600,#1601,#1602,#1603,#1604,#1605,#1606,
#1607,#1608,#1609,#1610,#1611,#1612,#1613,#1614,#1615,#1616,#1617,#1618,
#1619,#1620),(#1621,#1622,#1623,#1624,#1625,#1626,#1627,#1628,#1629,#1630,
#1631,#1632,#1633,#1634,#1635,#1636,#1637,#1638,#1639,#1640,#1641,#1642,
#1643,#1644,#1645),(#1646,#1647,#1648,#1649,#1650,#1651,#1652,#1653,#1654,
#1655,#1656,#1657,#1658,#1659,#1660,#1661,#1662,#1663,#1664,#1665,#1666,
#1667,#1668,#1669,#1670),(#1671,#1672,#1673,#1674,#1675,#1676,#1677,#1678,
#1679,#1680,#1681,#1682,#1683,#1684,#1685,#1686,#1687,#1688,#1689,#1690,
#1691,#1692,#1693,#1694,#1695),(#1696,#1697,#1698,#1699,#1700,#1701,#1702,
#1703,#1704,#1705,#1706,#1707,#1708,#1709,#1710,#1711,#1712,#1713,#1714,
#1715,#1716,#1717,#1718,#1719,#1720),(#1721,#1722,#1723,#1724,#1725,#1726,
#1727,#1728,#1729,#1730,#1731,#1732,#1733,#1734,#1735,#1736,#1737,#1738,
#1739,#1740,#1741,#1742,#1743,#1744,#1745),(#1746,#1747,#1748,#1749,#1750,
#1751,#1752,#1753,#1754,#1755,#1756,#1757,#1758,#1759,#1760,#1761,#1762,
#1763,#1764,#1765,#1766,#1767,#1768,#1769,#1770),(#1771,#1772,#1773,#1774,
#1775,#1776,#1777,#1778,#1779,#1780,#1781,#1782,#1783,#1784,#1785,#1786,
#1787,#1788,#1789,#1790,#1791,#1792,#1793,#1794,#1795),(#1796,#1797,#1798,
#1799,#1800,#1801,#1802,#1803,#1804,#1805,#1806,#1807,#1808,#1809,#1810,
#1811,#1812,#1813,#1814,#1815,#1816,#1817,#1818,#1819,#1820),(#1821,#1822,
#1823,#1824,#1825,#1826,#1827,#1828,#1829,#1830,#1831,#1832,#1833,#1834,
#1835,#1836,#1837,#1838,#1839,#1840,#1841,#1842,#1843,#1844,#1845),(#1846,
#1847,#1848,#1849,#1850,#1851,#1852,#1853,#1854,#1855,#1856,#1857,#1858,
#1859,#1860,#1861,#1862,#1863,#1864,#1865,#1866,#1867,#1868,#1869,#1870),
(#1871,#1872,#1873,#1874,#1875,#1876,#1877,#1878,#1879,#1880,#1881,#1882,
#1883,#1884,#1885,#1886,#1887,#1888,#1889,#1890,#1891,#1892,#1893,#1894,
#1895),(#1896,#1897,#1898,#1899,#1900,#1901,#1902,#1903,#1904,#1905,#1906,
#1907,#1908,#1909,#1910,#1911,#1912,#1913,#1914,#1915,#1916,#1917,#1918,
#1919,#1920),(#1921,#1922,#1923,#1924,#1925,#1926,#1927,#1928,#1929,#1930,
#1931,#1932,#1933,#1934,#1935,#1936,#1937,#1938,#1939,#1940,#1941,#1942,
#1943,#1944,#1945),(#1946,#1947,#1948,#1949,#1950,#1951,#1952,#1953,#1954,
#1955,#1956,#1957,#1958,#1959,#1960,#1961,#1962,#1963,#1964,#1965,#1966,
#1967,#1968,#1969,#1970),(#1971,#1972,#1973,#1974,#1975,#1976,#1977,#1978,
#1979,#1980,#1981,#1982,#1983,#1984,#1985,#1986,#1987,#1988,#1989,#1990,
#1991,#1992,#1993,#1994,#1995)),.UNSPECIFIED.,.F.,.F.,.F.)
B_SPLINE_SURFACE_WITH_KNOTS((4,1,1,1,1,1,1,1,1,1,1,1,1,1,1,1,1,1,1,1,1,
1,4),(4,1,1,1,1,1,1,1,1,1,1,1,1,1,1,1,1,1,1,1,1,1,4),(0.,0.045455,0.090909,
0.136364,0.181818,0.227273,0.272727,0.318182,0.363636,0.409091,0.454545,
0.5,0.545455,0.590909,0.636364,0.681818,0.727273,0.772727,0.818182,0.863636,
0.909091,0.954545,1.),(0.,0.045455,0.090909,0.136364,0.181818,0.227273,
0.272727,0.318182,0.363636,0.409091,0.454545,0.5,0.545455,0.590909,0.636364,
0.681818,0.727273,0.772727,0.818182,0.863636,0.909091,0.954545,1.),
 .UNSPECIFIED.)
GEOMETRIC_REPRESENTATION_ITEM()
RATIONAL_B_SPLINE_SURFACE(((1.,1.,1.,1.,1.,1.,1.,1.,1.,1.,1.,1.,1.,1.,1.,
1.,1.,1.,1.,1.,1.,1.,1.,1.,1.),(1.,1.,1.,1.,1.,1.,1.,1.,1.,1.,1.,1.,1.,
1.,1.,1.,1.,1.,1.,1.,1.,1.,1.,1.,1.),(1.,1.,1.,1.,1.,1.,1.,1.,1.,1.,1.,
1.,1.,1.,1.,1.,1.,1.,1.,1.,1.,1.,1.,1.,1.),(1.,1.,1.,1.,1.,1.,1.,1.,1.,
1.,1.,1.,1.,1.,1.,1.,1.,1.,1.,1.,1.,1.,1.,1.,1.),(1.,1.,1.,1.,1.,1.,1.,
1.,1.,1.,1.,1.,1.,1.,1.,1.,1.,1.,1.,1.,1.,1.,1.,1.,1.),(1.,1.,1.,1.,1.,
1.,1.,1.,1.,1.,1.,1.,1.,1.,1.,1.,1.,1.,1.,1.,1.,1.,1.,1.,1.),(1.,1.,1.,
1.,1.,1.,1.,1.,1.,1.,1.,1.,1.,1.,1.,1.,1.,1.,1.,1.,1.,1.,1.,1.,1.),(1.,
1.,1.,1.,1.,1.,1.,1.,1.,1.,1.,1.,1.,1.,1.,1.,1.,1.,1.,1.,1.,1.,1.,1.,1.),
(1.,1.,1.,1.,1.,1.,1.,1.,1.,1.,1.,1.,1.,1.,1.,1.,1.,1.,1.,1.,1.,1.,1.,1.,
1.),(1.,1.,1.,1.,1.,1.,1.,1.,1.,1.,1.,1.,1.,1.,1.,1.,1.,1.,1.,1.,1.,1.,
1.,1.,1.),(1.,1.,1.,1.,1.,1.,1.,1.,1.,1.,1.,1.,1.,1.,1.,1.,1.,1.,1.,1.,
1.,1.,1.,1.,1.),(1.,1.,1.,1.,1.,1.,1.,1.,1.,1.,1.,1.,1.,1.,1.,1.,1.,1.,
1.,1.,1.,1.,1.,1.,1.),(1.,1.,1.,1.,1.,1.,1.,1.,1.,1.,1.,1.,1.,1.,1.,1.,
1.,1.,1.,1.,1.,1.,1.,1.,1.),(1.,1.,1.,1.,1.,1.,1.,1.,1.,1.,1.,1.,1.,1.,
1.,1.,1.,1.,1.,1.,1.,1.,1.,1.,1.),(1.,1.,1.,1.,1.,1.,1.,1.,1.,1.,1.,1.,
1.,1.,1.,1.,1.,1.,1.,1.,1.,1.,1.,1.,1.),(1.,1.,1.,1.,1.,1.,1.,1.,1.,1.,
1.,1.,1.,1.,1.,1.,1.,1.,1.,1.,1.,1.,1.,1.,1.),(1.,1.,1.,1.,1.,1.,1.,1.,
1.,1.,1.,1.,1.,1.,1.,1.,1.,1.,1.,1.,1.,1.,1.,1.,1.),(1.,1.,1.,1.,1.,1.,
1.,1.,1.,1.,1.,1.,1.,1.,1.,1.,1.,1.,1.,1.,1.,1.,1.,1.,1.),(1.,1.,1.,1.,
1.,1.,1.,1.,1.,1.,1.,1.,1.,1.,1.,1.,1.,1.,1.,1.,1.,1.,1.,1.,1.),(1.,1.,
1.,1.,1.,1.,1.,1.,1.,1.,1.,1.,1.,1.,1.,1.,1.,1.,1.,1.,1.,1.,1.,1.,1.),(1.,
1.,1.,1.,1.,1.,1.,1.,1.,1.,1.,1.,1.,1.,1.,1.,1.,1.,1.,1.,1.,1.,1.,1.,1.),
(1.,1.,1.,1.,1.,1.,1.,1.,1.,1.,1.,1.,1.,1.,1.,1.,1.,1.,1.,1.,1.,1.,1.,1.,
1.),(1.,1.,1.,1.,1.,1.,1.,1.,1.,1.,1.,1.,1.,1.,1.,1.,1.,1.,1.,1.,1.,1.,
1.,1.,1.),(1.,1.,1.,1.,1.,1.,1.,1.,1.,1.,1.,1.,1.,1.,1.,1.,1.,1.,1.,1.,
1.,1.,1.,1.,1.),(1.,1.,1.,1.,1.,1.,1.,1.,1.,1.,1.,1.,1.,1.,1.,1.,1.,1.,
1.,1.,1.,1.,1.,1.,1.)))
REPRESENTATION_ITEM('')
SURFACE()
);
#92=(
BOUNDED_SURFACE()
B_SPLINE_SURFACE(3,3,((#1996,#1997,#1998,#1999,#2000,#2001,#2002,#2003,
#2004,#2005,#2006,#2007,#2008,#2009,#2010,#2011,#2012,#2013,#2014,#2015,
#2016,#2017,#2018,#2019,#2020),(#2021,#2022,#2023,#2024,#2025,#2026,#2027,
#2028,#2029,#2030,#2031,#2032,#2033,#2034,#2035,#2036,#2037,#2038,#2039,
#2040,#2041,#2042,#2043,#2044,#2045),(#2046,#2047,#2048,#2049,#2050,#2051,
#2052,#2053,#2054,#2055,#2056,#2057,#2058,#2059,#2060,#2061,#2062,#2063,
#2064,#2065,#2066,#2067,#2068,#2069,#2070),(#2071,#2072,#2073,#2074,#2075,
#2076,#2077,#2078,#2079,#2080,#2081,#2082,#2083,#2084,#2085,#2086,#2087,
#2088,#2089,#2090,#2091,#2092,#2093,#2094,#2095),(#2096,#2097,#2098,#2099,
#2100,#2101,#2102,#2103,#2104,#2105,#2106,#2107,#2108,#2109,#2110,#2111,
#2112,#2113,#2114,#2115,#2116,#2117,#2118,#2119,#2120),(#2121,#2122,#2123,
#2124,#2125,#2126,#2127,#2128,#2129,#2130,#2131,#2132,#2133,#2134,#2135,
#2136,#2137,#2138,#2139,#2140,#2141,#2142,#2143,#2144,#2145),(#2146,#2147,
#2148,#2149,#2150,#2151,#2152,#2153,#2154,#2155,#2156,#2157,#2158,#2159,
#2160,#2161,#2162,#2163,#2164,#2165,#2166,#2167,#2168,#2169,#2170),(#2171,
#2172,#2173,#2174,#2175,#2176,#2177,#2178,#2179,#2180,#2181,#2182,#2183,
#2184,#2185,#2186,#2187,#2188,#2189,#2190,#2191,#2192,#2193,#2194,#2195),
(#2196,#2197,#2198,#2199,#2200,#2201,#2202,#2203,#2204,#2205,#2206,#2207,
#2208,#2209,#2210,#2211,#2212,#2213,#2214,#2215,#2216,#2217,#2218,#2219,
#2220),(#2221,#2222,#2223,#2224,#2225,#2226,#2227,#2228,#2229,#2230,#2231,
#2232,#2233,#2234,#2235,#2236,#2237,#2238,#2239,#2240,#2241,#2242,#2243,
#2244,#2245),(#2246,#2247,#2248,#2249,#2250,#2251,#2252,#2253,#2254,#2255,
#2256,#2257,#2258,#2259,#2260,#2261,#2262,#2263,#2264,#2265,#2266,#2267,
#2268,#2269,#2270),(#2271,#2272,#2273,#2274,#2275,#2276,#2277,#2278,#2279,
#2280,#2281,#2282,#2283,#2284,#2285,#2286,#2287,#2288,#2289,#2290,#2291,
#2292,#2293,#2294,#2295),(#2296,#2297,#2298,#2299,#2300,#2301,#2302,#2303,
#2304,#2305,#2306,#2307,#2308,#2309,#2310,#2311,#2312,#2313,#2314,#2315,
#2316,#2317,#2318,#2319,#2320),(#2321,#2322,#2323,#2324,#2325,#2326,#2327,
#2328,#2329,#2330,#2331,#2332,#2333,#2334,#2335,#2336,#2337,#2338,#2339,
#2340,#2341,#2342,#2343,#2344,#2345),(#2346,#2347,#2348,#2349,#2350,#2351,
#2352,#2353,#2354,#2355,#2356,#2357,#2358,#2359,#2360,#2361,#2362,#2363,
#2364,#2365,#2366,#2367,#2368,#2369,#2370),(#2371,#2372,#2373,#2374,#2375,
#2376,#2377,#2378,#2379,#2380,#2381,#2382,#2383,#2384,#2385,#2386,#2387,
#2388,#2389,#2390,#2391,#2392,#2393,#2394,#2395),(#2396,#2397,#2398,#2399,
#2400,#2401,#2402,#2403,#2404,#2405,#2406,#2407,#2408,#2409,#2410,#2411,
#2412,#2413,#2414,#2415,#2416,#2417,#2418,#2419,#2420),(#2421,#2422,#2423,
#2424,#2425,#2426,#2427,#2428,#2429,#2430,#2431,#2432,#2433,#2434,#2435,
#2436,#2437,#2438,#2439,#2440,#2441,#2442,#2443,#2444,#2445),(#2446,#2447,
#2448,#2449,#2450,#2451,#2452,#2453,#2454,#2455,#2456,#2457,#2458,#2459,
#2460,#2461,#2462,#2463,#2464,#2465,#2466,#2467,#2468,#2469,#2470),(#2471,
#2472,#2473,#2474,#2475,#2476,#2477,#2478,#2479,#2480,#2481,#2482,#2483,
#2484,#2485,#2486,#2487,#2488,#2489,#2490,#2491,#2492,#2493,#2494,#2495),
(#2496,#2497,#2498,#2499,#2500,#2501,#2502,#2503,#2504,#2505,#2506,#2507,
#2508,#2509,#2510,#2511,#2512,#2513,#2514,#2515,#2516,#2517,#2518,#2519,
#2520),(#2521,#2522,#2523,#2524,#2525,#2526,#2527,#2528,#2529,#2530,#2531,
#2532,#2533,#2534,#2535,#2536,#2537,#2538,#2539,#2540,#2541,#2542,#2543,
#2544,#2545),(#2546,#2547,#2548,#2549,#2550,#2551,#2552,#2553,#2554,#2555,
#2556,#2557,#2558,#2559,#2560,#2561,#2562,#2563,#2564,#2565,#2566,#2567,
#2568,#2569,#2570),(#2571,#2572,#2573,#2574,#2575,#2576,#2577,#2578,#2579,
#2580,#2581,#2582,#2583,#2584,#2585,#2586,#2587,#2588,#2589,#2590,#2591,
#2592,#2593,#2594,#2595),(#2596,#2597,#2598,#2599,#2600,#2601,#2602,#2603,
#2604,#2605,#2606,#2607,#2608,#2609,#2610,#2611,#2612,#2613,#2614,#2615,
#2616,#2617,#2618,#2619,#2620)),.UNSPECIFIED.,.F.,.F.,.F.)
B_SPLINE_SURFACE_WITH_KNOTS((4,1,1,1,1,1,1,1,1,1,1,1,1,1,1,1,1,1,1,1,1,
1,4),(4,1,1,1,1,1,1,1,1,1,1,1,1,1,1,1,1,1,1,1,1,1,4),(0.,0.045455,0.090909,
0.136364,0.181818,0.227273,0.272727,0.318182,0.363636,0.409091,0.454545,
0.5,0.545455,0.590909,0.636364,0.681818,0.727273,0.772727,0.818182,0.863636,
0.909091,0.954545,1.),(0.,0.045455,0.090909,0.136364,0.181818,0.227273,
0.272727,0.318182,0.363636,0.409091,0.454545,0.5,0.545455,0.590909,0.636364,
0.681818,0.727273,0.772727,0.818182,0.863636,0.909091,0.954545,1.),
 .UNSPECIFIED.)
GEOMETRIC_REPRESENTATION_ITEM()
RATIONAL_B_SPLINE_SURFACE(((1.,1.,1.,1.,1.,1.,1.,1.,1.,1.,1.,1.,1.,1.,1.,
1.,1.,1.,1.,1.,1.,1.,1.,1.,1.),(1.,1.,1.,1.,1.,1.,1.,1.,1.,1.,1.,1.,1.,
1.,1.,1.,1.,1.,1.,1.,1.,1.,1.,1.,1.),(1.,1.,1.,1.,1.,1.,1.,1.,1.,1.,1.,
1.,1.,1.,1.,1.,1.,1.,1.,1.,1.,1.,1.,1.,1.),(1.,1.,1.,1.,1.,1.,1.,1.,1.,
1.,1.,1.,1.,1.,1.,1.,1.,1.,1.,1.,1.,1.,1.,1.,1.),(1.,1.,1.,1.,1.,1.,1.,
1.,1.,1.,1.,1.,1.,1.,1.,1.,1.,1.,1.,1.,1.,1.,1.,1.,1.),(1.,1.,1.,1.,1.,
1.,1.,1.,1.,1.,1.,1.,1.,1.,1.,1.,1.,1.,1.,1.,1.,1.,1.,1.,1.),(1.,1.,1.,
1.,1.,1.,1.,1.,1.,1.,1.,1.,1.,1.,1.,1.,1.,1.,1.,1.,1.,1.,1.,1.,1.),(1.,
1.,1.,1.,1.,1.,1.,1.,1.,1.,1.,1.,1.,1.,1.,1.,1.,1.,1.,1.,1.,1.,1.,1.,1.),
(1.,1.,1.,1.,1.,1.,1.,1.,1.,1.,1.,1.,1.,1.,1.,1.,1.,1.,1.,1.,1.,1.,1.,1.,
1.),(1.,1.,1.,1.,1.,1.,1.,1.,1.,1.,1.,1.,1.,1.,1.,1.,1.,1.,1.,1.,1.,1.,
1.,1.,1.),(1.,1.,1.,1.,1.,1.,1.,1.,1.,1.,1.,1.,1.,1.,1.,1.,1.,1.,1.,1.,
1.,1.,1.,1.,1.),(1.,1.,1.,1.,1.,1.,1.,1.,1.,1.,1.,1.,1.,1.,1.,1.,1.,1.,
1.,1.,1.,1.,1.,1.,1.),(1.,1.,1.,1.,1.,1.,1.,1.,1.,1.,1.,1.,1.,1.,1.,1.,
1.,1.,1.,1.,1.,1.,1.,1.,1.),(1.,1.,1.,1.,1.,1.,1.,1.,1.,1.,1.,1.,1.,1.,
1.,1.,1.,1.,1.,1.,1.,1.,1.,1.,1.),(1.,1.,1.,1.,1.,1.,1.,1.,1.,1.,1.,1.,
1.,1.,1.,1.,1.,1.,1.,1.,1.,1.,1.,1.,1.),(1.,1.,1.,1.,1.,1.,1.,1.,1.,1.,
1.,1.,1.,1.,1.,1.,1.,1.,1.,1.,1.,1.,1.,1.,1.),(1.,1.,1.,1.,1.,1.,1.,1.,
1.,1.,1.,1.,1.,1.,1.,1.,1.,1.,1.,1.,1.,1.,1.,1.,1.),(1.,1.,1.,1.,1.,1.,
1.,1.,1.,1.,1.,1.,1.,1.,1.,1.,1.,1.,1.,1.,1.,1.,1.,1.,1.),(1.,1.,1.,1.,
1.,1.,1.,1.,1.,1.,1.,1.,1.,1.,1.,1.,1.,1.,1.,1.,1.,1.,1.,1.,1.),(1.,1.,
1.,1.,1.,1.,1.,1.,1.,1.,1.,1.,1.,1.,1.,1.,1.,1.,1.,1.,1.,1.,1.,1.,1.),(1.,
1.,1.,1.,1.,1.,1.,1.,1.,1.,1.,1.,1.,1.,1.,1.,1.,1.,1.,1.,1.,1.,1.,1.,1.),
(1.,1.,1.,1.,1.,1.,1.,1.,1.,1.,1.,1.,1.,1.,1.,1.,1.,1.,1.,1.,1.,1.,1.,1.,
1.),(1.,1.,1.,1.,1.,1.,1.,1.,1.,1.,1.,1.,1.,1.,1.,1.,1.,1.,1.,1.,1.,1.,
1.,1.,1.),(1.,1.,1.,1.,1.,1.,1.,1.,1.,1.,1.,1.,1.,1.,1.,1.,1.,1.,1.,1.,
1.,1.,1.,1.,1.),(1.,1.,1.,1.,1.,1.,1.,1.,1.,1.,1.,1.,1.,1.,1.,1.,1.,1.,
1.,1.,1.,1.,1.,1.,1.)))
REPRESENTATION_ITEM('')
SURFACE()
);
#93=(
BOUNDED_SURFACE()
B_SPLINE_SURFACE(3,3,((#2621,#2622,#2623,#2624,#2625,#2626,#2627,#2628,
#2629,#2630,#2631,#2632,#2633,#2634,#2635,#2636,#2637,#2638,#2639,#2640,
#2641,#2642,#2643,#2644,#2645),(#2646,#2647,#2648,#2649,#2650,#2651,#2652,
#2653,#2654,#2655,#2656,#2657,#2658,#2659,#2660,#2661,#2662,#2663,#2664,
#2665,#2666,#2667,#2668,#2669,#2670),(#2671,#2672,#2673,#2674,#2675,#2676,
#2677,#2678,#2679,#2680,#2681,#2682,#2683,#2684,#2685,#2686,#2687,#2688,
#2689,#2690,#2691,#2692,#2693,#2694,#2695),(#2696,#2697,#2698,#2699,#2700,
#2701,#2702,#2703,#2704,#2705,#2706,#2707,#2708,#2709,#2710,#2711,#2712,
#2713,#2714,#2715,#2716,#2717,#2718,#2719,#2720),(#2721,#2722,#2723,#2724,
#2725,#2726,#2727,#2728,#2729,#2730,#2731,#2732,#2733,#2734,#2735,#2736,
#2737,#2738,#2739,#2740,#2741,#2742,#2743,#2744,#2745),(#2746,#2747,#2748,
#2749,#2750,#2751,#2752,#2753,#2754,#2755,#2756,#2757,#2758,#2759,#2760,
#2761,#2762,#2763,#2764,#2765,#2766,#2767,#2768,#2769,#2770),(#2771,#2772,
#2773,#2774,#2775,#2776,#2777,#2778,#2779,#2780,#2781,#2782,#2783,#2784,
#2785,#2786,#2787,#2788,#2789,#2790,#2791,#2792,#2793,#2794,#2795),(#2796,
#2797,#2798,#2799,#2800,#2801,#2802,#2803,#2804,#2805,#2806,#2807,#2808,
#2809,#2810,#2811,#2812,#2813,#2814,#2815,#2816,#2817,#2818,#2819,#2820),
(#2821,#2822,#2823,#2824,#2825,#2826,#2827,#2828,#2829,#2830,#2831,#2832,
#2833,#2834,#2835,#2836,#2837,#2838,#2839,#2840,#2841,#2842,#2843,#2844,
#2845),(#2846,#2847,#2848,#2849,#2850,#2851,#2852,#2853,#2854,#2855,#2856,
#2857,#2858,#2859,#2860,#2861,#2862,#2863,#2864,#2865,#2866,#2867,#2868,
#2869,#2870),(#2871,#2872,#2873,#2874,#2875,#2876,#2877,#2878,#2879,#2880,
#2881,#2882,#2883,#2884,#2885,#2886,#2887,#2888,#2889,#2890,#2891,#2892,
#2893,#2894,#2895),(#2896,#2897,#2898,#2899,#2900,#2901,#2902,#2903,#2904,
#2905,#2906,#2907,#2908,#2909,#2910,#2911,#2912,#2913,#2914,#2915,#2916,
#2917,#2918,#2919,#2920),(#2921,#2922,#2923,#2924,#2925,#2926,#2927,#2928,
#2929,#2930,#2931,#2932,#2933,#2934,#2935,#2936,#2937,#2938,#2939,#2940,
#2941,#2942,#2943,#2944,#2945),(#2946,#2947,#2948,#2949,#2950,#2951,#2952,
#2953,#2954,#2955,#2956,#2957,#2958,#2959,#2960,#2961,#2962,#2963,#2964,
#2965,#2966,#2967,#2968,#2969,#2970),(#2971,#2972,#2973,#2974,#2975,#2976,
#2977,#2978,#2979,#2980,#2981,#2982,#2983,#2984,#2985,#2986,#2987,#2988,
#2989,#2990,#2991,#2992,#2993,#2994,#2995),(#2996,#2997,#2998,#2999,#3000,
#3001,#3002,#3003,#3004,#3005,#3006,#3007,#3008,#3009,#3010,#3011,#3012,
#3013,#3014,#3015,#3016,#3017,#3018,#3019,#3020),(#3021,#3022,#3023,#3024,
#3025,#3026,#3027,#3028,#3029,#3030,#3031,#3032,#3033,#3034,#3035,#3036,
#3037,#3038,#3039,#3040,#3041,#3042,#3043,#3044,#3045),(#3046,#3047,#3048,
#3049,#3050,#3051,#3052,#3053,#3054,#3055,#3056,#3057,#3058,#3059,#3060,
#3061,#3062,#3063,#3064,#3065,#3066,#3067,#3068,#3069,#3070),(#3071,#3072,
#3073,#3074,#3075,#3076,#3077,#3078,#3079,#3080,#3081,#3082,#3083,#3084,
#3085,#3086,#3087,#3088,#3089,#3090,#3091,#3092,#3093,#3094,#3095),(#3096,
#3097,#3098,#3099,#3100,#3101,#3102,#3103,#3104,#3105,#3106,#3107,#3108,
#3109,#3110,#3111,#3112,#3113,#3114,#3115,#3116,#3117,#3118,#3119,#3120),
(#3121,#3122,#3123,#3124,#3125,#3126,#3127,#3128,#3129,#3130,#3131,#3132,
#3133,#3134,#3135,#3136,#3137,#3138,#3139,#3140,#3141,#3142,#3143,#3144,
#3145),(#3146,#3147,#3148,#3149,#3150,#3151,#3152,#3153,#3154,#3155,#3156,
#3157,#3158,#3159,#3160,#3161,#3162,#3163,#3164,#3165,#3166,#3167,#3168,
#3169,#3170),(#3171,#3172,#3173,#3174,#3175,#3176,#3177,#3178,#3179,#3180,
#3181,#3182,#3183,#3184,#3185,#3186,#3187,#3188,#3189,#3190,#3191,#3192,
#3193,#3194,#3195),(#3196,#3197,#3198,#3199,#3200,#3201,#3202,#3203,#3204,
#3205,#3206,#3207,#3208,#3209,#3210,#3211,#3212,#3213,#3214,#3215,#3216,
#3217,#3218,#3219,#3220),(#3221,#3222,#3223,#3224,#3225,#3226,#3227,#3228,
#3229,#3230,#3231,#3232,#3233,#3234,#3235,#3236,#3237,#3238,#3239,#3240,
#3241,#3242,#3243,#3244,#3245)),.UNSPECIFIED.,.F.,.F.,.F.)
B_SPLINE_SURFACE_WITH_KNOTS((4,1,1,1,1,1,1,1,1,1,1,1,1,1,1,1,1,1,1,1,1,
1,4),(4,1,1,1,1,1,1,1,1,1,1,1,1,1,1,1,1,1,1,1,1,1,4),(0.,0.045455,0.090909,
0.136364,0.181818,0.227273,0.272727,0.318182,0.363636,0.409091,0.454545,
0.5,0.545455,0.590909,0.636364,0.681818,0.727273,0.772727,0.818182,0.863636,
0.909091,0.954545,1.),(0.,0.045455,0.090909,0.136364,0.181818,0.227273,
0.272727,0.318182,0.363636,0.409091,0.454545,0.5,0.545455,0.590909,0.636364,
0.681818,0.727273,0.772727,0.818182,0.863636,0.909091,0.954545,1.),
 .UNSPECIFIED.)
GEOMETRIC_REPRESENTATION_ITEM()
RATIONAL_B_SPLINE_SURFACE(((1.,1.,1.,1.,1.,1.,1.,1.,1.,1.,1.,1.,1.,1.,1.,
1.,1.,1.,1.,1.,1.,1.,1.,1.,1.),(1.,1.,1.,1.,1.,1.,1.,1.,1.,1.,1.,1.,1.,
1.,1.,1.,1.,1.,1.,1.,1.,1.,1.,1.,1.),(1.,1.,1.,1.,1.,1.,1.,1.,1.,1.,1.,
1.,1.,1.,1.,1.,1.,1.,1.,1.,1.,1.,1.,1.,1.),(1.,1.,1.,1.,1.,1.,1.,1.,1.,
1.,1.,1.,1.,1.,1.,1.,1.,1.,1.,1.,1.,1.,1.,1.,1.),(1.,1.,1.,1.,1.,1.,1.,
1.,1.,1.,1.,1.,1.,1.,1.,1.,1.,1.,1.,1.,1.,1.,1.,1.,1.),(1.,1.,1.,1.,1.,
1.,1.,1.,1.,1.,1.,1.,1.,1.,1.,1.,1.,1.,1.,1.,1.,1.,1.,1.,1.),(1.,1.,1.,
1.,1.,1.,1.,1.,1.,1.,1.,1.,1.,1.,1.,1.,1.,1.,1.,1.,1.,1.,1.,1.,1.),(1.,
1.,1.,1.,1.,1.,1.,1.,1.,1.,1.,1.,1.,1.,1.,1.,1.,1.,1.,1.,1.,1.,1.,1.,1.),
(1.,1.,1.,1.,1.,1.,1.,1.,1.,1.,1.,1.,1.,1.,1.,1.,1.,1.,1.,1.,1.,1.,1.,1.,
1.),(1.,1.,1.,1.,1.,1.,1.,1.,1.,1.,1.,1.,1.,1.,1.,1.,1.,1.,1.,1.,1.,1.,
1.,1.,1.),(1.,1.,1.,1.,1.,1.,1.,1.,1.,1.,1.,1.,1.,1.,1.,1.,1.,1.,1.,1.,
1.,1.,1.,1.,1.),(1.,1.,1.,1.,1.,1.,1.,1.,1.,1.,1.,1.,1.,1.,1.,1.,1.,1.,
1.,1.,1.,1.,1.,1.,1.),(1.,1.,1.,1.,1.,1.,1.,1.,1.,1.,1.,1.,1.,1.,1.,1.,
1.,1.,1.,1.,1.,1.,1.,1.,1.),(1.,1.,1.,1.,1.,1.,1.,1.,1.,1.,1.,1.,1.,1.,
1.,1.,1.,1.,1.,1.,1.,1.,1.,1.,1.),(1.,1.,1.,1.,1.,1.,1.,1.,1.,1.,1.,1.,
1.,1.,1.,1.,1.,1.,1.,1.,1.,1.,1.,1.,1.),(1.,1.,1.,1.,1.,1.,1.,1.,1.,1.,
1.,1.,1.,1.,1.,1.,1.,1.,1.,1.,1.,1.,1.,1.,1.),(1.,1.,1.,1.,1.,1.,1.,1.,
1.,1.,1.,1.,1.,1.,1.,1.,1.,1.,1.,1.,1.,1.,1.,1.,1.),(1.,1.,1.,1.,1.,1.,
1.,1.,1.,1.,1.,1.,1.,1.,1.,1.,1.,1.,1.,1.,1.,1.,1.,1.,1.),(1.,1.,1.,1.,
1.,1.,1.,1.,1.,1.,1.,1.,1.,1.,1.,1.,1.,1.,1.,1.,1.,1.,1.,1.,1.),(1.,1.,
1.,1.,1.,1.,1.,1.,1.,1.,1.,1.,1.,1.,1.,1.,1.,1.,1.,1.,1.,1.,1.,1.,1.),(1.,
1.,1.,1.,1.,1.,1.,1.,1.,1.,1.,1.,1.,1.,1.,1.,1.,1.,1.,1.,1.,1.,1.,1.,1.),
(1.,1.,1.,1.,1.,1.,1.,1.,1.,1.,1.,1.,1.,1.,1.,1.,1.,1.,1.,1.,1.,1.,1.,1.,
1.),(1.,1.,1.,1.,1.,1.,1.,1.,1.,1.,1.,1.,1.,1.,1.,1.,1.,1.,1.,1.,1.,1.,
1.,1.,1.),(1.,1.,1.,1.,1.,1.,1.,1.,1.,1.,1.,1.,1.,1.,1.,1.,1.,1.,1.,1.,
1.,1.,1.,1.,1.),(1.,1.,1.,1.,1.,1.,1.,1.,1.,1.,1.,1.,1.,1.,1.,1.,1.,1.,
1.,1.,1.,1.,1.,1.,1.)))
REPRESENTATION_ITEM('')
SURFACE()
);
#94=(
BOUNDED_SURFACE()
B_SPLINE_SURFACE(3,3,((#3246,#3247,#3248,#3249,#3250,#3251,#3252,#3253,
#3254,#3255,#3256,#3257,#3258,#3259,#3260,#3261,#3262,#3263,#3264,#3265,
#3266,#3267,#3268,#3269,#3270),(#3271,#3272,#3273,#3274,#3275,#3276,#3277,
#3278,#3279,#3280,#3281,#3282,#3283,#3284,#3285,#3286,#3287,#3288,#3289,
#3290,#3291,#3292,#3293,#3294,#3295),(#3296,#3297,#3298,#3299,#3300,#3301,
#3302,#3303,#3304,#3305,#3306,#3307,#3308,#3309,#3310,#3311,#3312,#3313,
#3314,#3315,#3316,#3317,#3318,#3319,#3320),(#3321,#3322,#3323,#3324,#3325,
#3326,#3327,#3328,#3329,#3330,#3331,#3332,#3333,#3334,#3335,#3336,#3337,
#3338,#3339,#3340,#3341,#3342,#3343,#3344,#3345),(#3346,#3347,#3348,#3349,
#3350,#3351,#3352,#3353,#3354,#3355,#3356,#3357,#3358,#3359,#3360,#3361,
#3362,#3363,#3364,#3365,#3366,#3367,#3368,#3369,#3370),(#3371,#3372,#3373,
#3374,#3375,#3376,#3377,#3378,#3379,#3380,#3381,#3382,#3383,#3384,#3385,
#3386,#3387,#3388,#3389,#3390,#3391,#3392,#3393,#3394,#3395),(#3396,#3397,
#3398,#3399,#3400,#3401,#3402,#3403,#3404,#3405,#3406,#3407,#3408,#3409,
#3410,#3411,#3412,#3413,#3414,#3415,#3416,#3417,#3418,#3419,#3420),(#3421,
#3422,#3423,#3424,#3425,#3426,#3427,#3428,#3429,#3430,#3431,#3432,#3433,
#3434,#3435,#3436,#3437,#3438,#3439,#3440,#3441,#3442,#3443,#3444,#3445),
(#3446,#3447,#3448,#3449,#3450,#3451,#3452,#3453,#3454,#3455,#3456,#3457,
#3458,#3459,#3460,#3461,#3462,#3463,#3464,#3465,#3466,#3467,#3468,#3469,
#3470),(#3471,#3472,#3473,#3474,#3475,#3476,#3477,#3478,#3479,#3480,#3481,
#3482,#3483,#3484,#3485,#3486,#3487,#3488,#3489,#3490,#3491,#3492,#3493,
#3494,#3495),(#3496,#3497,#3498,#3499,#3500,#3501,#3502,#3503,#3504,#3505,
#3506,#3507,#3508,#3509,#3510,#3511,#3512,#3513,#3514,#3515,#3516,#3517,
#3518,#3519,#3520),(#3521,#3522,#3523,#3524,#3525,#3526,#3527,#3528,#3529,
#3530,#3531,#3532,#3533,#3534,#3535,#3536,#3537,#3538,#3539,#3540,#3541,
#3542,#3543,#3544,#3545),(#3546,#3547,#3548,#3549,#3550,#3551,#3552,#3553,
#3554,#3555,#3556,#3557,#3558,#3559,#3560,#3561,#3562,#3563,#3564,#3565,
#3566,#3567,#3568,#3569,#3570),(#3571,#3572,#3573,#3574,#3575,#3576,#3577,
#3578,#3579,#3580,#3581,#3582,#3583,#3584,#3585,#3586,#3587,#3588,#3589,
#3590,#3591,#3592,#3593,#3594,#3595),(#3596,#3597,#3598,#3599,#3600,#3601,
#3602,#3603,#3604,#3605,#3606,#3607,#3608,#3609,#3610,#3611,#3612,#3613,
#3614,#3615,#3616,#3617,#3618,#3619,#3620),(#3621,#3622,#3623,#3624,#3625,
#3626,#3627,#3628,#3629,#3630,#3631,#3632,#3633,#3634,#3635,#3636,#3637,
#3638,#3639,#3640,#3641,#3642,#3643,#3644,#3645),(#3646,#3647,#3648,#3649,
#3650,#3651,#3652,#3653,#3654,#3655,#3656,#3657,#3658,#3659,#3660,#3661,
#3662,#3663,#3664,#3665,#3666,#3667,#3668,#3669,#3670),(#3671,#3672,#3673,
#3674,#3675,#3676,#3677,#3678,#3679,#3680,#3681,#3682,#3683,#3684,#3685,
#3686,#3687,#3688,#3689,#3690,#3691,#3692,#3693,#3694,#3695),(#3696,#3697,
#3698,#3699,#3700,#3701,#3702,#3703,#3704,#3705,#3706,#3707,#3708,#3709,
#3710,#3711,#3712,#3713,#3714,#3715,#3716,#3717,#3718,#3719,#3720),(#3721,
#3722,#3723,#3724,#3725,#3726,#3727,#3728,#3729,#3730,#3731,#3732,#3733,
#3734,#3735,#3736,#3737,#3738,#3739,#3740,#3741,#3742,#3743,#3744,#3745),
(#3746,#3747,#3748,#3749,#3750,#3751,#3752,#3753,#3754,#3755,#3756,#3757,
#3758,#3759,#3760,#3761,#3762,#3763,#3764,#3765,#3766,#3767,#3768,#3769,
#3770),(#3771,#3772,#3773,#3774,#3775,#3776,#3777,#3778,#3779,#3780,#3781,
#3782,#3783,#3784,#3785,#3786,#3787,#3788,#3789,#3790,#3791,#3792,#3793,
#3794,#3795),(#3796,#3797,#3798,#3799,#3800,#3801,#3802,#3803,#3804,#3805,
#3806,#3807,#3808,#3809,#3810,#3811,#3812,#3813,#3814,#3815,#3816,#3817,
#3818,#3819,#3820),(#3821,#3822,#3823,#3824,#3825,#3826,#3827,#3828,#3829,
#3830,#3831,#3832,#3833,#3834,#3835,#3836,#3837,#3838,#3839,#3840,#3841,
#3842,#3843,#3844,#3845),(#3846,#3847,#3848,#3849,#3850,#3851,#3852,#3853,
#3854,#3855,#3856,#3857,#3858,#3859,#3860,#3861,#3862,#3863,#3864,#3865,
#3866,#3867,#3868,#3869,#3870)),.UNSPECIFIED.,.F.,.F.,.F.)
B_SPLINE_SURFACE_WITH_KNOTS((4,1,1,1,1,1,1,1,1,1,1,1,1,1,1,1,1,1,1,1,1,
1,4),(4,1,1,1,1,1,1,1,1,1,1,1,1,1,1,1,1,1,1,1,1,1,4),(0.,0.045455,0.090909,
0.136364,0.181818,0.227273,0.272727,0.318182,0.363636,0.409091,0.454545,
0.5,0.545455,0.590909,0.636364,0.681818,0.727273,0.772727,0.818182,0.863636,
0.909091,0.954545,1.),(0.,0.045455,0.090909,0.136364,0.181818,0.227273,
0.272727,0.318182,0.363636,0.409091,0.454545,0.5,0.545455,0.590909,0.636364,
0.681818,0.727273,0.772727,0.818182,0.863636,0.909091,0.954545,1.),
 .UNSPECIFIED.)
GEOMETRIC_REPRESENTATION_ITEM()
RATIONAL_B_SPLINE_SURFACE(((1.,1.,1.,1.,1.,1.,1.,1.,1.,1.,1.,1.,1.,1.,1.,
1.,1.,1.,1.,1.,1.,1.,1.,1.,1.),(1.,1.,1.,1.,1.,1.,1.,1.,1.,1.,1.,1.,1.,
1.,1.,1.,1.,1.,1.,1.,1.,1.,1.,1.,1.),(1.,1.,1.,1.,1.,1.,1.,1.,1.,1.,1.,
1.,1.,1.,1.,1.,1.,1.,1.,1.,1.,1.,1.,1.,1.),(1.,1.,1.,1.,1.,1.,1.,1.,1.,
1.,1.,1.,1.,1.,1.,1.,1.,1.,1.,1.,1.,1.,1.,1.,1.),(1.,1.,1.,1.,1.,1.,1.,
1.,1.,1.,1.,1.,1.,1.,1.,1.,1.,1.,1.,1.,1.,1.,1.,1.,1.),(1.,1.,1.,1.,1.,
1.,1.,1.,1.,1.,1.,1.,1.,1.,1.,1.,1.,1.,1.,1.,1.,1.,1.,1.,1.),(1.,1.,1.,
1.,1.,1.,1.,1.,1.,1.,1.,1.,1.,1.,1.,1.,1.,1.,1.,1.,1.,1.,1.,1.,1.),(1.,
1.,1.,1.,1.,1.,1.,1.,1.,1.,1.,1.,1.,1.,1.,1.,1.,1.,1.,1.,1.,1.,1.,1.,1.),
(1.,1.,1.,1.,1.,1.,1.,1.,1.,1.,1.,1.,1.,1.,1.,1.,1.,1.,1.,1.,1.,1.,1.,1.,
1.),(1.,1.,1.,1.,1.,1.,1.,1.,1.,1.,1.,1.,1.,1.,1.,1.,1.,1.,1.,1.,1.,1.,
1.,1.,1.),(1.,1.,1.,1.,1.,1.,1.,1.,1.,1.,1.,1.,1.,1.,1.,1.,1.,1.,1.,1.,
1.,1.,1.,1.,1.),(1.,1.,1.,1.,1.,1.,1.,1.,1.,1.,1.,1.,1.,1.,1.,1.,1.,1.,
1.,1.,1.,1.,1.,1.,1.),(1.,1.,1.,1.,1.,1.,1.,1.,1.,1.,1.,1.,1.,1.,1.,1.,
1.,1.,1.,1.,1.,1.,1.,1.,1.),(1.,1.,1.,1.,1.,1.,1.,1.,1.,1.,1.,1.,1.,1.,
1.,1.,1.,1.,1.,1.,1.,1.,1.,1.,1.),(1.,1.,1.,1.,1.,1.,1.,1.,1.,1.,1.,1.,
1.,1.,1.,1.,1.,1.,1.,1.,1.,1.,1.,1.,1.),(1.,1.,1.,1.,1.,1.,1.,1.,1.,1.,
1.,1.,1.,1.,1.,1.,1.,1.,1.,1.,1.,1.,1.,1.,1.),(1.,1.,1.,1.,1.,1.,1.,1.,
1.,1.,1.,1.,1.,1.,1.,1.,1.,1.,1.,1.,1.,1.,1.,1.,1.),(1.,1.,1.,1.,1.,1.,
1.,1.,1.,1.,1.,1.,1.,1.,1.,1.,1.,1.,1.,1.,1.,1.,1.,1.,1.),(1.,1.,1.,1.,
1.,1.,1.,1.,1.,1.,1.,1.,1.,1.,1.,1.,1.,1.,1.,1.,1.,1.,1.,1.,1.),(1.,1.,
1.,1.,1.,1.,1.,1.,1.,1.,1.,1.,1.,1.,1.,1.,1.,1.,1.,1.,1.,1.,1.,1.,1.),(1.,
1.,1.,1.,1.,1.,1.,1.,1.,1.,1.,1.,1.,1.,1.,1.,1.,1.,1.,1.,1.,1.,1.,1.,1.),
(1.,1.,1.,1.,1.,1.,1.,1.,1.,1.,1.,1.,1.,1.,1.,1.,1.,1.,1.,1.,1.,1.,1.,1.,
1.),(1.,1.,1.,1.,1.,1.,1.,1.,1.,1.,1.,1.,1.,1.,1.,1.,1.,1.,1.,1.,1.,1.,
1.,1.,1.),(1.,1.,1.,1.,1.,1.,1.,1.,1.,1.,1.,1.,1.,1.,1.,1.,1.,1.,1.,1.,
1.,1.,1.,1.,1.),(1.,1.,1.,1.,1.,1.,1.,1.,1.,1.,1.,1.,1.,1.,1.,1.,1.,1.,
1.,1.,1.,1.,1.,1.,1.)))
REPRESENTATION_ITEM('')
SURFACE()
);
#95=SHAPE_DEFINITION_REPRESENTATION(#96,#113);
#96=PRODUCT_DEFINITION_SHAPE($,$,#98);
#97=PRODUCT_DEFINITION_CONTEXT('3D Mechanical Parts',#102,'design');
#98=PRODUCT_DEFINITION('A','First version',#99,#97);
#99=PRODUCT_DEFINITION_FORMATION_WITH_SPECIFIED_SOURCE('A',
'First version',#104,.MADE.);
#100=PRODUCT_RELATED_PRODUCT_CATEGORY('tool','tool',(#104));
#101=APPLICATION_PROTOCOL_DEFINITION('Draft International Standard',
'automotive_design',1999,#102);
#102=APPLICATION_CONTEXT(
'data for automotive mechanical design processes');
#103=PRODUCT_CONTEXT('3D Mechanical Parts',#102,'mechanical');
#104=PRODUCT('Document','Document','',(#103));
#105=(
LENGTH_UNIT()
NAMED_UNIT(*)
SI_UNIT(.MILLI.,.METRE.)
);
#106=(
NAMED_UNIT(*)
PLANE_ANGLE_UNIT()
SI_UNIT($,.RADIAN.)
);
#107=DIMENSIONAL_EXPONENTS(0.,0.,0.,0.,0.,0.,0.);
#108=PLANE_ANGLE_MEASURE_WITH_UNIT(PLANE_ANGLE_MEASURE(0.01745329252),#106);
#109=(
CONVERSION_BASED_UNIT('DEGREES',#108)
NAMED_UNIT(#107)
PLANE_ANGLE_UNIT()
);
#110=(
NAMED_UNIT(*)
SI_UNIT($,.STERADIAN.)
SOLID_ANGLE_UNIT()
);
#111=UNCERTAINTY_MEASURE_WITH_UNIT(LENGTH_MEASURE(0.001),#105,
'DISTANCE_ACCURACY_VALUE',
'Maximum model space distance between geometric entities at asserted c
onnectivities');
#112=(
GEOMETRIC_REPRESENTATION_CONTEXT(3)
GLOBAL_UNCERTAINTY_ASSIGNED_CONTEXT((#111))
GLOBAL_UNIT_ASSIGNED_CONTEXT((#110,#109,#105))
REPRESENTATION_CONTEXT('ID1','3D')
);
#113=SHAPE_REPRESENTATION('Document',(#114,#115),#112);
#114=AXIS2_PLACEMENT_3D($,#120,#116,#117);
#115=AXIS2_PLACEMENT_3D($,#4179,#118,#119);
#116=DIRECTION('',(0.,0.,1.));
#117=DIRECTION('',(1.,0.,0.));
#118=DIRECTION('',(0.,0.,1.));
#119=DIRECTION('',(1.,0.,0.));
#120=CARTESIAN_POINT('',(0.,0.,0.));
#121=CARTESIAN_POINT('',(-49.128,-257.966,-365.907));
#122=CARTESIAN_POINT('',(-44.984,-266.002,-365.093));
#123=CARTESIAN_POINT('',(-36.235,-280.89,-363.89));
#124=CARTESIAN_POINT('',(-26.401,-308.054,-360.703));
#125=CARTESIAN_POINT('',(-14.27,-335.765,-357.854));
#126=CARTESIAN_POINT('',(-6.102,-367.579,-352.056));
#127=CARTESIAN_POINT('',(3.182,-400.132,-347.09));
#128=CARTESIAN_POINT('',(16.898,-435.502,-342.072));
#129=CARTESIAN_POINT('',(29.958,-469.842,-346.213));
#130=CARTESIAN_POINT('',(49.074,-499.855,-356.226));
#131=CARTESIAN_POINT('',(68.149,-530.905,-364.285));
#132=CARTESIAN_POINT('',(88.76,-563.523,-372.808));
#133=CARTESIAN_POINT('',(112.001,-595.605,-378.505));
#134=CARTESIAN_POINT('',(136.194,-626.742,-384.25));
#135=CARTESIAN_POINT('',(163.498,-658.365,-389.028));
#136=CARTESIAN_POINT('',(192.68,-687.966,-393.079));
#137=CARTESIAN_POINT('',(227.844,-718.576,-394.937));
#138=CARTESIAN_POINT('',(264.221,-748.388,-395.777));
#139=CARTESIAN_POINT('',(305.031,-777.243,-393.424));
#140=CARTESIAN_POINT('',(347.45,-803.857,-387.231));
#141=CARTESIAN_POINT('',(396.402,-827.698,-370.355));
#142=CARTESIAN_POINT('',(423.822,-842.828,-325.588));
#143=CARTESIAN_POINT('',(431.862,-845.043,-277.498));
#144=CARTESIAN_POINT('',(432.344,-844.022,-256.741));
#145=CARTESIAN_POINT('',(433.034,-843.216,-242.725));
#146=CARTESIAN_POINT('',(-45.147,-251.966,-366.115));
#147=CARTESIAN_POINT('',(-38.122,-257.558,-365.37));
#148=CARTESIAN_POINT('',(-27.034,-273.518,-363.782));
#149=CARTESIAN_POINT('',(-16.758,-300.558,-360.588));
#150=CARTESIAN_POINT('',(-6.872,-326.509,-358.129));
#151=CARTESIAN_POINT('',(6.169,-360.218,-352.79));
#152=CARTESIAN_POINT('',(10.147,-389.517,-347.652));
#153=CARTESIAN_POINT('',(26.9,-426.673,-341.171));
#154=CARTESIAN_POINT('',(42.267,-460.485,-342.164));
#155=CARTESIAN_POINT('',(55.442,-487.459,-351.412));
#156=CARTESIAN_POINT('',(79.936,-520.329,-359.417));
#157=CARTESIAN_POINT('',(99.349,-550.711,-368.739));
#158=CARTESIAN_POINT('',(121.754,-582.151,-373.768));
#159=CARTESIAN_POINT('',(146.648,-613.357,-380.708));
#160=CARTESIAN_POINT('',(175.534,-644.376,-383.205));
#161=CARTESIAN_POINT('',(200.221,-674.776,-388.679));
#162=CARTESIAN_POINT('',(237.616,-703.149,-390.247));
#163=CARTESIAN_POINT('',(274.819,-733.096,-389.685));
#164=CARTESIAN_POINT('',(311.894,-760.992,-387.077));
#165=CARTESIAN_POINT('',(355.548,-786.162,-379.086));
#166=CARTESIAN_POINT('',(402.52,-806.588,-365.643));
#167=CARTESIAN_POINT('',(430.555,-823.493,-320.803));
#168=CARTESIAN_POINT('',(431.653,-828.494,-277.222));
#169=CARTESIAN_POINT('',(436.514,-829.41,-249.283));
#170=CARTESIAN_POINT('',(434.766,-834.571,-234.157));
#171=CARTESIAN_POINT('',(-35.657,-236.995,-366.222));
#172=CARTESIAN_POINT('',(-26.58,-242.065,-365.684));
#173=CARTESIAN_POINT('',(-14.56,-257.257,-364.223));
#174=CARTESIAN_POINT('',(0.991,-286.957,-360.587));
#175=CARTESIAN_POINT('',(16.506,-314.054,-356.528));
#176=CARTESIAN_POINT('',(26.411,-344.652,-353.202));
#177=CARTESIAN_POINT('',(34.085,-377.753,-347.485));
#178=CARTESIAN_POINT('',(42.859,-408.038,-341.926));
#179=CARTESIAN_POINT('',(59.593,-439.837,-337.421));
#180=CARTESIAN_POINT('',(80.455,-469.633,-342.895));
#181=CARTESIAN_POINT('',(94.233,-498.098,-351.631));
#182=CARTESIAN_POINT('',(119.793,-527.472,-359.631));
#183=CARTESIAN_POINT('',(141.895,-558.141,-365.65));
#184=CARTESIAN_POINT('',(167.306,-588.118,-368.496));
#185=CARTESIAN_POINT('',(192.682,-618.199,-376.294));
#186=CARTESIAN_POINT('',(228.182,-646.58,-376.144));
#187=CARTESIAN_POINT('',(252.953,-674.721,-378.18));
#188=CARTESIAN_POINT('',(289.534,-702.194,-375.81));
#189=CARTESIAN_POINT('',(327.646,-729.191,-370.391));
#190=CARTESIAN_POINT('',(366.06,-752.179,-360.44));
#191=CARTESIAN_POINT('',(405.194,-771.021,-341.436));
#192=CARTESIAN_POINT('',(432.062,-786.164,-305.731));
#193=CARTESIAN_POINT('',(441.617,-799.142,-264.307));
#194=CARTESIAN_POINT('',(442.893,-806.194,-232.385));
#195=CARTESIAN_POINT('',(442.744,-812.378,-219.997));
#196=CARTESIAN_POINT('',(-23.019,-215.056,-366.572));
#197=CARTESIAN_POINT('',(-15.095,-221.507,-366.15));
#198=CARTESIAN_POINT('',(4.751,-236.665,-364.429));
#199=CARTESIAN_POINT('',(18.745,-262.395,-362.17));
#200=CARTESIAN_POINT('',(36.156,-289.416,-357.754));
#201=CARTESIAN_POINT('',(52.597,-320.445,-352.95));
#202=CARTESIAN_POINT('',(64.004,-351.803,-350.027));
#203=CARTESIAN_POINT('',(77.359,-382.268,-344.169));
#204=CARTESIAN_POINT('',(90.799,-410.762,-338.338));
#205=CARTESIAN_POINT('',(106.13,-438.964,-332.725));
#206=CARTESIAN_POINT('',(126.06,-470.268,-332.821));
#207=CARTESIAN_POINT('',(144.787,-498.214,-341.568));
#208=CARTESIAN_POINT('',(169.962,-524.411,-348.966));
#209=CARTESIAN_POINT('',(193.705,-552.813,-353.05));
#210=CARTESIAN_POINT('',(220.079,-581.069,-353.078));
#211=CARTESIAN_POINT('',(246.353,-608.06,-357.022));
#212=CARTESIAN_POINT('',(280.562,-634.213,-355.061));
#213=CARTESIAN_POINT('',(311.661,-660.216,-352.46));
#214=CARTESIAN_POINT('',(345.275,-683.573,-345.494));
#215=CARTESIAN_POINT('',(381.156,-704.171,-333.194));
#216=CARTESIAN_POINT('',(415.459,-722.646,-309.831));
#217=CARTESIAN_POINT('',(431.432,-741.994,-272.705));
#218=CARTESIAN_POINT('',(444.414,-757.97,-234.504));
#219=CARTESIAN_POINT('',(444.533,-767.607,-205.995));
#220=CARTESIAN_POINT('',(443.59,-775.155,-191.772));
#221=CARTESIAN_POINT('',(-6.724,-192.128,-366.762));
#222=CARTESIAN_POINT('',(0.519,-199.289,-366.218));
#223=CARTESIAN_POINT('',(17.661,-213.199,-365.677));
#224=CARTESIAN_POINT('',(39.862,-238.088,-363.335));
#225=CARTESIAN_POINT('',(56.746,-264.799,-361.261));
#226=CARTESIAN_POINT('',(74.138,-292.421,-355.712));
#227=CARTESIAN_POINT('',(89.611,-321.546,-350.509));
#228=CARTESIAN_POINT('',(104.03,-351.016,-347.635));
#229=CARTESIAN_POINT('',(120.117,-379.818,-341.242));
#230=CARTESIAN_POINT('',(135.942,-407.693,-334.358));
#231=CARTESIAN_POINT('',(152.505,-435.401,-327.995));
#232=CARTESIAN_POINT('',(172.089,-464.7,-322.909));
#233=CARTESIAN_POINT('',(192.206,-493.098,-324.58));
#234=CARTESIAN_POINT('',(216.287,-519.432,-329.115));
#235=CARTESIAN_POINT('',(241.953,-544.607,-333.661));
#236=CARTESIAN_POINT('',(269.003,-570.733,-330.774));
#237=CARTESIAN_POINT('',(296.195,-595.313,-328.795));
#238=CARTESIAN_POINT('',(328.008,-618.239,-324.323));
#239=CARTESIAN_POINT('',(358.647,-640.407,-314.736));
#240=CARTESIAN_POINT('',(389.749,-660.014,-298.814));
#241=CARTESIAN_POINT('',(404.117,-683.963,-267.248));
#242=CARTESIAN_POINT('',(429.63,-699.704,-240.881));
#243=CARTESIAN_POINT('',(439.049,-717.274,-203.332));
#244=CARTESIAN_POINT('',(441.659,-730.117,-175.7));
#245=CARTESIAN_POINT('',(441.719,-736.476,-162.462));
#246=CARTESIAN_POINT('',(10.269,-166.089,-368.083));
#247=CARTESIAN_POINT('',(17.803,-172.856,-367.104));
#248=CARTESIAN_POINT('',(33.517,-187.071,-366.315));
#249=CARTESIAN_POINT('',(55.536,-210.275,-364.448));
#250=CARTESIAN_POINT('',(75.497,-236.492,-363.263));
#251=CARTESIAN_POINT('',(94.956,-263.617,-360.218));
#252=CARTESIAN_POINT('',(111.99,-291.174,-355.079));
#253=CARTESIAN_POINT('',(129.552,-319.513,-349.137));
#254=CARTESIAN_POINT('',(145.849,-347.007,-345.414));
#255=CARTESIAN_POINT('',(162.988,-374.556,-338.999));
#256=CARTESIAN_POINT('',(181.466,-401.72,-331.098));
#257=CARTESIAN_POINT('',(198.724,-427.934,-322.357));
#258=CARTESIAN_POINT('',(218.389,-455.197,-312.309));
#259=CARTESIAN_POINT('',(237.831,-482.804,-306.505));
#260=CARTESIAN_POINT('',(259.942,-509.848,-301.574));
#261=CARTESIAN_POINT('',(285.471,-534.08,-304.081));
#262=CARTESIAN_POINT('',(311.231,-558.647,-298.708));
#263=CARTESIAN_POINT('',(338.123,-581.177,-291.846));
#264=CARTESIAN_POINT('',(364.523,-602.115,-280.304));
#265=CARTESIAN_POINT('',(391.388,-622.235,-262.395));
#266=CARTESIAN_POINT('',(410.003,-641.957,-237.737));
#267=CARTESIAN_POINT('',(421.099,-660.078,-205.307));
#268=CARTESIAN_POINT('',(431.663,-677.487,-170.866));
#269=CARTESIAN_POINT('',(433.888,-688.28,-147.353));
#270=CARTESIAN_POINT('',(432.553,-693.375,-134.816));
#271=CARTESIAN_POINT('',(25.09,-135.831,-369.704));
#272=CARTESIAN_POINT('',(32.709,-142.832,-369.177));
#273=CARTESIAN_POINT('',(49.098,-157.212,-367.192));
#274=CARTESIAN_POINT('',(71.448,-181.436,-365.53));
#275=CARTESIAN_POINT('',(93.056,-206.442,-363.249));
#276=CARTESIAN_POINT('',(113.253,-232.537,-361.814));
#277=CARTESIAN_POINT('',(132.292,-259.37,-358.923));
#278=CARTESIAN_POINT('',(151.811,-286.334,-354.209));
#279=CARTESIAN_POINT('',(169.835,-313.501,-348.15));
#280=CARTESIAN_POINT('',(189.124,-340.361,-343.609));
#281=CARTESIAN_POINT('',(207.297,-366.818,-336.567));
#282=CARTESIAN_POINT('',(227.237,-393.344,-328.709));
#283=CARTESIAN_POINT('',(246.126,-418.836,-318.971));
#284=CARTESIAN_POINT('',(266.928,-443.615,-309.422));
#285=CARTESIAN_POINT('',(286.06,-468.34,-296.161));
#286=CARTESIAN_POINT('',(307.6,-492.727,-285.77));
#287=CARTESIAN_POINT('',(327.651,-516.856,-273.679));
#288=CARTESIAN_POINT('',(349.349,-539.501,-261.722));
#289=CARTESIAN_POINT('',(369.983,-561.406,-245.651));
#290=CARTESIAN_POINT('',(386.782,-581.139,-223.806));
#291=CARTESIAN_POINT('',(402.043,-599.225,-199.502));
#292=CARTESIAN_POINT('',(422.774,-617.505,-174.681));
#293=CARTESIAN_POINT('',(439.466,-633.355,-146.148));
#294=CARTESIAN_POINT('',(438.88,-643.349,-120.456));
#295=CARTESIAN_POINT('',(437.958,-648.208,-108.867));
#296=CARTESIAN_POINT('',(35.643,-107.532,-369.835));
#297=CARTESIAN_POINT('',(45.159,-114.475,-369.241));
#298=CARTESIAN_POINT('',(63.471,-129.62,-367.842));
#299=CARTESIAN_POINT('',(87.495,-152.066,-365.884));
#300=CARTESIAN_POINT('',(109.672,-175.787,-364.017));
#301=CARTESIAN_POINT('',(131.314,-200.798,-361.92));
#302=CARTESIAN_POINT('',(151.645,-226.558,-360.507));
#303=CARTESIAN_POINT('',(171.814,-252.888,-357.129));
#304=CARTESIAN_POINT('',(192.148,-278.923,-352.65));
#305=CARTESIAN_POINT('',(211.497,-304.712,-346.397));
#306=CARTESIAN_POINT('',(232.587,-331.02,-340.713));
#307=CARTESIAN_POINT('',(252.388,-356.619,-333.49));
#308=CARTESIAN_POINT('',(273.571,-382.015,-325.82));
#309=CARTESIAN_POINT('',(294.228,-406.932,-315.929));
#310=CARTESIAN_POINT('',(316.33,-431.187,-307.034));
#311=CARTESIAN_POINT('',(338.05,-454.21,-294.077));
#312=CARTESIAN_POINT('',(358.985,-476.032,-277.983));
#313=CARTESIAN_POINT('',(380.059,-497.409,-259.71));
#314=CARTESIAN_POINT('',(400.492,-517.577,-240.691));
#315=CARTESIAN_POINT('',(421.73,-537.614,-218.93));
#316=CARTESIAN_POINT('',(444.886,-557.346,-195.122));
#317=CARTESIAN_POINT('',(453.471,-572.784,-161.499));
#318=CARTESIAN_POINT('',(458.008,-588.43,-124.818));
#319=CARTESIAN_POINT('',(456.665,-598.475,-100.364));
#320=CARTESIAN_POINT('',(456.362,-603.446,-87.707));
#321=CARTESIAN_POINT('',(54.226,-79.01,-370.1));
#322=CARTESIAN_POINT('',(61.79,-85.556,-369.266));
#323=CARTESIAN_POINT('',(76.199,-99.283,-367.711));
#324=CARTESIAN_POINT('',(101.436,-120.822,-365.916));
#325=CARTESIAN_POINT('',(124.987,-144.129,-363.501));
#326=CARTESIAN_POINT('',(147.992,-168.085,-361.443));
#327=CARTESIAN_POINT('',(169.659,-192.923,-359.36));
#328=CARTESIAN_POINT('',(191.677,-218.097,-357.922));
#329=CARTESIAN_POINT('',(212.293,-243.497,-354.404));
#330=CARTESIAN_POINT('',(234.161,-269.122,-349.7));
#331=CARTESIAN_POINT('',(254.603,-293.989,-343.356));
#332=CARTESIAN_POINT('',(276.54,-318.951,-336.505));
#333=CARTESIAN_POINT('',(298.163,-343.587,-329.203));
#334=CARTESIAN_POINT('',(320.515,-367.863,-320.534));
#335=CARTESIAN_POINT('',(342.627,-391.881,-309.094));
#336=CARTESIAN_POINT('',(363.993,-414.701,-295.353));
#337=CARTESIAN_POINT('',(385.688,-436.381,-278.045));
#338=CARTESIAN_POINT('',(405.204,-456.733,-257.619));
#339=CARTESIAN_POINT('',(427.287,-477.24,-236.721));
#340=CARTESIAN_POINT('',(445.952,-495.746,-209.991));
#341=CARTESIAN_POINT('',(449.303,-510.971,-173.58));
#342=CARTESIAN_POINT('',(452.895,-526.446,-139.361));
#343=CARTESIAN_POINT('',(455.623,-541.557,-104.341));
#344=CARTESIAN_POINT('',(457.266,-551.247,-79.281));
#345=CARTESIAN_POINT('',(457.313,-555.996,-67.058));
#346=CARTESIAN_POINT('',(68.416,-47.065,-369.474));
#347=CARTESIAN_POINT('',(77.33,-54.183,-369.141));
#348=CARTESIAN_POINT('',(93.931,-68.214,-367.588));
#349=CARTESIAN_POINT('',(117.819,-89.323,-365.417));
#350=CARTESIAN_POINT('',(141.259,-111.691,-363.526));
#351=CARTESIAN_POINT('',(163.933,-134.834,-361.562));
#352=CARTESIAN_POINT('',(186.707,-158.532,-359.233));
#353=CARTESIAN_POINT('',(208.939,-182.888,-356.472));
#354=CARTESIAN_POINT('',(231.296,-207.616,-353.155));
#355=CARTESIAN_POINT('',(253.353,-231.888,-349.349));
#356=CARTESIAN_POINT('',(276.128,-256.44,-344.435));
#357=CARTESIAN_POINT('',(298.029,-280.673,-339.052));
#358=CARTESIAN_POINT('',(321.047,-304.538,-330.769));
#359=CARTESIAN_POINT('',(343.134,-328.203,-319.974));
#360=CARTESIAN_POINT('',(365.799,-351.2,-307.909));
#361=CARTESIAN_POINT('',(387.709,-372.879,-290.781));
#362=CARTESIAN_POINT('',(406.944,-393.802,-271.965));
#363=CARTESIAN_POINT('',(431.275,-414.372,-253.117));
#364=CARTESIAN_POINT('',(443.195,-431.499,-222.356));
#365=CARTESIAN_POINT('',(448.723,-448.254,-189.4));
#366=CARTESIAN_POINT('',(449.859,-464.94,-156.688));
#367=CARTESIAN_POINT('',(452.66,-480.481,-122.57));
#368=CARTESIAN_POINT('',(455.561,-494.836,-86.345));
#369=CARTESIAN_POINT('',(456.909,-503.725,-62.261));
#370=CARTESIAN_POINT('',(457.658,-507.97,-49.734));
#371=CARTESIAN_POINT('',(81.988,-14.646,-368.253));
#372=CARTESIAN_POINT('',(89.743,-21.526,-367.741));
#373=CARTESIAN_POINT('',(107.333,-35.004,-366.761));
#374=CARTESIAN_POINT('',(131.304,-56.603,-365.106));
#375=CARTESIAN_POINT('',(156.636,-78.299,-363.488));
#376=CARTESIAN_POINT('',(180.518,-101.05,-361.887));
#377=CARTESIAN_POINT('',(203.429,-123.982,-359.853));
#378=CARTESIAN_POINT('',(226.47,-147.312,-357.159));
#379=CARTESIAN_POINT('',(249.039,-170.745,-352.946));
#380=CARTESIAN_POINT('',(271.818,-194.479,-349.033));
#381=CARTESIAN_POINT('',(294.729,-217.946,-344.092));
#382=CARTESIAN_POINT('',(318.193,-241.582,-338.068));
#383=CARTESIAN_POINT('',(340.774,-264.712,-329.475));
#384=CARTESIAN_POINT('',(364.206,-287.39,-318.536));
#385=CARTESIAN_POINT('',(386.708,-309.808,-305.694));
#386=CARTESIAN_POINT('',(407.61,-331.136,-288.025));
#387=CARTESIAN_POINT('',(429.519,-351.076,-266.902));
#388=CARTESIAN_POINT('',(437.571,-368.777,-235.461));
#389=CARTESIAN_POINT('',(442.311,-386.991,-205.299));
#390=CARTESIAN_POINT('',(444.904,-404.009,-174.234));
#391=CARTESIAN_POINT('',(448.078,-419.66,-140.758));
#392=CARTESIAN_POINT('',(447.382,-434.292,-106.487));
#393=CARTESIAN_POINT('',(448.874,-448.058,-70.947));
#394=CARTESIAN_POINT('',(450.611,-455.995,-46.445));
#395=CARTESIAN_POINT('',(451.211,-459.941,-34.136));
#396=CARTESIAN_POINT('',(95.523,17.014,-367.691));
#397=CARTESIAN_POINT('',(104.039,9.749,-367.278));
#398=CARTESIAN_POINT('',(120.576,-2.762,-366.651));
#399=CARTESIAN_POINT('',(147.805,-22.139,-364.507));
#400=CARTESIAN_POINT('',(170.552,-44.379,-362.655));
#401=CARTESIAN_POINT('',(195.59,-65.996,-361.363));
#402=CARTESIAN_POINT('',(219.287,-88.564,-359.735));
#403=CARTESIAN_POINT('',(242.701,-111.021,-356.649));
#404=CARTESIAN_POINT('',(265.962,-133.828,-352.014));
#405=CARTESIAN_POINT('',(288.892,-156.438,-346.7));
#406=CARTESIAN_POINT('',(312.196,-179.219,-340.712));
#407=CARTESIAN_POINT('',(335.029,-201.804,-334.011));
#408=CARTESIAN_POINT('',(359.109,-224.099,-326.102));
#409=CARTESIAN_POINT('',(380.467,-245.8,-313.326));
#410=CARTESIAN_POINT('',(403.823,-267.513,-300.122));
#411=CARTESIAN_POINT('',(424.002,-287.31,-278.269));
#412=CARTESIAN_POINT('',(431.086,-305.999,-248.319));
#413=CARTESIAN_POINT('',(434.827,-324.865,-220.129));
#414=CARTESIAN_POINT('',(438.587,-342.16,-189.142));
#415=CARTESIAN_POINT('',(441.708,-358.643,-157.862));
#416=CARTESIAN_POINT('',(443.448,-374.135,-125.291));
#417=CARTESIAN_POINT('',(445.498,-388.502,-92.173));
#418=CARTESIAN_POINT('',(446.513,-401.255,-58.094));
#419=CARTESIAN_POINT('',(446.62,-409.043,-34.306));
#420=CARTESIAN_POINT('',(447.42,-412.187,-22.291));
#421=CARTESIAN_POINT('',(107.988,51.559,-366.877));
#422=CARTESIAN_POINT('',(116.449,45.3,-366.789));
#423=CARTESIAN_POINT('',(131.226,31.257,-365.651));
#424=CARTESIAN_POINT('',(158.46,11.897,-365.156));
#425=CARTESIAN_POINT('',(186.761,-9.545,-362.787));
#426=CARTESIAN_POINT('',(209.411,-31.153,-360.169));
#427=CARTESIAN_POINT('',(234.83,-52.612,-358.172));
#428=CARTESIAN_POINT('',(258.256,-74.456,-355.298));
#429=CARTESIAN_POINT('',(282.101,-96.249,-351.935));
#430=CARTESIAN_POINT('',(305.313,-118.149,-345.758));
#431=CARTESIAN_POINT('',(328.28,-139.835,-339.41));
#432=CARTESIAN_POINT('',(352.116,-161.442,-331.467));
#433=CARTESIAN_POINT('',(373.871,-182.85,-321.409));
#434=CARTESIAN_POINT('',(400.258,-204.196,-312.81));
#435=CARTESIAN_POINT('',(416.822,-223.924,-288.946));
#436=CARTESIAN_POINT('',(421.684,-243.563,-260.963));
#437=CARTESIAN_POINT('',(427.594,-262.736,-234.212));
#438=CARTESIAN_POINT('',(431.125,-280.829,-204.426));
#439=CARTESIAN_POINT('',(433.72,-298.219,-175.04));
#440=CARTESIAN_POINT('',(436.194,-314.402,-144.051));
#441=CARTESIAN_POINT('',(439.176,-329.289,-111.684));
#442=CARTESIAN_POINT('',(439.26,-343.047,-78.957));
#443=CARTESIAN_POINT('',(438.11,-355.789,-44.952));
#444=CARTESIAN_POINT('',(437.195,-362.937,-22.257));
#445=CARTESIAN_POINT('',(435.047,-366.404,-10.618));
#446=CARTESIAN_POINT('',(119.939,89.714,-365.96));
#447=CARTESIAN_POINT('',(127.336,82.332,-365.811));
#448=CARTESIAN_POINT('',(145.166,68.211,-366.201));
#449=CARTESIAN_POINT('',(167.927,46.095,-364.063));
#450=CARTESIAN_POINT('',(199.036,26.145,-363.039));
#451=CARTESIAN_POINT('',(224.185,4.203,-360.923));
#452=CARTESIAN_POINT('',(249.366,-16.388,-357.746));
#453=CARTESIAN_POINT('',(273.311,-37.409,-354.201));
#454=CARTESIAN_POINT('',(297.509,-58.121,-349.358));
#455=CARTESIAN_POINT('',(321.009,-79.186,-344.545));
#456=CARTESIAN_POINT('',(344.786,-99.989,-338.002));
#457=CARTESIAN_POINT('',(366.611,-120.786,-329.301));
#458=CARTESIAN_POINT('',(392.089,-141.734,-321.403));
#459=CARTESIAN_POINT('',(407.407,-161.372,-298.382));
#460=CARTESIAN_POINT('',(414.429,-181.205,-272.463));
#461=CARTESIAN_POINT('',(419.573,-200.604,-247.078));
#462=CARTESIAN_POINT('',(423.379,-219.277,-219.093));
#463=CARTESIAN_POINT('',(426.881,-237.399,-191.196));
#464=CARTESIAN_POINT('',(429.818,-254.391,-161.513));
#465=CARTESIAN_POINT('',(431.451,-270.321,-131.318));
#466=CARTESIAN_POINT('',(432.804,-285.06,-99.723));
#467=CARTESIAN_POINT('',(434.3,-298.38,-67.163));
#468=CARTESIAN_POINT('',(431.982,-310.459,-33.409));
#469=CARTESIAN_POINT('',(421.936,-318.971,-12.951));
#470=CARTESIAN_POINT('',(415.839,-323.308,-2.917));
#471=CARTESIAN_POINT('',(134.678,124.281,-364.302));
#472=CARTESIAN_POINT('',(142.24,117.634,-364.149));
#473=CARTESIAN_POINT('',(155.626,101.278,-364.062));
#474=CARTESIAN_POINT('',(182.415,79.015,-363.889));
#475=CARTESIAN_POINT('',(209.332,59.335,-361.223));
#476=CARTESIAN_POINT('',(238.401,39.425,-358.837));
#477=CARTESIAN_POINT('',(263.399,19.46,-356.373));
#478=CARTESIAN_POINT('',(288.947,0.004,-354.307));
#479=CARTESIAN_POINT('',(312.735,-19.962,-350.146));
#480=CARTESIAN_POINT('',(336.689,-39.72,-344.771));
#481=CARTESIAN_POINT('',(359.682,-59.924,-337.896));
#482=CARTESIAN_POINT('',(383.744,-80.14,-330.747));
#483=CARTESIAN_POINT('',(403.152,-99.448,-311.046));
#484=CARTESIAN_POINT('',(412.049,-118.801,-285.921));
#485=CARTESIAN_POINT('',(414.296,-138.143,-259.317));
#486=CARTESIAN_POINT('',(419.13,-157.286,-232.966));
#487=CARTESIAN_POINT('',(422.325,-176.,-206.059));
#488=CARTESIAN_POINT('',(425.615,-193.804,-177.285));
#489=CARTESIAN_POINT('',(426.874,-210.715,-148.244));
#490=CARTESIAN_POINT('',(428.133,-226.519,-118.912));
#491=CARTESIAN_POINT('',(429.146,-240.703,-86.943));
#492=CARTESIAN_POINT('',(427.984,-253.896,-55.717));
#493=CARTESIAN_POINT('',(423.351,-265.751,-22.639));
#494=CARTESIAN_POINT('',(410.375,-273.604,-1.579));
#495=CARTESIAN_POINT('',(399.859,-278.479,3.325));
#496=CARTESIAN_POINT('',(146.865,154.851,-363.183));
#497=CARTESIAN_POINT('',(156.598,147.315,-363.403));
#498=CARTESIAN_POINT('',(176.263,133.509,-363.08));
#499=CARTESIAN_POINT('',(193.576,110.594,-362.224));
#500=CARTESIAN_POINT('',(222.558,92.313,-360.542));
#501=CARTESIAN_POINT('',(251.93,74.214,-357.005));
#502=CARTESIAN_POINT('',(278.004,55.561,-353.337));
#503=CARTESIAN_POINT('',(303.704,37.276,-351.829));
#504=CARTESIAN_POINT('',(328.692,18.858,-351.304));
#505=CARTESIAN_POINT('',(353.272,0.064,-346.601));
#506=CARTESIAN_POINT('',(375.801,-19.225,-338.502));
#507=CARTESIAN_POINT('',(395.654,-37.991,-320.324));
#508=CARTESIAN_POINT('',(405.427,-56.871,-296.633));
#509=CARTESIAN_POINT('',(410.308,-76.089,-271.864));
#510=CARTESIAN_POINT('',(413.851,-95.167,-245.818));
#511=CARTESIAN_POINT('',(415.758,-114.169,-219.179));
#512=CARTESIAN_POINT('',(419.147,-132.756,-192.733));
#513=CARTESIAN_POINT('',(421.752,-150.386,-164.701));
#514=CARTESIAN_POINT('',(423.719,-167.174,-135.703));
#515=CARTESIAN_POINT('',(425.544,-182.737,-106.123));
#516=CARTESIAN_POINT('',(424.229,-196.948,-75.695));
#517=CARTESIAN_POINT('',(427.142,-209.247,-42.807));
#518=CARTESIAN_POINT('',(413.235,-221.043,-10.059));
#519=CARTESIAN_POINT('',(385.942,-231.075,-6.913));
#520=CARTESIAN_POINT('',(380.281,-234.09,4.001));
#521=CARTESIAN_POINT('',(157.976,184.66,-362.533));
#522=CARTESIAN_POINT('',(164.04,177.256,-362.461));
#523=CARTESIAN_POINT('',(181.823,162.109,-362.808));
#524=CARTESIAN_POINT('',(216.519,142.53,-361.002));
#525=CARTESIAN_POINT('',(235.171,122.908,-358.821));
#526=CARTESIAN_POINT('',(265.876,108.26,-356.703));
#527=CARTESIAN_POINT('',(292.55,91.548,-355.634));
#528=CARTESIAN_POINT('',(319.33,75.559,-353.412));
#529=CARTESIAN_POINT('',(344.37,58.084,-351.24));
#530=CARTESIAN_POINT('',(369.166,40.413,-347.123));
#531=CARTESIAN_POINT('',(392.962,21.982,-335.357));
#532=CARTESIAN_POINT('',(402.406,4.522,-309.415));
#533=CARTESIAN_POINT('',(406.234,-13.909,-284.516));
#534=CARTESIAN_POINT('',(410.795,-32.998,-258.973));
#535=CARTESIAN_POINT('',(412.732,-52.153,-233.717));
#536=CARTESIAN_POINT('',(415.563,-71.135,-207.53));
#537=CARTESIAN_POINT('',(416.951,-89.678,-180.934));
#538=CARTESIAN_POINT('',(418.396,-107.523,-153.169));
#539=CARTESIAN_POINT('',(419.526,-124.333,-124.958));
#540=CARTESIAN_POINT('',(420.972,-139.685,-94.868));
#541=CARTESIAN_POINT('',(422.771,-153.424,-65.546));
#542=CARTESIAN_POINT('',(417.223,-165.647,-33.071));
#543=CARTESIAN_POINT('',(390.743,-179.624,-14.273));
#544=CARTESIAN_POINT('',(378.434,-185.832,3.255));
#545=CARTESIAN_POINT('',(377.072,-188.177,15.365));
#546=CARTESIAN_POINT('',(173.375,213.298,-362.081));
#547=CARTESIAN_POINT('',(185.379,206.787,-361.921));
#548=CARTESIAN_POINT('',(196.262,192.53,-361.766));
#549=CARTESIAN_POINT('',(221.055,172.425,-361.088));
#550=CARTESIAN_POINT('',(254.195,156.252,-357.541));
#551=CARTESIAN_POINT('',(280.003,141.73,-354.09));
#552=CARTESIAN_POINT('',(308.009,128.199,-353.221));
#553=CARTESIAN_POINT('',(333.477,113.223,-355.065));
#554=CARTESIAN_POINT('',(358.689,98.763,-350.727));
#555=CARTESIAN_POINT('',(385.047,81.925,-346.3));
#556=CARTESIAN_POINT('',(401.721,65.355,-322.322));
#557=CARTESIAN_POINT('',(405.443,47.409,-297.174));
#558=CARTESIAN_POINT('',(408.982,28.845,-272.181));
#559=CARTESIAN_POINT('',(410.345,10.071,-246.853));
#560=CARTESIAN_POINT('',(413.12,-9.211,-221.319));
#561=CARTESIAN_POINT('',(414.02,-28.269,-195.731));
#562=CARTESIAN_POINT('',(415.882,-47.051,-169.775));
#563=CARTESIAN_POINT('',(415.882,-65.094,-142.934));
#564=CARTESIAN_POINT('',(418.762,-81.912,-114.935));
#565=CARTESIAN_POINT('',(416.762,-97.357,-86.815));
#566=CARTESIAN_POINT('',(417.001,-110.874,-56.187));
#567=CARTESIAN_POINT('',(404.418,-123.751,-28.284));
#568=CARTESIAN_POINT('',(374.412,-137.105,-12.393));
#569=CARTESIAN_POINT('',(374.038,-141.099,13.927));
#570=CARTESIAN_POINT('',(373.368,-143.568,23.029));
#571=CARTESIAN_POINT('',(182.361,236.319,-360.761));
#572=CARTESIAN_POINT('',(188.843,227.397,-360.663));
#573=CARTESIAN_POINT('',(218.937,217.556,-360.064));
#574=CARTESIAN_POINT('',(240.97,196.838,-358.276));
#575=CARTESIAN_POINT('',(267.68,184.349,-356.929));
#576=CARTESIAN_POINT('',(295.701,175.023,-354.335));
#577=CARTESIAN_POINT('',(324.189,164.857,-356.269));
#578=CARTESIAN_POINT('',(349.917,154.187,-352.899));
#579=CARTESIAN_POINT('',(377.515,139.626,-354.925));
#580=CARTESIAN_POINT('',(395.701,124.794,-333.257));
#581=CARTESIAN_POINT('',(399.259,107.964,-307.91));
#582=CARTESIAN_POINT('',(406.44,90.485,-284.397));
#583=CARTESIAN_POINT('',(408.806,72.111,-258.542));
#584=CARTESIAN_POINT('',(411.538,52.926,-234.289));
#585=CARTESIAN_POINT('',(412.59,33.628,-210.005));
#586=CARTESIAN_POINT('',(413.525,14.216,-184.886));
#587=CARTESIAN_POINT('',(413.993,-4.844,-159.271));
#588=CARTESIAN_POINT('',(415.076,-23.408,-133.098));
#589=CARTESIAN_POINT('',(412.885,-40.844,-106.211));
#590=CARTESIAN_POINT('',(416.595,-56.42,-78.453));
#591=CARTESIAN_POINT('',(409.602,-70.112,-48.572));
#592=CARTESIAN_POINT('',(385.533,-84.57,-29.747));
#593=CARTESIAN_POINT('',(372.545,-94.511,-1.459));
#594=CARTESIAN_POINT('',(371.472,-99.689,20.139));
#595=CARTESIAN_POINT('',(373.883,-101.712,30.859));
#596=CARTESIAN_POINT('',(196.1,256.024,-359.222));
#597=CARTESIAN_POINT('',(206.399,248.942,-359.238));
#598=CARTESIAN_POINT('',(224.876,238.768,-357.748));
#599=CARTESIAN_POINT('',(257.882,227.983,-357.402));
#600=CARTESIAN_POINT('',(283.556,217.957,-355.868));
#601=CARTESIAN_POINT('',(310.274,213.183,-355.806));
#602=CARTESIAN_POINT('',(335.942,203.998,-352.279));
#603=CARTESIAN_POINT('',(361.7,193.714,-354.488));
#604=CARTESIAN_POINT('',(390.145,184.113,-343.996));
#605=CARTESIAN_POINT('',(399.733,169.137,-318.885));
#606=CARTESIAN_POINT('',(405.073,152.668,-294.679));
#607=CARTESIAN_POINT('',(407.677,134.257,-269.003));
#608=CARTESIAN_POINT('',(410.014,115.052,-245.542));
#609=CARTESIAN_POINT('',(411.,96.133,-220.787));
#610=CARTESIAN_POINT('',(411.868,76.478,-196.325));
#611=CARTESIAN_POINT('',(412.899,56.611,-172.835));
#612=CARTESIAN_POINT('',(412.76,36.937,-148.839));
#613=CARTESIAN_POINT('',(413.626,17.694,-123.757));
#614=CARTESIAN_POINT('',(413.408,-0.305,-98.4));
#615=CARTESIAN_POINT('',(409.128,-17.146,-71.818));
#616=CARTESIAN_POINT('',(398.41,-33.2,-47.469));
#617=CARTESIAN_POINT('',(379.397,-47.416,-25.753));
#618=CARTESIAN_POINT('',(371.064,-57.158,6.76));
#619=CARTESIAN_POINT('',(377.121,-61.486,27.031));
#620=CARTESIAN_POINT('',(376.613,-63.247,37.725));
#621=CARTESIAN_POINT('',(202.179,276.34,-357.751));
#622=CARTESIAN_POINT('',(213.278,270.989,-357.098));
#623=CARTESIAN_POINT('',(233.697,263.849,-357.927));
#624=CARTESIAN_POINT('',(263.132,257.255,-354.005));
#625=CARTESIAN_POINT('',(291.102,252.309,-353.85));
#626=CARTESIAN_POINT('',(318.414,247.128,-353.316));
#627=CARTESIAN_POINT('',(347.368,246.606,-360.451));
#628=CARTESIAN_POINT('',(380.559,243.571,-353.396));
#629=CARTESIAN_POINT('',(393.331,228.294,-327.792));
#630=CARTESIAN_POINT('',(400.823,211.607,-303.832));
#631=CARTESIAN_POINT('',(404.679,194.73,-279.946));
#632=CARTESIAN_POINT('',(406.555,177.831,-255.247));
#633=CARTESIAN_POINT('',(410.61,159.37,-229.218));
#634=CARTESIAN_POINT('',(413.018,139.351,-206.205));
#635=CARTESIAN_POINT('',(413.778,119.499,-183.307));
#636=CARTESIAN_POINT('',(412.706,99.047,-159.078));
#637=CARTESIAN_POINT('',(414.167,78.529,-136.513));
#638=CARTESIAN_POINT('',(410.862,58.461,-110.988));
#639=CARTESIAN_POINT('',(410.59,39.187,-87.371));
#640=CARTESIAN_POINT('',(402.707,21.487,-62.681));
#641=CARTESIAN_POINT('',(384.661,3.513,-44.125));
#642=CARTESIAN_POINT('',(371.524,-11.294,-21.134));
#643=CARTESIAN_POINT('',(375.502,-22.741,8.489));
#644=CARTESIAN_POINT('',(377.026,-27.555,30.039));
#645=CARTESIAN_POINT('',(378.38,-28.791,41.053));
#646=CARTESIAN_POINT('',(207.637,301.761,-355.317));
#647=CARTESIAN_POINT('',(215.817,295.78,-355.702));
#648=CARTESIAN_POINT('',(236.605,290.158,-354.603));
#649=CARTESIAN_POINT('',(267.673,288.629,-357.926));
#650=CARTESIAN_POINT('',(294.703,292.116,-357.97));
#651=CARTESIAN_POINT('',(322.138,298.752,-360.698));
#652=CARTESIAN_POINT('',(347.873,293.798,-344.223));
#653=CARTESIAN_POINT('',(367.83,280.862,-325.979));
#654=CARTESIAN_POINT('',(384.996,268.754,-303.517));
#655=CARTESIAN_POINT('',(398.553,256.368,-280.729));
#656=CARTESIAN_POINT('',(409.361,242.1,-256.686));
#657=CARTESIAN_POINT('',(412.077,222.136,-234.631));
#658=CARTESIAN_POINT('',(409.673,201.394,-212.749));
#659=CARTESIAN_POINT('',(410.236,182.536,-188.331));
#660=CARTESIAN_POINT('',(413.864,162.331,-165.34));
#661=CARTESIAN_POINT('',(412.488,141.54,-143.547));
#662=CARTESIAN_POINT('',(411.255,119.908,-122.346));
#663=CARTESIAN_POINT('',(411.72,98.555,-101.35));
#664=CARTESIAN_POINT('',(401.105,77.783,-78.22));
#665=CARTESIAN_POINT('',(390.752,57.257,-57.915));
#666=CARTESIAN_POINT('',(373.639,38.309,-39.924));
#667=CARTESIAN_POINT('',(372.379,23.506,-9.627));
#668=CARTESIAN_POINT('',(376.069,10.424,17.162));
#669=CARTESIAN_POINT('',(378.518,5.85,36.627));
#670=CARTESIAN_POINT('',(379.271,4.773,47.2));
#671=CARTESIAN_POINT('',(213.446,323.699,-350.209));
#672=CARTESIAN_POINT('',(222.941,320.798,-349.813));
#673=CARTESIAN_POINT('',(239.272,312.439,-352.808));
#674=CARTESIAN_POINT('',(264.785,320.31,-343.915));
#675=CARTESIAN_POINT('',(282.886,315.836,-329.749));
#676=CARTESIAN_POINT('',(297.709,298.025,-309.509));
#677=CARTESIAN_POINT('',(313.768,288.116,-299.683));
#678=CARTESIAN_POINT('',(330.073,281.667,-287.596));
#679=CARTESIAN_POINT('',(346.095,280.368,-273.547));
#680=CARTESIAN_POINT('',(360.976,276.232,-252.419));
#681=CARTESIAN_POINT('',(371.361,268.494,-231.734));
#682=CARTESIAN_POINT('',(387.763,262.593,-209.162));
#683=CARTESIAN_POINT('',(408.197,248.14,-187.1));
#684=CARTESIAN_POINT('',(411.604,224.992,-166.657));
#685=CARTESIAN_POINT('',(410.268,204.84,-145.72));
#686=CARTESIAN_POINT('',(411.452,183.536,-122.228));
#687=CARTESIAN_POINT('',(405.315,161.206,-102.168));
#688=CARTESIAN_POINT('',(399.158,136.466,-82.649));
#689=CARTESIAN_POINT('',(390.1,113.808,-68.673));
#690=CARTESIAN_POINT('',(374.48,93.894,-53.809));
#691=CARTESIAN_POINT('',(370.709,74.344,-29.882));
#692=CARTESIAN_POINT('',(374.7,57.965,-8.782));
#693=CARTESIAN_POINT('',(376.163,40.666,15.633));
#694=CARTESIAN_POINT('',(378.634,31.773,36.898));
#695=CARTESIAN_POINT('',(379.375,30.629,48.832));
#696=CARTESIAN_POINT('',(216.294,334.668,-341.194));
#697=CARTESIAN_POINT('',(225.016,327.525,-338.474));
#698=CARTESIAN_POINT('',(238.223,330.583,-332.712));
#699=CARTESIAN_POINT('',(251.19,324.151,-320.904));
#700=CARTESIAN_POINT('',(264.308,312.924,-307.999));
#701=CARTESIAN_POINT('',(274.603,310.418,-296.747));
#702=CARTESIAN_POINT('',(297.207,301.373,-286.496));
#703=CARTESIAN_POINT('',(312.19,296.139,-271.728));
#704=CARTESIAN_POINT('',(323.957,286.187,-253.71));
#705=CARTESIAN_POINT('',(333.166,277.892,-236.554));
#706=CARTESIAN_POINT('',(341.599,272.453,-214.049));
#707=CARTESIAN_POINT('',(348.755,263.431,-196.256));
#708=CARTESIAN_POINT('',(371.566,259.672,-175.892));
#709=CARTESIAN_POINT('',(386.226,247.399,-151.312));
#710=CARTESIAN_POINT('',(402.417,232.641,-127.745));
#711=CARTESIAN_POINT('',(401.931,209.927,-108.067));
#712=CARTESIAN_POINT('',(396.317,187.38,-89.815));
#713=CARTESIAN_POINT('',(389.967,160.456,-73.687));
#714=CARTESIAN_POINT('',(376.905,137.399,-56.259));
#715=CARTESIAN_POINT('',(373.424,116.955,-35.701));
#716=CARTESIAN_POINT('',(374.45,97.782,-15.552));
#717=CARTESIAN_POINT('',(375.833,80.889,7.743));
#718=CARTESIAN_POINT('',(378.555,68.153,27.789));
#719=CARTESIAN_POINT('',(379.272,53.914,39.017));
#720=CARTESIAN_POINT('',(380.041,51.761,48.812));
#721=CARTESIAN_POINT('',(218.54,339.333,-335.935));
#722=CARTESIAN_POINT('',(223.279,340.074,-332.189));
#723=CARTESIAN_POINT('',(231.637,338.062,-326.166));
#724=CARTESIAN_POINT('',(245.049,333.322,-314.152));
#725=CARTESIAN_POINT('',(256.248,323.814,-303.204));
#726=CARTESIAN_POINT('',(262.685,316.969,-286.736));
#727=CARTESIAN_POINT('',(282.472,304.795,-275.431));
#728=CARTESIAN_POINT('',(296.658,297.89,-262.598));
#729=CARTESIAN_POINT('',(307.619,290.531,-245.664));
#730=CARTESIAN_POINT('',(318.803,282.998,-227.395));
#731=CARTESIAN_POINT('',(325.623,276.109,-207.74));
#732=CARTESIAN_POINT('',(336.657,268.514,-186.192));
#733=CARTESIAN_POINT('',(356.58,258.855,-168.444));
#734=CARTESIAN_POINT('',(370.788,248.416,-146.106));
#735=CARTESIAN_POINT('',(382.384,238.646,-123.609));
#736=CARTESIAN_POINT('',(394.847,222.262,-99.472));
#737=CARTESIAN_POINT('',(387.756,198.526,-82.555));
#738=CARTESIAN_POINT('',(385.067,172.914,-66.258));
#739=CARTESIAN_POINT('',(378.624,149.745,-47.732));
#740=CARTESIAN_POINT('',(374.919,128.937,-29.219));
#741=CARTESIAN_POINT('',(375.668,109.104,-9.411));
#742=CARTESIAN_POINT('',(377.734,92.561,12.461));
#743=CARTESIAN_POINT('',(379.41,77.326,34.043));
#744=CARTESIAN_POINT('',(380.204,62.947,46.637));
#745=CARTESIAN_POINT('',(380.416,60.025,53.447));
#746=CARTESIAN_POINT('',(-422.167,-33.07,-198.709));
#747=CARTESIAN_POINT('',(-422.051,-38.794,-192.362));
#748=CARTESIAN_POINT('',(-422.74,-54.184,-179.164));
#749=CARTESIAN_POINT('',(-423.357,-83.067,-157.117));
#750=CARTESIAN_POINT('',(-424.51,-115.701,-133.339));
#751=CARTESIAN_POINT('',(-423.744,-149.237,-109.245));
#752=CARTESIAN_POINT('',(-425.649,-184.375,-84.214));
#753=CARTESIAN_POINT('',(-418.254,-223.287,-59.174));
#754=CARTESIAN_POINT('',(-405.198,-264.275,-36.616));
#755=CARTESIAN_POINT('',(-385.34,-305.762,-21.066));
#756=CARTESIAN_POINT('',(-366.901,-352.578,8.21));
#757=CARTESIAN_POINT('',(-396.84,-385.938,46.315));
#758=CARTESIAN_POINT('',(-430.196,-409.909,85.178));
#759=CARTESIAN_POINT('',(-429.106,-455.776,123.049));
#760=CARTESIAN_POINT('',(-424.89,-494.203,159.28));
#761=CARTESIAN_POINT('',(-413.378,-534.57,197.516));
#762=CARTESIAN_POINT('',(-396.329,-571.977,235.414));
#763=CARTESIAN_POINT('',(-376.181,-608.403,273.872));
#764=CARTESIAN_POINT('',(-357.858,-641.926,312.012));
#765=CARTESIAN_POINT('',(-334.935,-670.617,351.708));
#766=CARTESIAN_POINT('',(-307.528,-693.73,384.669));
#767=CARTESIAN_POINT('',(-274.407,-713.249,411.515));
#768=CARTESIAN_POINT('',(-240.73,-728.954,433.834));
#769=CARTESIAN_POINT('',(-219.763,-737.996,442.566));
#770=CARTESIAN_POINT('',(-212.415,-732.86,451.305));
#771=CARTESIAN_POINT('',(-422.657,-34.115,-205.79));
#772=CARTESIAN_POINT('',(-422.908,-47.63,-199.592));
#773=CARTESIAN_POINT('',(-424.111,-64.064,-185.458));
#774=CARTESIAN_POINT('',(-424.307,-93.478,-163.131));
#775=CARTESIAN_POINT('',(-425.307,-128.527,-140.839));
#776=CARTESIAN_POINT('',(-426.913,-161.725,-115.701));
#777=CARTESIAN_POINT('',(-427.68,-199.193,-91.161));
#778=CARTESIAN_POINT('',(-422.613,-236.827,-65.89));
#779=CARTESIAN_POINT('',(-410.712,-281.492,-40.984));
#780=CARTESIAN_POINT('',(-396.388,-316.989,-26.589));
#781=CARTESIAN_POINT('',(-360.202,-378.854,-1.147));
#782=CARTESIAN_POINT('',(-416.343,-390.239,39.889));
#783=CARTESIAN_POINT('',(-439.216,-428.156,79.416));
#784=CARTESIAN_POINT('',(-432.66,-473.55,115.691));
#785=CARTESIAN_POINT('',(-427.46,-512.694,151.702));
#786=CARTESIAN_POINT('',(-416.656,-552.673,190.065));
#787=CARTESIAN_POINT('',(-399.719,-591.54,229.271));
#788=CARTESIAN_POINT('',(-374.985,-625.878,265.275));
#789=CARTESIAN_POINT('',(-361.197,-663.366,307.361));
#790=CARTESIAN_POINT('',(-335.988,-688.194,345.636));
#791=CARTESIAN_POINT('',(-308.457,-712.356,379.449));
#792=CARTESIAN_POINT('',(-273.934,-731.235,404.809));
#793=CARTESIAN_POINT('',(-238.483,-745.517,423.967));
#794=CARTESIAN_POINT('',(-213.956,-748.102,439.085));
#795=CARTESIAN_POINT('',(-207.631,-738.721,450.462));
#796=CARTESIAN_POINT('',(-423.06,-38.559,-223.754));
#797=CARTESIAN_POINT('',(-423.779,-51.632,-217.392));
#798=CARTESIAN_POINT('',(-424.607,-77.932,-200.516));
#799=CARTESIAN_POINT('',(-426.248,-113.974,-177.867));
#800=CARTESIAN_POINT('',(-428.632,-151.627,-153.489));
#801=CARTESIAN_POINT('',(-429.781,-188.841,-130.164));
#802=CARTESIAN_POINT('',(-433.882,-226.023,-105.667));
#803=CARTESIAN_POINT('',(-430.445,-268.11,-79.483));
#804=CARTESIAN_POINT('',(-433.546,-306.206,-49.624));
#805=CARTESIAN_POINT('',(-400.472,-357.43,-38.274));
#806=CARTESIAN_POINT('',(-390.267,-398.802,-16.223));
#807=CARTESIAN_POINT('',(-457.408,-409.805,33.689));
#808=CARTESIAN_POINT('',(-436.497,-471.939,63.982));
#809=CARTESIAN_POINT('',(-441.509,-504.941,101.212));
#810=CARTESIAN_POINT('',(-432.668,-552.303,136.297));
#811=CARTESIAN_POINT('',(-421.326,-589.006,175.689));
#812=CARTESIAN_POINT('',(-397.882,-625.877,212.007));
#813=CARTESIAN_POINT('',(-387.649,-665.707,255.297));
#814=CARTESIAN_POINT('',(-364.351,-695.893,293.698));
#815=CARTESIAN_POINT('',(-337.913,-727.122,334.046));
#816=CARTESIAN_POINT('',(-299.982,-750.4,360.05));
#817=CARTESIAN_POINT('',(-261.448,-763.644,385.913));
#818=CARTESIAN_POINT('',(-227.714,-781.722,412.39));
#819=CARTESIAN_POINT('',(-205.086,-771.561,443.092));
#820=CARTESIAN_POINT('',(-195.322,-758.345,447.974));
#821=CARTESIAN_POINT('',(-424.532,-59.94,-242.452));
#822=CARTESIAN_POINT('',(-424.671,-73.564,-235.671));
#823=CARTESIAN_POINT('',(-427.269,-100.953,-220.539));
#824=CARTESIAN_POINT('',(-428.917,-142.779,-200.272));
#825=CARTESIAN_POINT('',(-432.368,-183.668,-176.276));
#826=CARTESIAN_POINT('',(-434.993,-225.101,-154.741));
#827=CARTESIAN_POINT('',(-439.102,-265.813,-126.368));
#828=CARTESIAN_POINT('',(-438.957,-309.03,-103.483));
#829=CARTESIAN_POINT('',(-445.23,-350.8,-77.165));
#830=CARTESIAN_POINT('',(-427.087,-398.386,-55.638));
#831=CARTESIAN_POINT('',(-456.915,-428.767,-22.68));
#832=CARTESIAN_POINT('',(-448.287,-479.298,8.309));
#833=CARTESIAN_POINT('',(-450.693,-517.858,41.02));
#834=CARTESIAN_POINT('',(-446.964,-563.944,75.61));
#835=CARTESIAN_POINT('',(-436.732,-602.993,111.964));
#836=CARTESIAN_POINT('',(-426.165,-643.193,151.679));
#837=CARTESIAN_POINT('',(-416.265,-684.142,193.297));
#838=CARTESIAN_POINT('',(-387.614,-715.396,230.929));
#839=CARTESIAN_POINT('',(-354.686,-752.978,268.604));
#840=CARTESIAN_POINT('',(-323.19,-775.935,307.805));
#841=CARTESIAN_POINT('',(-299.306,-799.508,348.396));
#842=CARTESIAN_POINT('',(-263.805,-819.858,389.302));
#843=CARTESIAN_POINT('',(-221.258,-820.72,424.836));
#844=CARTESIAN_POINT('',(-187.56,-800.235,436.805));
#845=CARTESIAN_POINT('',(-175.693,-793.581,446.078));
#846=CARTESIAN_POINT('',(-425.723,-77.923,-264.886));
#847=CARTESIAN_POINT('',(-427.233,-93.598,-259.646));
#848=CARTESIAN_POINT('',(-428.011,-123.701,-245.213));
#849=CARTESIAN_POINT('',(-431.805,-169.274,-223.553));
#850=CARTESIAN_POINT('',(-435.555,-213.912,-200.592));
#851=CARTESIAN_POINT('',(-440.29,-258.216,-177.416));
#852=CARTESIAN_POINT('',(-442.654,-302.968,-152.552));
#853=CARTESIAN_POINT('',(-448.582,-347.217,-129.066));
#854=CARTESIAN_POINT('',(-446.619,-394.117,-106.608));
#855=CARTESIAN_POINT('',(-456.752,-436.807,-76.648));
#856=CARTESIAN_POINT('',(-453.911,-484.228,-50.617));
#857=CARTESIAN_POINT('',(-458.821,-525.607,-16.23));
#858=CARTESIAN_POINT('',(-455.577,-572.339,14.522));
#859=CARTESIAN_POINT('',(-448.373,-613.065,48.98));
#860=CARTESIAN_POINT('',(-449.189,-658.471,86.998));
#861=CARTESIAN_POINT('',(-432.81,-698.968,126.172));
#862=CARTESIAN_POINT('',(-398.42,-730.469,162.876));
#863=CARTESIAN_POINT('',(-374.998,-771.412,203.155));
#864=CARTESIAN_POINT('',(-353.457,-796.376,246.42));
#865=CARTESIAN_POINT('',(-341.539,-835.045,300.834));
#866=CARTESIAN_POINT('',(-300.561,-867.057,340.086));
#867=CARTESIAN_POINT('',(-248.398,-868.214,382.913));
#868=CARTESIAN_POINT('',(-200.8,-870.871,420.411));
#869=CARTESIAN_POINT('',(-169.478,-848.466,451.39));
#870=CARTESIAN_POINT('',(-153.504,-833.988,454.242));
#871=CARTESIAN_POINT('',(-426.377,-98.304,-287.415));
#872=CARTESIAN_POINT('',(-428.093,-114.059,-280.517));
#873=CARTESIAN_POINT('',(-430.433,-146.496,-267.031));
#874=CARTESIAN_POINT('',(-435.845,-194.489,-247.891));
#875=CARTESIAN_POINT('',(-439.339,-241.721,-224.31));
#876=CARTESIAN_POINT('',(-443.634,-289.248,-203.133));
#877=CARTESIAN_POINT('',(-447.978,-336.761,-177.317));
#878=CARTESIAN_POINT('',(-450.156,-385.047,-157.537));
#879=CARTESIAN_POINT('',(-457.067,-432.22,-131.131));
#880=CARTESIAN_POINT('',(-457.95,-480.435,-103.707));
#881=CARTESIAN_POINT('',(-463.241,-527.233,-76.947));
#882=CARTESIAN_POINT('',(-460.641,-575.878,-45.122));
#883=CARTESIAN_POINT('',(-458.338,-619.326,-15.075));
#884=CARTESIAN_POINT('',(-462.293,-667.331,20.696));
#885=CARTESIAN_POINT('',(-436.878,-707.173,55.045));
#886=CARTESIAN_POINT('',(-405.11,-741.707,92.684));
#887=CARTESIAN_POINT('',(-393.601,-785.74,134.011));
#888=CARTESIAN_POINT('',(-387.77,-815.801,180.24));
#889=CARTESIAN_POINT('',(-373.674,-867.733,232.903));
#890=CARTESIAN_POINT('',(-313.186,-885.628,267.586));
#891=CARTESIAN_POINT('',(-254.291,-873.866,297.672));
#892=CARTESIAN_POINT('',(-206.425,-875.622,344.894));
#893=CARTESIAN_POINT('',(-157.625,-872.641,385.262));
#894=CARTESIAN_POINT('',(-132.671,-881.916,429.181));
#895=CARTESIAN_POINT('',(-117.643,-868.341,442.691));
#896=CARTESIAN_POINT('',(-428.545,-119.21,-309.636));
#897=CARTESIAN_POINT('',(-429.693,-135.887,-303.752));
#898=CARTESIAN_POINT('',(-431.505,-168.789,-291.082));
#899=CARTESIAN_POINT('',(-437.588,-218.58,-271.755));
#900=CARTESIAN_POINT('',(-441.803,-268.155,-250.641));
#901=CARTESIAN_POINT('',(-446.077,-318.47,-228.6));
#902=CARTESIAN_POINT('',(-449.232,-369.374,-205.304));
#903=CARTESIAN_POINT('',(-455.14,-419.626,-184.026));
#904=CARTESIAN_POINT('',(-458.72,-470.246,-158.259));
#905=CARTESIAN_POINT('',(-462.761,-521.082,-133.745));
#906=CARTESIAN_POINT('',(-458.839,-571.598,-105.717));
#907=CARTESIAN_POINT('',(-463.492,-619.357,-76.669));
#908=CARTESIAN_POINT('',(-468.069,-670.35,-45.741));
#909=CARTESIAN_POINT('',(-431.422,-708.929,-14.433));
#910=CARTESIAN_POINT('',(-412.413,-749.312,21.064));
#911=CARTESIAN_POINT('',(-414.436,-796.931,62.273));
#912=CARTESIAN_POINT('',(-410.615,-828.884,107.806));
#913=CARTESIAN_POINT('',(-392.09,-885.847,154.442));
#914=CARTESIAN_POINT('',(-320.664,-878.764,186.593));
#915=CARTESIAN_POINT('',(-271.002,-865.908,222.041));
#916=CARTESIAN_POINT('',(-221.116,-869.476,265.18));
#917=CARTESIAN_POINT('',(-172.429,-864.71,312.719));
#918=CARTESIAN_POINT('',(-121.255,-869.863,357.549));
#919=CARTESIAN_POINT('',(-92.584,-870.159,391.611));
#920=CARTESIAN_POINT('',(-78.712,-873.262,410.197));
#921=CARTESIAN_POINT('',(-421.417,-135.904,-333.342));
#922=CARTESIAN_POINT('',(-423.863,-153.127,-327.145));
#923=CARTESIAN_POINT('',(-434.573,-187.69,-317.831));
#924=CARTESIAN_POINT('',(-441.073,-240.118,-296.732));
#925=CARTESIAN_POINT('',(-445.775,-292.585,-276.301));
#926=CARTESIAN_POINT('',(-447.672,-345.648,-254.377));
#927=CARTESIAN_POINT('',(-452.148,-398.635,-231.462));
#928=CARTESIAN_POINT('',(-453.946,-451.83,-210.411));
#929=CARTESIAN_POINT('',(-458.81,-505.246,-186.526));
#930=CARTESIAN_POINT('',(-459.479,-559.049,-160.447));
#931=CARTESIAN_POINT('',(-467.677,-612.895,-138.564));
#932=CARTESIAN_POINT('',(-470.724,-666.44,-108.991));
#933=CARTESIAN_POINT('',(-431.983,-707.495,-81.236));
#934=CARTESIAN_POINT('',(-425.331,-752.75,-49.332));
#935=CARTESIAN_POINT('',(-430.773,-801.05,-10.319));
#936=CARTESIAN_POINT('',(-428.768,-836.386,32.585));
#937=CARTESIAN_POINT('',(-401.458,-894.481,75.865));
#938=CARTESIAN_POINT('',(-334.138,-876.868,106.016));
#939=CARTESIAN_POINT('',(-291.511,-874.294,147.363));
#940=CARTESIAN_POINT('',(-235.9,-874.604,183.304));
#941=CARTESIAN_POINT('',(-184.924,-864.406,227.693));
#942=CARTESIAN_POINT('',(-137.357,-872.559,275.209));
#943=CARTESIAN_POINT('',(-87.439,-866.005,320.636));
#944=CARTESIAN_POINT('',(-58.577,-874.585,359.114));
#945=CARTESIAN_POINT('',(-42.809,-871.972,375.679));
#946=CARTESIAN_POINT('',(-405.336,-150.516,-350.98));
#947=CARTESIAN_POINT('',(-409.147,-167.581,-344.506));
#948=CARTESIAN_POINT('',(-421.248,-204.637,-338.59));
#949=CARTESIAN_POINT('',(-434.682,-261.281,-322.08));
#950=CARTESIAN_POINT('',(-441.085,-315.898,-302.868));
#951=CARTESIAN_POINT('',(-446.331,-371.035,-281.753));
#952=CARTESIAN_POINT('',(-452.753,-426.058,-259.523));
#953=CARTESIAN_POINT('',(-455.817,-481.729,-239.616));
#954=CARTESIAN_POINT('',(-461.198,-539.2,-216.161));
#955=CARTESIAN_POINT('',(-465.542,-597.362,-196.104));
#956=CARTESIAN_POINT('',(-464.849,-652.331,-171.839));
#957=CARTESIAN_POINT('',(-428.889,-700.834,-143.49));
#958=CARTESIAN_POINT('',(-433.863,-750.226,-117.128));
#959=CARTESIAN_POINT('',(-441.424,-803.099,-81.845));
#960=CARTESIAN_POINT('',(-432.202,-833.375,-45.746));
#961=CARTESIAN_POINT('',(-416.257,-904.527,-6.1));
#962=CARTESIAN_POINT('',(-351.178,-883.931,29.5));
#963=CARTESIAN_POINT('',(-308.669,-875.149,68.116));
#964=CARTESIAN_POINT('',(-254.651,-865.491,105.266));
#965=CARTESIAN_POINT('',(-200.8,-862.316,144.647));
#966=CARTESIAN_POINT('',(-152.406,-877.608,188.668));
#967=CARTESIAN_POINT('',(-105.503,-866.134,237.124));
#968=CARTESIAN_POINT('',(-56.773,-878.693,283.668));
#969=CARTESIAN_POINT('',(-25.685,-862.681,316.803));
#970=CARTESIAN_POINT('',(-10.95,-866.988,335.193));
#971=CARTESIAN_POINT('',(-382.729,-167.623,-358.703));
#972=CARTESIAN_POINT('',(-387.684,-185.725,-355.79));
#973=CARTESIAN_POINT('',(-398.54,-223.779,-349.907));
#974=CARTESIAN_POINT('',(-409.544,-280.393,-335.755));
#975=CARTESIAN_POINT('',(-420.048,-336.877,-320.909));
#976=CARTESIAN_POINT('',(-429.607,-394.006,-303.271));
#977=CARTESIAN_POINT('',(-432.979,-451.264,-281.771));
#978=CARTESIAN_POINT('',(-437.432,-509.703,-262.33));
#979=CARTESIAN_POINT('',(-440.506,-568.416,-242.64));
#980=CARTESIAN_POINT('',(-428.763,-624.531,-215.764));
#981=CARTESIAN_POINT('',(-417.412,-683.872,-200.93));
#982=CARTESIAN_POINT('',(-432.64,-740.015,-179.704));
#983=CARTESIAN_POINT('',(-440.343,-793.406,-158.025));
#984=CARTESIAN_POINT('',(-442.246,-832.291,-126.67));
#985=CARTESIAN_POINT('',(-428.116,-892.616,-89.192));
#986=CARTESIAN_POINT('',(-361.786,-879.457,-53.217));
#987=CARTESIAN_POINT('',(-325.007,-880.75,-12.075));
#988=CARTESIAN_POINT('',(-269.003,-875.123,25.144));
#989=CARTESIAN_POINT('',(-222.055,-869.283,66.467));
#990=CARTESIAN_POINT('',(-169.429,-831.581,102.303));
#991=CARTESIAN_POINT('',(-119.546,-846.809,153.254));
#992=CARTESIAN_POINT('',(-73.031,-871.923,196.388));
#993=CARTESIAN_POINT('',(-25.853,-867.437,243.718));
#994=CARTESIAN_POINT('',(6.165,-878.954,276.839));
#995=CARTESIAN_POINT('',(21.857,-871.027,294.047));
#996=CARTESIAN_POINT('',(-359.478,-188.85,-361.837));
#997=CARTESIAN_POINT('',(-364.967,-206.599,-360.251));
#998=CARTESIAN_POINT('',(-374.564,-241.799,-355.762));
#999=CARTESIAN_POINT('',(-385.606,-297.849,-344.725));
#1000=CARTESIAN_POINT('',(-396.089,-354.719,-332.308));
#1001=CARTESIAN_POINT('',(-401.869,-412.424,-315.252));
#1002=CARTESIAN_POINT('',(-407.251,-472.074,-296.935));
#1003=CARTESIAN_POINT('',(-408.114,-530.084,-275.668));
#1004=CARTESIAN_POINT('',(-401.744,-589.171,-254.073));
#1005=CARTESIAN_POINT('',(-406.647,-655.881,-248.438));
#1006=CARTESIAN_POINT('',(-431.895,-713.754,-244.621));
#1007=CARTESIAN_POINT('',(-435.95,-773.219,-232.625));
#1008=CARTESIAN_POINT('',(-437.382,-820.038,-210.816));
#1009=CARTESIAN_POINT('',(-444.249,-885.203,-174.615));
#1010=CARTESIAN_POINT('',(-375.067,-893.463,-138.035));
#1011=CARTESIAN_POINT('',(-338.872,-873.022,-97.254));
#1012=CARTESIAN_POINT('',(-285.03,-865.571,-57.023));
#1013=CARTESIAN_POINT('',(-238.825,-895.411,-15.047));
#1014=CARTESIAN_POINT('',(-185.852,-866.839,23.484));
#1015=CARTESIAN_POINT('',(-136.289,-897.278,70.893));
#1016=CARTESIAN_POINT('',(-87.745,-849.837,112.114));
#1017=CARTESIAN_POINT('',(-39.624,-867.517,157.084));
#1018=CARTESIAN_POINT('',(7.488,-873.034,204.946));
#1019=CARTESIAN_POINT('',(40.35,-862.936,236.979));
#1020=CARTESIAN_POINT('',(55.278,-877.997,253.621));
#1021=CARTESIAN_POINT('',(-334.984,-201.161,-362.615));
#1022=CARTESIAN_POINT('',(-340.114,-218.965,-361.412));
#1023=CARTESIAN_POINT('',(-348.561,-256.907,-360.392));
#1024=CARTESIAN_POINT('',(-358.704,-312.419,-347.346));
#1025=CARTESIAN_POINT('',(-367.469,-370.119,-340.186));
#1026=CARTESIAN_POINT('',(-373.389,-427.616,-323.417));
#1027=CARTESIAN_POINT('',(-378.378,-488.161,-308.394));
#1028=CARTESIAN_POINT('',(-376.197,-546.525,-287.413));
#1029=CARTESIAN_POINT('',(-384.459,-613.309,-286.493));
#1030=CARTESIAN_POINT('',(-414.482,-669.705,-297.67));
#1031=CARTESIAN_POINT('',(-420.013,-735.35,-293.964));
#1032=CARTESIAN_POINT('',(-422.948,-791.172,-284.781));
#1033=CARTESIAN_POINT('',(-446.706,-861.696,-262.561));
#1034=CARTESIAN_POINT('',(-399.838,-900.194,-228.242));
#1035=CARTESIAN_POINT('',(-346.341,-887.485,-183.855));
#1036=CARTESIAN_POINT('',(-298.301,-882.555,-142.017));
#1037=CARTESIAN_POINT('',(-253.204,-884.004,-99.424));
#1038=CARTESIAN_POINT('',(-202.439,-862.567,-58.983));
#1039=CARTESIAN_POINT('',(-152.311,-890.963,-16.253));
#1040=CARTESIAN_POINT('',(-103.58,-858.13,25.485));
#1041=CARTESIAN_POINT('',(-55.001,-877.968,73.674));
#1042=CARTESIAN_POINT('',(-7.285,-857.93,116.919));
#1043=CARTESIAN_POINT('',(40.323,-887.358,164.851));
#1044=CARTESIAN_POINT('',(72.902,-881.096,195.569));
#1045=CARTESIAN_POINT('',(87.999,-869.344,211.955));
#1046=CARTESIAN_POINT('',(-310.517,-214.815,-362.718));
#1047=CARTESIAN_POINT('',(-314.797,-232.537,-361.175));
#1048=CARTESIAN_POINT('',(-323.277,-269.25,-359.039));
#1049=CARTESIAN_POINT('',(-330.971,-325.032,-350.544));
#1050=CARTESIAN_POINT('',(-338.464,-381.77,-341.875));
#1051=CARTESIAN_POINT('',(-343.392,-440.136,-330.217));
#1052=CARTESIAN_POINT('',(-346.094,-499.101,-312.132));
#1053=CARTESIAN_POINT('',(-345.961,-561.877,-301.529));
#1054=CARTESIAN_POINT('',(-364.564,-623.925,-318.78));
#1055=CARTESIAN_POINT('',(-384.623,-681.687,-334.865));
#1056=CARTESIAN_POINT('',(-402.993,-745.685,-345.274));
#1057=CARTESIAN_POINT('',(-429.927,-809.087,-351.579));
#1058=CARTESIAN_POINT('',(-430.123,-901.479,-332.988));
#1059=CARTESIAN_POINT('',(-351.987,-880.133,-275.623));
#1060=CARTESIAN_POINT('',(-313.162,-895.965,-231.68));
#1061=CARTESIAN_POINT('',(-259.717,-870.544,-184.161));
#1062=CARTESIAN_POINT('',(-214.401,-863.384,-142.742));
#1063=CARTESIAN_POINT('',(-168.38,-902.787,-97.246));
#1064=CARTESIAN_POINT('',(-118.677,-854.51,-59.655));
#1065=CARTESIAN_POINT('',(-69.112,-879.733,-13.541));
#1066=CARTESIAN_POINT('',(-24.65,-856.412,31.358));
#1067=CARTESIAN_POINT('',(24.228,-869.785,77.098));
#1068=CARTESIAN_POINT('',(69.512,-861.373,122.116));
#1069=CARTESIAN_POINT('',(103.655,-870.729,154.229));
#1070=CARTESIAN_POINT('',(121.196,-882.916,170.054));
#1071=CARTESIAN_POINT('',(-286.458,-227.287,-361.871));
#1072=CARTESIAN_POINT('',(-290.19,-244.866,-360.793));
#1073=CARTESIAN_POINT('',(-296.517,-279.124,-357.811));
#1074=CARTESIAN_POINT('',(-303.892,-334.17,-350.351));
#1075=CARTESIAN_POINT('',(-308.526,-391.074,-343.114));
#1076=CARTESIAN_POINT('',(-312.835,-448.279,-331.686));
#1077=CARTESIAN_POINT('',(-313.372,-506.968,-314.318));
#1078=CARTESIAN_POINT('',(-318.465,-570.332,-321.432));
#1079=CARTESIAN_POINT('',(-332.545,-629.371,-343.147));
#1080=CARTESIAN_POINT('',(-343.527,-691.331,-356.481));
#1081=CARTESIAN_POINT('',(-357.852,-750.677,-370.31));
#1082=CARTESIAN_POINT('',(-376.377,-816.571,-396.323));
#1083=CARTESIAN_POINT('',(-367.968,-896.02,-385.681));
#1084=CARTESIAN_POINT('',(-313.695,-888.353,-317.016));
#1085=CARTESIAN_POINT('',(-270.848,-888.72,-276.14));
#1086=CARTESIAN_POINT('',(-222.681,-868.385,-226.664));
#1087=CARTESIAN_POINT('',(-180.569,-895.636,-183.53));
#1088=CARTESIAN_POINT('',(-128.432,-882.548,-138.689));
#1089=CARTESIAN_POINT('',(-83.343,-885.666,-98.258));
#1090=CARTESIAN_POINT('',(-36.625,-849.757,-56.584));
#1091=CARTESIAN_POINT('',(10.256,-859.48,-10.273));
#1092=CARTESIAN_POINT('',(53.23,-860.965,34.015));
#1093=CARTESIAN_POINT('',(100.504,-883.415,82.537));
#1094=CARTESIAN_POINT('',(127.216,-847.678,108.861));
#1095=CARTESIAN_POINT('',(144.21,-843.583,123.946));
#1096=CARTESIAN_POINT('',(-260.996,-231.981,-361.836));
#1097=CARTESIAN_POINT('',(-265.147,-248.893,-360.835));
#1098=CARTESIAN_POINT('',(-270.919,-285.521,-357.19));
#1099=CARTESIAN_POINT('',(-275.961,-339.628,-350.66));
#1100=CARTESIAN_POINT('',(-279.952,-397.255,-343.079));
#1101=CARTESIAN_POINT('',(-281.833,-452.583,-330.452));
#1102=CARTESIAN_POINT('',(-280.95,-512.565,-317.07));
#1103=CARTESIAN_POINT('',(-287.411,-571.356,-337.955));
#1104=CARTESIAN_POINT('',(-295.841,-630.645,-359.997));
#1105=CARTESIAN_POINT('',(-303.184,-686.419,-375.845));
#1106=CARTESIAN_POINT('',(-311.784,-751.387,-391.484));
#1107=CARTESIAN_POINT('',(-312.684,-799.864,-404.249));
#1108=CARTESIAN_POINT('',(-305.435,-883.62,-421.9));
#1109=CARTESIAN_POINT('',(-265.699,-889.856,-358.994));
#1110=CARTESIAN_POINT('',(-224.696,-898.969,-312.912));
#1111=CARTESIAN_POINT('',(-181.358,-872.508,-263.208));
#1112=CARTESIAN_POINT('',(-137.962,-902.229,-223.513));
#1113=CARTESIAN_POINT('',(-92.395,-888.41,-179.027));
#1114=CARTESIAN_POINT('',(-47.025,-864.932,-140.34));
#1115=CARTESIAN_POINT('',(-1.64,-869.752,-95.832));
#1116=CARTESIAN_POINT('',(41.825,-871.395,-51.623));
#1117=CARTESIAN_POINT('',(86.172,-878.906,-6.625));
#1118=CARTESIAN_POINT('',(128.104,-846.097,37.491));
#1119=CARTESIAN_POINT('',(163.505,-902.707,70.667));
#1120=CARTESIAN_POINT('',(176.373,-866.777,81.459));
#1121=CARTESIAN_POINT('',(-236.754,-237.569,-362.268));
#1122=CARTESIAN_POINT('',(-240.049,-254.306,-360.382));
#1123=CARTESIAN_POINT('',(-245.391,-289.894,-358.046));
#1124=CARTESIAN_POINT('',(-249.428,-343.815,-349.635));
#1125=CARTESIAN_POINT('',(-251.018,-399.248,-344.173));
#1126=CARTESIAN_POINT('',(-250.672,-453.978,-326.303));
#1127=CARTESIAN_POINT('',(-249.705,-512.801,-325.671));
#1128=CARTESIAN_POINT('',(-253.506,-569.374,-348.786));
#1129=CARTESIAN_POINT('',(-257.101,-625.103,-371.198));
#1130=CARTESIAN_POINT('',(-260.713,-679.818,-388.476));
#1131=CARTESIAN_POINT('',(-262.002,-735.083,-405.762));
#1132=CARTESIAN_POINT('',(-257.812,-790.536,-417.331));
#1133=CARTESIAN_POINT('',(-244.811,-849.359,-437.918));
#1134=CARTESIAN_POINT('',(-214.508,-901.567,-400.565));
#1135=CARTESIAN_POINT('',(-177.419,-878.098,-345.47));
#1136=CARTESIAN_POINT('',(-137.421,-895.35,-302.967));
#1137=CARTESIAN_POINT('',(-96.633,-852.319,-256.1));
#1138=CARTESIAN_POINT('',(-52.093,-915.597,-217.558));
#1139=CARTESIAN_POINT('',(-10.046,-851.558,-180.359));
#1140=CARTESIAN_POINT('',(34.704,-876.426,-138.29));
#1141=CARTESIAN_POINT('',(75.549,-874.54,-93.157));
#1142=CARTESIAN_POINT('',(117.793,-864.731,-48.776));
#1143=CARTESIAN_POINT('',(162.725,-882.71,-3.424));
#1144=CARTESIAN_POINT('',(189.27,-848.619,24.079));
#1145=CARTESIAN_POINT('',(205.872,-865.067,40.983));
#1146=CARTESIAN_POINT('',(-212.873,-243.044,-362.668));
#1147=CARTESIAN_POINT('',(-216.002,-259.103,-360.919));
#1148=CARTESIAN_POINT('',(-220.328,-293.838,-357.914));
#1149=CARTESIAN_POINT('',(-222.924,-346.372,-351.106));
#1150=CARTESIAN_POINT('',(-223.237,-399.514,-343.791));
#1151=CARTESIAN_POINT('',(-219.934,-452.867,-328.236));
#1152=CARTESIAN_POINT('',(-217.877,-509.538,-332.068));
#1153=CARTESIAN_POINT('',(-219.451,-562.583,-357.064));
#1154=CARTESIAN_POINT('',(-217.527,-616.098,-376.748));
#1155=CARTESIAN_POINT('',(-217.813,-668.007,-396.222));
#1156=CARTESIAN_POINT('',(-212.995,-717.567,-411.843));
#1157=CARTESIAN_POINT('',(-203.728,-771.704,-425.537));
#1158=CARTESIAN_POINT('',(-186.814,-816.364,-430.132));
#1159=CARTESIAN_POINT('',(-162.912,-879.427,-438.491));
#1160=CARTESIAN_POINT('',(-128.536,-891.759,-376.798));
#1161=CARTESIAN_POINT('',(-92.237,-873.32,-339.791));
#1162=CARTESIAN_POINT('',(-52.805,-869.303,-292.54));
#1163=CARTESIAN_POINT('',(-11.018,-855.815,-253.076));
#1164=CARTESIAN_POINT('',(30.96,-928.341,-212.23));
#1165=CARTESIAN_POINT('',(74.484,-829.61,-181.504));
#1166=CARTESIAN_POINT('',(112.347,-896.435,-129.193));
#1167=CARTESIAN_POINT('',(150.685,-846.756,-89.136));
#1168=CARTESIAN_POINT('',(192.201,-864.182,-44.2));
#1169=CARTESIAN_POINT('',(222.877,-870.986,-14.406));
#1170=CARTESIAN_POINT('',(235.74,-860.55,-0.369));
#1171=CARTESIAN_POINT('',(-188.914,-247.986,-363.6));
#1172=CARTESIAN_POINT('',(-191.6,-263.981,-362.387));
#1173=CARTESIAN_POINT('',(-196.439,-296.307,-358.385));
#1174=CARTESIAN_POINT('',(-196.871,-347.147,-352.539));
#1175=CARTESIAN_POINT('',(-194.5,-397.664,-345.43));
#1176=CARTESIAN_POINT('',(-187.587,-448.764,-330.967));
#1177=CARTESIAN_POINT('',(-185.146,-502.409,-339.589));
#1178=CARTESIAN_POINT('',(-184.317,-551.114,-364.29));
#1179=CARTESIAN_POINT('',(-178.95,-603.051,-381.233));
#1180=CARTESIAN_POINT('',(-174.687,-650.654,-397.61));
#1181=CARTESIAN_POINT('',(-166.557,-699.384,-410.465));
#1182=CARTESIAN_POINT('',(-154.016,-744.654,-424.249));
#1183=CARTESIAN_POINT('',(-135.574,-796.521,-429.542));
#1184=CARTESIAN_POINT('',(-110.912,-834.203,-438.392));
#1185=CARTESIAN_POINT('',(-81.36,-894.11,-424.455));
#1186=CARTESIAN_POINT('',(-46.146,-883.835,-366.581));
#1187=CARTESIAN_POINT('',(-8.862,-883.347,-336.31));
#1188=CARTESIAN_POINT('',(31.323,-865.946,-285.655));
#1189=CARTESIAN_POINT('',(70.937,-872.152,-254.35));
#1190=CARTESIAN_POINT('',(112.305,-912.966,-215.203));
#1191=CARTESIAN_POINT('',(149.368,-887.476,-168.317));
#1192=CARTESIAN_POINT('',(186.303,-871.649,-127.653));
#1193=CARTESIAN_POINT('',(226.488,-846.592,-84.391));
#1194=CARTESIAN_POINT('',(254.56,-847.713,-55.102));
#1195=CARTESIAN_POINT('',(269.548,-852.395,-40.133));
#1196=CARTESIAN_POINT('',(-164.784,-250.385,-365.094));
#1197=CARTESIAN_POINT('',(-167.199,-265.374,-363.911));
#1198=CARTESIAN_POINT('',(-169.035,-297.202,-361.524));
#1199=CARTESIAN_POINT('',(-170.265,-345.917,-354.601));
#1200=CARTESIAN_POINT('',(-165.476,-393.937,-347.438));
#1201=CARTESIAN_POINT('',(-159.121,-442.608,-335.143));
#1202=CARTESIAN_POINT('',(-150.877,-491.599,-343.881));
#1203=CARTESIAN_POINT('',(-149.297,-537.86,-366.723));
#1204=CARTESIAN_POINT('',(-139.356,-585.591,-382.046));
#1205=CARTESIAN_POINT('',(-133.388,-631.736,-396.277));
#1206=CARTESIAN_POINT('',(-121.619,-676.987,-406.767));
#1207=CARTESIAN_POINT('',(-106.878,-722.069,-415.388));
#1208=CARTESIAN_POINT('',(-87.699,-763.139,-430.564));
#1209=CARTESIAN_POINT('',(-62.912,-809.471,-432.597));
#1210=CARTESIAN_POINT('',(-33.439,-847.005,-440.657));
#1211=CARTESIAN_POINT('',(-0.085,-899.986,-415.308));
#1212=CARTESIAN_POINT('',(34.853,-879.239,-360.537));
#1213=CARTESIAN_POINT('',(72.61,-901.096,-332.126));
#1214=CARTESIAN_POINT('',(111.187,-876.298,-287.231));
#1215=CARTESIAN_POINT('',(149.446,-867.503,-253.908));
#1216=CARTESIAN_POINT('',(187.54,-876.658,-209.116));
#1217=CARTESIAN_POINT('',(223.327,-853.275,-168.111));
#1218=CARTESIAN_POINT('',(259.997,-880.396,-120.865));
#1219=CARTESIAN_POINT('',(286.749,-870.942,-93.398));
#1220=CARTESIAN_POINT('',(299.474,-872.9,-78.805));
#1221=CARTESIAN_POINT('',(-141.311,-251.33,-366.163));
#1222=CARTESIAN_POINT('',(-142.741,-266.129,-365.651));
#1223=CARTESIAN_POINT('',(-146.016,-297.174,-363.362));
#1224=CARTESIAN_POINT('',(-142.497,-343.206,-356.79));
#1225=CARTESIAN_POINT('',(-138.15,-388.311,-349.89));
#1226=CARTESIAN_POINT('',(-129.157,-433.201,-340.684));
#1227=CARTESIAN_POINT('',(-120.84,-479.847,-345.901));
#1228=CARTESIAN_POINT('',(-112.009,-522.81,-364.807));
#1229=CARTESIAN_POINT('',(-102.522,-566.614,-378.751));
#1230=CARTESIAN_POINT('',(-92.044,-612.268,-388.936));
#1231=CARTESIAN_POINT('',(-79.019,-653.378,-400.895));
#1232=CARTESIAN_POINT('',(-62.582,-694.634,-410.536));
#1233=CARTESIAN_POINT('',(-41.712,-736.637,-418.66));
#1234=CARTESIAN_POINT('',(-17.466,-777.107,-428.843));
#1235=CARTESIAN_POINT('',(11.711,-815.469,-430.088));
#1236=CARTESIAN_POINT('',(45.016,-852.811,-438.646));
#1237=CARTESIAN_POINT('',(80.414,-898.431,-411.927));
#1238=CARTESIAN_POINT('',(115.916,-876.519,-358.916));
#1239=CARTESIAN_POINT('',(153.023,-887.519,-331.478));
#1240=CARTESIAN_POINT('',(189.62,-880.458,-288.985));
#1241=CARTESIAN_POINT('',(224.647,-877.932,-246.869));
#1242=CARTESIAN_POINT('',(257.743,-891.952,-203.123));
#1243=CARTESIAN_POINT('',(291.396,-877.963,-158.206));
#1244=CARTESIAN_POINT('',(316.15,-880.013,-129.718));
#1245=CARTESIAN_POINT('',(329.597,-878.278,-115.065));
#1246=CARTESIAN_POINT('',(-116.526,-255.236,-367.103));
#1247=CARTESIAN_POINT('',(-119.087,-268.188,-366.749));
#1248=CARTESIAN_POINT('',(-120.528,-297.157,-364.986));
#1249=CARTESIAN_POINT('',(-116.659,-340.818,-359.676));
#1250=CARTESIAN_POINT('',(-108.676,-381.285,-351.16));
#1251=CARTESIAN_POINT('',(-99.956,-422.924,-345.242));
#1252=CARTESIAN_POINT('',(-88.637,-465.146,-345.053));
#1253=CARTESIAN_POINT('',(-80.467,-506.044,-362.353));
#1254=CARTESIAN_POINT('',(-64.79,-546.445,-373.221));
#1255=CARTESIAN_POINT('',(-52.939,-588.983,-383.543));
#1256=CARTESIAN_POINT('',(-38.309,-628.535,-393.533));
#1257=CARTESIAN_POINT('',(-20.398,-667.051,-403.35));
#1258=CARTESIAN_POINT('',(0.34,-705.565,-411.659));
#1259=CARTESIAN_POINT('',(25.382,-741.998,-417.486));
#1260=CARTESIAN_POINT('',(54.148,-779.298,-424.028));
#1261=CARTESIAN_POINT('',(86.772,-814.623,-424.602));
#1262=CARTESIAN_POINT('',(123.356,-848.087,-435.282));
#1263=CARTESIAN_POINT('',(161.266,-897.562,-414.452));
#1264=CARTESIAN_POINT('',(194.824,-880.43,-362.107));
#1265=CARTESIAN_POINT('',(232.775,-882.855,-329.767));
#1266=CARTESIAN_POINT('',(266.337,-888.228,-285.317));
#1267=CARTESIAN_POINT('',(296.465,-878.993,-240.183));
#1268=CARTESIAN_POINT('',(326.799,-882.852,-195.315));
#1269=CARTESIAN_POINT('',(348.829,-878.626,-165.236));
#1270=CARTESIAN_POINT('',(360.953,-879.308,-150.937));
#1271=CARTESIAN_POINT('',(-93.046,-261.108,-367.164));
#1272=CARTESIAN_POINT('',(-92.643,-274.195,-366.875));
#1273=CARTESIAN_POINT('',(-92.622,-299.711,-365.032));
#1274=CARTESIAN_POINT('',(-85.959,-335.846,-360.447));
#1275=CARTESIAN_POINT('',(-78.377,-372.239,-353.826));
#1276=CARTESIAN_POINT('',(-67.291,-409.55,-348.514));
#1277=CARTESIAN_POINT('',(-56.926,-447.908,-345.669));
#1278=CARTESIAN_POINT('',(-46.477,-486.453,-355.495));
#1279=CARTESIAN_POINT('',(-32.686,-523.675,-368.399));
#1280=CARTESIAN_POINT('',(-15.834,-562.775,-377.103));
#1281=CARTESIAN_POINT('',(1.154,-600.392,-385.781));
#1282=CARTESIAN_POINT('',(19.178,-636.23,-393.714));
#1283=CARTESIAN_POINT('',(41.078,-671.244,-401.274));
#1284=CARTESIAN_POINT('',(65.751,-706.591,-409.433));
#1285=CARTESIAN_POINT('',(94.229,-739.678,-414.648));
#1286=CARTESIAN_POINT('',(126.395,-774.111,-420.125));
#1287=CARTESIAN_POINT('',(161.714,-808.482,-416.398));
#1288=CARTESIAN_POINT('',(200.612,-833.444,-422.431));
#1289=CARTESIAN_POINT('',(239.393,-884.199,-412.791));
#1290=CARTESIAN_POINT('',(276.049,-889.632,-364.96));
#1291=CARTESIAN_POINT('',(308.44,-875.846,-322.784));
#1292=CARTESIAN_POINT('',(337.769,-882.539,-278.626));
#1293=CARTESIAN_POINT('',(360.649,-878.88,-230.372));
#1294=CARTESIAN_POINT('',(382.206,-883.253,-200.309));
#1295=CARTESIAN_POINT('',(392.28,-879.913,-185.576));
#1296=CARTESIAN_POINT('',(-68.929,-262.384,-366.518));
#1297=CARTESIAN_POINT('',(-67.147,-273.201,-365.867));
#1298=CARTESIAN_POINT('',(-64.409,-296.046,-364.339));
#1299=CARTESIAN_POINT('',(-54.882,-326.436,-361.516));
#1300=CARTESIAN_POINT('',(-45.35,-359.046,-355.402));
#1301=CARTESIAN_POINT('',(-36.744,-392.521,-350.663));
#1302=CARTESIAN_POINT('',(-25.729,-426.348,-345.23));
#1303=CARTESIAN_POINT('',(-13.595,-463.553,-347.304));
#1304=CARTESIAN_POINT('',(1.275,-498.644,-359.202));
#1305=CARTESIAN_POINT('',(17.526,-532.623,-368.404));
#1306=CARTESIAN_POINT('',(36.422,-567.07,-376.132));
#1307=CARTESIAN_POINT('',(56.278,-601.563,-383.109));
#1308=CARTESIAN_POINT('',(78.247,-635.356,-390.886));
#1309=CARTESIAN_POINT('',(102.76,-667.676,-396.172));
#1310=CARTESIAN_POINT('',(130.975,-700.181,-403.393));
#1311=CARTESIAN_POINT('',(162.812,-732.081,-406.207));
#1312=CARTESIAN_POINT('',(197.055,-762.712,-413.229));
#1313=CARTESIAN_POINT('',(235.67,-799.716,-408.28));
#1314=CARTESIAN_POINT('',(276.221,-815.471,-410.204));
#1315=CARTESIAN_POINT('',(327.566,-875.031,-418.026));
#1316=CARTESIAN_POINT('',(361.504,-893.329,-359.3));
#1317=CARTESIAN_POINT('',(382.847,-883.423,-313.571));
#1318=CARTESIAN_POINT('',(400.637,-882.031,-262.172));
#1319=CARTESIAN_POINT('',(414.754,-876.585,-233.325));
#1320=CARTESIAN_POINT('',(425.292,-871.784,-220.014));
#1321=CARTESIAN_POINT('',(-56.105,-258.333,-366.3));
#1322=CARTESIAN_POINT('',(-53.496,-272.399,-365.286));
#1323=CARTESIAN_POINT('',(-44.909,-290.463,-363.682));
#1324=CARTESIAN_POINT('',(-34.491,-316.499,-360.807));
#1325=CARTESIAN_POINT('',(-25.463,-344.734,-357.596));
#1326=CARTESIAN_POINT('',(-15.667,-376.058,-351.17));
#1327=CARTESIAN_POINT('',(-5.529,-409.991,-346.853));
#1328=CARTESIAN_POINT('',(6.255,-444.745,-343.405));
#1329=CARTESIAN_POINT('',(20.731,-479.908,-350.056));
#1330=CARTESIAN_POINT('',(39.582,-510.455,-360.924));
#1331=CARTESIAN_POINT('',(58.048,-543.038,-369.087));
#1332=CARTESIAN_POINT('',(79.118,-576.412,-377.256));
#1333=CARTESIAN_POINT('',(100.759,-608.269,-382.074));
#1334=CARTESIAN_POINT('',(126.228,-640.516,-389.03));
#1335=CARTESIAN_POINT('',(152.666,-671.9,-393.27));
#1336=CARTESIAN_POINT('',(183.662,-702.286,-398.123));
#1337=CARTESIAN_POINT('',(217.323,-733.103,-397.61));
#1338=CARTESIAN_POINT('',(255.002,-761.044,-404.647));
#1339=CARTESIAN_POINT('',(297.862,-797.403,-400.21));
#1340=CARTESIAN_POINT('',(340.849,-815.244,-393.112));
#1341=CARTESIAN_POINT('',(395.457,-851.497,-386.803));
#1342=CARTESIAN_POINT('',(418.63,-866.434,-325.449));
#1343=CARTESIAN_POINT('',(427.077,-863.753,-283.083));
#1344=CARTESIAN_POINT('',(430.957,-860.607,-252.764));
#1345=CARTESIAN_POINT('',(432.099,-848.906,-238.035));
#1346=CARTESIAN_POINT('',(-49.128,-257.966,-365.907));
#1347=CARTESIAN_POINT('',(-44.984,-266.002,-365.093));
#1348=CARTESIAN_POINT('',(-36.235,-280.89,-363.89));
#1349=CARTESIAN_POINT('',(-26.401,-308.054,-360.703));
#1350=CARTESIAN_POINT('',(-14.27,-335.765,-357.854));
#1351=CARTESIAN_POINT('',(-6.102,-367.579,-352.056));
#1352=CARTESIAN_POINT('',(3.182,-400.132,-347.09));
#1353=CARTESIAN_POINT('',(16.898,-435.502,-342.072));
#1354=CARTESIAN_POINT('',(29.958,-469.842,-346.213));
#1355=CARTESIAN_POINT('',(49.074,-499.855,-356.226));
#1356=CARTESIAN_POINT('',(68.149,-530.905,-364.285));
#1357=CARTESIAN_POINT('',(88.76,-563.523,-372.808));
#1358=CARTESIAN_POINT('',(112.001,-595.605,-378.505));
#1359=CARTESIAN_POINT('',(136.194,-626.742,-384.25));
#1360=CARTESIAN_POINT('',(163.498,-658.365,-389.028));
#1361=CARTESIAN_POINT('',(192.68,-687.966,-393.079));
#1362=CARTESIAN_POINT('',(227.844,-718.576,-394.937));
#1363=CARTESIAN_POINT('',(264.221,-748.388,-395.777));
#1364=CARTESIAN_POINT('',(305.031,-777.243,-393.424));
#1365=CARTESIAN_POINT('',(347.45,-803.857,-387.231));
#1366=CARTESIAN_POINT('',(396.402,-827.698,-370.355));
#1367=CARTESIAN_POINT('',(423.822,-842.828,-325.588));
#1368=CARTESIAN_POINT('',(431.862,-845.043,-277.498));
#1369=CARTESIAN_POINT('',(432.344,-844.022,-256.741));
#1370=CARTESIAN_POINT('',(433.034,-843.216,-242.725));
#1371=CARTESIAN_POINT('',(-235.32,1078.45,-296.074));
#1372=CARTESIAN_POINT('',(-232.535,1083.563,-302.777));
#1373=CARTESIAN_POINT('',(-203.827,1090.761,-325.48));
#1374=CARTESIAN_POINT('',(-154.602,1086.322,-336.317));
#1375=CARTESIAN_POINT('',(-103.738,1074.975,-339.156));
#1376=CARTESIAN_POINT('',(-55.025,1058.084,-343.027));
#1377=CARTESIAN_POINT('',(-9.968,1036.329,-345.56));
#1378=CARTESIAN_POINT('',(33.998,1008.197,-348.68));
#1379=CARTESIAN_POINT('',(70.919,970.416,-349.036));
#1380=CARTESIAN_POINT('',(100.935,927.746,-349.228));
#1381=CARTESIAN_POINT('',(129.991,881.401,-348.677));
#1382=CARTESIAN_POINT('',(149.113,834.627,-348.739));
#1383=CARTESIAN_POINT('',(169.363,784.205,-348.134));
#1384=CARTESIAN_POINT('',(180.648,733.324,-348.116));
#1385=CARTESIAN_POINT('',(190.612,683.326,-347.603));
#1386=CARTESIAN_POINT('',(196.015,637.038,-347.182));
#1387=CARTESIAN_POINT('',(197.42,591.143,-346.824));
#1388=CARTESIAN_POINT('',(194.505,542.836,-346.049));
#1389=CARTESIAN_POINT('',(194.926,500.632,-344.523));
#1390=CARTESIAN_POINT('',(198.725,463.15,-342.326));
#1391=CARTESIAN_POINT('',(201.508,428.303,-339.133));
#1392=CARTESIAN_POINT('',(203.799,395.102,-337.304));
#1393=CARTESIAN_POINT('',(209.239,364.283,-333.47));
#1394=CARTESIAN_POINT('',(214.231,346.896,-336.19));
#1395=CARTESIAN_POINT('',(218.54,339.333,-335.935));
#1396=CARTESIAN_POINT('',(-240.418,1085.872,-284.507));
#1397=CARTESIAN_POINT('',(-232.379,1101.736,-295.444));
#1398=CARTESIAN_POINT('',(-205.337,1113.625,-314.826));
#1399=CARTESIAN_POINT('',(-152.087,1113.173,-334.435));
#1400=CARTESIAN_POINT('',(-97.673,1100.908,-342.229));
#1401=CARTESIAN_POINT('',(-47.618,1077.403,-346.109));
#1402=CARTESIAN_POINT('',(0.051,1051.668,-339.032));
#1403=CARTESIAN_POINT('',(45.686,1029.164,-347.175));
#1404=CARTESIAN_POINT('',(83.299,987.253,-351.749));
#1405=CARTESIAN_POINT('',(114.688,944.628,-349.241));
#1406=CARTESIAN_POINT('',(143.188,895.842,-348.361));
#1407=CARTESIAN_POINT('',(162.848,846.351,-346.603));
#1408=CARTESIAN_POINT('',(181.879,796.32,-348.542));
#1409=CARTESIAN_POINT('',(193.728,743.634,-347.261));
#1410=CARTESIAN_POINT('',(204.09,693.694,-347.847));
#1411=CARTESIAN_POINT('',(209.608,644.548,-348.388));
#1412=CARTESIAN_POINT('',(208.238,597.593,-346.231));
#1413=CARTESIAN_POINT('',(204.51,549.828,-341.415));
#1414=CARTESIAN_POINT('',(205.792,506.929,-340.784));
#1415=CARTESIAN_POINT('',(205.875,469.059,-338.597));
#1416=CARTESIAN_POINT('',(208.791,432.384,-333.622));
#1417=CARTESIAN_POINT('',(210.247,400.813,-331.276));
#1418=CARTESIAN_POINT('',(214.203,368.908,-329.433));
#1419=CARTESIAN_POINT('',(217.986,350.286,-329.319));
#1420=CARTESIAN_POINT('',(223.279,340.074,-332.189));
#1421=CARTESIAN_POINT('',(-238.127,1099.361,-255.255));
#1422=CARTESIAN_POINT('',(-227.195,1117.959,-260.158));
#1423=CARTESIAN_POINT('',(-190.402,1125.042,-273.019));
#1424=CARTESIAN_POINT('',(-140.367,1130.79,-288.479));
#1425=CARTESIAN_POINT('',(-84.296,1135.149,-311.592));
#1426=CARTESIAN_POINT('',(-32.109,1125.584,-331.621));
#1427=CARTESIAN_POINT('',(17.717,1105.389,-352.546));
#1428=CARTESIAN_POINT('',(66.471,1056.766,-343.472));
#1429=CARTESIAN_POINT('',(109.103,1022.652,-342.211));
#1430=CARTESIAN_POINT('',(142.548,972.814,-343.687));
#1431=CARTESIAN_POINT('',(172.633,924.302,-342.869));
#1432=CARTESIAN_POINT('',(192.598,873.42,-345.68));
#1433=CARTESIAN_POINT('',(210.131,818.42,-343.011));
#1434=CARTESIAN_POINT('',(222.722,765.288,-344.777));
#1435=CARTESIAN_POINT('',(229.986,710.138,-341.437));
#1436=CARTESIAN_POINT('',(234.66,660.051,-338.197));
#1437=CARTESIAN_POINT('',(238.114,609.839,-341.809));
#1438=CARTESIAN_POINT('',(225.162,563.308,-332.903));
#1439=CARTESIAN_POINT('',(219.693,517.526,-327.999));
#1440=CARTESIAN_POINT('',(221.959,478.009,-325.451));
#1441=CARTESIAN_POINT('',(222.857,441.921,-322.93));
#1442=CARTESIAN_POINT('',(221.138,405.115,-321.393));
#1443=CARTESIAN_POINT('',(223.671,371.773,-317.519));
#1444=CARTESIAN_POINT('',(228.831,349.277,-320.075));
#1445=CARTESIAN_POINT('',(231.637,338.062,-326.166));
#1446=CARTESIAN_POINT('',(-237.143,1106.864,-203.104));
#1447=CARTESIAN_POINT('',(-219.851,1122.207,-204.74));
#1448=CARTESIAN_POINT('',(-179.758,1123.193,-213.989));
#1449=CARTESIAN_POINT('',(-121.974,1121.726,-230.882));
#1450=CARTESIAN_POINT('',(-64.881,1122.77,-245.294));
#1451=CARTESIAN_POINT('',(-9.376,1132.209,-265.041));
#1452=CARTESIAN_POINT('',(46.392,1136.374,-290.906));
#1453=CARTESIAN_POINT('',(103.717,1127.007,-342.493));
#1454=CARTESIAN_POINT('',(150.236,1072.455,-346.905));
#1455=CARTESIAN_POINT('',(186.505,1022.548,-349.036));
#1456=CARTESIAN_POINT('',(214.906,960.507,-345.109));
#1457=CARTESIAN_POINT('',(234.793,907.928,-339.689));
#1458=CARTESIAN_POINT('',(252.499,848.207,-345.645));
#1459=CARTESIAN_POINT('',(263.233,789.89,-345.027));
#1460=CARTESIAN_POINT('',(273.249,733.207,-347.815));
#1461=CARTESIAN_POINT('',(276.442,676.017,-344.101));
#1462=CARTESIAN_POINT('',(273.073,619.656,-342.813));
#1463=CARTESIAN_POINT('',(265.53,572.599,-325.421));
#1464=CARTESIAN_POINT('',(237.038,533.509,-303.736));
#1465=CARTESIAN_POINT('',(237.142,486.493,-303.152));
#1466=CARTESIAN_POINT('',(236.196,446.586,-300.614));
#1467=CARTESIAN_POINT('',(235.097,406.313,-299.707));
#1468=CARTESIAN_POINT('',(234.271,369.12,-300.64));
#1469=CARTESIAN_POINT('',(237.855,340.457,-304.8));
#1470=CARTESIAN_POINT('',(245.049,333.322,-314.152));
#1471=CARTESIAN_POINT('',(-235.012,1112.659,-145.9));
#1472=CARTESIAN_POINT('',(-215.356,1125.04,-148.487));
#1473=CARTESIAN_POINT('',(-169.834,1122.268,-156.293));
#1474=CARTESIAN_POINT('',(-109.793,1125.199,-170.511));
#1475=CARTESIAN_POINT('',(-46.487,1124.095,-191.479));
#1476=CARTESIAN_POINT('',(10.124,1129.851,-208.227));
#1477=CARTESIAN_POINT('',(74.248,1130.668,-241.367));
#1478=CARTESIAN_POINT('',(128.332,1137.048,-264.998));
#1479=CARTESIAN_POINT('',(206.778,1141.969,-329.265));
#1480=CARTESIAN_POINT('',(225.577,1051.097,-312.675));
#1481=CARTESIAN_POINT('',(259.702,1003.78,-328.054));
#1482=CARTESIAN_POINT('',(291.119,938.598,-344.578));
#1483=CARTESIAN_POINT('',(304.602,872.972,-332.144));
#1484=CARTESIAN_POINT('',(310.469,810.542,-328.574));
#1485=CARTESIAN_POINT('',(312.076,747.643,-324.003));
#1486=CARTESIAN_POINT('',(319.157,689.088,-321.231));
#1487=CARTESIAN_POINT('',(319.116,629.497,-318.49));
#1488=CARTESIAN_POINT('',(295.082,573.49,-308.853));
#1489=CARTESIAN_POINT('',(255.266,541.314,-284.27));
#1490=CARTESIAN_POINT('',(243.785,492.495,-275.562));
#1491=CARTESIAN_POINT('',(246.923,447.239,-280.365));
#1492=CARTESIAN_POINT('',(242.018,402.846,-277.9));
#1493=CARTESIAN_POINT('',(240.798,360.385,-282.87));
#1494=CARTESIAN_POINT('',(248.041,332.304,-294.328));
#1495=CARTESIAN_POINT('',(256.248,323.814,-303.204));
#1496=CARTESIAN_POINT('',(-227.174,1111.214,-89.954));
#1497=CARTESIAN_POINT('',(-207.539,1122.959,-90.642));
#1498=CARTESIAN_POINT('',(-162.574,1120.747,-100.089));
#1499=CARTESIAN_POINT('',(-96.464,1115.762,-113.625));
#1500=CARTESIAN_POINT('',(-33.799,1123.519,-128.042));
#1501=CARTESIAN_POINT('',(27.514,1128.243,-150.134));
#1502=CARTESIAN_POINT('',(92.74,1133.075,-178.581));
#1503=CARTESIAN_POINT('',(146.773,1127.647,-211.699));
#1504=CARTESIAN_POINT('',(227.323,1138.892,-239.66));
#1505=CARTESIAN_POINT('',(241.482,1066.557,-258.785));
#1506=CARTESIAN_POINT('',(259.512,1005.778,-263.298));
#1507=CARTESIAN_POINT('',(330.717,963.037,-275.6));
#1508=CARTESIAN_POINT('',(304.606,880.147,-277.86));
#1509=CARTESIAN_POINT('',(301.921,822.428,-276.67));
#1510=CARTESIAN_POINT('',(302.34,757.179,-275.101));
#1511=CARTESIAN_POINT('',(294.085,694.402,-274.118));
#1512=CARTESIAN_POINT('',(318.417,637.047,-275.289));
#1513=CARTESIAN_POINT('',(320.192,575.806,-272.493));
#1514=CARTESIAN_POINT('',(258.863,546.826,-256.886));
#1515=CARTESIAN_POINT('',(251.242,491.487,-255.734));
#1516=CARTESIAN_POINT('',(251.394,442.652,-254.553));
#1517=CARTESIAN_POINT('',(247.219,395.332,-259.124));
#1518=CARTESIAN_POINT('',(243.486,349.317,-265.75));
#1519=CARTESIAN_POINT('',(250.445,323.058,-277.672));
#1520=CARTESIAN_POINT('',(262.685,316.969,-286.736));
#1521=CARTESIAN_POINT('',(-220.519,1105.423,-30.334));
#1522=CARTESIAN_POINT('',(-203.49,1123.926,-30.648));
#1523=CARTESIAN_POINT('',(-153.352,1117.783,-39.081));
#1524=CARTESIAN_POINT('',(-90.683,1121.637,-48.616));
#1525=CARTESIAN_POINT('',(-22.192,1122.768,-69.515));
#1526=CARTESIAN_POINT('',(41.102,1127.236,-88.97));
#1527=CARTESIAN_POINT('',(105.691,1131.98,-117.225));
#1528=CARTESIAN_POINT('',(166.142,1134.884,-145.183));
#1529=CARTESIAN_POINT('',(234.661,1134.692,-179.441));
#1530=CARTESIAN_POINT('',(257.351,1063.195,-194.487));
#1531=CARTESIAN_POINT('',(236.523,995.703,-220.188));
#1532=CARTESIAN_POINT('',(301.568,947.616,-215.148));
#1533=CARTESIAN_POINT('',(312.959,887.15,-229.485));
#1534=CARTESIAN_POINT('',(317.202,820.93,-238.118));
#1535=CARTESIAN_POINT('',(307.895,758.965,-240.815));
#1536=CARTESIAN_POINT('',(295.364,693.964,-236.505));
#1537=CARTESIAN_POINT('',(316.504,636.896,-239.207));
#1538=CARTESIAN_POINT('',(322.081,578.731,-236.444));
#1539=CARTESIAN_POINT('',(259.025,542.733,-229.506));
#1540=CARTESIAN_POINT('',(255.396,487.354,-229.772));
#1541=CARTESIAN_POINT('',(253.167,434.852,-233.619));
#1542=CARTESIAN_POINT('',(249.935,385.075,-240.562));
#1543=CARTESIAN_POINT('',(243.802,334.393,-250.809));
#1544=CARTESIAN_POINT('',(263.85,308.146,-270.033));
#1545=CARTESIAN_POINT('',(282.472,304.795,-275.431));
#1546=CARTESIAN_POINT('',(-209.575,1084.368,32.427));
#1547=CARTESIAN_POINT('',(-198.95,1110.681,39.941));
#1548=CARTESIAN_POINT('',(-151.368,1128.381,27.303));
#1549=CARTESIAN_POINT('',(-80.334,1114.077,13.074));
#1550=CARTESIAN_POINT('',(-14.619,1125.146,-2.816));
#1551=CARTESIAN_POINT('',(52.079,1132.192,-25.846));
#1552=CARTESIAN_POINT('',(119.377,1126.323,-50.115));
#1553=CARTESIAN_POINT('',(180.778,1136.944,-78.89));
#1554=CARTESIAN_POINT('',(251.818,1123.56,-104.334));
#1555=CARTESIAN_POINT('',(252.507,1049.155,-136.947));
#1556=CARTESIAN_POINT('',(261.298,994.64,-156.82));
#1557=CARTESIAN_POINT('',(247.259,926.309,-183.698));
#1558=CARTESIAN_POINT('',(267.892,869.542,-197.882));
#1559=CARTESIAN_POINT('',(321.116,819.694,-180.891));
#1560=CARTESIAN_POINT('',(331.564,753.396,-195.305));
#1561=CARTESIAN_POINT('',(332.688,693.607,-200.056));
#1562=CARTESIAN_POINT('',(337.763,630.362,-200.975));
#1563=CARTESIAN_POINT('',(305.184,575.998,-201.35));
#1564=CARTESIAN_POINT('',(259.885,536.289,-203.602));
#1565=CARTESIAN_POINT('',(258.464,476.053,-205.69));
#1566=CARTESIAN_POINT('',(253.739,423.499,-212.845));
#1567=CARTESIAN_POINT('',(252.229,373.276,-221.27));
#1568=CARTESIAN_POINT('',(243.128,314.451,-239.485));
#1569=CARTESIAN_POINT('',(283.899,298.632,-256.068));
#1570=CARTESIAN_POINT('',(296.658,297.89,-262.598));
#1571=CARTESIAN_POINT('',(-193.489,1054.111,79.594));
#1572=CARTESIAN_POINT('',(-177.091,1064.459,78.886));
#1573=CARTESIAN_POINT('',(-147.801,1116.526,96.43));
#1574=CARTESIAN_POINT('',(-74.53,1130.151,79.438));
#1575=CARTESIAN_POINT('',(-4.904,1123.024,60.436));
#1576=CARTESIAN_POINT('',(62.764,1124.918,37.68));
#1577=CARTESIAN_POINT('',(129.064,1130.345,15.784));
#1578=CARTESIAN_POINT('',(200.227,1136.539,-8.088));
#1579=CARTESIAN_POINT('',(252.485,1090.952,-42.703));
#1580=CARTESIAN_POINT('',(259.423,1032.849,-77.165));
#1581=CARTESIAN_POINT('',(261.096,973.611,-105.357));
#1582=CARTESIAN_POINT('',(267.143,917.084,-127.204));
#1583=CARTESIAN_POINT('',(262.59,855.567,-147.481));
#1584=CARTESIAN_POINT('',(268.263,795.492,-166.735));
#1585=CARTESIAN_POINT('',(296.492,739.474,-162.132));
#1586=CARTESIAN_POINT('',(314.881,683.135,-158.702));
#1587=CARTESIAN_POINT('',(324.118,617.951,-159.768));
#1588=CARTESIAN_POINT('',(290.876,570.971,-172.985));
#1589=CARTESIAN_POINT('',(256.176,521.95,-176.633));
#1590=CARTESIAN_POINT('',(262.38,463.119,-182.626));
#1591=CARTESIAN_POINT('',(254.077,410.726,-191.677));
#1592=CARTESIAN_POINT('',(252.004,357.385,-203.959));
#1593=CARTESIAN_POINT('',(248.274,301.79,-224.652));
#1594=CARTESIAN_POINT('',(296.25,294.936,-239.172));
#1595=CARTESIAN_POINT('',(307.619,290.531,-245.664));
#1596=CARTESIAN_POINT('',(-184.219,1019.19,135.945));
#1597=CARTESIAN_POINT('',(-167.101,1039.956,138.887));
#1598=CARTESIAN_POINT('',(-125.736,1059.756,131.866));
#1599=CARTESIAN_POINT('',(-67.069,1105.504,141.53));
#1600=CARTESIAN_POINT('',(4.047,1120.279,126.513));
#1601=CARTESIAN_POINT('',(75.073,1130.18,110.555));
#1602=CARTESIAN_POINT('',(142.159,1114.758,83.388));
#1603=CARTESIAN_POINT('',(204.17,1090.887,54.07));
#1604=CARTESIAN_POINT('',(249.526,1056.191,17.931));
#1605=CARTESIAN_POINT('',(262.178,1004.019,-20.914));
#1606=CARTESIAN_POINT('',(267.43,951.196,-54.287));
#1607=CARTESIAN_POINT('',(265.881,892.958,-80.814));
#1608=CARTESIAN_POINT('',(272.652,838.023,-101.077));
#1609=CARTESIAN_POINT('',(269.426,779.947,-116.222));
#1610=CARTESIAN_POINT('',(268.747,720.717,-136.098));
#1611=CARTESIAN_POINT('',(278.198,664.55,-141.857));
#1612=CARTESIAN_POINT('',(290.725,611.525,-137.796));
#1613=CARTESIAN_POINT('',(268.308,558.501,-145.241));
#1614=CARTESIAN_POINT('',(264.642,502.542,-150.035));
#1615=CARTESIAN_POINT('',(259.435,448.428,-160.214));
#1616=CARTESIAN_POINT('',(257.173,394.033,-170.544));
#1617=CARTESIAN_POINT('',(249.607,342.727,-187.101));
#1618=CARTESIAN_POINT('',(257.833,288.311,-208.488));
#1619=CARTESIAN_POINT('',(308.407,288.311,-220.372));
#1620=CARTESIAN_POINT('',(318.803,282.998,-227.395));
#1621=CARTESIAN_POINT('',(-149.312,966.443,152.246));
#1622=CARTESIAN_POINT('',(-138.424,979.041,164.699));
#1623=CARTESIAN_POINT('',(-115.295,1015.977,189.685));
#1624=CARTESIAN_POINT('',(-52.491,1050.021,184.497));
#1625=CARTESIAN_POINT('',(12.555,1075.482,180.834));
#1626=CARTESIAN_POINT('',(81.946,1080.101,158.984));
#1627=CARTESIAN_POINT('',(143.006,1063.901,127.747));
#1628=CARTESIAN_POINT('',(197.801,1047.912,92.834));
#1629=CARTESIAN_POINT('',(246.494,1016.208,63.124));
#1630=CARTESIAN_POINT('',(260.15,967.71,18.823));
#1631=CARTESIAN_POINT('',(271.041,919.737,-11.335));
#1632=CARTESIAN_POINT('',(272.876,866.774,-39.524));
#1633=CARTESIAN_POINT('',(272.663,811.699,-60.023));
#1634=CARTESIAN_POINT('',(272.431,756.151,-77.947));
#1635=CARTESIAN_POINT('',(271.134,701.85,-89.655));
#1636=CARTESIAN_POINT('',(273.343,646.695,-100.259));
#1637=CARTESIAN_POINT('',(270.55,592.74,-108.771));
#1638=CARTESIAN_POINT('',(269.645,537.104,-115.322));
#1639=CARTESIAN_POINT('',(264.182,483.974,-125.846));
#1640=CARTESIAN_POINT('',(259.766,429.391,-137.239));
#1641=CARTESIAN_POINT('',(258.236,377.701,-151.097));
#1642=CARTESIAN_POINT('',(246.971,324.104,-168.929));
#1643=CARTESIAN_POINT('',(269.588,278.32,-191.143));
#1644=CARTESIAN_POINT('',(314.485,283.487,-199.67));
#1645=CARTESIAN_POINT('',(325.623,276.109,-207.74));
#1646=CARTESIAN_POINT('',(-105.289,929.365,117.997));
#1647=CARTESIAN_POINT('',(-98.007,941.744,131.704));
#1648=CARTESIAN_POINT('',(-76.411,962.669,158.218));
#1649=CARTESIAN_POINT('',(-34.064,993.449,196.724));
#1650=CARTESIAN_POINT('',(26.123,1010.554,215.914));
#1651=CARTESIAN_POINT('',(92.189,1019.489,195.348));
#1652=CARTESIAN_POINT('',(145.348,1010.613,160.041));
#1653=CARTESIAN_POINT('',(208.05,990.168,148.412));
#1654=CARTESIAN_POINT('',(251.509,963.162,109.157));
#1655=CARTESIAN_POINT('',(265.28,930.425,59.836));
#1656=CARTESIAN_POINT('',(273.281,883.619,22.137));
#1657=CARTESIAN_POINT('',(276.014,833.597,-0.096));
#1658=CARTESIAN_POINT('',(277.,782.094,-22.087));
#1659=CARTESIAN_POINT('',(274.318,729.476,-39.288));
#1660=CARTESIAN_POINT('',(273.091,675.982,-55.735));
#1661=CARTESIAN_POINT('',(271.044,623.079,-66.879));
#1662=CARTESIAN_POINT('',(272.568,569.37,-77.283));
#1663=CARTESIAN_POINT('',(267.707,515.546,-88.735));
#1664=CARTESIAN_POINT('',(265.167,462.666,-101.227));
#1665=CARTESIAN_POINT('',(258.876,409.002,-115.276));
#1666=CARTESIAN_POINT('',(257.934,359.044,-131.345));
#1667=CARTESIAN_POINT('',(246.062,303.829,-151.732));
#1668=CARTESIAN_POINT('',(286.403,269.846,-171.32));
#1669=CARTESIAN_POINT('',(322.245,275.007,-179.351));
#1670=CARTESIAN_POINT('',(336.657,268.514,-186.192));
#1671=CARTESIAN_POINT('',(-72.754,868.441,116.151));
#1672=CARTESIAN_POINT('',(-61.332,884.757,118.162));
#1673=CARTESIAN_POINT('',(-47.138,915.509,128.888));
#1674=CARTESIAN_POINT('',(-13.244,943.838,143.61));
#1675=CARTESIAN_POINT('',(28.309,957.902,154.537));
#1676=CARTESIAN_POINT('',(81.653,962.101,157.887));
#1677=CARTESIAN_POINT('',(129.757,952.581,146.257));
#1678=CARTESIAN_POINT('',(171.007,935.473,124.111));
#1679=CARTESIAN_POINT('',(205.059,911.746,90.306));
#1680=CARTESIAN_POINT('',(237.236,877.934,70.129));
#1681=CARTESIAN_POINT('',(279.049,845.886,64.457));
#1682=CARTESIAN_POINT('',(276.236,796.891,34.997));
#1683=CARTESIAN_POINT('',(278.841,749.167,16.36));
#1684=CARTESIAN_POINT('',(275.849,698.304,-3.495));
#1685=CARTESIAN_POINT('',(274.765,647.89,-19.616));
#1686=CARTESIAN_POINT('',(272.299,595.743,-34.27));
#1687=CARTESIAN_POINT('',(270.74,544.128,-48.699));
#1688=CARTESIAN_POINT('',(267.862,491.02,-63.061));
#1689=CARTESIAN_POINT('',(263.686,439.648,-77.799));
#1690=CARTESIAN_POINT('',(258.9,386.34,-93.946));
#1691=CARTESIAN_POINT('',(254.914,339.636,-112.285));
#1692=CARTESIAN_POINT('',(249.735,280.495,-133.346));
#1693=CARTESIAN_POINT('',(310.689,266.387,-151.016));
#1694=CARTESIAN_POINT('',(339.949,263.835,-160.013));
#1695=CARTESIAN_POINT('',(356.58,258.855,-168.444));
#1696=CARTESIAN_POINT('',(-73.49,835.863,183.136));
#1697=CARTESIAN_POINT('',(-66.868,849.363,182.65));
#1698=CARTESIAN_POINT('',(-43.617,877.841,185.992));
#1699=CARTESIAN_POINT('',(-2.679,892.921,175.882));
#1700=CARTESIAN_POINT('',(36.141,901.348,155.196));
#1701=CARTESIAN_POINT('',(67.714,901.144,133.453));
#1702=CARTESIAN_POINT('',(97.378,888.813,100.354));
#1703=CARTESIAN_POINT('',(149.834,873.047,94.508));
#1704=CARTESIAN_POINT('',(192.152,853.945,106.254));
#1705=CARTESIAN_POINT('',(243.792,841.016,115.956));
#1706=CARTESIAN_POINT('',(281.558,809.195,99.883));
#1707=CARTESIAN_POINT('',(276.645,759.169,73.108));
#1708=CARTESIAN_POINT('',(279.702,714.748,52.543));
#1709=CARTESIAN_POINT('',(277.2,665.144,30.009));
#1710=CARTESIAN_POINT('',(275.509,616.502,12.113));
#1711=CARTESIAN_POINT('',(272.754,566.22,-5.512));
#1712=CARTESIAN_POINT('',(270.749,515.88,-21.704));
#1713=CARTESIAN_POINT('',(266.861,464.771,-38.293));
#1714=CARTESIAN_POINT('',(261.928,414.562,-55.247));
#1715=CARTESIAN_POINT('',(259.094,364.166,-73.527));
#1716=CARTESIAN_POINT('',(250.921,316.77,-92.919));
#1717=CARTESIAN_POINT('',(262.821,261.628,-115.106));
#1718=CARTESIAN_POINT('',(328.335,265.018,-129.571));
#1719=CARTESIAN_POINT('',(353.321,250.712,-139.136));
#1720=CARTESIAN_POINT('',(370.788,248.416,-146.106));
#1721=CARTESIAN_POINT('',(-70.136,803.9,232.733));
#1722=CARTESIAN_POINT('',(-60.43,820.856,235.788));
#1723=CARTESIAN_POINT('',(-48.291,850.851,238.381));
#1724=CARTESIAN_POINT('',(2.892,876.393,238.484));
#1725=CARTESIAN_POINT('',(42.687,872.722,222.789));
#1726=CARTESIAN_POINT('',(94.752,867.163,205.846));
#1727=CARTESIAN_POINT('',(103.465,828.503,162.494));
#1728=CARTESIAN_POINT('',(146.486,819.071,152.233));
#1729=CARTESIAN_POINT('',(196.648,817.698,159.04));
#1730=CARTESIAN_POINT('',(243.42,801.527,153.047));
#1731=CARTESIAN_POINT('',(281.424,768.373,137.175));
#1732=CARTESIAN_POINT('',(277.405,721.602,107.33));
#1733=CARTESIAN_POINT('',(280.615,677.298,84.756));
#1734=CARTESIAN_POINT('',(277.576,630.052,61.953));
#1735=CARTESIAN_POINT('',(275.176,583.103,41.782));
#1736=CARTESIAN_POINT('',(272.79,534.412,21.971));
#1737=CARTESIAN_POINT('',(268.835,485.472,3.681));
#1738=CARTESIAN_POINT('',(265.948,437.384,-15.243));
#1739=CARTESIAN_POINT('',(260.209,387.794,-33.788));
#1740=CARTESIAN_POINT('',(258.196,341.985,-52.858));
#1741=CARTESIAN_POINT('',(246.728,289.939,-74.934));
#1742=CARTESIAN_POINT('',(285.315,253.747,-93.774));
#1743=CARTESIAN_POINT('',(339.788,257.683,-105.448));
#1744=CARTESIAN_POINT('',(367.016,242.104,-116.871));
#1745=CARTESIAN_POINT('',(382.384,238.646,-123.609));
#1746=CARTESIAN_POINT('',(-66.616,772.51,290.973));
#1747=CARTESIAN_POINT('',(-60.18,788.405,291.33));
#1748=CARTESIAN_POINT('',(-38.739,820.084,295.341));
#1749=CARTESIAN_POINT('',(8.724,837.997,287.228));
#1750=CARTESIAN_POINT('',(55.555,839.245,268.068));
#1751=CARTESIAN_POINT('',(93.46,824.415,241.726));
#1752=CARTESIAN_POINT('',(109.295,790.195,205.759));
#1753=CARTESIAN_POINT('',(154.723,780.245,194.63));
#1754=CARTESIAN_POINT('',(199.675,774.556,193.111));
#1755=CARTESIAN_POINT('',(251.059,759.96,190.888));
#1756=CARTESIAN_POINT('',(283.258,727.62,168.944));
#1757=CARTESIAN_POINT('',(276.577,680.812,139.634));
#1758=CARTESIAN_POINT('',(280.417,638.993,115.381));
#1759=CARTESIAN_POINT('',(275.944,592.798,90.361));
#1760=CARTESIAN_POINT('',(274.783,547.384,68.542));
#1761=CARTESIAN_POINT('',(271.162,501.044,47.052));
#1762=CARTESIAN_POINT('',(267.355,453.604,26.659));
#1763=CARTESIAN_POINT('',(264.478,408.623,7.121));
#1764=CARTESIAN_POINT('',(259.099,359.351,-13.442));
#1765=CARTESIAN_POINT('',(255.713,318.643,-33.193));
#1766=CARTESIAN_POINT('',(251.096,261.92,-55.978));
#1767=CARTESIAN_POINT('',(306.761,248.946,-71.139));
#1768=CARTESIAN_POINT('',(349.777,247.174,-85.453));
#1769=CARTESIAN_POINT('',(384.402,234.62,-94.681));
#1770=CARTESIAN_POINT('',(394.847,222.262,-99.472));
#1771=CARTESIAN_POINT('',(-68.655,750.233,352.229));
#1772=CARTESIAN_POINT('',(-58.653,767.718,352.842));
#1773=CARTESIAN_POINT('',(-35.575,796.694,354.63));
#1774=CARTESIAN_POINT('',(19.509,813.351,341.968));
#1775=CARTESIAN_POINT('',(65.417,805.251,319.504));
#1776=CARTESIAN_POINT('',(104.606,783.945,294.111));
#1777=CARTESIAN_POINT('',(105.48,740.052,245.963));
#1778=CARTESIAN_POINT('',(162.23,740.745,241.495));
#1779=CARTESIAN_POINT('',(205.11,730.709,231.282));
#1780=CARTESIAN_POINT('',(258.695,719.096,225.144));
#1781=CARTESIAN_POINT('',(283.026,682.766,199.792));
#1782=CARTESIAN_POINT('',(276.344,639.542,167.069));
#1783=CARTESIAN_POINT('',(278.811,597.784,141.898));
#1784=CARTESIAN_POINT('',(274.851,553.676,116.6));
#1785=CARTESIAN_POINT('',(272.964,510.336,93.));
#1786=CARTESIAN_POINT('',(268.094,465.358,70.371));
#1787=CARTESIAN_POINT('',(266.784,421.586,49.184));
#1788=CARTESIAN_POINT('',(260.746,376.368,27.685));
#1789=CARTESIAN_POINT('',(260.795,332.879,6.925));
#1790=CARTESIAN_POINT('',(248.554,288.004,-14.637));
#1791=CARTESIAN_POINT('',(270.526,243.808,-35.337));
#1792=CARTESIAN_POINT('',(324.404,244.348,-48.619));
#1793=CARTESIAN_POINT('',(367.202,238.627,-60.967));
#1794=CARTESIAN_POINT('',(387.839,212.082,-74.04));
#1795=CARTESIAN_POINT('',(387.756,198.526,-82.555));
#1796=CARTESIAN_POINT('',(-65.558,726.036,405.615));
#1797=CARTESIAN_POINT('',(-57.721,745.601,410.944));
#1798=CARTESIAN_POINT('',(-22.479,765.892,409.561));
#1799=CARTESIAN_POINT('',(27.185,783.912,402.759));
#1800=CARTESIAN_POINT('',(81.476,773.197,371.022));
#1801=CARTESIAN_POINT('',(104.185,742.975,331.303));
#1802=CARTESIAN_POINT('',(111.23,697.79,289.64));
#1803=CARTESIAN_POINT('',(172.647,700.426,279.152));
#1804=CARTESIAN_POINT('',(214.706,693.575,266.517));
#1805=CARTESIAN_POINT('',(269.065,676.041,257.046));
#1806=CARTESIAN_POINT('',(279.013,635.402,222.138));
#1807=CARTESIAN_POINT('',(276.842,596.472,194.643));
#1808=CARTESIAN_POINT('',(275.77,555.026,165.974));
#1809=CARTESIAN_POINT('',(272.756,513.39,139.681));
#1810=CARTESIAN_POINT('',(269.666,471.384,115.091));
#1811=CARTESIAN_POINT('',(266.331,429.026,91.612));
#1812=CARTESIAN_POINT('',(264.061,387.278,69.323));
#1813=CARTESIAN_POINT('',(259.185,343.524,47.479));
#1814=CARTESIAN_POINT('',(258.372,305.383,25.848));
#1815=CARTESIAN_POINT('',(247.24,254.958,3.201));
#1816=CARTESIAN_POINT('',(298.843,236.116,-13.203));
#1817=CARTESIAN_POINT('',(339.168,237.487,-25.78));
#1818=CARTESIAN_POINT('',(389.154,220.088,-40.986));
#1819=CARTESIAN_POINT('',(374.907,180.734,-60.694));
#1820=CARTESIAN_POINT('',(385.067,172.914,-66.258));
#1821=CARTESIAN_POINT('',(-78.293,710.657,473.445));
#1822=CARTESIAN_POINT('',(-60.244,722.201,473.806));
#1823=CARTESIAN_POINT('',(-21.766,758.806,485.865));
#1824=CARTESIAN_POINT('',(45.748,759.447,455.415));
#1825=CARTESIAN_POINT('',(90.24,736.455,416.207));
#1826=CARTESIAN_POINT('',(104.809,694.556,374.628));
#1827=CARTESIAN_POINT('',(133.231,661.535,338.109));
#1828=CARTESIAN_POINT('',(190.382,671.276,315.057));
#1829=CARTESIAN_POINT('',(232.728,652.278,301.432));
#1830=CARTESIAN_POINT('',(275.877,628.894,279.111));
#1831=CARTESIAN_POINT('',(276.754,588.148,247.17));
#1832=CARTESIAN_POINT('',(274.408,551.029,215.189));
#1833=CARTESIAN_POINT('',(271.879,510.822,188.041));
#1834=CARTESIAN_POINT('',(269.736,471.571,161.648));
#1835=CARTESIAN_POINT('',(266.169,431.107,135.869));
#1836=CARTESIAN_POINT('',(264.36,390.885,111.985));
#1837=CARTESIAN_POINT('',(259.353,351.092,89.031));
#1838=CARTESIAN_POINT('',(260.687,311.061,65.687));
#1839=CARTESIAN_POINT('',(246.877,271.704,43.621));
#1840=CARTESIAN_POINT('',(273.562,232.951,24.382));
#1841=CARTESIAN_POINT('',(318.899,231.367,9.625));
#1842=CARTESIAN_POINT('',(361.323,223.076,-2.327));
#1843=CARTESIAN_POINT('',(390.767,191.264,-26.376));
#1844=CARTESIAN_POINT('',(374.541,159.77,-38.898));
#1845=CARTESIAN_POINT('',(378.624,149.745,-47.732));
#1846=CARTESIAN_POINT('',(-51.999,655.019,489.829));
#1847=CARTESIAN_POINT('',(-35.96,665.582,491.936));
#1848=CARTESIAN_POINT('',(-6.449,695.691,529.731));
#1849=CARTESIAN_POINT('',(72.025,712.774,512.525));
#1850=CARTESIAN_POINT('',(113.95,705.486,453.371));
#1851=CARTESIAN_POINT('',(136.107,670.403,405.809));
#1852=CARTESIAN_POINT('',(199.472,677.51,388.006));
#1853=CARTESIAN_POINT('',(214.754,635.471,349.513));
#1854=CARTESIAN_POINT('',(244.514,607.033,322.511));
#1855=CARTESIAN_POINT('',(282.022,579.668,302.812));
#1856=CARTESIAN_POINT('',(270.506,539.248,262.862));
#1857=CARTESIAN_POINT('',(271.983,504.757,237.535));
#1858=CARTESIAN_POINT('',(267.242,465.408,206.004));
#1859=CARTESIAN_POINT('',(266.426,428.586,178.875));
#1860=CARTESIAN_POINT('',(261.9,388.961,152.367));
#1861=CARTESIAN_POINT('',(260.613,353.486,128.217));
#1862=CARTESIAN_POINT('',(256.688,310.931,104.031));
#1863=CARTESIAN_POINT('',(255.025,280.663,84.427));
#1864=CARTESIAN_POINT('',(251.199,231.507,59.668));
#1865=CARTESIAN_POINT('',(306.706,227.889,46.239));
#1866=CARTESIAN_POINT('',(335.445,218.407,33.49));
#1867=CARTESIAN_POINT('',(383.567,208.633,15.438));
#1868=CARTESIAN_POINT('',(382.863,162.607,-6.176));
#1869=CARTESIAN_POINT('',(376.046,142.885,-23.283));
#1870=CARTESIAN_POINT('',(374.919,128.937,-29.219));
#1871=CARTESIAN_POINT('',(-22.682,613.523,452.922));
#1872=CARTESIAN_POINT('',(-8.374,623.022,466.052));
#1873=CARTESIAN_POINT('',(21.074,635.073,464.362));
#1874=CARTESIAN_POINT('',(72.997,645.975,480.789));
#1875=CARTESIAN_POINT('',(122.987,643.509,464.285));
#1876=CARTESIAN_POINT('',(181.461,644.991,455.397));
#1877=CARTESIAN_POINT('',(217.791,618.783,412.44));
#1878=CARTESIAN_POINT('',(208.171,581.002,357.849));
#1879=CARTESIAN_POINT('',(261.931,560.409,351.132));
#1880=CARTESIAN_POINT('',(273.004,526.007,314.958));
#1881=CARTESIAN_POINT('',(269.352,492.178,286.869));
#1882=CARTESIAN_POINT('',(265.618,455.492,252.521));
#1883=CARTESIAN_POINT('',(264.271,419.524,224.967));
#1884=CARTESIAN_POINT('',(259.855,382.358,197.345));
#1885=CARTESIAN_POINT('',(259.662,348.503,172.584));
#1886=CARTESIAN_POINT('',(252.489,307.779,148.975));
#1887=CARTESIAN_POINT('',(257.886,279.941,126.464));
#1888=CARTESIAN_POINT('',(241.564,231.867,96.689));
#1889=CARTESIAN_POINT('',(291.974,216.43,82.519));
#1890=CARTESIAN_POINT('',(322.912,213.786,72.151));
#1891=CARTESIAN_POINT('',(365.602,210.951,55.998));
#1892=CARTESIAN_POINT('',(390.855,180.935,38.492));
#1893=CARTESIAN_POINT('',(379.531,144.473,5.942));
#1894=CARTESIAN_POINT('',(378.442,121.315,-2.264));
#1895=CARTESIAN_POINT('',(375.668,109.104,-9.411));
#1896=CARTESIAN_POINT('',(-4.326,578.097,434.697));
#1897=CARTESIAN_POINT('',(5.673,584.755,442.741));
#1898=CARTESIAN_POINT('',(34.998,597.63,464.654));
#1899=CARTESIAN_POINT('',(79.83,605.367,451.579));
#1900=CARTESIAN_POINT('',(120.527,595.701,431.65));
#1901=CARTESIAN_POINT('',(154.104,574.285,405.151));
#1902=CARTESIAN_POINT('',(182.106,553.833,394.588));
#1903=CARTESIAN_POINT('',(231.768,533.266,391.59));
#1904=CARTESIAN_POINT('',(266.259,508.885,368.567));
#1905=CARTESIAN_POINT('',(271.672,474.786,339.133));
#1906=CARTESIAN_POINT('',(263.477,441.701,302.239));
#1907=CARTESIAN_POINT('',(263.512,406.449,276.159));
#1908=CARTESIAN_POINT('',(257.66,370.814,246.505));
#1909=CARTESIAN_POINT('',(257.746,336.743,219.223));
#1910=CARTESIAN_POINT('',(248.414,300.112,192.27));
#1911=CARTESIAN_POINT('',(256.601,272.393,162.962));
#1912=CARTESIAN_POINT('',(238.579,230.342,133.42));
#1913=CARTESIAN_POINT('',(280.732,204.77,121.26));
#1914=CARTESIAN_POINT('',(316.784,209.254,112.371));
#1915=CARTESIAN_POINT('',(350.213,202.157,94.705));
#1916=CARTESIAN_POINT('',(387.229,187.87,81.705));
#1917=CARTESIAN_POINT('',(383.832,152.501,50.474));
#1918=CARTESIAN_POINT('',(384.588,127.122,35.562));
#1919=CARTESIAN_POINT('',(377.629,102.863,18.379));
#1920=CARTESIAN_POINT('',(377.734,92.561,12.461));
#1921=CARTESIAN_POINT('',(11.309,540.011,424.205));
#1922=CARTESIAN_POINT('',(25.167,552.126,420.258));
#1923=CARTESIAN_POINT('',(46.029,554.929,412.179));
#1924=CARTESIAN_POINT('',(81.783,548.605,401.038));
#1925=CARTESIAN_POINT('',(122.243,533.807,411.201));
#1926=CARTESIAN_POINT('',(166.22,524.374,440.315));
#1927=CARTESIAN_POINT('',(213.905,503.726,438.866));
#1928=CARTESIAN_POINT('',(241.88,483.205,414.49));
#1929=CARTESIAN_POINT('',(270.64,456.393,397.286));
#1930=CARTESIAN_POINT('',(262.666,423.783,351.458));
#1931=CARTESIAN_POINT('',(264.438,391.116,327.551));
#1932=CARTESIAN_POINT('',(255.581,358.186,291.039));
#1933=CARTESIAN_POINT('',(254.506,320.602,258.333));
#1934=CARTESIAN_POINT('',(243.955,286.223,228.714));
#1935=CARTESIAN_POINT('',(252.678,259.722,195.831));
#1936=CARTESIAN_POINT('',(236.612,226.171,172.334));
#1937=CARTESIAN_POINT('',(271.172,191.576,158.081));
#1938=CARTESIAN_POINT('',(317.225,204.674,150.701));
#1939=CARTESIAN_POINT('',(344.603,192.748,132.915));
#1940=CARTESIAN_POINT('',(382.787,183.505,123.282));
#1941=CARTESIAN_POINT('',(378.221,146.877,94.507));
#1942=CARTESIAN_POINT('',(387.606,132.714,79.17));
#1943=CARTESIAN_POINT('',(381.547,105.032,51.104));
#1944=CARTESIAN_POINT('',(381.04,88.158,40.699));
#1945=CARTESIAN_POINT('',(379.41,77.326,34.043));
#1946=CARTESIAN_POINT('',(18.935,530.457,464.342));
#1947=CARTESIAN_POINT('',(28.124,528.279,465.733));
#1948=CARTESIAN_POINT('',(50.076,529.169,457.928));
#1949=CARTESIAN_POINT('',(89.985,526.801,467.368));
#1950=CARTESIAN_POINT('',(130.417,518.847,478.147));
#1951=CARTESIAN_POINT('',(171.478,488.849,463.949));
#1952=CARTESIAN_POINT('',(202.199,466.899,442.857));
#1953=CARTESIAN_POINT('',(248.367,446.2,442.234));
#1954=CARTESIAN_POINT('',(267.509,419.146,400.651));
#1955=CARTESIAN_POINT('',(260.88,388.233,369.705));
#1956=CARTESIAN_POINT('',(256.919,359.657,332.534));
#1957=CARTESIAN_POINT('',(250.295,327.025,294.01));
#1958=CARTESIAN_POINT('',(243.477,287.649,263.344));
#1959=CARTESIAN_POINT('',(245.33,254.711,228.319));
#1960=CARTESIAN_POINT('',(237.192,228.241,207.476));
#1961=CARTESIAN_POINT('',(255.717,193.877,186.369));
#1962=CARTESIAN_POINT('',(302.764,200.209,179.604));
#1963=CARTESIAN_POINT('',(331.74,188.471,166.648));
#1964=CARTESIAN_POINT('',(369.966,176.55,159.313));
#1965=CARTESIAN_POINT('',(367.388,146.874,129.612));
#1966=CARTESIAN_POINT('',(380.244,129.563,112.72));
#1967=CARTESIAN_POINT('',(382.113,107.381,87.562));
#1968=CARTESIAN_POINT('',(383.116,88.516,67.667));
#1969=CARTESIAN_POINT('',(380.524,72.146,50.647));
#1970=CARTESIAN_POINT('',(380.204,62.947,46.637));
#1971=CARTESIAN_POINT('',(21.422,524.648,469.916));
#1972=CARTESIAN_POINT('',(33.441,524.508,472.033));
#1973=CARTESIAN_POINT('',(54.09,523.56,473.841));
#1974=CARTESIAN_POINT('',(90.98,515.758,474.832));
#1975=CARTESIAN_POINT('',(131.125,494.311,476.141));
#1976=CARTESIAN_POINT('',(170.493,468.997,467.069));
#1977=CARTESIAN_POINT('',(206.486,447.718,459.012));
#1978=CARTESIAN_POINT('',(247.972,425.516,443.34));
#1979=CARTESIAN_POINT('',(262.388,398.383,407.586));
#1980=CARTESIAN_POINT('',(256.855,371.171,370.675));
#1981=CARTESIAN_POINT('',(252.572,342.118,333.095));
#1982=CARTESIAN_POINT('',(246.49,311.097,298.271));
#1983=CARTESIAN_POINT('',(241.023,272.273,262.951));
#1984=CARTESIAN_POINT('',(241.353,241.858,234.819));
#1985=CARTESIAN_POINT('',(242.047,208.858,210.643));
#1986=CARTESIAN_POINT('',(274.691,194.407,198.051));
#1987=CARTESIAN_POINT('',(308.594,191.838,187.803));
#1988=CARTESIAN_POINT('',(346.202,180.671,178.55));
#1989=CARTESIAN_POINT('',(362.236,157.431,159.06));
#1990=CARTESIAN_POINT('',(369.723,137.99,136.343));
#1991=CARTESIAN_POINT('',(378.792,115.366,114.989));
#1992=CARTESIAN_POINT('',(382.21,97.008,93.737));
#1993=CARTESIAN_POINT('',(382.154,77.416,68.771));
#1994=CARTESIAN_POINT('',(380.989,62.725,59.466));
#1995=CARTESIAN_POINT('',(380.416,60.025,53.447));
#1996=CARTESIAN_POINT('',(-422.167,-33.07,-198.709));
#1997=CARTESIAN_POINT('',(-422.657,-34.115,-205.79));
#1998=CARTESIAN_POINT('',(-423.06,-38.559,-223.754));
#1999=CARTESIAN_POINT('',(-424.532,-59.94,-242.452));
#2000=CARTESIAN_POINT('',(-425.723,-77.923,-264.886));
#2001=CARTESIAN_POINT('',(-426.377,-98.304,-287.415));
#2002=CARTESIAN_POINT('',(-428.545,-119.21,-309.636));
#2003=CARTESIAN_POINT('',(-421.417,-135.904,-333.342));
#2004=CARTESIAN_POINT('',(-405.336,-150.516,-350.98));
#2005=CARTESIAN_POINT('',(-382.729,-167.623,-358.703));
#2006=CARTESIAN_POINT('',(-359.478,-188.85,-361.837));
#2007=CARTESIAN_POINT('',(-334.984,-201.161,-362.615));
#2008=CARTESIAN_POINT('',(-310.517,-214.815,-362.718));
#2009=CARTESIAN_POINT('',(-286.458,-227.287,-361.871));
#2010=CARTESIAN_POINT('',(-260.996,-231.981,-361.836));
#2011=CARTESIAN_POINT('',(-236.754,-237.569,-362.268));
#2012=CARTESIAN_POINT('',(-212.873,-243.044,-362.668));
#2013=CARTESIAN_POINT('',(-188.914,-247.986,-363.6));
#2014=CARTESIAN_POINT('',(-164.784,-250.385,-365.094));
#2015=CARTESIAN_POINT('',(-141.311,-251.33,-366.163));
#2016=CARTESIAN_POINT('',(-116.526,-255.236,-367.103));
#2017=CARTESIAN_POINT('',(-93.046,-261.108,-367.164));
#2018=CARTESIAN_POINT('',(-68.929,-262.384,-366.518));
#2019=CARTESIAN_POINT('',(-56.105,-258.333,-366.3));
#2020=CARTESIAN_POINT('',(-49.128,-257.966,-365.907));
#2021=CARTESIAN_POINT('',(-421.587,-23.71,-197.457));
#2022=CARTESIAN_POINT('',(-422.024,-22.566,-207.712));
#2023=CARTESIAN_POINT('',(-422.273,-24.062,-229.485));
#2024=CARTESIAN_POINT('',(-424.236,-45.88,-248.815));
#2025=CARTESIAN_POINT('',(-424.919,-62.651,-270.971));
#2026=CARTESIAN_POINT('',(-425.495,-81.689,-292.666));
#2027=CARTESIAN_POINT('',(-425.604,-102.893,-314.367));
#2028=CARTESIAN_POINT('',(-417.928,-118.509,-337.949));
#2029=CARTESIAN_POINT('',(-402.058,-132.373,-354.296));
#2030=CARTESIAN_POINT('',(-378.72,-149.771,-362.114));
#2031=CARTESIAN_POINT('',(-354.388,-170.963,-364.687));
#2032=CARTESIAN_POINT('',(-330.895,-183.313,-363.63));
#2033=CARTESIAN_POINT('',(-306.39,-196.918,-364.046));
#2034=CARTESIAN_POINT('',(-283.06,-209.627,-362.854));
#2035=CARTESIAN_POINT('',(-258.596,-214.985,-362.866));
#2036=CARTESIAN_POINT('',(-234.092,-220.28,-363.047));
#2037=CARTESIAN_POINT('',(-209.926,-227.507,-363.538));
#2038=CARTESIAN_POINT('',(-186.404,-231.555,-364.826));
#2039=CARTESIAN_POINT('',(-161.175,-235.193,-365.653));
#2040=CARTESIAN_POINT('',(-139.388,-237.721,-367.047));
#2041=CARTESIAN_POINT('',(-114.486,-241.727,-367.805));
#2042=CARTESIAN_POINT('',(-92.381,-248.329,-368.472));
#2043=CARTESIAN_POINT('',(-71.658,-248.617,-366.993));
#2044=CARTESIAN_POINT('',(-53.657,-245.969,-366.866));
#2045=CARTESIAN_POINT('',(-45.147,-251.966,-366.115));
#2046=CARTESIAN_POINT('',(-420.151,-5.218,-195.933));
#2047=CARTESIAN_POINT('',(-420.449,-4.859,-204.702));
#2048=CARTESIAN_POINT('',(-421.516,-2.42,-230.445));
#2049=CARTESIAN_POINT('',(-421.527,-16.365,-260.199));
#2050=CARTESIAN_POINT('',(-423.093,-33.519,-281.238));
#2051=CARTESIAN_POINT('',(-422.514,-49.466,-303.62));
#2052=CARTESIAN_POINT('',(-421.515,-68.468,-326.308));
#2053=CARTESIAN_POINT('',(-414.94,-84.127,-349.589));
#2054=CARTESIAN_POINT('',(-390.93,-100.083,-360.509));
#2055=CARTESIAN_POINT('',(-366.452,-116.891,-362.327));
#2056=CARTESIAN_POINT('',(-346.399,-134.342,-365.239));
#2057=CARTESIAN_POINT('',(-321.659,-149.147,-365.396));
#2058=CARTESIAN_POINT('',(-297.777,-162.279,-364.248));
#2059=CARTESIAN_POINT('',(-274.439,-174.501,-364.34));
#2060=CARTESIAN_POINT('',(-249.93,-182.676,-363.766));
#2061=CARTESIAN_POINT('',(-226.05,-189.663,-363.667));
#2062=CARTESIAN_POINT('',(-202.078,-195.917,-363.692));
#2063=CARTESIAN_POINT('',(-179.157,-202.967,-364.308));
#2064=CARTESIAN_POINT('',(-156.067,-206.168,-365.621));
#2065=CARTESIAN_POINT('',(-133.899,-210.653,-366.964));
#2066=CARTESIAN_POINT('',(-108.643,-216.568,-368.35));
#2067=CARTESIAN_POINT('',(-87.825,-221.653,-368.747));
#2068=CARTESIAN_POINT('',(-63.717,-225.344,-368.069));
#2069=CARTESIAN_POINT('',(-42.571,-231.334,-366.96));
#2070=CARTESIAN_POINT('',(-35.657,-236.995,-366.222));
#2071=CARTESIAN_POINT('',(-418.051,30.592,-194.26));
#2072=CARTESIAN_POINT('',(-418.302,32.327,-205.15));
#2073=CARTESIAN_POINT('',(-419.046,32.174,-227.806));
#2074=CARTESIAN_POINT('',(-419.623,26.654,-260.698));
#2075=CARTESIAN_POINT('',(-420.358,14.89,-290.955));
#2076=CARTESIAN_POINT('',(-419.577,-0.746,-314.428));
#2077=CARTESIAN_POINT('',(-416.804,-16.448,-338.488));
#2078=CARTESIAN_POINT('',(-401.203,-33.32,-358.207));
#2079=CARTESIAN_POINT('',(-377.835,-50.35,-365.063));
#2080=CARTESIAN_POINT('',(-356.024,-67.099,-367.488));
#2081=CARTESIAN_POINT('',(-330.923,-83.753,-367.921));
#2082=CARTESIAN_POINT('',(-307.269,-98.8,-368.186));
#2083=CARTESIAN_POINT('',(-284.944,-112.707,-368.181));
#2084=CARTESIAN_POINT('',(-260.977,-124.624,-366.667));
#2085=CARTESIAN_POINT('',(-238.287,-134.934,-365.969));
#2086=CARTESIAN_POINT('',(-214.427,-143.747,-365.451));
#2087=CARTESIAN_POINT('',(-190.964,-152.769,-365.76));
#2088=CARTESIAN_POINT('',(-167.481,-159.732,-366.483));
#2089=CARTESIAN_POINT('',(-144.999,-167.17,-367.956));
#2090=CARTESIAN_POINT('',(-120.948,-174.257,-369.122));
#2091=CARTESIAN_POINT('',(-97.043,-180.933,-369.843));
#2092=CARTESIAN_POINT('',(-73.797,-188.282,-369.522));
#2093=CARTESIAN_POINT('',(-46.491,-198.869,-368.063));
#2094=CARTESIAN_POINT('',(-34.234,-209.19,-366.971));
#2095=CARTESIAN_POINT('',(-23.019,-215.056,-366.572));
#2096=CARTESIAN_POINT('',(-414.925,70.794,-195.551));
#2097=CARTESIAN_POINT('',(-415.656,72.602,-206.23));
#2098=CARTESIAN_POINT('',(-416.529,74.195,-229.318));
#2099=CARTESIAN_POINT('',(-416.833,70.515,-261.654));
#2100=CARTESIAN_POINT('',(-415.546,61.978,-292.605));
#2101=CARTESIAN_POINT('',(-416.895,50.425,-323.098));
#2102=CARTESIAN_POINT('',(-411.491,34.576,-348.719));
#2103=CARTESIAN_POINT('',(-389.065,17.614,-361.596));
#2104=CARTESIAN_POINT('',(-365.327,-0.089,-364.261));
#2105=CARTESIAN_POINT('',(-341.357,-17.295,-367.925));
#2106=CARTESIAN_POINT('',(-318.304,-33.726,-368.692));
#2107=CARTESIAN_POINT('',(-295.458,-49.416,-369.968));
#2108=CARTESIAN_POINT('',(-271.216,-63.767,-370.582));
#2109=CARTESIAN_POINT('',(-248.117,-76.836,-371.15));
#2110=CARTESIAN_POINT('',(-224.258,-88.692,-370.165));
#2111=CARTESIAN_POINT('',(-200.795,-99.772,-369.421));
#2112=CARTESIAN_POINT('',(-176.737,-110.217,-369.711));
#2113=CARTESIAN_POINT('',(-152.958,-120.102,-370.735));
#2114=CARTESIAN_POINT('',(-129.496,-129.348,-371.93));
#2115=CARTESIAN_POINT('',(-106.028,-138.966,-372.096));
#2116=CARTESIAN_POINT('',(-82.597,-148.707,-372.31));
#2117=CARTESIAN_POINT('',(-56.85,-160.059,-370.656));
#2118=CARTESIAN_POINT('',(-29.285,-172.011,-368.906));
#2119=CARTESIAN_POINT('',(-13.014,-185.481,-367.219));
#2120=CARTESIAN_POINT('',(-6.724,-192.128,-366.762));
#2121=CARTESIAN_POINT('',(-414.112,116.754,-196.576));
#2122=CARTESIAN_POINT('',(-414.835,119.108,-207.444));
#2123=CARTESIAN_POINT('',(-415.796,121.435,-231.605));
#2124=CARTESIAN_POINT('',(-416.897,120.52,-265.158));
#2125=CARTESIAN_POINT('',(-417.718,113.969,-299.726));
#2126=CARTESIAN_POINT('',(-412.373,101.244,-329.497));
#2127=CARTESIAN_POINT('',(-401.655,85.551,-357.31));
#2128=CARTESIAN_POINT('',(-377.015,67.885,-364.939));
#2129=CARTESIAN_POINT('',(-352.705,49.919,-370.966));
#2130=CARTESIAN_POINT('',(-328.855,32.152,-371.488));
#2131=CARTESIAN_POINT('',(-305.067,15.201,-370.764));
#2132=CARTESIAN_POINT('',(-280.576,-1.125,-370.08));
#2133=CARTESIAN_POINT('',(-257.622,-16.352,-370.543));
#2134=CARTESIAN_POINT('',(-233.208,-30.507,-371.688));
#2135=CARTESIAN_POINT('',(-209.907,-44.077,-373.138));
#2136=CARTESIAN_POINT('',(-186.126,-56.864,-373.504));
#2137=CARTESIAN_POINT('',(-162.657,-68.869,-373.447));
#2138=CARTESIAN_POINT('',(-138.933,-80.564,-374.189));
#2139=CARTESIAN_POINT('',(-115.431,-92.544,-374.997));
#2140=CARTESIAN_POINT('',(-90.76,-104.463,-375.134));
#2141=CARTESIAN_POINT('',(-67.784,-117.157,-374.798));
#2142=CARTESIAN_POINT('',(-42.094,-132.394,-373.469));
#2143=CARTESIAN_POINT('',(-12.985,-146.329,-370.569));
#2144=CARTESIAN_POINT('',(2.308,-159.003,-368.838));
#2145=CARTESIAN_POINT('',(10.269,-166.089,-368.083));
#2146=CARTESIAN_POINT('',(-409.099,162.502,-198.115));
#2147=CARTESIAN_POINT('',(-410.28,164.675,-209.153));
#2148=CARTESIAN_POINT('',(-410.15,168.683,-234.079));
#2149=CARTESIAN_POINT('',(-412.484,169.353,-270.114));
#2150=CARTESIAN_POINT('',(-409.572,164.632,-302.238));
#2151=CARTESIAN_POINT('',(-414.17,155.53,-339.476));
#2152=CARTESIAN_POINT('',(-393.697,137.781,-366.012));
#2153=CARTESIAN_POINT('',(-363.441,118.544,-371.335));
#2154=CARTESIAN_POINT('',(-340.053,99.143,-372.68));
#2155=CARTESIAN_POINT('',(-313.353,80.982,-373.241));
#2156=CARTESIAN_POINT('',(-290.19,62.957,-373.658));
#2157=CARTESIAN_POINT('',(-265.655,46.171,-373.964));
#2158=CARTESIAN_POINT('',(-241.451,30.029,-372.822));
#2159=CARTESIAN_POINT('',(-218.237,14.641,-372.996));
#2160=CARTESIAN_POINT('',(-194.055,-0.325,-373.83));
#2161=CARTESIAN_POINT('',(-170.608,-14.651,-374.976));
#2162=CARTESIAN_POINT('',(-146.842,-28.608,-376.125));
#2163=CARTESIAN_POINT('',(-122.46,-42.434,-376.52));
#2164=CARTESIAN_POINT('',(-97.957,-55.929,-376.515));
#2165=CARTESIAN_POINT('',(-74.987,-70.316,-376.242));
#2166=CARTESIAN_POINT('',(-49.961,-84.703,-375.006));
#2167=CARTESIAN_POINT('',(-29.481,-101.421,-373.637));
#2168=CARTESIAN_POINT('',(-4.369,-117.817,-372.096));
#2169=CARTESIAN_POINT('',(17.547,-129.126,-370.291));
#2170=CARTESIAN_POINT('',(25.09,-135.831,-369.704));
#2171=CARTESIAN_POINT('',(-411.182,216.199,-195.463));
#2172=CARTESIAN_POINT('',(-412.244,219.434,-207.349));
#2173=CARTESIAN_POINT('',(-417.533,223.15,-232.417));
#2174=CARTESIAN_POINT('',(-416.296,225.596,-272.397));
#2175=CARTESIAN_POINT('',(-420.901,224.147,-313.004));
#2176=CARTESIAN_POINT('',(-413.486,207.776,-349.674));
#2177=CARTESIAN_POINT('',(-376.271,189.284,-364.793));
#2178=CARTESIAN_POINT('',(-347.549,167.575,-371.32));
#2179=CARTESIAN_POINT('',(-321.236,147.622,-372.761));
#2180=CARTESIAN_POINT('',(-297.978,128.234,-374.23));
#2181=CARTESIAN_POINT('',(-272.547,110.271,-374.913));
#2182=CARTESIAN_POINT('',(-249.325,92.325,-375.394));
#2183=CARTESIAN_POINT('',(-225.496,75.542,-377.049));
#2184=CARTESIAN_POINT('',(-202.044,58.79,-377.416));
#2185=CARTESIAN_POINT('',(-178.342,42.598,-377.278));
#2186=CARTESIAN_POINT('',(-154.791,26.735,-377.172));
#2187=CARTESIAN_POINT('',(-131.163,11.199,-377.285));
#2188=CARTESIAN_POINT('',(-107.674,-4.184,-378.212));
#2189=CARTESIAN_POINT('',(-83.431,-19.886,-378.17));
#2190=CARTESIAN_POINT('',(-57.858,-35.509,-376.841));
#2191=CARTESIAN_POINT('',(-35.22,-52.498,-375.569));
#2192=CARTESIAN_POINT('',(-8.071,-68.608,-373.73));
#2193=CARTESIAN_POINT('',(11.242,-87.878,-372.059));
#2194=CARTESIAN_POINT('',(25.102,-100.621,-370.529));
#2195=CARTESIAN_POINT('',(35.643,-107.532,-369.835));
#2196=CARTESIAN_POINT('',(-370.611,252.437,-198.699));
#2197=CARTESIAN_POINT('',(-371.418,252.401,-210.284));
#2198=CARTESIAN_POINT('',(-378.813,263.702,-233.248));
#2199=CARTESIAN_POINT('',(-387.91,267.829,-270.965));
#2200=CARTESIAN_POINT('',(-396.211,275.854,-309.876));
#2201=CARTESIAN_POINT('',(-388.086,272.076,-359.635));
#2202=CARTESIAN_POINT('',(-356.772,237.588,-369.818));
#2203=CARTESIAN_POINT('',(-328.853,216.65,-372.642));
#2204=CARTESIAN_POINT('',(-302.55,194.27,-374.084));
#2205=CARTESIAN_POINT('',(-276.168,174.502,-374.129));
#2206=CARTESIAN_POINT('',(-253.627,155.553,-375.017));
#2207=CARTESIAN_POINT('',(-229.606,137.796,-376.15));
#2208=CARTESIAN_POINT('',(-207.075,119.728,-375.936));
#2209=CARTESIAN_POINT('',(-183.912,102.239,-376.628));
#2210=CARTESIAN_POINT('',(-161.107,84.928,-377.236));
#2211=CARTESIAN_POINT('',(-138.185,67.826,-377.937));
#2212=CARTESIAN_POINT('',(-114.896,50.784,-378.663));
#2213=CARTESIAN_POINT('',(-91.263,33.468,-378.255));
#2214=CARTESIAN_POINT('',(-67.216,16.332,-377.511));
#2215=CARTESIAN_POINT('',(-43.931,-1.302,-375.737));
#2216=CARTESIAN_POINT('',(-17.276,-18.775,-373.982));
#2217=CARTESIAN_POINT('',(3.001,-38.665,-372.72));
#2218=CARTESIAN_POINT('',(31.765,-57.991,-372.211));
#2219=CARTESIAN_POINT('',(47.688,-72.315,-370.827));
#2220=CARTESIAN_POINT('',(54.226,-79.01,-370.1));
#2221=CARTESIAN_POINT('',(-323.869,272.393,-200.836));
#2222=CARTESIAN_POINT('',(-325.643,275.47,-210.857));
#2223=CARTESIAN_POINT('',(-327.828,275.667,-233.98));
#2224=CARTESIAN_POINT('',(-332.56,285.85,-268.532));
#2225=CARTESIAN_POINT('',(-331.6,285.417,-300.193));
#2226=CARTESIAN_POINT('',(-331.951,296.318,-333.007));
#2227=CARTESIAN_POINT('',(-316.983,284.025,-368.42));
#2228=CARTESIAN_POINT('',(-294.672,256.063,-366.319));
#2229=CARTESIAN_POINT('',(-274.799,238.948,-372.67));
#2230=CARTESIAN_POINT('',(-252.623,218.908,-374.08));
#2231=CARTESIAN_POINT('',(-229.743,200.894,-375.704));
#2232=CARTESIAN_POINT('',(-208.505,182.05,-375.569));
#2233=CARTESIAN_POINT('',(-187.013,164.009,-376.671));
#2234=CARTESIAN_POINT('',(-165.667,145.499,-376.32));
#2235=CARTESIAN_POINT('',(-143.641,127.193,-377.004));
#2236=CARTESIAN_POINT('',(-121.939,108.759,-377.041));
#2237=CARTESIAN_POINT('',(-99.837,90.297,-377.897));
#2238=CARTESIAN_POINT('',(-77.29,71.606,-378.392));
#2239=CARTESIAN_POINT('',(-54.284,52.431,-376.908));
#2240=CARTESIAN_POINT('',(-29.902,33.412,-375.285));
#2241=CARTESIAN_POINT('',(-6.298,13.621,-372.775));
#2242=CARTESIAN_POINT('',(22.421,-5.139,-371.342));
#2243=CARTESIAN_POINT('',(41.983,-26.542,-370.453));
#2244=CARTESIAN_POINT('',(58.941,-39.94,-369.913));
#2245=CARTESIAN_POINT('',(68.416,-47.065,-369.474));
#2246=CARTESIAN_POINT('',(-253.785,278.464,-205.855));
#2247=CARTESIAN_POINT('',(-256.472,280.631,-214.016));
#2248=CARTESIAN_POINT('',(-262.509,285.488,-233.425));
#2249=CARTESIAN_POINT('',(-270.706,290.12,-260.113));
#2250=CARTESIAN_POINT('',(-276.614,298.473,-290.469));
#2251=CARTESIAN_POINT('',(-277.137,303.048,-318.087));
#2252=CARTESIAN_POINT('',(-275.055,312.233,-346.168));
#2253=CARTESIAN_POINT('',(-259.531,297.252,-369.481));
#2254=CARTESIAN_POINT('',(-240.589,277.971,-367.323));
#2255=CARTESIAN_POINT('',(-221.208,260.823,-371.389));
#2256=CARTESIAN_POINT('',(-202.895,243.212,-372.387));
#2257=CARTESIAN_POINT('',(-182.934,225.649,-374.812));
#2258=CARTESIAN_POINT('',(-163.378,206.931,-374.939));
#2259=CARTESIAN_POINT('',(-143.7,188.296,-376.933));
#2260=CARTESIAN_POINT('',(-124.011,169.065,-377.072));
#2261=CARTESIAN_POINT('',(-103.358,149.606,-377.677));
#2262=CARTESIAN_POINT('',(-82.184,129.582,-376.758));
#2263=CARTESIAN_POINT('',(-60.231,109.3,-376.322));
#2264=CARTESIAN_POINT('',(-38.269,89.022,-376.278));
#2265=CARTESIAN_POINT('',(-15.725,68.225,-374.291));
#2266=CARTESIAN_POINT('',(8.226,47.848,-372.268));
#2267=CARTESIAN_POINT('',(30.324,26.573,-370.505));
#2268=CARTESIAN_POINT('',(59.534,6.779,-369.497));
#2269=CARTESIAN_POINT('',(73.811,-7.995,-368.757));
#2270=CARTESIAN_POINT('',(81.988,-14.646,-368.253));
#2271=CARTESIAN_POINT('',(-237.126,343.233,-201.09));
#2272=CARTESIAN_POINT('',(-236.489,343.495,-210.255));
#2273=CARTESIAN_POINT('',(-233.005,342.642,-228.558));
#2274=CARTESIAN_POINT('',(-229.091,340.009,-255.551));
#2275=CARTESIAN_POINT('',(-227.495,336.142,-279.49));
#2276=CARTESIAN_POINT('',(-225.639,333.987,-302.177));
#2277=CARTESIAN_POINT('',(-222.578,332.212,-325.077));
#2278=CARTESIAN_POINT('',(-216.755,329.417,-348.349));
#2279=CARTESIAN_POINT('',(-205.578,318.308,-362.577));
#2280=CARTESIAN_POINT('',(-190.345,303.345,-367.415));
#2281=CARTESIAN_POINT('',(-173.826,286.229,-370.301));
#2282=CARTESIAN_POINT('',(-157.7,269.123,-371.625));
#2283=CARTESIAN_POINT('',(-139.552,250.58,-373.727));
#2284=CARTESIAN_POINT('',(-121.867,230.959,-373.963));
#2285=CARTESIAN_POINT('',(-102.938,210.876,-375.695));
#2286=CARTESIAN_POINT('',(-84.375,190.084,-376.439));
#2287=CARTESIAN_POINT('',(-64.634,168.907,-376.751));
#2288=CARTESIAN_POINT('',(-43.943,147.636,-375.902));
#2289=CARTESIAN_POINT('',(-21.716,125.888,-374.117));
#2290=CARTESIAN_POINT('',(-0.206,104.436,-373.467));
#2291=CARTESIAN_POINT('',(22.941,82.57,-371.178));
#2292=CARTESIAN_POINT('',(47.569,60.508,-369.482));
#2293=CARTESIAN_POINT('',(69.638,38.343,-368.523));
#2294=CARTESIAN_POINT('',(86.797,24.179,-368.071));
#2295=CARTESIAN_POINT('',(95.523,17.014,-367.691));
#2296=CARTESIAN_POINT('',(-249.676,406.292,-205.496));
#2297=CARTESIAN_POINT('',(-249.568,407.474,-213.597));
#2298=CARTESIAN_POINT('',(-250.355,409.167,-234.072));
#2299=CARTESIAN_POINT('',(-248.171,408.492,-259.825));
#2300=CARTESIAN_POINT('',(-240.17,405.853,-286.395));
#2301=CARTESIAN_POINT('',(-229.333,399.279,-310.281));
#2302=CARTESIAN_POINT('',(-216.607,391.141,-331.174));
#2303=CARTESIAN_POINT('',(-200.173,379.596,-347.917));
#2304=CARTESIAN_POINT('',(-182.065,366.274,-356.553));
#2305=CARTESIAN_POINT('',(-165.438,350.63,-364.168));
#2306=CARTESIAN_POINT('',(-149.144,333.356,-367.306));
#2307=CARTESIAN_POINT('',(-132.841,314.496,-370.51));
#2308=CARTESIAN_POINT('',(-117.285,294.914,-371.678));
#2309=CARTESIAN_POINT('',(-100.223,274.605,-373.242));
#2310=CARTESIAN_POINT('',(-83.568,253.19,-372.698));
#2311=CARTESIAN_POINT('',(-65.604,230.895,-373.236));
#2312=CARTESIAN_POINT('',(-46.653,208.589,-373.727));
#2313=CARTESIAN_POINT('',(-27.786,185.668,-374.211));
#2314=CARTESIAN_POINT('',(-6.736,163.011,-373.905));
#2315=CARTESIAN_POINT('',(15.481,140.15,-371.657));
#2316=CARTESIAN_POINT('',(36.653,117.756,-370.381));
#2317=CARTESIAN_POINT('',(59.258,95.456,-368.509));
#2318=CARTESIAN_POINT('',(85.188,72.854,-367.271));
#2319=CARTESIAN_POINT('',(100.23,58.02,-367.128));
#2320=CARTESIAN_POINT('',(107.988,51.559,-366.877));
#2321=CARTESIAN_POINT('',(-249.553,474.389,-215.965));
#2322=CARTESIAN_POINT('',(-248.073,474.338,-225.77));
#2323=CARTESIAN_POINT('',(-244.407,472.597,-243.303));
#2324=CARTESIAN_POINT('',(-237.119,466.035,-272.676));
#2325=CARTESIAN_POINT('',(-231.104,458.728,-298.575));
#2326=CARTESIAN_POINT('',(-220.843,451.376,-321.056));
#2327=CARTESIAN_POINT('',(-206.379,442.749,-339.815));
#2328=CARTESIAN_POINT('',(-188.378,432.497,-353.164));
#2329=CARTESIAN_POINT('',(-169.243,418.047,-362.597));
#2330=CARTESIAN_POINT('',(-148.454,401.146,-363.449));
#2331=CARTESIAN_POINT('',(-130.734,382.243,-365.365));
#2332=CARTESIAN_POINT('',(-113.354,362.461,-367.265));
#2333=CARTESIAN_POINT('',(-96.543,340.888,-368.532));
#2334=CARTESIAN_POINT('',(-80.738,318.493,-369.348));
#2335=CARTESIAN_POINT('',(-64.138,295.816,-370.784));
#2336=CARTESIAN_POINT('',(-47.79,272.31,-371.051));
#2337=CARTESIAN_POINT('',(-30.275,248.068,-370.956));
#2338=CARTESIAN_POINT('',(-11.495,223.953,-370.789));
#2339=CARTESIAN_POINT('',(7.695,199.686,-370.602));
#2340=CARTESIAN_POINT('',(28.89,175.976,-370.345));
#2341=CARTESIAN_POINT('',(51.589,152.973,-368.074));
#2342=CARTESIAN_POINT('',(74.264,130.968,-366.996));
#2343=CARTESIAN_POINT('',(95.913,109.777,-366.416));
#2344=CARTESIAN_POINT('',(111.947,96.766,-365.936));
#2345=CARTESIAN_POINT('',(119.939,89.714,-365.96));
#2346=CARTESIAN_POINT('',(-264.132,541.916,-233.223));
#2347=CARTESIAN_POINT('',(-264.877,541.442,-241.349));
#2348=CARTESIAN_POINT('',(-263.042,535.688,-263.656));
#2349=CARTESIAN_POINT('',(-250.177,529.927,-284.481));
#2350=CARTESIAN_POINT('',(-232.93,521.179,-305.694));
#2351=CARTESIAN_POINT('',(-212.061,511.337,-326.34));
#2352=CARTESIAN_POINT('',(-192.594,500.177,-344.467));
#2353=CARTESIAN_POINT('',(-170.158,485.467,-355.397));
#2354=CARTESIAN_POINT('',(-151.223,470.392,-358.052));
#2355=CARTESIAN_POINT('',(-131.769,452.784,-363.55));
#2356=CARTESIAN_POINT('',(-113.175,432.694,-365.236));
#2357=CARTESIAN_POINT('',(-95.184,410.475,-366.088));
#2358=CARTESIAN_POINT('',(-78.35,387.899,-367.66));
#2359=CARTESIAN_POINT('',(-62.211,363.431,-367.942));
#2360=CARTESIAN_POINT('',(-46.355,338.805,-367.158));
#2361=CARTESIAN_POINT('',(-29.599,313.293,-368.091));
#2362=CARTESIAN_POINT('',(-13.759,287.798,-368.811));
#2363=CARTESIAN_POINT('',(3.703,261.857,-368.649));
#2364=CARTESIAN_POINT('',(22.555,236.278,-367.943));
#2365=CARTESIAN_POINT('',(41.986,211.294,-366.946));
#2366=CARTESIAN_POINT('',(62.279,187.136,-366.06));
#2367=CARTESIAN_POINT('',(85.728,164.496,-364.195));
#2368=CARTESIAN_POINT('',(111.422,143.92,-364.411));
#2369=CARTESIAN_POINT('',(127.336,131.331,-364.48));
#2370=CARTESIAN_POINT('',(134.678,124.281,-364.302));
#2371=CARTESIAN_POINT('',(-327.693,576.954,-248.152));
#2372=CARTESIAN_POINT('',(-326.625,576.569,-260.942));
#2373=CARTESIAN_POINT('',(-324.634,569.533,-293.633));
#2374=CARTESIAN_POINT('',(-299.342,563.329,-335.358));
#2375=CARTESIAN_POINT('',(-256.504,569.18,-347.878));
#2376=CARTESIAN_POINT('',(-220.388,567.31,-343.801));
#2377=CARTESIAN_POINT('',(-186.596,556.799,-350.688));
#2378=CARTESIAN_POINT('',(-157.609,542.707,-356.195));
#2379=CARTESIAN_POINT('',(-136.247,525.428,-359.374));
#2380=CARTESIAN_POINT('',(-114.899,505.703,-360.233));
#2381=CARTESIAN_POINT('',(-95.855,483.698,-362.194));
#2382=CARTESIAN_POINT('',(-77.282,459.607,-363.55));
#2383=CARTESIAN_POINT('',(-59.832,434.863,-364.108));
#2384=CARTESIAN_POINT('',(-42.944,408.681,-365.298));
#2385=CARTESIAN_POINT('',(-27.593,382.45,-365.925));
#2386=CARTESIAN_POINT('',(-11.515,354.892,-365.62));
#2387=CARTESIAN_POINT('',(3.579,326.934,-365.784));
#2388=CARTESIAN_POINT('',(20.536,299.587,-366.298));
#2389=CARTESIAN_POINT('',(38.277,272.493,-366.322));
#2390=CARTESIAN_POINT('',(57.661,246.377,-365.791));
#2391=CARTESIAN_POINT('',(77.435,221.155,-364.486));
#2392=CARTESIAN_POINT('',(97.764,197.425,-363.843));
#2393=CARTESIAN_POINT('',(119.154,175.365,-362.673));
#2394=CARTESIAN_POINT('',(137.378,161.768,-363.148));
#2395=CARTESIAN_POINT('',(146.865,154.851,-363.183));
#2396=CARTESIAN_POINT('',(-307.921,646.334,-264.572));
#2397=CARTESIAN_POINT('',(-310.109,645.748,-276.1));
#2398=CARTESIAN_POINT('',(-329.258,642.912,-307.49));
#2399=CARTESIAN_POINT('',(-301.832,640.509,-351.673));
#2400=CARTESIAN_POINT('',(-253.168,637.505,-347.645));
#2401=CARTESIAN_POINT('',(-217.149,628.944,-354.069));
#2402=CARTESIAN_POINT('',(-178.856,616.7,-353.292));
#2403=CARTESIAN_POINT('',(-149.521,600.214,-355.331));
#2404=CARTESIAN_POINT('',(-122.946,581.404,-357.207));
#2405=CARTESIAN_POINT('',(-99.226,559.742,-360.621));
#2406=CARTESIAN_POINT('',(-78.277,535.697,-361.559));
#2407=CARTESIAN_POINT('',(-59.332,509.882,-362.448));
#2408=CARTESIAN_POINT('',(-41.931,482.617,-362.443));
#2409=CARTESIAN_POINT('',(-25.089,453.923,-362.167));
#2410=CARTESIAN_POINT('',(-9.584,424.904,-363.027));
#2411=CARTESIAN_POINT('',(5.371,396.048,-363.822));
#2412=CARTESIAN_POINT('',(20.505,366.588,-364.649));
#2413=CARTESIAN_POINT('',(35.188,337.063,-364.083));
#2414=CARTESIAN_POINT('',(51.992,307.984,-364.083));
#2415=CARTESIAN_POINT('',(69.792,279.975,-364.11));
#2416=CARTESIAN_POINT('',(90.265,253.196,-363.807));
#2417=CARTESIAN_POINT('',(112.592,228.098,-363.054));
#2418=CARTESIAN_POINT('',(136.356,206.325,-363.047));
#2419=CARTESIAN_POINT('',(150.038,192.133,-362.364));
#2420=CARTESIAN_POINT('',(157.976,184.66,-362.533));
#2421=CARTESIAN_POINT('',(-304.087,711.512,-274.073));
#2422=CARTESIAN_POINT('',(-306.115,711.59,-282.697));
#2423=CARTESIAN_POINT('',(-326.792,711.554,-324.648));
#2424=CARTESIAN_POINT('',(-284.194,707.864,-345.704));
#2425=CARTESIAN_POINT('',(-242.639,700.939,-345.086));
#2426=CARTESIAN_POINT('',(-203.893,691.097,-348.621));
#2427=CARTESIAN_POINT('',(-166.36,676.95,-351.031));
#2428=CARTESIAN_POINT('',(-134.921,659.119,-354.41));
#2429=CARTESIAN_POINT('',(-108.089,637.664,-355.94));
#2430=CARTESIAN_POINT('',(-82.07,613.874,-357.227));
#2431=CARTESIAN_POINT('',(-59.808,587.947,-359.414));
#2432=CARTESIAN_POINT('',(-40.013,559.415,-360.979));
#2433=CARTESIAN_POINT('',(-21.392,529.729,-362.348));
#2434=CARTESIAN_POINT('',(-4.88,499.185,-361.288));
#2435=CARTESIAN_POINT('',(9.668,467.817,-360.729));
#2436=CARTESIAN_POINT('',(23.66,436.116,-361.353));
#2437=CARTESIAN_POINT('',(37.838,404.419,-361.433));
#2438=CARTESIAN_POINT('',(52.522,372.995,-362.684));
#2439=CARTESIAN_POINT('',(67.017,342.22,-361.95));
#2440=CARTESIAN_POINT('',(83.033,312.121,-362.054));
#2441=CARTESIAN_POINT('',(100.564,283.227,-362.388));
#2442=CARTESIAN_POINT('',(122.151,257.964,-362.097));
#2443=CARTESIAN_POINT('',(145.19,233.162,-362.708));
#2444=CARTESIAN_POINT('',(165.381,220.574,-362.456));
#2445=CARTESIAN_POINT('',(173.375,213.298,-362.081));
#2446=CARTESIAN_POINT('',(-312.565,783.024,-280.994));
#2447=CARTESIAN_POINT('',(-313.29,782.059,-290.988));
#2448=CARTESIAN_POINT('',(-318.937,782.884,-334.755));
#2449=CARTESIAN_POINT('',(-265.517,775.151,-342.777));
#2450=CARTESIAN_POINT('',(-226.524,766.249,-345.985));
#2451=CARTESIAN_POINT('',(-184.536,754.072,-349.165));
#2452=CARTESIAN_POINT('',(-148.372,738.084,-350.889));
#2453=CARTESIAN_POINT('',(-114.807,717.393,-352.509));
#2454=CARTESIAN_POINT('',(-87.969,694.599,-355.016));
#2455=CARTESIAN_POINT('',(-60.587,667.815,-357.176));
#2456=CARTESIAN_POINT('',(-37.305,639.013,-358.082));
#2457=CARTESIAN_POINT('',(-17.598,608.962,-358.969));
#2458=CARTESIAN_POINT('',(0.039,576.625,-359.568));
#2459=CARTESIAN_POINT('',(16.813,543.92,-361.517));
#2460=CARTESIAN_POINT('',(31.111,509.921,-359.953));
#2461=CARTESIAN_POINT('',(44.432,476.243,-358.937));
#2462=CARTESIAN_POINT('',(55.946,442.185,-359.696));
#2463=CARTESIAN_POINT('',(68.218,408.206,-359.224));
#2464=CARTESIAN_POINT('',(82.419,375.287,-360.551));
#2465=CARTESIAN_POINT('',(96.777,342.997,-359.979));
#2466=CARTESIAN_POINT('',(112.951,312.559,-360.715));
#2467=CARTESIAN_POINT('',(131.748,283.57,-360.656));
#2468=CARTESIAN_POINT('',(156.985,260.545,-360.662));
#2469=CARTESIAN_POINT('',(170.404,242.988,-361.082));
#2470=CARTESIAN_POINT('',(182.361,236.319,-360.761));
#2471=CARTESIAN_POINT('',(-305.593,848.9,-288.664));
#2472=CARTESIAN_POINT('',(-311.241,849.739,-303.448));
#2473=CARTESIAN_POINT('',(-296.7,847.985,-338.334));
#2474=CARTESIAN_POINT('',(-247.551,839.794,-334.316));
#2475=CARTESIAN_POINT('',(-206.71,829.81,-342.255));
#2476=CARTESIAN_POINT('',(-165.131,816.127,-345.156));
#2477=CARTESIAN_POINT('',(-126.806,798.2,-350.505));
#2478=CARTESIAN_POINT('',(-89.948,776.752,-353.052));
#2479=CARTESIAN_POINT('',(-65.362,751.369,-353.962));
#2480=CARTESIAN_POINT('',(-38.905,723.08,-354.489));
#2481=CARTESIAN_POINT('',(-13.873,691.502,-356.77));
#2482=CARTESIAN_POINT('',(7.797,657.773,-358.207));
#2483=CARTESIAN_POINT('',(26.02,622.817,-358.798));
#2484=CARTESIAN_POINT('',(41.487,586.874,-357.594));
#2485=CARTESIAN_POINT('',(53.897,551.219,-360.183));
#2486=CARTESIAN_POINT('',(65.257,514.49,-358.287));
#2487=CARTESIAN_POINT('',(78.682,477.623,-357.298));
#2488=CARTESIAN_POINT('',(88.358,442.235,-357.79));
#2489=CARTESIAN_POINT('',(99.422,406.852,-357.408));
#2490=CARTESIAN_POINT('',(110.896,372.844,-358.683));
#2491=CARTESIAN_POINT('',(125.868,339.758,-358.505));
#2492=CARTESIAN_POINT('',(142.163,308.176,-359.87));
#2493=CARTESIAN_POINT('',(164.738,277.622,-358.943));
#2494=CARTESIAN_POINT('',(187.074,262.676,-359.496));
#2495=CARTESIAN_POINT('',(196.1,256.024,-359.222));
#2496=CARTESIAN_POINT('',(-311.985,921.941,-299.745));
#2497=CARTESIAN_POINT('',(-312.523,921.296,-320.48));
#2498=CARTESIAN_POINT('',(-276.637,914.898,-336.056));
#2499=CARTESIAN_POINT('',(-227.67,903.923,-339.052));
#2500=CARTESIAN_POINT('',(-181.494,891.764,-343.058));
#2501=CARTESIAN_POINT('',(-139.279,876.904,-346.144));
#2502=CARTESIAN_POINT('',(-97.27,858.3,-348.381));
#2503=CARTESIAN_POINT('',(-64.057,835.05,-349.504));
#2504=CARTESIAN_POINT('',(-30.664,807.749,-352.079));
#2505=CARTESIAN_POINT('',(-6.525,775.496,-353.183));
#2506=CARTESIAN_POINT('',(17.362,741.628,-354.474));
#2507=CARTESIAN_POINT('',(38.33,705.55,-355.196));
#2508=CARTESIAN_POINT('',(54.059,667.717,-356.219));
#2509=CARTESIAN_POINT('',(69.819,627.999,-357.227));
#2510=CARTESIAN_POINT('',(84.556,588.547,-355.437));
#2511=CARTESIAN_POINT('',(93.021,550.956,-357.489));
#2512=CARTESIAN_POINT('',(99.332,512.268,-356.227));
#2513=CARTESIAN_POINT('',(109.032,473.288,-356.034));
#2514=CARTESIAN_POINT('',(119.011,435.982,-355.783));
#2515=CARTESIAN_POINT('',(129.752,400.699,-355.95));
#2516=CARTESIAN_POINT('',(138.376,366.229,-357.209));
#2517=CARTESIAN_POINT('',(155.054,333.015,-356.985));
#2518=CARTESIAN_POINT('',(172.109,300.651,-359.231));
#2519=CARTESIAN_POINT('',(191.314,280.946,-357.437));
#2520=CARTESIAN_POINT('',(202.179,276.34,-357.751));
#2521=CARTESIAN_POINT('',(-284.132,985.136,-297.14));
#2522=CARTESIAN_POINT('',(-278.558,986.231,-314.603));
#2523=CARTESIAN_POINT('',(-248.476,975.038,-337.742));
#2524=CARTESIAN_POINT('',(-199.704,964.039,-336.906));
#2525=CARTESIAN_POINT('',(-154.048,951.709,-342.253));
#2526=CARTESIAN_POINT('',(-110.314,937.688,-346.325));
#2527=CARTESIAN_POINT('',(-71.157,918.807,-351.543));
#2528=CARTESIAN_POINT('',(-32.656,894.216,-351.503));
#2529=CARTESIAN_POINT('',(-2.923,863.488,-350.813));
#2530=CARTESIAN_POINT('',(28.891,827.737,-350.901));
#2531=CARTESIAN_POINT('',(51.196,790.351,-352.473));
#2532=CARTESIAN_POINT('',(74.346,750.188,-353.613));
#2533=CARTESIAN_POINT('',(92.66,708.634,-353.251));
#2534=CARTESIAN_POINT('',(101.834,667.444,-353.714));
#2535=CARTESIAN_POINT('',(110.572,625.716,-355.025));
#2536=CARTESIAN_POINT('',(125.905,582.753,-353.84));
#2537=CARTESIAN_POINT('',(130.915,541.947,-354.788));
#2538=CARTESIAN_POINT('',(134.993,501.807,-354.307));
#2539=CARTESIAN_POINT('',(139.486,461.945,-354.928));
#2540=CARTESIAN_POINT('',(149.112,425.697,-354.083));
#2541=CARTESIAN_POINT('',(158.063,391.406,-354.742));
#2542=CARTESIAN_POINT('',(166.067,357.999,-355.014));
#2543=CARTESIAN_POINT('',(184.15,325.059,-353.463));
#2544=CARTESIAN_POINT('',(199.018,308.041,-356.872));
#2545=CARTESIAN_POINT('',(207.637,301.761,-355.317));
#2546=CARTESIAN_POINT('',(-229.192,1027.988,-291.229));
#2547=CARTESIAN_POINT('',(-234.474,1031.083,-305.286));
#2548=CARTESIAN_POINT('',(-218.326,1030.919,-331.159));
#2549=CARTESIAN_POINT('',(-172.107,1022.746,-342.872));
#2550=CARTESIAN_POINT('',(-127.791,1012.334,-345.683));
#2551=CARTESIAN_POINT('',(-83.488,997.801,-347.134));
#2552=CARTESIAN_POINT('',(-39.509,979.794,-348.443));
#2553=CARTESIAN_POINT('',(-0.27,952.063,-350.625));
#2554=CARTESIAN_POINT('',(32.317,918.276,-352.667));
#2555=CARTESIAN_POINT('',(63.081,877.975,-351.718));
#2556=CARTESIAN_POINT('',(88.702,837.291,-350.995));
#2557=CARTESIAN_POINT('',(110.3,793.569,-351.175));
#2558=CARTESIAN_POINT('',(128.78,748.18,-351.848));
#2559=CARTESIAN_POINT('',(143.893,699.791,-351.173));
#2560=CARTESIAN_POINT('',(152.136,654.402,-350.472));
#2561=CARTESIAN_POINT('',(152.686,614.852,-351.46));
#2562=CARTESIAN_POINT('',(163.468,568.808,-351.868));
#2563=CARTESIAN_POINT('',(164.368,523.735,-352.517));
#2564=CARTESIAN_POINT('',(169.895,482.923,-351.955));
#2565=CARTESIAN_POINT('',(172.189,446.44,-353.698));
#2566=CARTESIAN_POINT('',(179.003,412.908,-349.787));
#2567=CARTESIAN_POINT('',(185.015,378.61,-349.136));
#2568=CARTESIAN_POINT('',(190.583,349.386,-350.648));
#2569=CARTESIAN_POINT('',(204.142,327.825,-347.527));
#2570=CARTESIAN_POINT('',(213.446,323.699,-350.209));
#2571=CARTESIAN_POINT('',(-241.976,1071.323,-299.466));
#2572=CARTESIAN_POINT('',(-234.059,1069.327,-313.272));
#2573=CARTESIAN_POINT('',(-201.838,1069.872,-334.233));
#2574=CARTESIAN_POINT('',(-159.851,1064.098,-337.87));
#2575=CARTESIAN_POINT('',(-108.156,1053.824,-342.091));
#2576=CARTESIAN_POINT('',(-64.866,1038.967,-344.837));
#2577=CARTESIAN_POINT('',(-18.418,1016.337,-347.404));
#2578=CARTESIAN_POINT('',(23.746,989.294,-348.945));
#2579=CARTESIAN_POINT('',(53.798,954.446,-349.787));
#2580=CARTESIAN_POINT('',(89.834,911.421,-350.329));
#2581=CARTESIAN_POINT('',(113.416,867.608,-350.755));
#2582=CARTESIAN_POINT('',(138.587,821.023,-349.877));
#2583=CARTESIAN_POINT('',(154.124,773.26,-349.02));
#2584=CARTESIAN_POINT('',(167.769,722.335,-349.513));
#2585=CARTESIAN_POINT('',(176.055,673.573,-348.801));
#2586=CARTESIAN_POINT('',(186.212,628.161,-348.596));
#2587=CARTESIAN_POINT('',(183.028,585.468,-348.121));
#2588=CARTESIAN_POINT('',(184.34,536.077,-350.46));
#2589=CARTESIAN_POINT('',(184.768,494.21,-348.071));
#2590=CARTESIAN_POINT('',(191.457,457.631,-346.112));
#2591=CARTESIAN_POINT('',(193.159,423.745,-344.379));
#2592=CARTESIAN_POINT('',(198.968,388.877,-340.495));
#2593=CARTESIAN_POINT('',(204.858,360.535,-339.177));
#2594=CARTESIAN_POINT('',(209.26,342.826,-341.327));
#2595=CARTESIAN_POINT('',(216.294,334.668,-341.194));
#2596=CARTESIAN_POINT('',(-235.32,1078.45,-296.074));
#2597=CARTESIAN_POINT('',(-232.535,1083.563,-302.777));
#2598=CARTESIAN_POINT('',(-203.827,1090.761,-325.48));
#2599=CARTESIAN_POINT('',(-154.602,1086.322,-336.317));
#2600=CARTESIAN_POINT('',(-103.738,1074.975,-339.156));
#2601=CARTESIAN_POINT('',(-55.025,1058.084,-343.027));
#2602=CARTESIAN_POINT('',(-9.968,1036.329,-345.56));
#2603=CARTESIAN_POINT('',(33.998,1008.197,-348.68));
#2604=CARTESIAN_POINT('',(70.919,970.416,-349.036));
#2605=CARTESIAN_POINT('',(100.935,927.746,-349.228));
#2606=CARTESIAN_POINT('',(129.991,881.401,-348.677));
#2607=CARTESIAN_POINT('',(149.113,834.627,-348.739));
#2608=CARTESIAN_POINT('',(169.363,784.205,-348.134));
#2609=CARTESIAN_POINT('',(180.648,733.324,-348.116));
#2610=CARTESIAN_POINT('',(190.612,683.326,-347.603));
#2611=CARTESIAN_POINT('',(196.015,637.038,-347.182));
#2612=CARTESIAN_POINT('',(197.42,591.143,-346.824));
#2613=CARTESIAN_POINT('',(194.505,542.836,-346.049));
#2614=CARTESIAN_POINT('',(194.926,500.632,-344.523));
#2615=CARTESIAN_POINT('',(198.725,463.15,-342.326));
#2616=CARTESIAN_POINT('',(201.508,428.303,-339.133));
#2617=CARTESIAN_POINT('',(203.799,395.102,-337.304));
#2618=CARTESIAN_POINT('',(209.239,364.283,-333.47));
#2619=CARTESIAN_POINT('',(214.231,346.896,-336.19));
#2620=CARTESIAN_POINT('',(218.54,339.333,-335.935));
#2621=CARTESIAN_POINT('',(-212.415,-732.86,451.305));
#2622=CARTESIAN_POINT('',(-213.886,-721.473,456.02));
#2623=CARTESIAN_POINT('',(-208.589,-697.07,477.052));
#2624=CARTESIAN_POINT('',(-189.55,-649.856,486.021));
#2625=CARTESIAN_POINT('',(-173.258,-597.422,494.7));
#2626=CARTESIAN_POINT('',(-154.848,-541.581,509.214));
#2627=CARTESIAN_POINT('',(-139.603,-479.764,518.36));
#2628=CARTESIAN_POINT('',(-120.503,-417.048,513.782));
#2629=CARTESIAN_POINT('',(-103.201,-352.033,502.192));
#2630=CARTESIAN_POINT('',(-88.901,-286.672,489.048));
#2631=CARTESIAN_POINT('',(-76.474,-220.118,478.771));
#2632=CARTESIAN_POINT('',(-63.899,-158.098,449.423));
#2633=CARTESIAN_POINT('',(-55.041,-87.664,440.751));
#2634=CARTESIAN_POINT('',(-46.627,-22.692,422.202));
#2635=CARTESIAN_POINT('',(-39.385,48.994,408.477));
#2636=CARTESIAN_POINT('',(-31.156,119.899,375.145));
#2637=CARTESIAN_POINT('',(-28.648,190.45,372.184));
#2638=CARTESIAN_POINT('',(-34.017,224.121,456.655));
#2639=CARTESIAN_POINT('',(-33.36,275.443,493.318));
#2640=CARTESIAN_POINT('',(-29.45,329.104,538.23));
#2641=CARTESIAN_POINT('',(-14.646,395.841,517.932));
#2642=CARTESIAN_POINT('',(-1.641,449.597,514.337));
#2643=CARTESIAN_POINT('',(12.533,499.63,481.782));
#2644=CARTESIAN_POINT('',(16.325,523.373,480.638));
#2645=CARTESIAN_POINT('',(21.422,524.648,469.916));
#2646=CARTESIAN_POINT('',(-207.631,-738.721,450.462));
#2647=CARTESIAN_POINT('',(-199.06,-729.976,461.966));
#2648=CARTESIAN_POINT('',(-197.436,-703.556,479.78));
#2649=CARTESIAN_POINT('',(-174.037,-658.515,491.044));
#2650=CARTESIAN_POINT('',(-160.26,-607.382,504.091));
#2651=CARTESIAN_POINT('',(-142.3,-551.508,517.448));
#2652=CARTESIAN_POINT('',(-125.354,-492.922,535.378));
#2653=CARTESIAN_POINT('',(-108.963,-425.672,515.4));
#2654=CARTESIAN_POINT('',(-90.036,-362.828,510.694));
#2655=CARTESIAN_POINT('',(-77.333,-296.219,493.285));
#2656=CARTESIAN_POINT('',(-64.331,-228.982,486.016));
#2657=CARTESIAN_POINT('',(-52.839,-168.782,447.445));
#2658=CARTESIAN_POINT('',(-43.664,-96.713,443.419));
#2659=CARTESIAN_POINT('',(-36.848,-31.413,426.918));
#2660=CARTESIAN_POINT('',(-29.561,40.079,407.654));
#2661=CARTESIAN_POINT('',(-22.968,109.768,383.88));
#2662=CARTESIAN_POINT('',(-18.29,184.898,365.218));
#2663=CARTESIAN_POINT('',(-22.395,216.886,453.544));
#2664=CARTESIAN_POINT('',(-19.908,268.33,485.989));
#2665=CARTESIAN_POINT('',(-14.271,320.173,540.544));
#2666=CARTESIAN_POINT('',(-0.973,384.372,518.009));
#2667=CARTESIAN_POINT('',(12.436,441.842,523.761));
#2668=CARTESIAN_POINT('',(23.789,490.307,480.65));
#2669=CARTESIAN_POINT('',(30.699,518.833,492.745));
#2670=CARTESIAN_POINT('',(33.441,524.508,472.033));
#2671=CARTESIAN_POINT('',(-195.322,-758.345,447.974));
#2672=CARTESIAN_POINT('',(-185.444,-748.381,452.783));
#2673=CARTESIAN_POINT('',(-172.394,-729.667,484.753));
#2674=CARTESIAN_POINT('',(-155.968,-682.404,502.295));
#2675=CARTESIAN_POINT('',(-127.204,-628.982,501.264));
#2676=CARTESIAN_POINT('',(-111.081,-572.117,496.298));
#2677=CARTESIAN_POINT('',(-94.275,-510.211,493.534));
#2678=CARTESIAN_POINT('',(-81.748,-451.517,551.272));
#2679=CARTESIAN_POINT('',(-64.921,-380.737,511.005));
#2680=CARTESIAN_POINT('',(-50.766,-318.185,507.688));
#2681=CARTESIAN_POINT('',(-40.61,-247.078,492.388));
#2682=CARTESIAN_POINT('',(-28.674,-188.997,455.376));
#2683=CARTESIAN_POINT('',(-21.591,-116.945,438.455));
#2684=CARTESIAN_POINT('',(-14.955,-48.811,436.061));
#2685=CARTESIAN_POINT('',(-9.956,23.408,407.092));
#2686=CARTESIAN_POINT('',(-4.722,87.644,398.375));
#2687=CARTESIAN_POINT('',(-0.741,173.024,351.188));
#2688=CARTESIAN_POINT('',(1.248,205.812,438.898));
#2689=CARTESIAN_POINT('',(7.236,251.892,477.738));
#2690=CARTESIAN_POINT('',(14.688,301.704,532.737));
#2691=CARTESIAN_POINT('',(26.521,365.721,530.506));
#2692=CARTESIAN_POINT('',(37.682,422.372,515.413));
#2693=CARTESIAN_POINT('',(51.056,477.868,504.834));
#2694=CARTESIAN_POINT('',(54.073,512.673,480.712));
#2695=CARTESIAN_POINT('',(54.09,523.56,473.841));
#2696=CARTESIAN_POINT('',(-175.693,-793.581,446.078));
#2697=CARTESIAN_POINT('',(-162.594,-783.228,455.624));
#2698=CARTESIAN_POINT('',(-141.418,-756.534,467.821));
#2699=CARTESIAN_POINT('',(-110.106,-711.383,487.671));
#2700=CARTESIAN_POINT('',(-92.878,-662.454,502.855));
#2701=CARTESIAN_POINT('',(-68.215,-607.117,527.325));
#2702=CARTESIAN_POINT('',(-53.647,-542.676,513.574));
#2703=CARTESIAN_POINT('',(-34.918,-480.668,512.574));
#2704=CARTESIAN_POINT('',(-25.134,-414.637,546.121));
#2705=CARTESIAN_POINT('',(-10.902,-346.256,509.195));
#2706=CARTESIAN_POINT('',(-1.969,-280.412,502.486));
#2707=CARTESIAN_POINT('',(6.283,-211.151,480.226));
#2708=CARTESIAN_POINT('',(12.713,-144.998,455.493));
#2709=CARTESIAN_POINT('',(17.247,-75.682,441.18));
#2710=CARTESIAN_POINT('',(21.457,-5.455,417.011));
#2711=CARTESIAN_POINT('',(23.482,61.903,406.304));
#2712=CARTESIAN_POINT('',(25.055,135.606,363.785));
#2713=CARTESIAN_POINT('',(29.53,201.087,391.171));
#2714=CARTESIAN_POINT('',(39.673,230.691,463.118));
#2715=CARTESIAN_POINT('',(54.541,277.797,506.441));
#2716=CARTESIAN_POINT('',(70.244,334.027,541.055));
#2717=CARTESIAN_POINT('',(80.225,401.103,521.004));
#2718=CARTESIAN_POINT('',(88.059,454.704,500.968));
#2719=CARTESIAN_POINT('',(89.989,496.437,486.689));
#2720=CARTESIAN_POINT('',(90.98,515.758,474.832));
#2721=CARTESIAN_POINT('',(-153.504,-833.988,454.242));
#2722=CARTESIAN_POINT('',(-137.224,-820.847,456.059));
#2723=CARTESIAN_POINT('',(-105.977,-793.923,470.991));
#2724=CARTESIAN_POINT('',(-85.707,-751.832,509.408));
#2725=CARTESIAN_POINT('',(-52.977,-696.616,523.653));
#2726=CARTESIAN_POINT('',(-31.161,-640.827,517.738));
#2727=CARTESIAN_POINT('',(-8.246,-576.757,547.82));
#2728=CARTESIAN_POINT('',(5.358,-511.483,510.394));
#2729=CARTESIAN_POINT('',(20.887,-445.973,533.866));
#2730=CARTESIAN_POINT('',(29.179,-375.817,529.103));
#2731=CARTESIAN_POINT('',(38.259,-309.023,504.082));
#2732=CARTESIAN_POINT('',(44.117,-240.938,488.302));
#2733=CARTESIAN_POINT('',(48.421,-171.607,467.835));
#2734=CARTESIAN_POINT('',(52.412,-102.403,447.194));
#2735=CARTESIAN_POINT('',(53.246,-34.242,428.38));
#2736=CARTESIAN_POINT('',(54.733,36.962,408.806));
#2737=CARTESIAN_POINT('',(53.695,101.259,388.588));
#2738=CARTESIAN_POINT('',(52.704,179.574,354.886));
#2739=CARTESIAN_POINT('',(67.354,218.941,435.396));
#2740=CARTESIAN_POINT('',(85.601,258.573,473.985));
#2741=CARTESIAN_POINT('',(108.768,306.176,526.619));
#2742=CARTESIAN_POINT('',(122.38,374.338,518.785));
#2743=CARTESIAN_POINT('',(128.76,434.192,503.262));
#2744=CARTESIAN_POINT('',(129.158,473.473,478.987));
#2745=CARTESIAN_POINT('',(131.125,494.311,476.141));
#2746=CARTESIAN_POINT('',(-117.643,-868.341,442.691));
#2747=CARTESIAN_POINT('',(-100.719,-851.881,449.672));
#2748=CARTESIAN_POINT('',(-81.523,-830.045,486.902));
#2749=CARTESIAN_POINT('',(-42.924,-791.242,514.096));
#2750=CARTESIAN_POINT('',(-12.974,-735.082,525.079));
#2751=CARTESIAN_POINT('',(12.706,-673.856,533.337));
#2752=CARTESIAN_POINT('',(36.454,-610.848,530.84));
#2753=CARTESIAN_POINT('',(51.689,-541.149,541.119));
#2754=CARTESIAN_POINT('',(59.644,-474.461,502.483));
#2755=CARTESIAN_POINT('',(74.535,-404.882,541.155));
#2756=CARTESIAN_POINT('',(78.542,-336.232,508.371));
#2757=CARTESIAN_POINT('',(82.684,-269.164,492.957));
#2758=CARTESIAN_POINT('',(85.637,-199.494,471.603));
#2759=CARTESIAN_POINT('',(87.341,-130.062,449.444));
#2760=CARTESIAN_POINT('',(88.264,-61.326,432.387));
#2761=CARTESIAN_POINT('',(84.488,8.778,410.796));
#2762=CARTESIAN_POINT('',(86.911,73.825,401.332));
#2763=CARTESIAN_POINT('',(78.099,144.971,352.98));
#2764=CARTESIAN_POINT('',(87.092,207.385,389.496));
#2765=CARTESIAN_POINT('',(110.056,242.844,448.238));
#2766=CARTESIAN_POINT('',(140.343,285.225,490.227));
#2767=CARTESIAN_POINT('',(161.718,346.601,515.381));
#2768=CARTESIAN_POINT('',(166.058,412.375,490.915));
#2769=CARTESIAN_POINT('',(170.031,448.791,479.586));
#2770=CARTESIAN_POINT('',(170.493,468.997,467.069));
#2771=CARTESIAN_POINT('',(-78.712,-873.262,410.197));
#2772=CARTESIAN_POINT('',(-64.932,-875.054,429.273));
#2773=CARTESIAN_POINT('',(-42.923,-888.166,477.758));
#2774=CARTESIAN_POINT('',(-1.823,-827.568,517.954));
#2775=CARTESIAN_POINT('',(32.144,-773.025,518.759));
#2776=CARTESIAN_POINT('',(57.184,-707.477,530.26));
#2777=CARTESIAN_POINT('',(73.434,-640.056,519.316));
#2778=CARTESIAN_POINT('',(100.714,-570.093,542.25));
#2779=CARTESIAN_POINT('',(102.735,-501.419,503.696));
#2780=CARTESIAN_POINT('',(114.943,-432.15,523.774));
#2781=CARTESIAN_POINT('',(122.478,-361.959,517.722));
#2782=CARTESIAN_POINT('',(121.603,-294.867,492.269));
#2783=CARTESIAN_POINT('',(123.613,-225.467,473.668));
#2784=CARTESIAN_POINT('',(122.657,-156.216,454.554));
#2785=CARTESIAN_POINT('',(122.031,-87.969,432.633));
#2786=CARTESIAN_POINT('',(119.021,-20.028,414.781));
#2787=CARTESIAN_POINT('',(115.686,49.749,397.992));
#2788=CARTESIAN_POINT('',(112.645,110.859,372.311));
#2789=CARTESIAN_POINT('',(103.525,184.406,350.68));
#2790=CARTESIAN_POINT('',(131.579,228.405,417.202));
#2791=CARTESIAN_POINT('',(157.828,270.095,450.74));
#2792=CARTESIAN_POINT('',(200.534,315.266,495.579));
#2793=CARTESIAN_POINT('',(209.444,391.317,488.493));
#2794=CARTESIAN_POINT('',(207.225,427.629,464.975));
#2795=CARTESIAN_POINT('',(206.486,447.718,459.012));
#2796=CARTESIAN_POINT('',(-42.809,-871.972,375.679));
#2797=CARTESIAN_POINT('',(-27.158,-868.102,394.868));
#2798=CARTESIAN_POINT('',(1.066,-876.789,423.947));
#2799=CARTESIAN_POINT('',(45.08,-883.812,504.83));
#2800=CARTESIAN_POINT('',(80.726,-804.029,522.956));
#2801=CARTESIAN_POINT('',(107.155,-740.881,523.131));
#2802=CARTESIAN_POINT('',(126.214,-670.083,527.354));
#2803=CARTESIAN_POINT('',(137.823,-598.587,516.934));
#2804=CARTESIAN_POINT('',(145.939,-526.879,495.852));
#2805=CARTESIAN_POINT('',(159.799,-459.216,530.098));
#2806=CARTESIAN_POINT('',(161.874,-386.512,505.964));
#2807=CARTESIAN_POINT('',(162.962,-318.648,494.725));
#2808=CARTESIAN_POINT('',(160.761,-249.72,468.196));
#2809=CARTESIAN_POINT('',(160.196,-181.024,453.928));
#2810=CARTESIAN_POINT('',(155.424,-113.194,431.839));
#2811=CARTESIAN_POINT('',(154.601,-45.583,415.919));
#2812=CARTESIAN_POINT('',(146.239,21.769,393.01));
#2813=CARTESIAN_POINT('',(146.76,86.981,383.159));
#2814=CARTESIAN_POINT('',(128.157,150.373,338.525));
#2815=CARTESIAN_POINT('',(143.96,213.239,374.116));
#2816=CARTESIAN_POINT('',(175.221,253.258,417.347));
#2817=CARTESIAN_POINT('',(209.473,301.349,447.408));
#2818=CARTESIAN_POINT('',(248.162,357.367,466.347));
#2819=CARTESIAN_POINT('',(244.594,406.615,450.51));
#2820=CARTESIAN_POINT('',(247.972,425.516,443.34));
#2821=CARTESIAN_POINT('',(-10.95,-866.988,335.193));
#2822=CARTESIAN_POINT('',(6.03,-877.524,354.409));
#2823=CARTESIAN_POINT('',(33.261,-854.562,388.173));
#2824=CARTESIAN_POINT('',(84.734,-889.643,448.415));
#2825=CARTESIAN_POINT('',(135.764,-843.939,501.722));
#2826=CARTESIAN_POINT('',(146.459,-758.438,494.643));
#2827=CARTESIAN_POINT('',(152.896,-689.359,471.199));
#2828=CARTESIAN_POINT('',(170.028,-620.472,478.792));
#2829=CARTESIAN_POINT('',(186.977,-552.789,495.611));
#2830=CARTESIAN_POINT('',(202.077,-482.351,515.498));
#2831=CARTESIAN_POINT('',(200.842,-410.254,496.887));
#2832=CARTESIAN_POINT('',(200.748,-341.687,484.278));
#2833=CARTESIAN_POINT('',(198.95,-272.593,463.675));
#2834=CARTESIAN_POINT('',(193.768,-204.378,447.3));
#2835=CARTESIAN_POINT('',(192.087,-136.287,431.676));
#2836=CARTESIAN_POINT('',(184.114,-70.161,411.427));
#2837=CARTESIAN_POINT('',(181.488,-4.504,393.505));
#2838=CARTESIAN_POINT('',(174.38,62.791,376.654));
#2839=CARTESIAN_POINT('',(165.06,119.299,357.63));
#2840=CARTESIAN_POINT('',(152.554,188.92,329.148));
#2841=CARTESIAN_POINT('',(188.51,233.342,388.395));
#2842=CARTESIAN_POINT('',(215.961,284.225,401.89));
#2843=CARTESIAN_POINT('',(243.756,339.864,419.939));
#2844=CARTESIAN_POINT('',(258.21,379.223,408.923));
#2845=CARTESIAN_POINT('',(262.388,398.383,407.586));
#2846=CARTESIAN_POINT('',(21.857,-871.027,294.047));
#2847=CARTESIAN_POINT('',(36.801,-862.35,310.478));
#2848=CARTESIAN_POINT('',(69.,-866.294,346.648));
#2849=CARTESIAN_POINT('',(115.856,-876.818,398.52));
#2850=CARTESIAN_POINT('',(165.996,-852.811,449.67));
#2851=CARTESIAN_POINT('',(169.633,-771.234,438.781));
#2852=CARTESIAN_POINT('',(203.129,-718.003,476.484));
#2853=CARTESIAN_POINT('',(222.141,-648.4,502.241));
#2854=CARTESIAN_POINT('',(230.97,-575.768,493.718));
#2855=CARTESIAN_POINT('',(238.187,-503.244,485.457));
#2856=CARTESIAN_POINT('',(241.149,-431.74,484.441));
#2857=CARTESIAN_POINT('',(237.686,-362.311,468.318));
#2858=CARTESIAN_POINT('',(232.076,-295.118,451.7));
#2859=CARTESIAN_POINT('',(227.917,-226.76,436.143));
#2860=CARTESIAN_POINT('',(223.567,-159.001,423.543));
#2861=CARTESIAN_POINT('',(217.33,-93.354,405.095));
#2862=CARTESIAN_POINT('',(211.337,-27.957,391.901));
#2863=CARTESIAN_POINT('',(202.092,34.601,368.222));
#2864=CARTESIAN_POINT('',(198.962,97.952,362.914));
#2865=CARTESIAN_POINT('',(180.845,152.986,327.842));
#2866=CARTESIAN_POINT('',(187.458,218.411,339.442));
#2867=CARTESIAN_POINT('',(223.077,258.433,370.545));
#2868=CARTESIAN_POINT('',(240.554,320.65,372.857));
#2869=CARTESIAN_POINT('',(254.383,350.459,373.823));
#2870=CARTESIAN_POINT('',(256.855,371.171,370.675));
#2871=CARTESIAN_POINT('',(55.278,-877.997,253.621));
#2872=CARTESIAN_POINT('',(71.83,-889.91,268.298));
#2873=CARTESIAN_POINT('',(103.812,-860.777,305.988));
#2874=CARTESIAN_POINT('',(148.894,-871.202,349.601));
#2875=CARTESIAN_POINT('',(203.742,-869.581,410.525));
#2876=CARTESIAN_POINT('',(220.466,-791.132,421.569));
#2877=CARTESIAN_POINT('',(253.33,-742.28,464.026));
#2878=CARTESIAN_POINT('',(258.741,-662.883,453.514));
#2879=CARTESIAN_POINT('',(264.321,-594.262,457.634));
#2880=CARTESIAN_POINT('',(269.339,-522.023,458.915));
#2881=CARTESIAN_POINT('',(277.252,-451.716,460.073));
#2882=CARTESIAN_POINT('',(273.38,-380.746,452.293));
#2883=CARTESIAN_POINT('',(266.169,-314.805,433.498));
#2884=CARTESIAN_POINT('',(259.509,-247.631,419.94));
#2885=CARTESIAN_POINT('',(254.514,-181.052,408.555));
#2886=CARTESIAN_POINT('',(247.42,-115.623,395.086));
#2887=CARTESIAN_POINT('',(240.804,-51.249,380.207));
#2888=CARTESIAN_POINT('',(235.279,11.213,367.336));
#2889=CARTESIAN_POINT('',(222.278,71.965,346.982));
#2890=CARTESIAN_POINT('',(221.705,130.39,341.372));
#2891=CARTESIAN_POINT('',(193.826,182.998,307.173));
#2892=CARTESIAN_POINT('',(221.668,243.701,332.827));
#2893=CARTESIAN_POINT('',(235.684,286.922,334.064));
#2894=CARTESIAN_POINT('',(248.957,328.938,336.166));
#2895=CARTESIAN_POINT('',(252.572,342.118,333.095));
#2896=CARTESIAN_POINT('',(87.999,-869.344,211.955));
#2897=CARTESIAN_POINT('',(99.073,-851.17,227.646));
#2898=CARTESIAN_POINT('',(138.919,-890.673,260.646));
#2899=CARTESIAN_POINT('',(177.995,-863.687,304.396));
#2900=CARTESIAN_POINT('',(241.327,-880.075,365.111));
#2901=CARTESIAN_POINT('',(252.104,-801.739,380.672));
#2902=CARTESIAN_POINT('',(278.335,-744.965,403.462));
#2903=CARTESIAN_POINT('',(296.093,-678.378,427.594));
#2904=CARTESIAN_POINT('',(296.073,-607.067,424.638));
#2905=CARTESIAN_POINT('',(299.33,-537.885,426.028));
#2906=CARTESIAN_POINT('',(305.156,-468.653,428.004));
#2907=CARTESIAN_POINT('',(311.511,-398.158,432.17));
#2908=CARTESIAN_POINT('',(301.006,-330.804,418.139));
#2909=CARTESIAN_POINT('',(290.623,-266.74,401.373));
#2910=CARTESIAN_POINT('',(283.234,-201.646,390.504));
#2911=CARTESIAN_POINT('',(276.381,-136.522,379.268));
#2912=CARTESIAN_POINT('',(266.719,-74.205,365.654));
#2913=CARTESIAN_POINT('',(262.659,-11.07,354.699));
#2914=CARTESIAN_POINT('',(250.668,46.738,336.904));
#2915=CARTESIAN_POINT('',(247.341,108.098,327.645));
#2916=CARTESIAN_POINT('',(236.481,159.063,314.419));
#2917=CARTESIAN_POINT('',(203.068,206.734,282.647));
#2918=CARTESIAN_POINT('',(245.778,266.291,309.336));
#2919=CARTESIAN_POINT('',(236.308,290.554,295.34));
#2920=CARTESIAN_POINT('',(246.49,311.097,298.271));
#2921=CARTESIAN_POINT('',(121.196,-882.916,170.054));
#2922=CARTESIAN_POINT('',(135.177,-870.372,183.908));
#2923=CARTESIAN_POINT('',(165.568,-824.979,217.58));
#2924=CARTESIAN_POINT('',(208.673,-886.926,259.));
#2925=CARTESIAN_POINT('',(273.5,-876.479,317.634));
#2926=CARTESIAN_POINT('',(284.073,-810.739,338.153));
#2927=CARTESIAN_POINT('',(298.138,-746.489,359.308));
#2928=CARTESIAN_POINT('',(327.43,-687.775,381.427));
#2929=CARTESIAN_POINT('',(325.088,-616.671,386.805));
#2930=CARTESIAN_POINT('',(332.998,-550.326,394.784));
#2931=CARTESIAN_POINT('',(327.783,-481.988,393.485));
#2932=CARTESIAN_POINT('',(328.352,-415.486,392.509));
#2933=CARTESIAN_POINT('',(337.274,-346.609,395.752));
#2934=CARTESIAN_POINT('',(320.87,-282.385,380.966));
#2935=CARTESIAN_POINT('',(312.046,-219.219,370.617));
#2936=CARTESIAN_POINT('',(301.584,-156.482,359.245));
#2937=CARTESIAN_POINT('',(294.833,-93.48,350.1));
#2938=CARTESIAN_POINT('',(284.472,-34.44,336.419));
#2939=CARTESIAN_POINT('',(280.155,27.386,328.398));
#2940=CARTESIAN_POINT('',(266.105,79.777,310.015));
#2941=CARTESIAN_POINT('',(272.666,144.471,310.031));
#2942=CARTESIAN_POINT('',(240.55,178.336,279.558));
#2943=CARTESIAN_POINT('',(219.645,226.656,261.552));
#2944=CARTESIAN_POINT('',(245.833,261.352,268.352));
#2945=CARTESIAN_POINT('',(241.023,272.273,262.951));
#2946=CARTESIAN_POINT('',(144.21,-843.583,123.946));
#2947=CARTESIAN_POINT('',(162.283,-868.02,137.085));
#2948=CARTESIAN_POINT('',(200.787,-857.764,173.257));
#2949=CARTESIAN_POINT('',(236.103,-874.183,215.533));
#2950=CARTESIAN_POINT('',(301.324,-875.752,266.434));
#2951=CARTESIAN_POINT('',(312.986,-810.425,293.205));
#2952=CARTESIAN_POINT('',(312.839,-744.456,306.633));
#2953=CARTESIAN_POINT('',(349.222,-691.715,337.763));
#2954=CARTESIAN_POINT('',(354.392,-623.588,348.819));
#2955=CARTESIAN_POINT('',(354.788,-559.225,355.001));
#2956=CARTESIAN_POINT('',(365.11,-490.757,364.718));
#2957=CARTESIAN_POINT('',(333.127,-429.46,351.934));
#2958=CARTESIAN_POINT('',(347.458,-362.986,355.795));
#2959=CARTESIAN_POINT('',(345.07,-298.283,352.624));
#2960=CARTESIAN_POINT('',(334.379,-234.941,344.493));
#2961=CARTESIAN_POINT('',(328.245,-173.065,338.42));
#2962=CARTESIAN_POINT('',(318.282,-112.648,330.372));
#2963=CARTESIAN_POINT('',(309.079,-53.183,319.516));
#2964=CARTESIAN_POINT('',(300.298,4.272,309.376));
#2965=CARTESIAN_POINT('',(293.721,62.141,298.234));
#2966=CARTESIAN_POINT('',(286.166,113.169,287.616));
#2967=CARTESIAN_POINT('',(289.152,175.824,283.2));
#2968=CARTESIAN_POINT('',(238.024,184.915,240.514));
#2969=CARTESIAN_POINT('',(233.182,226.536,238.168));
#2970=CARTESIAN_POINT('',(241.353,241.858,234.819));
#2971=CARTESIAN_POINT('',(176.373,-866.777,81.459));
#2972=CARTESIAN_POINT('',(189.334,-841.172,96.083));
#2973=CARTESIAN_POINT('',(224.847,-862.185,127.767));
#2974=CARTESIAN_POINT('',(265.817,-879.126,171.9));
#2975=CARTESIAN_POINT('',(327.167,-872.012,220.958));
#2976=CARTESIAN_POINT('',(335.285,-806.675,245.616));
#2977=CARTESIAN_POINT('',(332.353,-743.05,262.314));
#2978=CARTESIAN_POINT('',(366.139,-691.025,290.001));
#2979=CARTESIAN_POINT('',(380.46,-627.888,307.637));
#2980=CARTESIAN_POINT('',(373.468,-564.433,313.437));
#2981=CARTESIAN_POINT('',(385.16,-497.052,325.319));
#2982=CARTESIAN_POINT('',(363.284,-437.495,320.83));
#2983=CARTESIAN_POINT('',(343.689,-377.392,313.779));
#2984=CARTESIAN_POINT('',(358.676,-311.885,317.943));
#2985=CARTESIAN_POINT('',(349.236,-250.66,313.204));
#2986=CARTESIAN_POINT('',(344.233,-189.368,309.829));
#2987=CARTESIAN_POINT('',(338.217,-130.094,306.026));
#2988=CARTESIAN_POINT('',(330.662,-71.796,299.865));
#2989=CARTESIAN_POINT('',(321.249,-15.149,290.54));
#2990=CARTESIAN_POINT('',(313.988,41.052,281.299));
#2991=CARTESIAN_POINT('',(310.07,94.652,269.773));
#2992=CARTESIAN_POINT('',(305.539,149.739,264.037));
#2993=CARTESIAN_POINT('',(288.943,196.945,243.039));
#2994=CARTESIAN_POINT('',(247.681,188.282,213.964));
#2995=CARTESIAN_POINT('',(242.047,208.858,210.643));
#2996=CARTESIAN_POINT('',(205.872,-865.067,40.983));
#2997=CARTESIAN_POINT('',(220.112,-870.51,54.657));
#2998=CARTESIAN_POINT('',(253.527,-861.252,85.849));
#2999=CARTESIAN_POINT('',(294.755,-880.821,127.748));
#3000=CARTESIAN_POINT('',(355.411,-867.833,174.84));
#3001=CARTESIAN_POINT('',(356.326,-800.701,199.13));
#3002=CARTESIAN_POINT('',(351.395,-740.032,216.93));
#3003=CARTESIAN_POINT('',(385.111,-688.147,245.636));
#3004=CARTESIAN_POINT('',(394.373,-628.487,262.267));
#3005=CARTESIAN_POINT('',(394.019,-565.572,273.047));
#3006=CARTESIAN_POINT('',(393.1,-503.584,280.908));
#3007=CARTESIAN_POINT('',(391.407,-440.055,286.865));
#3008=CARTESIAN_POINT('',(350.86,-388.892,275.177));
#3009=CARTESIAN_POINT('',(366.45,-322.609,282.621));
#3010=CARTESIAN_POINT('',(357.788,-264.467,278.637));
#3011=CARTESIAN_POINT('',(357.725,-204.03,279.568));
#3012=CARTESIAN_POINT('',(347.956,-146.859,276.926));
#3013=CARTESIAN_POINT('',(347.525,-89.186,275.919));
#3014=CARTESIAN_POINT('',(337.492,-33.495,268.542));
#3015=CARTESIAN_POINT('',(331.633,20.99,261.709));
#3016=CARTESIAN_POINT('',(326.983,76.433,253.725));
#3017=CARTESIAN_POINT('',(325.514,127.337,242.543));
#3018=CARTESIAN_POINT('',(316.919,184.94,232.173));
#3019=CARTESIAN_POINT('',(285.852,193.008,206.473));
#3020=CARTESIAN_POINT('',(274.691,194.407,198.051));
#3021=CARTESIAN_POINT('',(235.74,-860.55,-0.369));
#3022=CARTESIAN_POINT('',(251.123,-853.634,14.635));
#3023=CARTESIAN_POINT('',(279.505,-865.645,42.974));
#3024=CARTESIAN_POINT('',(325.032,-879.611,86.345));
#3025=CARTESIAN_POINT('',(376.141,-857.195,128.163));
#3026=CARTESIAN_POINT('',(372.469,-791.177,153.62));
#3027=CARTESIAN_POINT('',(369.008,-733.963,172.826));
#3028=CARTESIAN_POINT('',(401.502,-683.141,200.736));
#3029=CARTESIAN_POINT('',(411.851,-626.594,218.939));
#3030=CARTESIAN_POINT('',(408.12,-564.766,230.219));
#3031=CARTESIAN_POINT('',(406.626,-505.926,240.27));
#3032=CARTESIAN_POINT('',(407.451,-443.486,248.158));
#3033=CARTESIAN_POINT('',(364.953,-394.192,240.048));
#3034=CARTESIAN_POINT('',(370.635,-332.251,244.321));
#3035=CARTESIAN_POINT('',(369.252,-274.686,245.048));
#3036=CARTESIAN_POINT('',(366.019,-216.88,246.649));
#3037=CARTESIAN_POINT('',(360.899,-160.795,246.733));
#3038=CARTESIAN_POINT('',(355.292,-105.666,245.407));
#3039=CARTESIAN_POINT('',(353.574,-50.74,245.689));
#3040=CARTESIAN_POINT('',(344.934,2.938,238.699));
#3041=CARTESIAN_POINT('',(344.384,56.322,233.958));
#3042=CARTESIAN_POINT('',(336.094,108.113,223.446));
#3043=CARTESIAN_POINT('',(341.979,159.73,214.348));
#3044=CARTESIAN_POINT('',(322.584,189.353,199.421));
#3045=CARTESIAN_POINT('',(308.594,191.838,187.803));
#3046=CARTESIAN_POINT('',(269.548,-852.395,-40.133));
#3047=CARTESIAN_POINT('',(283.042,-862.875,-25.135));
#3048=CARTESIAN_POINT('',(306.978,-878.91,2.524));
#3049=CARTESIAN_POINT('',(355.098,-873.072,45.273));
#3050=CARTESIAN_POINT('',(394.574,-841.583,83.259));
#3051=CARTESIAN_POINT('',(388.296,-780.903,107.675));
#3052=CARTESIAN_POINT('',(386.021,-726.021,130.016));
#3053=CARTESIAN_POINT('',(417.725,-677.319,156.585));
#3054=CARTESIAN_POINT('',(427.352,-621.899,176.838));
#3055=CARTESIAN_POINT('',(423.429,-561.568,189.082));
#3056=CARTESIAN_POINT('',(417.334,-505.572,198.084));
#3057=CARTESIAN_POINT('',(420.628,-443.883,208.974));
#3058=CARTESIAN_POINT('',(381.28,-396.646,204.832));
#3059=CARTESIAN_POINT('',(372.81,-339.933,207.503));
#3060=CARTESIAN_POINT('',(378.866,-282.416,210.758));
#3061=CARTESIAN_POINT('',(372.947,-227.504,213.249));
#3062=CARTESIAN_POINT('',(370.132,-172.767,215.536));
#3063=CARTESIAN_POINT('',(365.552,-119.659,215.872));
#3064=CARTESIAN_POINT('',(362.892,-67.337,216.81));
#3065=CARTESIAN_POINT('',(357.536,-14.494,216.034));
#3066=CARTESIAN_POINT('',(354.042,37.048,210.276));
#3067=CARTESIAN_POINT('',(352.931,87.828,203.238));
#3068=CARTESIAN_POINT('',(348.484,135.239,191.847));
#3069=CARTESIAN_POINT('',(355.355,168.357,187.376));
#3070=CARTESIAN_POINT('',(346.202,180.671,178.55));
#3071=CARTESIAN_POINT('',(299.474,-872.9,-78.805));
#3072=CARTESIAN_POINT('',(313.408,-872.654,-63.922));
#3073=CARTESIAN_POINT('',(338.664,-875.519,-36.477));
#3074=CARTESIAN_POINT('',(385.76,-875.065,7.273));
#3075=CARTESIAN_POINT('',(409.276,-822.44,40.29));
#3076=CARTESIAN_POINT('',(400.645,-769.679,64.641));
#3077=CARTESIAN_POINT('',(396.582,-713.817,86.405));
#3078=CARTESIAN_POINT('',(428.14,-667.931,112.204));
#3079=CARTESIAN_POINT('',(439.74,-614.416,132.267));
#3080=CARTESIAN_POINT('',(433.614,-556.879,146.603));
#3081=CARTESIAN_POINT('',(429.926,-501.987,159.54));
#3082=CARTESIAN_POINT('',(429.09,-442.378,169.967));
#3083=CARTESIAN_POINT('',(397.387,-395.53,169.78));
#3084=CARTESIAN_POINT('',(373.88,-345.478,168.818));
#3085=CARTESIAN_POINT('',(384.284,-288.271,174.833));
#3086=CARTESIAN_POINT('',(379.412,-235.987,179.726));
#3087=CARTESIAN_POINT('',(378.487,-182.792,182.83));
#3088=CARTESIAN_POINT('',(371.478,-131.975,187.146));
#3089=CARTESIAN_POINT('',(371.939,-81.125,187.637));
#3090=CARTESIAN_POINT('',(367.168,-31.357,188.296));
#3091=CARTESIAN_POINT('',(365.386,19.394,188.208));
#3092=CARTESIAN_POINT('',(360.476,68.057,180.665));
#3093=CARTESIAN_POINT('',(361.749,115.27,170.75));
#3094=CARTESIAN_POINT('',(359.197,143.73,162.453));
#3095=CARTESIAN_POINT('',(362.236,157.431,159.06));
#3096=CARTESIAN_POINT('',(329.597,-878.278,-115.065));
#3097=CARTESIAN_POINT('',(343.408,-876.561,-100.846));
#3098=CARTESIAN_POINT('',(368.016,-881.284,-72.839));
#3099=CARTESIAN_POINT('',(413.101,-861.146,-31.781));
#3100=CARTESIAN_POINT('',(419.518,-806.154,-1.256));
#3101=CARTESIAN_POINT('',(410.661,-756.494,23.868));
#3102=CARTESIAN_POINT('',(405.291,-701.212,45.916));
#3103=CARTESIAN_POINT('',(439.088,-658.044,70.59));
#3104=CARTESIAN_POINT('',(448.738,-605.091,90.651));
#3105=CARTESIAN_POINT('',(443.387,-549.727,106.186));
#3106=CARTESIAN_POINT('',(438.795,-496.398,118.938));
#3107=CARTESIAN_POINT('',(438.145,-438.37,131.538));
#3108=CARTESIAN_POINT('',(415.944,-389.22,134.807));
#3109=CARTESIAN_POINT('',(369.213,-351.83,132.173));
#3110=CARTESIAN_POINT('',(385.595,-291.093,138.938));
#3111=CARTESIAN_POINT('',(380.299,-242.813,143.539));
#3112=CARTESIAN_POINT('',(383.839,-190.176,150.21));
#3113=CARTESIAN_POINT('',(375.696,-142.258,153.573));
#3114=CARTESIAN_POINT('',(378.189,-93.071,159.464));
#3115=CARTESIAN_POINT('',(374.056,-45.441,160.144));
#3116=CARTESIAN_POINT('',(373.196,2.556,161.33));
#3117=CARTESIAN_POINT('',(370.965,49.961,158.898));
#3118=CARTESIAN_POINT('',(368.092,96.098,148.829));
#3119=CARTESIAN_POINT('',(370.578,125.185,141.895));
#3120=CARTESIAN_POINT('',(369.723,137.99,136.343));
#3121=CARTESIAN_POINT('',(360.953,-879.308,-150.937));
#3122=CARTESIAN_POINT('',(369.641,-877.007,-136.993));
#3123=CARTESIAN_POINT('',(405.468,-884.799,-106.928));
#3124=CARTESIAN_POINT('',(426.235,-837.825,-71.567));
#3125=CARTESIAN_POINT('',(429.546,-790.665,-41.391));
#3126=CARTESIAN_POINT('',(418.914,-740.492,-17.651));
#3127=CARTESIAN_POINT('',(411.892,-688.748,5.416));
#3128=CARTESIAN_POINT('',(444.893,-645.563,30.072));
#3129=CARTESIAN_POINT('',(453.822,-594.172,49.083));
#3130=CARTESIAN_POINT('',(450.573,-541.712,66.591));
#3131=CARTESIAN_POINT('',(449.274,-487.926,80.304));
#3132=CARTESIAN_POINT('',(441.947,-434.655,91.544));
#3133=CARTESIAN_POINT('',(432.323,-379.115,99.449));
#3134=CARTESIAN_POINT('',(374.996,-350.868,96.399));
#3135=CARTESIAN_POINT('',(379.684,-293.636,102.208));
#3136=CARTESIAN_POINT('',(380.836,-246.047,108.201));
#3137=CARTESIAN_POINT('',(381.395,-195.475,115.553));
#3138=CARTESIAN_POINT('',(380.495,-148.714,121.765));
#3139=CARTESIAN_POINT('',(378.214,-102.424,126.454));
#3140=CARTESIAN_POINT('',(381.366,-56.983,132.288));
#3141=CARTESIAN_POINT('',(376.572,-11.533,132.913));
#3142=CARTESIAN_POINT('',(378.324,32.807,133.892));
#3143=CARTESIAN_POINT('',(375.768,76.385,126.842));
#3144=CARTESIAN_POINT('',(377.638,103.564,119.688));
#3145=CARTESIAN_POINT('',(378.792,115.366,114.989));
#3146=CARTESIAN_POINT('',(392.28,-879.913,-185.576));
#3147=CARTESIAN_POINT('',(406.384,-883.135,-170.756));
#3148=CARTESIAN_POINT('',(427.07,-861.112,-144.454));
#3149=CARTESIAN_POINT('',(433.251,-816.88,-110.861));
#3150=CARTESIAN_POINT('',(433.207,-771.952,-82.375));
#3151=CARTESIAN_POINT('',(427.792,-725.2,-57.411));
#3152=CARTESIAN_POINT('',(419.846,-674.933,-34.108));
#3153=CARTESIAN_POINT('',(450.768,-632.811,-10.695));
#3154=CARTESIAN_POINT('',(455.92,-582.235,9.978));
#3155=CARTESIAN_POINT('',(456.802,-532.13,27.357));
#3156=CARTESIAN_POINT('',(452.729,-479.125,41.952));
#3157=CARTESIAN_POINT('',(445.046,-430.295,51.865));
#3158=CARTESIAN_POINT('',(440.941,-370.438,63.247));
#3159=CARTESIAN_POINT('',(378.088,-348.636,59.112));
#3160=CARTESIAN_POINT('',(370.073,-295.654,64.659));
#3161=CARTESIAN_POINT('',(378.523,-245.013,73.984));
#3162=CARTESIAN_POINT('',(377.492,-197.393,80.538));
#3163=CARTESIAN_POINT('',(380.328,-151.444,88.51));
#3164=CARTESIAN_POINT('',(379.855,-107.691,95.094));
#3165=CARTESIAN_POINT('',(381.091,-64.861,100.617));
#3166=CARTESIAN_POINT('',(379.839,-23.111,105.488));
#3167=CARTESIAN_POINT('',(380.835,17.953,107.521));
#3168=CARTESIAN_POINT('',(379.646,60.561,103.946));
#3169=CARTESIAN_POINT('',(382.021,84.938,96.909));
#3170=CARTESIAN_POINT('',(382.21,97.008,93.737));
#3171=CARTESIAN_POINT('',(425.292,-871.784,-220.014));
#3172=CARTESIAN_POINT('',(430.39,-859.058,-206.606));
#3173=CARTESIAN_POINT('',(437.622,-836.432,-180.592));
#3174=CARTESIAN_POINT('',(439.547,-797.659,-151.078));
#3175=CARTESIAN_POINT('',(440.748,-753.907,-123.067));
#3176=CARTESIAN_POINT('',(427.674,-709.308,-97.412));
#3177=CARTESIAN_POINT('',(432.383,-662.438,-71.478));
#3178=CARTESIAN_POINT('',(453.467,-618.382,-49.77));
#3179=CARTESIAN_POINT('',(460.44,-569.919,-28.963));
#3180=CARTESIAN_POINT('',(457.377,-520.517,-12.552));
#3181=CARTESIAN_POINT('',(452.784,-470.853,3.834));
#3182=CARTESIAN_POINT('',(449.356,-421.452,14.192));
#3183=CARTESIAN_POINT('',(434.62,-373.001,26.267));
#3184=CARTESIAN_POINT('',(388.224,-342.869,19.991));
#3185=CARTESIAN_POINT('',(370.628,-289.588,27.051));
#3186=CARTESIAN_POINT('',(370.929,-242.091,39.224));
#3187=CARTESIAN_POINT('',(374.614,-194.371,47.48));
#3188=CARTESIAN_POINT('',(376.983,-149.674,55.204));
#3189=CARTESIAN_POINT('',(375.39,-107.001,63.122));
#3190=CARTESIAN_POINT('',(380.551,-67.182,69.276));
#3191=CARTESIAN_POINT('',(381.522,-30.229,74.471));
#3192=CARTESIAN_POINT('',(381.034,3.556,78.132));
#3193=CARTESIAN_POINT('',(382.,40.293,80.828));
#3194=CARTESIAN_POINT('',(381.532,68.961,75.118));
#3195=CARTESIAN_POINT('',(382.154,77.416,68.771));
#3196=CARTESIAN_POINT('',(432.099,-848.906,-238.035));
#3197=CARTESIAN_POINT('',(432.413,-842.342,-226.12));
#3198=CARTESIAN_POINT('',(442.92,-820.385,-208.982));
#3199=CARTESIAN_POINT('',(442.421,-782.135,-177.078));
#3200=CARTESIAN_POINT('',(442.238,-742.281,-148.834));
#3201=CARTESIAN_POINT('',(432.084,-698.626,-123.022));
#3202=CARTESIAN_POINT('',(435.769,-652.827,-96.488));
#3203=CARTESIAN_POINT('',(456.902,-608.759,-75.494));
#3204=CARTESIAN_POINT('',(457.287,-560.591,-54.398));
#3205=CARTESIAN_POINT('',(458.676,-512.244,-36.913));
#3206=CARTESIAN_POINT('',(452.131,-463.736,-21.692));
#3207=CARTESIAN_POINT('',(447.466,-415.51,-10.417));
#3208=CARTESIAN_POINT('',(434.147,-369.874,1.415));
#3209=CARTESIAN_POINT('',(408.337,-327.122,5.617));
#3210=CARTESIAN_POINT('',(391.05,-283.503,8.51));
#3211=CARTESIAN_POINT('',(373.218,-237.074,14.406));
#3212=CARTESIAN_POINT('',(374.249,-190.721,25.749));
#3213=CARTESIAN_POINT('',(373.569,-145.718,34.006));
#3214=CARTESIAN_POINT('',(376.119,-103.684,41.318));
#3215=CARTESIAN_POINT('',(376.654,-65.14,48.336));
#3216=CARTESIAN_POINT('',(379.756,-29.675,52.405));
#3217=CARTESIAN_POINT('',(379.82,2.724,56.894));
#3218=CARTESIAN_POINT('',(380.204,33.208,60.602));
#3219=CARTESIAN_POINT('',(380.844,48.93,61.16));
#3220=CARTESIAN_POINT('',(380.989,62.725,59.466));
#3221=CARTESIAN_POINT('',(433.034,-843.216,-242.725));
#3222=CARTESIAN_POINT('',(434.766,-834.571,-234.157));
#3223=CARTESIAN_POINT('',(442.744,-812.378,-219.997));
#3224=CARTESIAN_POINT('',(443.59,-775.155,-191.772));
#3225=CARTESIAN_POINT('',(441.719,-736.476,-162.462));
#3226=CARTESIAN_POINT('',(432.553,-693.375,-134.816));
#3227=CARTESIAN_POINT('',(437.958,-648.208,-108.867));
#3228=CARTESIAN_POINT('',(456.362,-603.446,-87.707));
#3229=CARTESIAN_POINT('',(457.313,-555.996,-67.058));
#3230=CARTESIAN_POINT('',(457.658,-507.97,-49.734));
#3231=CARTESIAN_POINT('',(451.211,-459.941,-34.136));
#3232=CARTESIAN_POINT('',(447.42,-412.187,-22.291));
#3233=CARTESIAN_POINT('',(435.047,-366.404,-10.618));
#3234=CARTESIAN_POINT('',(415.839,-323.308,-2.917));
#3235=CARTESIAN_POINT('',(399.859,-278.479,3.325));
#3236=CARTESIAN_POINT('',(380.281,-234.09,4.001));
#3237=CARTESIAN_POINT('',(377.072,-188.177,15.365));
#3238=CARTESIAN_POINT('',(373.368,-143.568,23.029));
#3239=CARTESIAN_POINT('',(373.883,-101.712,30.859));
#3240=CARTESIAN_POINT('',(376.613,-63.247,37.725));
#3241=CARTESIAN_POINT('',(378.38,-28.791,41.053));
#3242=CARTESIAN_POINT('',(379.271,4.773,47.2));
#3243=CARTESIAN_POINT('',(379.375,30.629,48.832));
#3244=CARTESIAN_POINT('',(380.041,51.761,48.812));
#3245=CARTESIAN_POINT('',(380.416,60.025,53.447));
#3246=CARTESIAN_POINT('',(-422.167,-33.07,-198.709));
#3247=CARTESIAN_POINT('',(-421.587,-23.71,-197.457));
#3248=CARTESIAN_POINT('',(-420.151,-5.218,-195.933));
#3249=CARTESIAN_POINT('',(-418.051,30.592,-194.26));
#3250=CARTESIAN_POINT('',(-414.925,70.794,-195.551));
#3251=CARTESIAN_POINT('',(-414.112,116.754,-196.576));
#3252=CARTESIAN_POINT('',(-409.099,162.502,-198.115));
#3253=CARTESIAN_POINT('',(-411.182,216.199,-195.463));
#3254=CARTESIAN_POINT('',(-370.611,252.437,-198.699));
#3255=CARTESIAN_POINT('',(-323.869,272.393,-200.836));
#3256=CARTESIAN_POINT('',(-253.785,278.464,-205.855));
#3257=CARTESIAN_POINT('',(-237.126,343.233,-201.09));
#3258=CARTESIAN_POINT('',(-249.676,406.292,-205.496));
#3259=CARTESIAN_POINT('',(-249.553,474.389,-215.965));
#3260=CARTESIAN_POINT('',(-264.132,541.916,-233.223));
#3261=CARTESIAN_POINT('',(-327.693,576.954,-248.152));
#3262=CARTESIAN_POINT('',(-307.921,646.334,-264.572));
#3263=CARTESIAN_POINT('',(-304.087,711.512,-274.073));
#3264=CARTESIAN_POINT('',(-312.565,783.024,-280.994));
#3265=CARTESIAN_POINT('',(-305.593,848.9,-288.664));
#3266=CARTESIAN_POINT('',(-311.985,921.941,-299.745));
#3267=CARTESIAN_POINT('',(-284.132,985.136,-297.14));
#3268=CARTESIAN_POINT('',(-229.192,1027.988,-291.229));
#3269=CARTESIAN_POINT('',(-241.976,1071.323,-299.466));
#3270=CARTESIAN_POINT('',(-235.32,1078.45,-296.074));
#3271=CARTESIAN_POINT('',(-422.051,-38.794,-192.362));
#3272=CARTESIAN_POINT('',(-421.381,-27.256,-184.528));
#3273=CARTESIAN_POINT('',(-419.345,-5.457,-185.372));
#3274=CARTESIAN_POINT('',(-418.162,28.719,-182.565));
#3275=CARTESIAN_POINT('',(-414.403,69.101,-184.855));
#3276=CARTESIAN_POINT('',(-412.595,114.113,-184.273));
#3277=CARTESIAN_POINT('',(-410.066,160.835,-185.797));
#3278=CARTESIAN_POINT('',(-406.476,211.657,-183.037));
#3279=CARTESIAN_POINT('',(-368.891,249.62,-187.429));
#3280=CARTESIAN_POINT('',(-322.079,269.929,-189.399));
#3281=CARTESIAN_POINT('',(-251.637,276.236,-196.808));
#3282=CARTESIAN_POINT('',(-238.161,343.244,-191.872));
#3283=CARTESIAN_POINT('',(-249.228,404.804,-195.255));
#3284=CARTESIAN_POINT('',(-251.967,475.036,-206.695));
#3285=CARTESIAN_POINT('',(-262.994,541.965,-221.89));
#3286=CARTESIAN_POINT('',(-328.95,580.615,-234.761));
#3287=CARTESIAN_POINT('',(-295.502,645.865,-248.416));
#3288=CARTESIAN_POINT('',(-299.992,712.624,-256.926));
#3289=CARTESIAN_POINT('',(-311.047,783.438,-265.641));
#3290=CARTESIAN_POINT('',(-305.063,848.853,-274.303));
#3291=CARTESIAN_POINT('',(-309.306,921.614,-281.766));
#3292=CARTESIAN_POINT('',(-289.108,985.412,-279.599));
#3293=CARTESIAN_POINT('',(-228.489,1025.668,-278.742));
#3294=CARTESIAN_POINT('',(-249.933,1074.349,-283.009));
#3295=CARTESIAN_POINT('',(-240.418,1085.872,-284.507));
#3296=CARTESIAN_POINT('',(-422.74,-54.184,-179.164));
#3297=CARTESIAN_POINT('',(-421.568,-45.833,-171.019));
#3298=CARTESIAN_POINT('',(-419.455,-17.275,-162.174));
#3299=CARTESIAN_POINT('',(-415.848,22.263,-161.18));
#3300=CARTESIAN_POINT('',(-413.803,62.922,-160.802));
#3301=CARTESIAN_POINT('',(-410.547,107.771,-161.256));
#3302=CARTESIAN_POINT('',(-406.07,154.404,-161.247));
#3303=CARTESIAN_POINT('',(-406.43,205.613,-159.61));
#3304=CARTESIAN_POINT('',(-371.451,252.573,-159.946));
#3305=CARTESIAN_POINT('',(-318.106,262.478,-169.531));
#3306=CARTESIAN_POINT('',(-250.029,272.866,-176.24));
#3307=CARTESIAN_POINT('',(-238.48,339.563,-172.511));
#3308=CARTESIAN_POINT('',(-249.854,404.427,-176.285));
#3309=CARTESIAN_POINT('',(-254.402,471.265,-184.989));
#3310=CARTESIAN_POINT('',(-255.479,545.296,-202.488));
#3311=CARTESIAN_POINT('',(-328.501,579.728,-200.287));
#3312=CARTESIAN_POINT('',(-312.472,652.41,-223.31));
#3313=CARTESIAN_POINT('',(-293.473,711.745,-233.402));
#3314=CARTESIAN_POINT('',(-314.553,783.65,-236.217));
#3315=CARTESIAN_POINT('',(-306.562,851.222,-241.773));
#3316=CARTESIAN_POINT('',(-297.016,920.225,-249.17));
#3317=CARTESIAN_POINT('',(-294.761,980.198,-237.697));
#3318=CARTESIAN_POINT('',(-222.528,1029.817,-256.276));
#3319=CARTESIAN_POINT('',(-258.848,1082.262,-245.38));
#3320=CARTESIAN_POINT('',(-238.127,1099.361,-255.255));
#3321=CARTESIAN_POINT('',(-423.357,-83.067,-157.117));
#3322=CARTESIAN_POINT('',(-422.601,-71.767,-150.513));
#3323=CARTESIAN_POINT('',(-418.662,-47.926,-137.476));
#3324=CARTESIAN_POINT('',(-416.441,-1.236,-127.083));
#3325=CARTESIAN_POINT('',(-409.109,43.477,-128.465));
#3326=CARTESIAN_POINT('',(-409.275,91.718,-125.289));
#3327=CARTESIAN_POINT('',(-400.323,138.171,-127.035));
#3328=CARTESIAN_POINT('',(-402.72,192.815,-121.794));
#3329=CARTESIAN_POINT('',(-368.33,237.486,-125.008));
#3330=CARTESIAN_POINT('',(-317.234,254.325,-135.885));
#3331=CARTESIAN_POINT('',(-248.464,263.928,-145.521));
#3332=CARTESIAN_POINT('',(-239.264,330.714,-142.134));
#3333=CARTESIAN_POINT('',(-248.172,397.343,-146.28));
#3334=CARTESIAN_POINT('',(-259.856,462.318,-150.454));
#3335=CARTESIAN_POINT('',(-248.024,538.247,-168.656));
#3336=CARTESIAN_POINT('',(-292.111,590.241,-169.053));
#3337=CARTESIAN_POINT('',(-323.856,648.367,-166.888));
#3338=CARTESIAN_POINT('',(-317.185,718.276,-181.264));
#3339=CARTESIAN_POINT('',(-310.533,783.431,-186.039));
#3340=CARTESIAN_POINT('',(-299.78,853.183,-194.006));
#3341=CARTESIAN_POINT('',(-255.261,910.184,-211.012));
#3342=CARTESIAN_POINT('',(-268.019,978.478,-195.809));
#3343=CARTESIAN_POINT('',(-238.579,1043.672,-203.138));
#3344=CARTESIAN_POINT('',(-253.104,1088.739,-198.124));
#3345=CARTESIAN_POINT('',(-237.143,1106.864,-203.104));
#3346=CARTESIAN_POINT('',(-424.51,-115.701,-133.339));
#3347=CARTESIAN_POINT('',(-424.11,-103.507,-125.303));
#3348=CARTESIAN_POINT('',(-419.03,-76.399,-113.515));
#3349=CARTESIAN_POINT('',(-413.114,-30.416,-100.93));
#3350=CARTESIAN_POINT('',(-407.084,19.319,-93.061));
#3351=CARTESIAN_POINT('',(-400.45,67.604,-92.483));
#3352=CARTESIAN_POINT('',(-391.703,118.391,-92.304));
#3353=CARTESIAN_POINT('',(-378.711,166.248,-95.944));
#3354=CARTESIAN_POINT('',(-366.86,220.32,-91.26));
#3355=CARTESIAN_POINT('',(-319.463,247.902,-101.688));
#3356=CARTESIAN_POINT('',(-251.096,253.521,-112.302));
#3357=CARTESIAN_POINT('',(-235.928,320.16,-112.98));
#3358=CARTESIAN_POINT('',(-251.78,384.363,-112.181));
#3359=CARTESIAN_POINT('',(-253.572,453.167,-120.085));
#3360=CARTESIAN_POINT('',(-262.632,520.039,-125.75));
#3361=CARTESIAN_POINT('',(-253.236,591.89,-143.022));
#3362=CARTESIAN_POINT('',(-271.384,647.127,-149.583));
#3363=CARTESIAN_POINT('',(-266.483,710.732,-159.617));
#3364=CARTESIAN_POINT('',(-263.447,776.799,-163.51));
#3365=CARTESIAN_POINT('',(-252.443,841.911,-166.547));
#3366=CARTESIAN_POINT('',(-256.932,911.338,-156.107));
#3367=CARTESIAN_POINT('',(-253.694,980.61,-152.65));
#3368=CARTESIAN_POINT('',(-252.793,1048.91,-142.959));
#3369=CARTESIAN_POINT('',(-246.592,1093.253,-144.043));
#3370=CARTESIAN_POINT('',(-235.012,1112.659,-145.9));
#3371=CARTESIAN_POINT('',(-423.744,-149.237,-109.245));
#3372=CARTESIAN_POINT('',(-421.362,-135.828,-102.984));
#3373=CARTESIAN_POINT('',(-418.605,-108.202,-88.719));
#3374=CARTESIAN_POINT('',(-409.294,-60.473,-71.46));
#3375=CARTESIAN_POINT('',(-392.052,-11.578,-68.929));
#3376=CARTESIAN_POINT('',(-379.19,38.948,-67.285));
#3377=CARTESIAN_POINT('',(-368.814,91.065,-64.587));
#3378=CARTESIAN_POINT('',(-375.408,144.66,-60.241));
#3379=CARTESIAN_POINT('',(-366.389,199.804,-58.176));
#3380=CARTESIAN_POINT('',(-326.484,239.904,-64.44));
#3381=CARTESIAN_POINT('',(-257.217,242.982,-78.759));
#3382=CARTESIAN_POINT('',(-233.538,303.861,-80.581));
#3383=CARTESIAN_POINT('',(-251.293,371.335,-80.507));
#3384=CARTESIAN_POINT('',(-254.384,437.029,-84.004));
#3385=CARTESIAN_POINT('',(-260.373,506.928,-91.843));
#3386=CARTESIAN_POINT('',(-265.695,572.992,-96.299));
#3387=CARTESIAN_POINT('',(-257.709,641.156,-108.551));
#3388=CARTESIAN_POINT('',(-258.563,704.34,-115.348));
#3389=CARTESIAN_POINT('',(-259.904,770.975,-115.515));
#3390=CARTESIAN_POINT('',(-261.991,839.936,-114.339));
#3391=CARTESIAN_POINT('',(-258.863,909.254,-111.893));
#3392=CARTESIAN_POINT('',(-259.679,979.416,-99.15));
#3393=CARTESIAN_POINT('',(-249.998,1046.557,-92.267));
#3394=CARTESIAN_POINT('',(-242.436,1093.932,-89.702));
#3395=CARTESIAN_POINT('',(-227.174,1111.214,-89.954));
#3396=CARTESIAN_POINT('',(-425.649,-184.375,-84.214));
#3397=CARTESIAN_POINT('',(-420.871,-170.752,-77.378));
#3398=CARTESIAN_POINT('',(-411.405,-141.343,-62.082));
#3399=CARTESIAN_POINT('',(-385.47,-95.523,-58.558));
#3400=CARTESIAN_POINT('',(-372.094,-44.115,-45.268));
#3401=CARTESIAN_POINT('',(-377.545,9.279,-34.386));
#3402=CARTESIAN_POINT('',(-372.621,64.374,-29.133));
#3403=CARTESIAN_POINT('',(-374.492,119.599,-25.965));
#3404=CARTESIAN_POINT('',(-376.02,179.213,-23.278));
#3405=CARTESIAN_POINT('',(-338.987,232.686,-25.948));
#3406=CARTESIAN_POINT('',(-266.56,229.177,-43.652));
#3407=CARTESIAN_POINT('',(-231.991,284.797,-47.503));
#3408=CARTESIAN_POINT('',(-251.137,354.903,-46.096));
#3409=CARTESIAN_POINT('',(-253.391,420.041,-49.588));
#3410=CARTESIAN_POINT('',(-262.098,489.512,-52.698));
#3411=CARTESIAN_POINT('',(-261.328,558.506,-60.846));
#3412=CARTESIAN_POINT('',(-265.247,626.148,-66.114));
#3413=CARTESIAN_POINT('',(-260.517,693.223,-70.519));
#3414=CARTESIAN_POINT('',(-261.672,760.736,-74.207));
#3415=CARTESIAN_POINT('',(-258.793,829.772,-73.844));
#3416=CARTESIAN_POINT('',(-259.198,902.348,-63.135));
#3417=CARTESIAN_POINT('',(-258.328,970.181,-49.122));
#3418=CARTESIAN_POINT('',(-254.603,1043.619,-38.454));
#3419=CARTESIAN_POINT('',(-235.279,1085.99,-30.009));
#3420=CARTESIAN_POINT('',(-220.519,1105.423,-30.334));
#3421=CARTESIAN_POINT('',(-418.254,-223.287,-59.174));
#3422=CARTESIAN_POINT('',(-413.366,-208.773,-51.538));
#3423=CARTESIAN_POINT('',(-399.627,-179.609,-45.679));
#3424=CARTESIAN_POINT('',(-371.908,-131.337,-34.592));
#3425=CARTESIAN_POINT('',(-376.49,-77.171,-13.57));
#3426=CARTESIAN_POINT('',(-374.201,-22.07,-4.422));
#3427=CARTESIAN_POINT('',(-376.713,34.94,4.07));
#3428=CARTESIAN_POINT('',(-371.979,93.769,6.66));
#3429=CARTESIAN_POINT('',(-378.212,153.61,12.309));
#3430=CARTESIAN_POINT('',(-355.788,219.272,12.393));
#3431=CARTESIAN_POINT('',(-280.116,219.901,-4.589));
#3432=CARTESIAN_POINT('',(-228.648,259.358,-14.725));
#3433=CARTESIAN_POINT('',(-250.81,337.564,-12.374));
#3434=CARTESIAN_POINT('',(-252.698,399.83,-14.412));
#3435=CARTESIAN_POINT('',(-261.569,472.263,-16.009));
#3436=CARTESIAN_POINT('',(-262.994,539.354,-19.787));
#3437=CARTESIAN_POINT('',(-264.388,609.558,-24.914));
#3438=CARTESIAN_POINT('',(-262.584,677.574,-28.106));
#3439=CARTESIAN_POINT('',(-262.679,746.269,-29.08));
#3440=CARTESIAN_POINT('',(-261.601,817.263,-27.383));
#3441=CARTESIAN_POINT('',(-258.328,886.97,-16.445));
#3442=CARTESIAN_POINT('',(-256.204,958.111,-0.686));
#3443=CARTESIAN_POINT('',(-241.585,1023.039,20.146));
#3444=CARTESIAN_POINT('',(-226.714,1067.691,29.11));
#3445=CARTESIAN_POINT('',(-209.575,1084.368,32.427));
#3446=CARTESIAN_POINT('',(-405.198,-264.275,-36.616));
#3447=CARTESIAN_POINT('',(-399.478,-248.302,-32.831));
#3448=CARTESIAN_POINT('',(-377.517,-218.917,-24.383));
#3449=CARTESIAN_POINT('',(-380.401,-165.618,-0.803));
#3450=CARTESIAN_POINT('',(-376.269,-112.154,11.765));
#3451=CARTESIAN_POINT('',(-377.533,-54.499,26.993));
#3452=CARTESIAN_POINT('',(-376.599,3.308,35.782));
#3453=CARTESIAN_POINT('',(-375.08,66.049,42.488));
#3454=CARTESIAN_POINT('',(-371.758,123.939,45.662));
#3455=CARTESIAN_POINT('',(-364.316,195.498,51.973));
#3456=CARTESIAN_POINT('',(-297.334,211.052,33.62));
#3457=CARTESIAN_POINT('',(-232.319,237.513,20.164));
#3458=CARTESIAN_POINT('',(-246.01,316.157,23.53));
#3459=CARTESIAN_POINT('',(-252.956,379.436,21.827));
#3460=CARTESIAN_POINT('',(-260.504,451.356,21.804));
#3461=CARTESIAN_POINT('',(-260.994,519.734,17.699));
#3462=CARTESIAN_POINT('',(-264.791,589.708,16.358));
#3463=CARTESIAN_POINT('',(-264.069,658.628,15.166));
#3464=CARTESIAN_POINT('',(-261.55,728.13,13.675));
#3465=CARTESIAN_POINT('',(-263.762,797.553,14.5));
#3466=CARTESIAN_POINT('',(-255.296,869.532,24.818));
#3467=CARTESIAN_POINT('',(-256.067,935.107,46.442));
#3468=CARTESIAN_POINT('',(-241.387,1003.058,68.796));
#3469=CARTESIAN_POINT('',(-210.191,1038.287,75.819));
#3470=CARTESIAN_POINT('',(-193.489,1054.111,79.594));
#3471=CARTESIAN_POINT('',(-385.34,-305.762,-21.066));
#3472=CARTESIAN_POINT('',(-374.631,-291.847,-14.353));
#3473=CARTESIAN_POINT('',(-376.012,-256.399,6.009));
#3474=CARTESIAN_POINT('',(-378.462,-204.427,24.593));
#3475=CARTESIAN_POINT('',(-383.67,-147.185,43.556));
#3476=CARTESIAN_POINT('',(-377.933,-88.453,57.508));
#3477=CARTESIAN_POINT('',(-376.155,-29.46,67.365));
#3478=CARTESIAN_POINT('',(-373.518,35.202,76.583));
#3479=CARTESIAN_POINT('',(-365.94,93.305,80.045));
#3480=CARTESIAN_POINT('',(-367.162,166.999,89.195));
#3481=CARTESIAN_POINT('',(-317.716,206.094,77.034));
#3482=CARTESIAN_POINT('',(-235.006,209.895,54.));
#3483=CARTESIAN_POINT('',(-240.954,294.647,58.427));
#3484=CARTESIAN_POINT('',(-250.759,356.325,57.76));
#3485=CARTESIAN_POINT('',(-257.768,428.927,58.137));
#3486=CARTESIAN_POINT('',(-262.162,497.437,57.982));
#3487=CARTESIAN_POINT('',(-261.493,567.975,56.96));
#3488=CARTESIAN_POINT('',(-264.445,637.28,57.669));
#3489=CARTESIAN_POINT('',(-259.732,706.427,56.819));
#3490=CARTESIAN_POINT('',(-262.354,777.453,61.565));
#3491=CARTESIAN_POINT('',(-250.139,843.72,64.831));
#3492=CARTESIAN_POINT('',(-224.132,910.304,70.363));
#3493=CARTESIAN_POINT('',(-235.053,957.473,131.175));
#3494=CARTESIAN_POINT('',(-200.468,1002.305,132.095));
#3495=CARTESIAN_POINT('',(-184.219,1019.19,135.945));
#3496=CARTESIAN_POINT('',(-366.901,-352.578,8.21));
#3497=CARTESIAN_POINT('',(-375.938,-330.641,18.639));
#3498=CARTESIAN_POINT('',(-378.295,-299.71,32.944));
#3499=CARTESIAN_POINT('',(-382.473,-241.216,56.564));
#3500=CARTESIAN_POINT('',(-381.238,-184.418,73.266));
#3501=CARTESIAN_POINT('',(-380.345,-123.532,89.197));
#3502=CARTESIAN_POINT('',(-374.443,-62.184,99.931));
#3503=CARTESIAN_POINT('',(-369.377,0.83,109.488));
#3504=CARTESIAN_POINT('',(-360.598,64.368,113.899));
#3505=CARTESIAN_POINT('',(-357.511,128.967,121.735));
#3506=CARTESIAN_POINT('',(-337.347,197.923,122.152));
#3507=CARTESIAN_POINT('',(-245.974,191.638,90.091));
#3508=CARTESIAN_POINT('',(-233.079,266.726,92.513));
#3509=CARTESIAN_POINT('',(-248.783,334.212,92.742));
#3510=CARTESIAN_POINT('',(-253.518,403.925,95.199));
#3511=CARTESIAN_POINT('',(-261.133,473.952,96.093));
#3512=CARTESIAN_POINT('',(-260.48,544.119,97.824));
#3513=CARTESIAN_POINT('',(-262.396,613.247,98.398));
#3514=CARTESIAN_POINT('',(-259.612,683.549,102.787));
#3515=CARTESIAN_POINT('',(-256.807,751.992,100.115));
#3516=CARTESIAN_POINT('',(-246.801,823.924,116.317));
#3517=CARTESIAN_POINT('',(-186.614,867.976,71.47));
#3518=CARTESIAN_POINT('',(-169.989,934.645,97.677));
#3519=CARTESIAN_POINT('',(-160.87,948.696,148.412));
#3520=CARTESIAN_POINT('',(-149.312,966.443,152.246));
#3521=CARTESIAN_POINT('',(-396.84,-385.938,46.315));
#3522=CARTESIAN_POINT('',(-371.838,-378.049,51.796));
#3523=CARTESIAN_POINT('',(-383.534,-333.066,68.781));
#3524=CARTESIAN_POINT('',(-379.075,-282.123,87.589));
#3525=CARTESIAN_POINT('',(-382.939,-219.35,106.528));
#3526=CARTESIAN_POINT('',(-377.461,-160.177,121.052));
#3527=CARTESIAN_POINT('',(-372.985,-95.486,133.268));
#3528=CARTESIAN_POINT('',(-363.055,-34.738,141.317));
#3529=CARTESIAN_POINT('',(-356.926,34.159,149.101));
#3530=CARTESIAN_POINT('',(-342.368,91.267,150.936));
#3531=CARTESIAN_POINT('',(-342.717,173.303,161.322));
#3532=CARTESIAN_POINT('',(-262.675,183.373,131.593));
#3533=CARTESIAN_POINT('',(-225.073,232.893,122.981));
#3534=CARTESIAN_POINT('',(-247.239,313.082,129.346));
#3535=CARTESIAN_POINT('',(-248.413,376.817,130.306));
#3536=CARTESIAN_POINT('',(-259.521,449.645,134.677));
#3537=CARTESIAN_POINT('',(-258.868,517.842,136.33));
#3538=CARTESIAN_POINT('',(-261.391,588.157,140.434));
#3539=CARTESIAN_POINT('',(-257.056,657.009,141.473));
#3540=CARTESIAN_POINT('',(-258.685,727.62,149.673));
#3541=CARTESIAN_POINT('',(-230.538,795.457,147.646));
#3542=CARTESIAN_POINT('',(-179.29,835.094,128.063));
#3543=CARTESIAN_POINT('',(-131.557,872.643,81.185));
#3544=CARTESIAN_POINT('',(-111.835,919.618,97.943));
#3545=CARTESIAN_POINT('',(-105.289,929.365,117.997));
#3546=CARTESIAN_POINT('',(-430.196,-409.909,85.178));
#3547=CARTESIAN_POINT('',(-417.789,-399.439,91.038));
#3548=CARTESIAN_POINT('',(-364.824,-382.304,100.2));
#3549=CARTESIAN_POINT('',(-386.702,-313.52,122.848));
#3550=CARTESIAN_POINT('',(-376.392,-258.353,138.757));
#3551=CARTESIAN_POINT('',(-378.449,-193.499,155.656));
#3552=CARTESIAN_POINT('',(-366.554,-130.827,166.914));
#3553=CARTESIAN_POINT('',(-357.449,-68.272,174.272));
#3554=CARTESIAN_POINT('',(-347.462,-0.601,181.722));
#3555=CARTESIAN_POINT('',(-332.713,58.763,182.466));
#3556=CARTESIAN_POINT('',(-335.302,138.629,194.78));
#3557=CARTESIAN_POINT('',(-290.703,181.238,178.994));
#3558=CARTESIAN_POINT('',(-212.948,199.405,152.201));
#3559=CARTESIAN_POINT('',(-245.395,290.129,164.629));
#3560=CARTESIAN_POINT('',(-244.827,348.792,164.478));
#3561=CARTESIAN_POINT('',(-256.785,424.137,172.642));
#3562=CARTESIAN_POINT('',(-257.527,490.089,175.153));
#3563=CARTESIAN_POINT('',(-260.946,561.855,180.85));
#3564=CARTESIAN_POINT('',(-255.564,628.597,184.037));
#3565=CARTESIAN_POINT('',(-258.434,702.202,192.216));
#3566=CARTESIAN_POINT('',(-217.344,759.782,188.54));
#3567=CARTESIAN_POINT('',(-163.95,800.472,159.521));
#3568=CARTESIAN_POINT('',(-123.105,837.944,147.896));
#3569=CARTESIAN_POINT('',(-83.777,848.411,113.671));
#3570=CARTESIAN_POINT('',(-72.754,868.441,116.151));
#3571=CARTESIAN_POINT('',(-429.106,-455.776,123.049));
#3572=CARTESIAN_POINT('',(-441.141,-426.261,134.124));
#3573=CARTESIAN_POINT('',(-394.923,-409.936,139.903));
#3574=CARTESIAN_POINT('',(-363.078,-357.254,155.453));
#3575=CARTESIAN_POINT('',(-381.835,-290.558,175.562));
#3576=CARTESIAN_POINT('',(-367.181,-229.77,189.144));
#3577=CARTESIAN_POINT('',(-362.683,-164.915,201.06));
#3578=CARTESIAN_POINT('',(-347.36,-101.026,208.386));
#3579=CARTESIAN_POINT('',(-335.978,-38.053,213.502));
#3580=CARTESIAN_POINT('',(-327.484,31.158,218.763));
#3581=CARTESIAN_POINT('',(-310.62,90.55,219.409));
#3582=CARTESIAN_POINT('',(-310.29,173.9,228.388));
#3583=CARTESIAN_POINT('',(-215.836,177.849,184.502));
#3584=CARTESIAN_POINT('',(-230.771,260.656,194.772));
#3585=CARTESIAN_POINT('',(-245.078,323.513,200.097));
#3586=CARTESIAN_POINT('',(-253.147,395.687,207.826));
#3587=CARTESIAN_POINT('',(-255.695,462.553,213.414));
#3588=CARTESIAN_POINT('',(-261.577,533.378,220.95));
#3589=CARTESIAN_POINT('',(-254.517,599.477,223.63));
#3590=CARTESIAN_POINT('',(-257.222,673.103,237.77));
#3591=CARTESIAN_POINT('',(-204.639,723.263,225.823));
#3592=CARTESIAN_POINT('',(-155.062,760.053,207.496));
#3593=CARTESIAN_POINT('',(-111.813,798.025,181.344));
#3594=CARTESIAN_POINT('',(-85.981,823.573,183.899));
#3595=CARTESIAN_POINT('',(-73.49,835.863,183.136));
#3596=CARTESIAN_POINT('',(-424.89,-494.203,159.28));
#3597=CARTESIAN_POINT('',(-413.926,-481.287,165.751));
#3598=CARTESIAN_POINT('',(-431.965,-429.678,187.707));
#3599=CARTESIAN_POINT('',(-363.98,-393.641,192.377));
#3600=CARTESIAN_POINT('',(-369.329,-325.909,210.151));
#3601=CARTESIAN_POINT('',(-362.46,-263.917,225.733));
#3602=CARTESIAN_POINT('',(-350.079,-199.448,235.387));
#3603=CARTESIAN_POINT('',(-338.732,-134.763,242.922));
#3604=CARTESIAN_POINT('',(-325.069,-72.022,247.076));
#3605=CARTESIAN_POINT('',(-317.117,-2.787,253.282));
#3606=CARTESIAN_POINT('',(-295.132,55.371,247.875));
#3607=CARTESIAN_POINT('',(-300.732,137.812,262.936));
#3608=CARTESIAN_POINT('',(-235.64,171.728,230.062));
#3609=CARTESIAN_POINT('',(-206.302,223.813,218.023));
#3610=CARTESIAN_POINT('',(-243.881,301.034,235.612));
#3611=CARTESIAN_POINT('',(-245.929,364.039,241.738));
#3612=CARTESIAN_POINT('',(-256.843,435.512,252.091));
#3613=CARTESIAN_POINT('',(-256.884,502.472,258.792));
#3614=CARTESIAN_POINT('',(-261.022,570.203,265.731));
#3615=CARTESIAN_POINT('',(-246.506,639.389,275.511));
#3616=CARTESIAN_POINT('',(-196.913,686.926,265.784));
#3617=CARTESIAN_POINT('',(-146.628,725.582,249.129));
#3618=CARTESIAN_POINT('',(-94.955,750.856,229.623));
#3619=CARTESIAN_POINT('',(-76.657,788.201,232.604));
#3620=CARTESIAN_POINT('',(-70.136,803.9,232.733));
#3621=CARTESIAN_POINT('',(-413.378,-534.57,197.516));
#3622=CARTESIAN_POINT('',(-404.835,-515.811,203.056));
#3623=CARTESIAN_POINT('',(-411.651,-476.665,224.836));
#3624=CARTESIAN_POINT('',(-379.151,-420.007,234.689));
#3625=CARTESIAN_POINT('',(-352.183,-363.554,244.821));
#3626=CARTESIAN_POINT('',(-356.066,-296.294,262.962));
#3627=CARTESIAN_POINT('',(-340.56,-233.275,271.248));
#3628=CARTESIAN_POINT('',(-328.788,-168.333,278.789));
#3629=CARTESIAN_POINT('',(-316.913,-103.797,283.591));
#3630=CARTESIAN_POINT('',(-302.181,-38.929,285.007));
#3631=CARTESIAN_POINT('',(-285.679,26.081,283.259));
#3632=CARTESIAN_POINT('',(-269.505,91.961,282.824));
#3633=CARTESIAN_POINT('',(-258.905,163.453,282.017));
#3634=CARTESIAN_POINT('',(-184.591,193.387,237.653));
#3635=CARTESIAN_POINT('',(-231.768,275.193,269.305));
#3636=CARTESIAN_POINT('',(-239.234,333.092,272.678));
#3637=CARTESIAN_POINT('',(-255.411,405.293,289.874));
#3638=CARTESIAN_POINT('',(-254.989,470.267,296.118));
#3639=CARTESIAN_POINT('',(-258.711,539.365,306.282));
#3640=CARTESIAN_POINT('',(-237.548,603.039,310.423));
#3641=CARTESIAN_POINT('',(-192.932,656.777,308.066));
#3642=CARTESIAN_POINT('',(-136.247,677.779,291.449));
#3643=CARTESIAN_POINT('',(-84.186,717.916,281.037));
#3644=CARTESIAN_POINT('',(-76.808,758.007,290.477));
#3645=CARTESIAN_POINT('',(-66.616,772.51,290.973));
#3646=CARTESIAN_POINT('',(-396.329,-571.977,235.414));
#3647=CARTESIAN_POINT('',(-392.688,-553.427,242.944));
#3648=CARTESIAN_POINT('',(-383.629,-515.029,255.168));
#3649=CARTESIAN_POINT('',(-384.075,-453.34,280.755));
#3650=CARTESIAN_POINT('',(-337.624,-397.263,280.518));
#3651=CARTESIAN_POINT('',(-346.268,-329.525,301.393));
#3652=CARTESIAN_POINT('',(-327.771,-265.848,308.5));
#3653=CARTESIAN_POINT('',(-317.713,-200.89,315.151));
#3654=CARTESIAN_POINT('',(-299.41,-136.676,317.388));
#3655=CARTESIAN_POINT('',(-284.057,-72.919,316.297));
#3656=CARTESIAN_POINT('',(-270.868,-6.753,314.354));
#3657=CARTESIAN_POINT('',(-248.899,55.566,307.119));
#3658=CARTESIAN_POINT('',(-244.932,129.998,316.991));
#3659=CARTESIAN_POINT('',(-187.026,176.488,273.327));
#3660=CARTESIAN_POINT('',(-202.335,242.716,286.412));
#3661=CARTESIAN_POINT('',(-232.365,305.222,310.349));
#3662=CARTESIAN_POINT('',(-246.76,372.106,322.809));
#3663=CARTESIAN_POINT('',(-254.426,436.888,335.675));
#3664=CARTESIAN_POINT('',(-257.297,507.517,346.528));
#3665=CARTESIAN_POINT('',(-227.127,567.451,347.521));
#3666=CARTESIAN_POINT('',(-191.475,624.827,340.159));
#3667=CARTESIAN_POINT('',(-149.122,673.038,349.455));
#3668=CARTESIAN_POINT('',(-80.051,676.889,344.165));
#3669=CARTESIAN_POINT('',(-81.779,742.536,352.539));
#3670=CARTESIAN_POINT('',(-68.655,750.233,352.229));
#3671=CARTESIAN_POINT('',(-376.181,-608.403,273.872));
#3672=CARTESIAN_POINT('',(-381.451,-588.526,285.206));
#3673=CARTESIAN_POINT('',(-352.579,-550.882,288.203));
#3674=CARTESIAN_POINT('',(-371.529,-486.534,320.471));
#3675=CARTESIAN_POINT('',(-339.811,-426.351,323.94));
#3676=CARTESIAN_POINT('',(-325.085,-362.663,335.178));
#3677=CARTESIAN_POINT('',(-316.045,-297.089,344.86));
#3678=CARTESIAN_POINT('',(-296.334,-233.676,347.817));
#3679=CARTESIAN_POINT('',(-280.147,-169.537,348.329));
#3680=CARTESIAN_POINT('',(-262.659,-105.819,345.641));
#3681=CARTESIAN_POINT('',(-248.51,-40.788,343.391));
#3682=CARTESIAN_POINT('',(-231.124,23.907,335.801));
#3683=CARTESIAN_POINT('',(-225.29,91.923,334.713));
#3684=CARTESIAN_POINT('',(-186.147,154.982,315.112));
#3685=CARTESIAN_POINT('',(-173.355,213.673,301.593));
#3686=CARTESIAN_POINT('',(-215.019,277.901,338.517));
#3687=CARTESIAN_POINT('',(-229.486,336.669,358.51));
#3688=CARTESIAN_POINT('',(-248.615,404.507,377.202));
#3689=CARTESIAN_POINT('',(-240.843,470.665,389.133));
#3690=CARTESIAN_POINT('',(-213.856,535.843,378.631));
#3691=CARTESIAN_POINT('',(-178.867,586.011,377.605));
#3692=CARTESIAN_POINT('',(-192.816,668.618,406.1));
#3693=CARTESIAN_POINT('',(-101.654,686.308,397.995));
#3694=CARTESIAN_POINT('',(-76.885,702.547,403.113));
#3695=CARTESIAN_POINT('',(-65.558,726.036,405.615));
#3696=CARTESIAN_POINT('',(-357.858,-641.926,312.012));
#3697=CARTESIAN_POINT('',(-357.697,-622.296,320.742));
#3698=CARTESIAN_POINT('',(-350.339,-581.726,329.345));
#3699=CARTESIAN_POINT('',(-336.834,-519.542,347.827));
#3700=CARTESIAN_POINT('',(-329.618,-456.144,363.439));
#3701=CARTESIAN_POINT('',(-305.173,-392.972,369.284));
#3702=CARTESIAN_POINT('',(-295.227,-328.424,378.272));
#3703=CARTESIAN_POINT('',(-273.762,-265.509,377.831));
#3704=CARTESIAN_POINT('',(-256.798,-201.846,377.503));
#3705=CARTESIAN_POINT('',(-241.612,-138.187,373.471));
#3706=CARTESIAN_POINT('',(-224.908,-73.402,369.04));
#3707=CARTESIAN_POINT('',(-210.771,-8.422,364.084));
#3708=CARTESIAN_POINT('',(-194.559,59.394,356.037));
#3709=CARTESIAN_POINT('',(-184.816,123.079,343.757));
#3710=CARTESIAN_POINT('',(-143.233,190.642,319.529));
#3711=CARTESIAN_POINT('',(-193.122,244.523,363.213));
#3712=CARTESIAN_POINT('',(-205.238,305.87,381.812));
#3713=CARTESIAN_POINT('',(-236.191,365.651,421.33));
#3714=CARTESIAN_POINT('',(-216.159,437.705,418.212));
#3715=CARTESIAN_POINT('',(-202.148,497.768,427.594));
#3716=CARTESIAN_POINT('',(-152.274,558.572,374.414));
#3717=CARTESIAN_POINT('',(-158.183,605.756,445.853));
#3718=CARTESIAN_POINT('',(-139.708,671.044,464.569));
#3719=CARTESIAN_POINT('',(-92.333,697.99,469.112));
#3720=CARTESIAN_POINT('',(-78.293,710.657,473.445));
#3721=CARTESIAN_POINT('',(-334.935,-670.617,351.708));
#3722=CARTESIAN_POINT('',(-333.193,-649.815,355.651));
#3723=CARTESIAN_POINT('',(-328.979,-609.695,369.167));
#3724=CARTESIAN_POINT('',(-312.741,-547.281,375.352));
#3725=CARTESIAN_POINT('',(-305.448,-485.162,398.156));
#3726=CARTESIAN_POINT('',(-285.884,-422.098,404.072));
#3727=CARTESIAN_POINT('',(-271.877,-358.179,412.524));
#3728=CARTESIAN_POINT('',(-249.005,-296.555,408.804));
#3729=CARTESIAN_POINT('',(-232.549,-232.78,406.506));
#3730=CARTESIAN_POINT('',(-216.168,-169.412,401.754));
#3731=CARTESIAN_POINT('',(-200.518,-105.024,393.673));
#3732=CARTESIAN_POINT('',(-187.846,-40.152,388.225));
#3733=CARTESIAN_POINT('',(-168.474,26.845,373.201));
#3734=CARTESIAN_POINT('',(-162.258,92.803,371.025));
#3735=CARTESIAN_POINT('',(-130.854,161.878,331.974));
#3736=CARTESIAN_POINT('',(-148.197,222.795,372.895));
#3737=CARTESIAN_POINT('',(-183.641,266.741,411.779));
#3738=CARTESIAN_POINT('',(-204.532,331.956,447.278));
#3739=CARTESIAN_POINT('',(-199.863,397.973,461.57));
#3740=CARTESIAN_POINT('',(-168.605,466.875,447.334));
#3741=CARTESIAN_POINT('',(-149.279,521.846,436.348));
#3742=CARTESIAN_POINT('',(-102.671,579.308,374.006));
#3743=CARTESIAN_POINT('',(-93.899,612.62,486.399));
#3744=CARTESIAN_POINT('',(-63.507,638.217,464.218));
#3745=CARTESIAN_POINT('',(-51.999,655.019,489.829));
#3746=CARTESIAN_POINT('',(-307.528,-693.73,384.669));
#3747=CARTESIAN_POINT('',(-305.866,-674.59,388.129));
#3748=CARTESIAN_POINT('',(-306.539,-634.444,400.857));
#3749=CARTESIAN_POINT('',(-284.937,-573.521,410.574));
#3750=CARTESIAN_POINT('',(-274.536,-512.474,423.397));
#3751=CARTESIAN_POINT('',(-259.955,-450.72,437.842));
#3752=CARTESIAN_POINT('',(-242.991,-388.114,441.945));
#3753=CARTESIAN_POINT('',(-222.957,-326.186,439.529));
#3754=CARTESIAN_POINT('',(-203.686,-263.777,433.216));
#3755=CARTESIAN_POINT('',(-189.18,-199.626,427.096));
#3756=CARTESIAN_POINT('',(-172.743,-135.741,417.257));
#3757=CARTESIAN_POINT('',(-158.774,-70.235,409.337));
#3758=CARTESIAN_POINT('',(-145.051,-4.756,393.557));
#3759=CARTESIAN_POINT('',(-132.851,64.08,387.619));
#3760=CARTESIAN_POINT('',(-118.331,130.013,356.662));
#3761=CARTESIAN_POINT('',(-108.144,201.649,361.227));
#3762=CARTESIAN_POINT('',(-139.778,246.488,423.902));
#3763=CARTESIAN_POINT('',(-164.407,291.539,464.201));
#3764=CARTESIAN_POINT('',(-172.478,365.16,501.319));
#3765=CARTESIAN_POINT('',(-138.748,423.008,463.118));
#3766=CARTESIAN_POINT('',(-125.411,501.311,480.061));
#3767=CARTESIAN_POINT('',(-91.148,532.333,417.783));
#3768=CARTESIAN_POINT('',(-55.892,590.121,391.23));
#3769=CARTESIAN_POINT('',(-40.264,609.689,464.263));
#3770=CARTESIAN_POINT('',(-22.682,613.523,452.922));
#3771=CARTESIAN_POINT('',(-274.407,-713.249,411.515));
#3772=CARTESIAN_POINT('',(-279.264,-694.182,420.493));
#3773=CARTESIAN_POINT('',(-272.497,-655.409,425.845));
#3774=CARTESIAN_POINT('',(-262.857,-597.663,443.167));
#3775=CARTESIAN_POINT('',(-241.943,-539.443,452.392));
#3776=CARTESIAN_POINT('',(-230.131,-478.807,465.384));
#3777=CARTESIAN_POINT('',(-211.016,-418.061,470.802));
#3778=CARTESIAN_POINT('',(-191.546,-356.402,465.884));
#3779=CARTESIAN_POINT('',(-172.671,-293.882,458.803));
#3780=CARTESIAN_POINT('',(-158.153,-229.078,450.242));
#3781=CARTESIAN_POINT('',(-142.702,-166.14,438.268));
#3782=CARTESIAN_POINT('',(-130.319,-99.136,427.715));
#3783=CARTESIAN_POINT('',(-116.722,-34.518,412.706));
#3784=CARTESIAN_POINT('',(-105.444,36.878,400.485));
#3785=CARTESIAN_POINT('',(-93.797,101.04,383.181));
#3786=CARTESIAN_POINT('',(-82.227,175.723,349.545));
#3787=CARTESIAN_POINT('',(-96.376,224.225,422.896));
#3788=CARTESIAN_POINT('',(-113.767,272.6,461.352));
#3789=CARTESIAN_POINT('',(-127.831,320.842,517.49));
#3790=CARTESIAN_POINT('',(-111.563,400.435,505.625));
#3791=CARTESIAN_POINT('',(-88.282,446.747,475.731));
#3792=CARTESIAN_POINT('',(-73.728,531.227,488.271));
#3793=CARTESIAN_POINT('',(-34.158,526.284,406.533));
#3794=CARTESIAN_POINT('',(-13.848,573.782,415.894));
#3795=CARTESIAN_POINT('',(-4.326,578.097,434.697));
#3796=CARTESIAN_POINT('',(-240.73,-728.954,433.834));
#3797=CARTESIAN_POINT('',(-241.733,-712.929,441.263));
#3798=CARTESIAN_POINT('',(-245.212,-678.732,458.522));
#3799=CARTESIAN_POINT('',(-223.713,-623.537,465.891));
#3800=CARTESIAN_POINT('',(-211.528,-567.965,478.258));
#3801=CARTESIAN_POINT('',(-192.422,-509.519,489.892));
#3802=CARTESIAN_POINT('',(-179.159,-448.008,498.09));
#3803=CARTESIAN_POINT('',(-156.377,-386.483,490.438));
#3804=CARTESIAN_POINT('',(-139.996,-322.76,482.399));
#3805=CARTESIAN_POINT('',(-123.823,-257.821,470.38));
#3806=CARTESIAN_POINT('',(-111.623,-193.751,459.767));
#3807=CARTESIAN_POINT('',(-97.681,-128.494,442.535));
#3808=CARTESIAN_POINT('',(-89.233,-60.955,436.097));
#3809=CARTESIAN_POINT('',(-74.729,6.137,403.659));
#3810=CARTESIAN_POINT('',(-70.405,74.312,410.388));
#3811=CARTESIAN_POINT('',(-54.073,150.16,347.111));
#3812=CARTESIAN_POINT('',(-62.136,204.566,405.639));
#3813=CARTESIAN_POINT('',(-68.835,247.645,457.601));
#3814=CARTESIAN_POINT('',(-80.085,296.551,514.824));
#3815=CARTESIAN_POINT('',(-70.829,359.765,523.19));
#3816=CARTESIAN_POINT('',(-57.785,429.512,517.896));
#3817=CARTESIAN_POINT('',(-35.689,470.205,479.038));
#3818=CARTESIAN_POINT('',(-28.986,547.476,492.533));
#3819=CARTESIAN_POINT('',(-0.779,520.256,431.432));
#3820=CARTESIAN_POINT('',(11.309,540.011,424.205));
#3821=CARTESIAN_POINT('',(-219.763,-737.996,442.566));
#3822=CARTESIAN_POINT('',(-224.143,-721.621,448.189));
#3823=CARTESIAN_POINT('',(-222.811,-690.066,473.773));
#3824=CARTESIAN_POINT('',(-203.996,-641.401,478.297));
#3825=CARTESIAN_POINT('',(-185.739,-587.408,490.278));
#3826=CARTESIAN_POINT('',(-167.596,-530.874,503.613));
#3827=CARTESIAN_POINT('',(-154.424,-468.947,515.483));
#3828=CARTESIAN_POINT('',(-132.638,-406.693,505.324));
#3829=CARTESIAN_POINT('',(-115.982,-342.208,496.59));
#3830=CARTESIAN_POINT('',(-100.891,-276.478,483.468));
#3831=CARTESIAN_POINT('',(-88.578,-211.653,472.09));
#3832=CARTESIAN_POINT('',(-74.866,-147.519,449.382));
#3833=CARTESIAN_POINT('',(-66.072,-78.517,440.081));
#3834=CARTESIAN_POINT('',(-56.87,-13.593,417.944));
#3835=CARTESIAN_POINT('',(-48.435,57.521,408.077));
#3836=CARTESIAN_POINT('',(-40.337,130.194,367.806));
#3837=CARTESIAN_POINT('',(-37.81,196.01,381.441));
#3838=CARTESIAN_POINT('',(-46.454,230.985,458.475));
#3839=CARTESIAN_POINT('',(-47.077,282.592,501.495));
#3840=CARTESIAN_POINT('',(-44.944,338.758,535.77));
#3841=CARTESIAN_POINT('',(-27.134,405.34,515.413));
#3842=CARTESIAN_POINT('',(-15.639,461.05,510.069));
#3843=CARTESIAN_POINT('',(3.143,499.884,474.578));
#3844=CARTESIAN_POINT('',(3.295,539.152,471.44));
#3845=CARTESIAN_POINT('',(18.935,530.457,464.342));
#3846=CARTESIAN_POINT('',(-212.415,-732.86,451.305));
#3847=CARTESIAN_POINT('',(-213.886,-721.473,456.02));
#3848=CARTESIAN_POINT('',(-208.589,-697.07,477.052));
#3849=CARTESIAN_POINT('',(-189.55,-649.856,486.021));
#3850=CARTESIAN_POINT('',(-173.258,-597.422,494.7));
#3851=CARTESIAN_POINT('',(-154.848,-541.581,509.214));
#3852=CARTESIAN_POINT('',(-139.603,-479.764,518.36));
#3853=CARTESIAN_POINT('',(-120.503,-417.048,513.782));
#3854=CARTESIAN_POINT('',(-103.201,-352.033,502.192));
#3855=CARTESIAN_POINT('',(-88.901,-286.672,489.048));
#3856=CARTESIAN_POINT('',(-76.474,-220.118,478.771));
#3857=CARTESIAN_POINT('',(-63.899,-158.098,449.423));
#3858=CARTESIAN_POINT('',(-55.041,-87.664,440.751));
#3859=CARTESIAN_POINT('',(-46.627,-22.692,422.202));
#3860=CARTESIAN_POINT('',(-39.385,48.994,408.477));
#3861=CARTESIAN_POINT('',(-31.156,119.899,375.145));
#3862=CARTESIAN_POINT('',(-28.648,190.45,372.184));
#3863=CARTESIAN_POINT('',(-34.017,224.121,456.655));
#3864=CARTESIAN_POINT('',(-33.36,275.443,493.318));
#3865=CARTESIAN_POINT('',(-29.45,329.104,538.23));
#3866=CARTESIAN_POINT('',(-14.646,395.841,517.932));
#3867=CARTESIAN_POINT('',(-1.641,449.597,514.337));
#3868=CARTESIAN_POINT('',(12.533,499.63,481.782));
#3869=CARTESIAN_POINT('',(16.325,523.373,480.638));
#3870=CARTESIAN_POINT('',(21.422,524.648,469.916));
#3871=CARTESIAN_POINT('',(-49.128,-257.966,-365.907));
#3872=CARTESIAN_POINT('',(218.54,339.333,-335.935));
#3873=CARTESIAN_POINT('',(380.416,60.025,53.447));
#3874=CARTESIAN_POINT('',(433.034,-843.216,-242.725));
#3875=CARTESIAN_POINT('',(-422.167,-33.07,-198.709));
#3876=CARTESIAN_POINT('',(-212.415,-732.86,451.305));
#3877=CARTESIAN_POINT('',(-235.32,1078.45,-296.074));
#3878=CARTESIAN_POINT('',(21.422,524.648,469.916));
#3879=CARTESIAN_POINT('',(-49.128,-257.966,-365.907));
#3880=CARTESIAN_POINT('',(-45.147,-251.966,-366.115));
#3881=CARTESIAN_POINT('',(-35.657,-236.995,-366.222));
#3882=CARTESIAN_POINT('',(-23.019,-215.056,-366.572));
#3883=CARTESIAN_POINT('',(-6.724,-192.128,-366.762));
#3884=CARTESIAN_POINT('',(10.269,-166.089,-368.083));
#3885=CARTESIAN_POINT('',(25.09,-135.831,-369.704));
#3886=CARTESIAN_POINT('',(35.643,-107.532,-369.835));
#3887=CARTESIAN_POINT('',(54.226,-79.01,-370.1));
#3888=CARTESIAN_POINT('',(68.416,-47.065,-369.474));
#3889=CARTESIAN_POINT('',(81.988,-14.646,-368.253));
#3890=CARTESIAN_POINT('',(95.523,17.014,-367.691));
#3891=CARTESIAN_POINT('',(107.988,51.559,-366.877));
#3892=CARTESIAN_POINT('',(119.939,89.714,-365.96));
#3893=CARTESIAN_POINT('',(134.678,124.281,-364.302));
#3894=CARTESIAN_POINT('',(146.865,154.851,-363.183));
#3895=CARTESIAN_POINT('',(157.976,184.66,-362.533));
#3896=CARTESIAN_POINT('',(173.375,213.298,-362.081));
#3897=CARTESIAN_POINT('',(182.361,236.319,-360.761));
#3898=CARTESIAN_POINT('',(196.1,256.024,-359.222));
#3899=CARTESIAN_POINT('',(202.179,276.34,-357.751));
#3900=CARTESIAN_POINT('',(207.637,301.761,-355.317));
#3901=CARTESIAN_POINT('',(213.446,323.699,-350.209));
#3902=CARTESIAN_POINT('',(216.294,334.668,-341.194));
#3903=CARTESIAN_POINT('',(218.54,339.333,-335.935));
#3904=CARTESIAN_POINT('',(218.54,339.333,-335.935));
#3905=CARTESIAN_POINT('',(223.279,340.074,-332.189));
#3906=CARTESIAN_POINT('',(231.637,338.062,-326.166));
#3907=CARTESIAN_POINT('',(245.049,333.322,-314.152));
#3908=CARTESIAN_POINT('',(256.248,323.814,-303.204));
#3909=CARTESIAN_POINT('',(262.685,316.969,-286.736));
#3910=CARTESIAN_POINT('',(282.472,304.795,-275.431));
#3911=CARTESIAN_POINT('',(296.658,297.89,-262.598));
#3912=CARTESIAN_POINT('',(307.619,290.531,-245.664));
#3913=CARTESIAN_POINT('',(318.803,282.998,-227.395));
#3914=CARTESIAN_POINT('',(325.623,276.109,-207.74));
#3915=CARTESIAN_POINT('',(336.657,268.514,-186.192));
#3916=CARTESIAN_POINT('',(356.58,258.855,-168.444));
#3917=CARTESIAN_POINT('',(370.788,248.416,-146.106));
#3918=CARTESIAN_POINT('',(382.384,238.646,-123.609));
#3919=CARTESIAN_POINT('',(394.847,222.262,-99.472));
#3920=CARTESIAN_POINT('',(387.756,198.526,-82.555));
#3921=CARTESIAN_POINT('',(385.067,172.914,-66.258));
#3922=CARTESIAN_POINT('',(378.624,149.745,-47.732));
#3923=CARTESIAN_POINT('',(374.919,128.937,-29.219));
#3924=CARTESIAN_POINT('',(375.668,109.104,-9.411));
#3925=CARTESIAN_POINT('',(377.734,92.561,12.461));
#3926=CARTESIAN_POINT('',(379.41,77.326,34.043));
#3927=CARTESIAN_POINT('',(380.204,62.947,46.637));
#3928=CARTESIAN_POINT('',(380.416,60.025,53.447));
#3929=CARTESIAN_POINT('',(380.416,60.025,53.447));
#3930=CARTESIAN_POINT('',(380.041,51.761,48.812));
#3931=CARTESIAN_POINT('',(379.375,30.629,48.832));
#3932=CARTESIAN_POINT('',(379.271,4.77299999999999,47.2));
#3933=CARTESIAN_POINT('',(378.38,-28.791,41.053));
#3934=CARTESIAN_POINT('',(376.613,-63.247,37.725));
#3935=CARTESIAN_POINT('',(373.883,-101.712,30.859));
#3936=CARTESIAN_POINT('',(373.368,-143.568,23.029));
#3937=CARTESIAN_POINT('',(377.072,-188.177,15.365));
#3938=CARTESIAN_POINT('',(380.281,-234.09,4.00100000000001));
#3939=CARTESIAN_POINT('',(399.859,-278.479,3.32500000000001));
#3940=CARTESIAN_POINT('',(415.839,-323.308,-2.91699999999999));
#3941=CARTESIAN_POINT('',(435.047,-366.404,-10.618));
#3942=CARTESIAN_POINT('',(447.42,-412.187,-22.291));
#3943=CARTESIAN_POINT('',(451.211,-459.941,-34.136));
#3944=CARTESIAN_POINT('',(457.658,-507.97,-49.734));
#3945=CARTESIAN_POINT('',(457.313,-555.996,-67.058));
#3946=CARTESIAN_POINT('',(456.362,-603.446,-87.707));
#3947=CARTESIAN_POINT('',(437.958,-648.208,-108.867));
#3948=CARTESIAN_POINT('',(432.553,-693.375,-134.816));
#3949=CARTESIAN_POINT('',(441.719,-736.476,-162.462));
#3950=CARTESIAN_POINT('',(443.59,-775.155,-191.772));
#3951=CARTESIAN_POINT('',(442.744,-812.378,-219.997));
#3952=CARTESIAN_POINT('',(434.766,-834.571,-234.157));
#3953=CARTESIAN_POINT('',(433.034,-843.216,-242.725));
#3954=CARTESIAN_POINT('',(433.034,-843.216,-242.725));
#3955=CARTESIAN_POINT('',(432.344,-844.022,-256.741));
#3956=CARTESIAN_POINT('',(431.862,-845.043,-277.498));
#3957=CARTESIAN_POINT('',(423.822,-842.828,-325.588));
#3958=CARTESIAN_POINT('',(396.402,-827.698,-370.355));
#3959=CARTESIAN_POINT('',(347.45,-803.857,-387.231));
#3960=CARTESIAN_POINT('',(305.031,-777.243,-393.424));
#3961=CARTESIAN_POINT('',(264.221,-748.388,-395.777));
#3962=CARTESIAN_POINT('',(227.844,-718.576,-394.937));
#3963=CARTESIAN_POINT('',(192.68,-687.966,-393.079));
#3964=CARTESIAN_POINT('',(163.498,-658.365,-389.028));
#3965=CARTESIAN_POINT('',(136.194,-626.742,-384.25));
#3966=CARTESIAN_POINT('',(112.001,-595.605,-378.505));
#3967=CARTESIAN_POINT('',(88.76,-563.523,-372.808));
#3968=CARTESIAN_POINT('',(68.149,-530.905,-364.285));
#3969=CARTESIAN_POINT('',(49.074,-499.855,-356.226));
#3970=CARTESIAN_POINT('',(29.958,-469.842,-346.213));
#3971=CARTESIAN_POINT('',(16.898,-435.502,-342.072));
#3972=CARTESIAN_POINT('',(3.18199999999999,-400.132,-347.09));
#3973=CARTESIAN_POINT('',(-6.10200000000001,-367.579,-352.056));
#3974=CARTESIAN_POINT('',(-14.27,-335.765,-357.854));
#3975=CARTESIAN_POINT('',(-26.401,-308.054,-360.703));
#3976=CARTESIAN_POINT('',(-36.235,-280.89,-363.89));
#3977=CARTESIAN_POINT('',(-44.984,-266.002,-365.093));
#3978=CARTESIAN_POINT('',(-49.128,-257.966,-365.907));
#3979=CARTESIAN_POINT('',(-422.167,-33.07,-198.709));
#3980=CARTESIAN_POINT('',(-422.657,-34.115,-205.79));
#3981=CARTESIAN_POINT('',(-423.06,-38.559,-223.754));
#3982=CARTESIAN_POINT('',(-424.532,-59.94,-242.452));
#3983=CARTESIAN_POINT('',(-425.723,-77.923,-264.886));
#3984=CARTESIAN_POINT('',(-426.377,-98.304,-287.415));
#3985=CARTESIAN_POINT('',(-428.545,-119.21,-309.636));
#3986=CARTESIAN_POINT('',(-421.417,-135.904,-333.342));
#3987=CARTESIAN_POINT('',(-405.336,-150.516,-350.98));
#3988=CARTESIAN_POINT('',(-382.729,-167.623,-358.703));
#3989=CARTESIAN_POINT('',(-359.478,-188.85,-361.837));
#3990=CARTESIAN_POINT('',(-334.984,-201.161,-362.615));
#3991=CARTESIAN_POINT('',(-310.517,-214.815,-362.718));
#3992=CARTESIAN_POINT('',(-286.458,-227.287,-361.871));
#3993=CARTESIAN_POINT('',(-260.996,-231.981,-361.836));
#3994=CARTESIAN_POINT('',(-236.754,-237.569,-362.268));
#3995=CARTESIAN_POINT('',(-212.873,-243.044,-362.668));
#3996=CARTESIAN_POINT('',(-188.914,-247.986,-363.6));
#3997=CARTESIAN_POINT('',(-164.784,-250.385,-365.094));
#3998=CARTESIAN_POINT('',(-141.311,-251.33,-366.163));
#3999=CARTESIAN_POINT('',(-116.526,-255.236,-367.103));
#4000=CARTESIAN_POINT('',(-93.046,-261.108,-367.164));
#4001=CARTESIAN_POINT('',(-68.929,-262.384,-366.518));
#4002=CARTESIAN_POINT('',(-56.105,-258.333,-366.3));
#4003=CARTESIAN_POINT('',(-49.128,-257.966,-365.907));
#4004=CARTESIAN_POINT('',(433.034,-843.216,-242.725));
#4005=CARTESIAN_POINT('',(432.099,-848.906,-238.035));
#4006=CARTESIAN_POINT('',(425.292,-871.784,-220.014));
#4007=CARTESIAN_POINT('',(392.28,-879.913,-185.576));
#4008=CARTESIAN_POINT('',(360.953,-879.308,-150.937));
#4009=CARTESIAN_POINT('',(329.597,-878.278,-115.065));
#4010=CARTESIAN_POINT('',(299.474,-872.9,-78.805));
#4011=CARTESIAN_POINT('',(269.548,-852.395,-40.133));
#4012=CARTESIAN_POINT('',(235.74,-860.55,-0.368999999999999));
#4013=CARTESIAN_POINT('',(205.872,-865.067,40.983));
#4014=CARTESIAN_POINT('',(176.373,-866.777,81.459));
#4015=CARTESIAN_POINT('',(144.21,-843.583,123.946));
#4016=CARTESIAN_POINT('',(121.196,-882.916,170.054));
#4017=CARTESIAN_POINT('',(87.999,-869.344,211.955));
#4018=CARTESIAN_POINT('',(55.278,-877.997,253.621));
#4019=CARTESIAN_POINT('',(21.857,-871.027,294.047));
#4020=CARTESIAN_POINT('',(-10.95,-866.988,335.193));
#4021=CARTESIAN_POINT('',(-42.809,-871.972,375.679));
#4022=CARTESIAN_POINT('',(-78.712,-873.262,410.197));
#4023=CARTESIAN_POINT('',(-117.643,-868.341,442.691));
#4024=CARTESIAN_POINT('',(-153.504,-833.988,454.242));
#4025=CARTESIAN_POINT('',(-175.693,-793.581,446.078));
#4026=CARTESIAN_POINT('',(-195.322,-758.345,447.974));
#4027=CARTESIAN_POINT('',(-207.631,-738.721,450.462));
#4028=CARTESIAN_POINT('',(-212.415,-732.86,451.305));
#4029=CARTESIAN_POINT('',(-212.415,-732.86,451.305));
#4030=CARTESIAN_POINT('',(-219.763,-737.996,442.566));
#4031=CARTESIAN_POINT('',(-240.73,-728.954,433.834));
#4032=CARTESIAN_POINT('',(-274.407,-713.249,411.515));
#4033=CARTESIAN_POINT('',(-307.528,-693.73,384.669));
#4034=CARTESIAN_POINT('',(-334.935,-670.617,351.708));
#4035=CARTESIAN_POINT('',(-357.858,-641.926,312.012));
#4036=CARTESIAN_POINT('',(-376.181,-608.403,273.872));
#4037=CARTESIAN_POINT('',(-396.329,-571.977,235.414));
#4038=CARTESIAN_POINT('',(-413.378,-534.57,197.516));
#4039=CARTESIAN_POINT('',(-424.89,-494.203,159.28));
#4040=CARTESIAN_POINT('',(-429.106,-455.776,123.049));
#4041=CARTESIAN_POINT('',(-430.196,-409.909,85.178));
#4042=CARTESIAN_POINT('',(-396.84,-385.938,46.315));
#4043=CARTESIAN_POINT('',(-366.901,-352.578,8.21));
#4044=CARTESIAN_POINT('',(-385.34,-305.762,-21.066));
#4045=CARTESIAN_POINT('',(-405.198,-264.275,-36.616));
#4046=CARTESIAN_POINT('',(-418.254,-223.287,-59.174));
#4047=CARTESIAN_POINT('',(-425.649,-184.375,-84.214));
#4048=CARTESIAN_POINT('',(-423.744,-149.237,-109.245));
#4049=CARTESIAN_POINT('',(-424.51,-115.701,-133.339));
#4050=CARTESIAN_POINT('',(-423.357,-83.067,-157.117));
#4051=CARTESIAN_POINT('',(-422.74,-54.184,-179.164));
#4052=CARTESIAN_POINT('',(-422.051,-38.794,-192.362));
#4053=CARTESIAN_POINT('',(-422.167,-33.07,-198.709));
#4054=CARTESIAN_POINT('',(-235.32,1078.45,-296.074));
#4055=CARTESIAN_POINT('',(-232.535,1083.563,-302.777));
#4056=CARTESIAN_POINT('',(-203.827,1090.761,-325.48));
#4057=CARTESIAN_POINT('',(-154.602,1086.322,-336.317));
#4058=CARTESIAN_POINT('',(-103.738,1074.975,-339.156));
#4059=CARTESIAN_POINT('',(-55.025,1058.084,-343.027));
#4060=CARTESIAN_POINT('',(-9.968,1036.329,-345.56));
#4061=CARTESIAN_POINT('',(33.998,1008.197,-348.68));
#4062=CARTESIAN_POINT('',(70.919,970.416,-349.036));
#4063=CARTESIAN_POINT('',(100.935,927.746,-349.228));
#4064=CARTESIAN_POINT('',(129.991,881.401,-348.677));
#4065=CARTESIAN_POINT('',(149.113,834.627,-348.739));
#4066=CARTESIAN_POINT('',(169.363,784.205,-348.134));
#4067=CARTESIAN_POINT('',(180.648,733.324,-348.116));
#4068=CARTESIAN_POINT('',(190.612,683.326,-347.603));
#4069=CARTESIAN_POINT('',(196.015,637.038,-347.182));
#4070=CARTESIAN_POINT('',(197.42,591.143,-346.824));
#4071=CARTESIAN_POINT('',(194.505,542.836,-346.049));
#4072=CARTESIAN_POINT('',(194.926,500.632,-344.523));
#4073=CARTESIAN_POINT('',(198.725,463.15,-342.326));
#4074=CARTESIAN_POINT('',(201.508,428.303,-339.133));
#4075=CARTESIAN_POINT('',(203.799,395.102,-337.304));
#4076=CARTESIAN_POINT('',(209.239,364.283,-333.47));
#4077=CARTESIAN_POINT('',(214.231,346.896,-336.19));
#4078=CARTESIAN_POINT('',(218.54,339.333,-335.935));
#4079=CARTESIAN_POINT('',(380.416,60.025,53.447));
#4080=CARTESIAN_POINT('',(380.989,62.725,59.466));
#4081=CARTESIAN_POINT('',(382.154,77.416,68.771));
#4082=CARTESIAN_POINT('',(382.21,97.008,93.737));
#4083=CARTESIAN_POINT('',(378.792,115.366,114.989));
#4084=CARTESIAN_POINT('',(369.723,137.99,136.343));
#4085=CARTESIAN_POINT('',(362.236,157.431,159.06));
#4086=CARTESIAN_POINT('',(346.202,180.671,178.55));
#4087=CARTESIAN_POINT('',(308.594,191.838,187.803));
#4088=CARTESIAN_POINT('',(274.691,194.407,198.051));
#4089=CARTESIAN_POINT('',(242.047,208.858,210.643));
#4090=CARTESIAN_POINT('',(241.353,241.858,234.819));
#4091=CARTESIAN_POINT('',(241.023,272.273,262.951));
#4092=CARTESIAN_POINT('',(246.49,311.097,298.271));
#4093=CARTESIAN_POINT('',(252.572,342.118,333.095));
#4094=CARTESIAN_POINT('',(256.855,371.171,370.675));
#4095=CARTESIAN_POINT('',(262.388,398.383,407.586));
#4096=CARTESIAN_POINT('',(247.972,425.516,443.34));
#4097=CARTESIAN_POINT('',(206.486,447.718,459.012));
#4098=CARTESIAN_POINT('',(170.493,468.997,467.069));
#4099=CARTESIAN_POINT('',(131.125,494.311,476.141));
#4100=CARTESIAN_POINT('',(90.98,515.758,474.832));
#4101=CARTESIAN_POINT('',(54.09,523.56,473.841));
#4102=CARTESIAN_POINT('',(33.441,524.508,472.033));
#4103=CARTESIAN_POINT('',(21.422,524.648,469.916));
#4104=CARTESIAN_POINT('',(21.422,524.648,469.916));
#4105=CARTESIAN_POINT('',(18.935,530.457,464.342));
#4106=CARTESIAN_POINT('',(11.309,540.011,424.205));
#4107=CARTESIAN_POINT('',(-4.326,578.097,434.697));
#4108=CARTESIAN_POINT('',(-22.682,613.523,452.922));
#4109=CARTESIAN_POINT('',(-51.999,655.019,489.829));
#4110=CARTESIAN_POINT('',(-78.293,710.657,473.445));
#4111=CARTESIAN_POINT('',(-65.558,726.036,405.615));
#4112=CARTESIAN_POINT('',(-68.655,750.233,352.229));
#4113=CARTESIAN_POINT('',(-66.616,772.51,290.973));
#4114=CARTESIAN_POINT('',(-70.136,803.9,232.733));
#4115=CARTESIAN_POINT('',(-73.49,835.863,183.136));
#4116=CARTESIAN_POINT('',(-72.754,868.441,116.151));
#4117=CARTESIAN_POINT('',(-105.289,929.365,117.997));
#4118=CARTESIAN_POINT('',(-149.312,966.443,152.246));
#4119=CARTESIAN_POINT('',(-184.219,1019.19,135.945));
#4120=CARTESIAN_POINT('',(-193.489,1054.111,79.594));
#4121=CARTESIAN_POINT('',(-209.575,1084.368,32.427));
#4122=CARTESIAN_POINT('',(-220.519,1105.423,-30.334));
#4123=CARTESIAN_POINT('',(-227.174,1111.214,-89.954));
#4124=CARTESIAN_POINT('',(-235.012,1112.659,-145.9));
#4125=CARTESIAN_POINT('',(-237.143,1106.864,-203.104));
#4126=CARTESIAN_POINT('',(-238.127,1099.361,-255.255));
#4127=CARTESIAN_POINT('',(-240.418,1085.872,-284.507));
#4128=CARTESIAN_POINT('',(-235.32,1078.45,-296.074));
#4129=CARTESIAN_POINT('',(-422.167,-33.07,-198.709));
#4130=CARTESIAN_POINT('',(-421.587,-23.71,-197.457));
#4131=CARTESIAN_POINT('',(-420.151,-5.218,-195.933));
#4132=CARTESIAN_POINT('',(-418.051,30.592,-194.26));
#4133=CARTESIAN_POINT('',(-414.925,70.794,-195.551));
#4134=CARTESIAN_POINT('',(-414.112,116.754,-196.576));
#4135=CARTESIAN_POINT('',(-409.099,162.502,-198.115));
#4136=CARTESIAN_POINT('',(-411.182,216.199,-195.463));
#4137=CARTESIAN_POINT('',(-370.611,252.437,-198.699));
#4138=CARTESIAN_POINT('',(-323.869,272.393,-200.836));
#4139=CARTESIAN_POINT('',(-253.785,278.464,-205.855));
#4140=CARTESIAN_POINT('',(-237.126,343.233,-201.09));
#4141=CARTESIAN_POINT('',(-249.676,406.292,-205.496));
#4142=CARTESIAN_POINT('',(-249.553,474.389,-215.965));
#4143=CARTESIAN_POINT('',(-264.132,541.916,-233.223));
#4144=CARTESIAN_POINT('',(-327.693,576.954,-248.152));
#4145=CARTESIAN_POINT('',(-307.921,646.334,-264.572));
#4146=CARTESIAN_POINT('',(-304.087,711.512,-274.073));
#4147=CARTESIAN_POINT('',(-312.565,783.024,-280.994));
#4148=CARTESIAN_POINT('',(-305.593,848.9,-288.664));
#4149=CARTESIAN_POINT('',(-311.985,921.941,-299.745));
#4150=CARTESIAN_POINT('',(-284.132,985.136,-297.14));
#4151=CARTESIAN_POINT('',(-229.192,1027.988,-291.229));
#4152=CARTESIAN_POINT('',(-241.976,1071.323,-299.466));
#4153=CARTESIAN_POINT('',(-235.32,1078.45,-296.074));
#4154=CARTESIAN_POINT('',(-212.415,-732.86,451.305));
#4155=CARTESIAN_POINT('',(-213.886,-721.473,456.02));
#4156=CARTESIAN_POINT('',(-208.589,-697.07,477.052));
#4157=CARTESIAN_POINT('',(-189.55,-649.856,486.021));
#4158=CARTESIAN_POINT('',(-173.258,-597.422,494.7));
#4159=CARTESIAN_POINT('',(-154.848,-541.581,509.214));
#4160=CARTESIAN_POINT('',(-139.603,-479.764,518.36));
#4161=CARTESIAN_POINT('',(-120.503,-417.048,513.782));
#4162=CARTESIAN_POINT('',(-103.201,-352.033,502.192));
#4163=CARTESIAN_POINT('',(-88.901,-286.672,489.048));
#4164=CARTESIAN_POINT('',(-76.474,-220.118,478.771));
#4165=CARTESIAN_POINT('',(-63.899,-158.098,449.423));
#4166=CARTESIAN_POINT('',(-55.041,-87.6640000000001,440.751));
#4167=CARTESIAN_POINT('',(-46.627,-22.6920000000001,422.202));
#4168=CARTESIAN_POINT('',(-39.385,48.9939999999999,408.477));
#4169=CARTESIAN_POINT('',(-31.156,119.899,375.145));
#4170=CARTESIAN_POINT('',(-28.648,190.45,372.184));
#4171=CARTESIAN_POINT('',(-34.017,224.121,456.655));
#4172=CARTESIAN_POINT('',(-33.36,275.443,493.318));
#4173=CARTESIAN_POINT('',(-29.45,329.104,538.23));
#4174=CARTESIAN_POINT('',(-14.646,395.841,517.932));
#4175=CARTESIAN_POINT('',(-1.641,449.597,514.337));
#4176=CARTESIAN_POINT('',(12.533,499.63,481.782));
#4177=CARTESIAN_POINT('',(16.325,523.373,480.638));
#4178=CARTESIAN_POINT('',(21.422,524.648,469.916));
#4179=CARTESIAN_POINT('',(0.,0.,0.));
ENDSEC;
END-ISO-10303-21;
